Image File Name,Train Or Test,c01,c02,c03,c04,c05,c06,c07,c08,c09,c10,c11,c12,c13,c14,c15,c16,c17,c18,c19,c20,c21,c22,c23,c24,c25,c26,c27,c28,c29,c30,c31,c32,c33,c34,c35,c36,c37,c38,c39,c40,c41,c42,c43,c44,c45,c46,c47,c48,c49,c50,c51,c52,c53,c54,c55,c56,c57,c58,c59,c60,c61,c62,c63,c64,Verified,Annotator
5366_f4b12835.jpg,Test,0,0,0,0,0,0,0,0,0,0,0,0,0,0,0,0,0,0,3,3,0,0,0,0,0,0,3,3,0,0,0,0,0,0,3,3,0,0,0,0,0,0,3,3,0,0,0,0,0,0,3,3,0,0,0,0,0,0,0,0,0,0,0,0,True,E
5367_3f6b14d2.jpg,Test,0,0,0,0,0,0,0,0,0,0,0,4,0,0,0,0,0,0,4,4,4,0,0,0,0,0,4,4,4,0,0,0,0,0,4,4,4,0,0,0,0,0,4,4,4,0,0,0,0,0,4,4,4,0,0,0,0,0,4,4,4,0,0,0,True,E
5368_4df8419d.jpg,Test,0,0,0,0,0,0,0,0,0,0,0,0,0,0,0,0,0,4,4,0,0,0,0,0,0,4,4,0,0,0,0,0,0,4,4,0,0,0,0,0,0,4,4,0,0,0,0,0,0,4,4,0,0,0,0,0,0,4,4,0,0,0,0,0,True,E
5369_bf9d2878.jpg,Test,0,0,0,0,3,3,0,0,0,0,4,3,3,3,3,0,0,0,4,3,3,3,3,0,0,0,4,3,3,3,3,0,0,0,4,3,3,3,3,0,0,0,4,3,3,3,3,0,0,0,4,3,3,3,3,0,0,0,4,3,3,3,3,0,True,E
5370_15dbc64e.jpg,Test,0,0,0,0,0,0,0,0,0,0,0,0,3,0,0,0,0,0,0,0,3,3,0,0,4,4,0,0,3,3,0,0,4,4,0,0,3,3,0,0,4,4,0,0,3,3,0,0,4,4,0,0,3,3,0,0,4,4,0,0,3,0,0,0,True,E
5371_f1e65569.jpg,Test,0,0,0,0,0,0,0,0,0,0,0,0,0,0,0,0,0,3,3,3,3,0,0,0,0,3,3,3,3,0,0,0,0,3,3,3,0,0,0,0,0,3,3,3,3,0,0,0,0,3,3,3,3,0,0,0,0,3,3,3,3,0,0,0,True,E
5372_2e724f63.jpg,Test,0,0,0,0,0,0,0,0,0,0,0,0,0,3,3,3,0,4,4,4,4,3,3,3,0,4,4,4,4,3,3,3,0,4,4,4,4,3,3,3,0,4,4,4,4,3,3,3,0,4,4,4,4,3,3,3,0,4,4,4,4,3,3,3,True,E
5373_c6f0322e.jpg,Test,0,0,0,0,0,0,0,0,0,4,4,4,0,0,0,0,0,4,4,4,4,0,0,0,0,4,4,4,4,0,0,0,0,4,4,4,4,0,0,0,0,4,4,4,4,0,0,0,0,4,4,4,4,0,0,0,0,4,4,4,4,0,0,0,True,E
5374_5f68a3f7.jpg,Test,0,0,0,0,0,0,0,0,0,0,0,0,0,0,0,0,4,4,4,0,0,3,3,0,4,4,4,0,0,3,3,0,4,4,4,0,0,3,3,0,4,4,4,0,0,3,3,0,4,4,4,0,0,3,3,0,4,4,4,0,0,3,3,0,True,E
5375_70258da3.jpg,Test,0,0,3,3,0,0,0,0,0,0,3,3,3,0,4,0,0,0,3,3,3,4,4,4,0,0,3,3,3,4,4,4,0,0,3,3,3,4,4,4,0,0,3,3,3,4,4,4,0,0,3,3,3,4,4,4,0,0,3,3,0,0,4,0,True,E
5376_37dc0be2.jpg,Test,0,0,0,0,0,0,0,0,0,0,0,0,0,0,0,0,0,0,0,0,0,0,0,0,0,0,0,0,0,0,0,0,0,0,4,0,0,0,4,0,0,0,4,0,0,0,4,0,0,0,4,0,0,0,4,0,0,0,4,0,0,0,0,0,True,E
5377_0b294bcb.jpg,Test,0,0,0,0,0,0,0,0,0,0,0,0,0,0,0,0,0,0,0,0,0,0,0,0,0,0,0,0,4,4,4,0,0,0,0,0,4,4,4,0,0,0,0,0,4,4,4,0,0,0,0,0,4,4,4,0,0,0,0,0,4,4,4,0,True,E
5378_9fca926c.jpg,Test,0,0,0,0,0,0,0,0,0,3,3,3,0,0,0,0,3,3,3,3,3,0,0,0,3,4,3,3,3,0,0,0,3,4,3,3,3,0,0,0,3,4,3,3,3,0,0,0,4,4,3,3,3,0,0,0,0,0,0,0,0,0,0,0,True,E
5379_18373d97.jpg,Test,0,0,0,0,0,0,0,0,0,0,3,3,0,0,0,0,0,3,3,3,3,3,3,0,0,3,3,3,3,3,3,0,0,3,3,3,3,3,3,0,0,3,3,3,3,3,3,0,0,3,3,3,3,3,3,0,0,3,3,3,3,3,3,0,True,E
5380_5f8630f0.jpg,Test,3,3,3,0,0,3,3,3,3,3,3,0,0,3,3,3,3,3,3,0,0,3,3,3,3,3,3,0,0,3,3,3,3,3,3,0,0,3,3,3,3,3,3,3,3,3,3,3,3,3,3,3,3,3,3,3,3,3,3,3,3,3,3,3,True,E
5381_a3679db5.jpg,Test,0,0,0,0,0,0,0,0,0,0,0,0,0,0,0,0,0,0,0,0,0,0,0,0,0,0,0,0,0,0,0,0,0,0,0,0,0,0,0,0,0,0,0,0,0,0,0,0,0,0,0,0,0,0,0,0,0,0,0,0,0,0,0,0,True,E
5382_eeb30367.jpg,Test,0,0,0,0,0,0,0,0,0,0,4,4,0,0,0,0,0,0,4,4,0,0,0,0,0,0,4,4,0,0,0,0,0,0,4,4,0,0,0,0,0,0,4,4,0,0,0,0,0,0,4,4,0,0,0,0,0,0,4,4,0,0,0,0,True,E
5383_b32c059c.jpg,Test,0,0,0,0,0,0,0,0,0,0,0,0,0,0,0,0,0,3,3,3,3,3,3,3,0,0,3,3,3,3,3,3,3,3,3,3,3,3,3,0,3,3,3,3,3,3,3,0,3,3,3,3,3,3,3,0,3,3,3,0,3,3,3,0,True,E
5384_c434e127.jpg,Test,0,0,0,0,0,0,0,0,0,0,0,0,0,3,0,0,0,0,4,4,0,3,3,0,0,0,4,4,0,3,3,0,0,0,4,4,0,3,3,0,0,0,4,4,0,3,3,0,0,0,4,4,0,3,3,0,0,0,4,4,0,3,3,0,True,E
5385_31a3963b.jpg,Test,0,0,0,0,0,0,0,0,0,0,0,0,0,0,0,0,0,0,0,0,0,0,0,0,0,0,0,0,0,0,0,0,0,0,0,0,0,0,0,0,0,0,0,0,0,0,0,0,0,0,0,0,0,0,0,0,0,0,0,0,0,0,0,0,True,E
5386_2283cb29.jpg,Test,0,0,0,0,0,0,0,0,0,0,0,0,0,0,0,0,0,0,0,0,0,0,0,0,0,0,0,4,4,4,0,0,0,0,0,4,4,4,0,0,0,0,0,4,4,4,0,0,0,0,0,4,4,4,0,0,0,0,0,0,0,0,0,0,True,E
5387_dc58a018.jpg,Test,0,0,0,0,0,0,0,0,0,0,0,0,0,0,0,0,0,0,0,0,0,0,0,0,0,0,0,0,0,0,0,0,0,0,0,0,0,0,0,0,0,0,0,0,0,0,0,0,0,0,0,0,0,0,0,0,0,0,0,0,0,0,0,0,True,E
5388_7e709258.jpg,Test,0,0,0,0,0,0,0,0,0,0,0,0,0,0,0,0,0,0,0,0,0,0,0,0,0,0,0,0,0,0,0,0,0,0,0,0,0,0,0,0,0,0,0,0,0,0,0,0,0,0,0,0,0,0,0,0,0,0,0,0,0,0,0,0,True,E
5389_981e14ec.jpg,Test,0,0,0,0,0,0,0,0,0,0,0,0,0,0,0,0,3,3,3,3,3,2,2,3,3,3,3,3,3,2,2,3,3,3,0,3,3,2,2,3,3,3,0,3,3,2,2,3,3,3,0,3,3,2,2,3,3,3,0,3,3,2,2,3,True,E
5390_bca92a34.jpg,Test,0,0,0,0,0,0,0,0,0,0,0,0,0,0,0,0,0,0,0,0,0,0,0,0,0,0,0,0,0,0,0,0,0,0,0,0,0,0,0,0,0,0,0,0,0,0,0,0,0,0,0,0,0,0,0,0,0,0,0,0,0,0,0,0,True,E
5391_6547ebc8.jpg,Test,0,0,0,0,0,0,0,0,0,0,0,4,4,4,0,0,0,0,4,4,4,4,4,0,0,0,4,4,4,4,4,0,0,0,4,4,4,4,4,0,0,0,4,4,4,4,4,0,0,0,4,4,4,4,4,0,0,0,0,4,4,4,4,0,True,E
5392_67916421.jpg,Test,0,0,0,0,0,0,0,0,0,0,4,4,0,0,0,0,0,4,4,4,0,0,0,0,0,4,4,4,0,0,0,0,0,4,4,4,0,0,0,0,0,4,4,4,0,0,0,0,0,4,4,4,0,0,0,0,0,4,4,4,0,0,0,0,True,E
5393_4749a492.jpg,Test,0,0,0,0,0,0,0,0,0,0,0,3,3,3,0,0,0,0,4,3,3,3,0,0,0,0,4,4,3,3,0,0,0,0,4,4,3,3,0,0,0,0,4,4,3,3,0,0,0,0,4,3,3,3,0,0,0,0,4,3,3,3,0,0,True,E
5394_150a7353.jpg,Test,0,0,0,0,0,0,0,0,0,0,0,0,0,0,0,0,0,0,0,0,0,0,0,0,0,0,0,0,0,0,0,0,0,0,0,0,0,0,0,0,0,0,0,0,0,0,0,0,0,0,0,0,0,0,0,0,0,0,0,0,0,0,0,0,True,E
5395_cdb64787.jpg,Test,0,0,0,0,0,0,0,0,0,3,3,3,4,4,0,0,0,3,3,3,4,4,0,0,0,3,3,3,4,4,0,0,0,3,3,3,4,4,0,0,0,3,3,3,4,4,0,0,0,3,3,3,4,4,0,0,0,3,3,3,4,4,0,0,True,E
5396_6b6e4945.jpg,Test,0,0,3,3,3,0,0,0,0,0,3,3,3,0,0,0,0,0,3,3,3,0,0,0,0,0,3,3,3,0,0,0,0,0,3,3,3,0,0,0,0,0,3,3,3,0,0,0,0,0,3,3,3,0,0,0,0,0,3,3,3,0,0,0,True,E
5397_b614ef27.jpg,Test,0,0,0,0,0,0,0,0,0,0,0,0,0,3,3,0,0,0,0,0,0,3,3,0,0,0,0,0,0,3,3,0,0,0,0,0,0,3,3,0,0,0,0,0,0,3,3,0,0,0,0,0,0,3,3,0,0,0,0,0,0,3,3,0,True,E
5398_72da5a31.jpg,Test,0,0,0,0,0,0,0,0,0,0,0,0,0,0,0,0,4,4,0,0,3,3,0,0,4,4,0,0,3,3,0,0,4,4,0,0,3,3,0,0,4,4,0,0,3,3,0,0,4,4,0,0,3,3,0,0,0,0,0,0,0,0,0,0,True,E
5399_75edb8ec.jpg,Test,0,0,0,0,0,0,0,0,0,3,3,3,3,3,0,0,0,3,3,3,3,3,0,0,0,3,3,3,3,3,0,0,0,3,3,3,3,3,0,0,0,3,3,3,3,3,0,0,0,3,3,3,3,3,0,0,0,3,3,3,3,3,0,0,True,E
5400_20006b17.jpg,Test,0,0,0,0,0,0,0,0,0,0,0,0,0,0,0,0,0,0,0,0,4,4,4,4,0,3,3,0,4,4,4,4,0,3,3,0,4,4,4,4,0,3,3,0,4,4,4,4,0,3,3,0,4,4,4,4,0,3,3,0,4,4,4,4,True,E
5401_ff040ce4.jpg,Test,0,0,0,0,0,0,0,0,0,0,0,0,0,0,0,0,0,0,0,0,0,0,0,0,0,0,0,0,0,0,0,0,0,0,0,3,3,3,0,0,0,0,0,3,3,3,0,0,0,0,0,3,3,3,0,0,0,0,0,3,3,0,0,0,True,E
5402_ee40cf27.jpg,Test,0,0,0,0,0,0,0,0,0,0,0,0,0,0,0,0,0,3,3,3,3,3,0,0,0,3,3,3,3,3,0,0,0,3,3,3,3,3,0,0,0,3,3,3,3,3,0,0,0,3,3,3,3,3,0,0,0,3,3,3,3,3,0,0,True,E
5403_d9c27437.jpg,Test,0,0,0,0,0,0,0,0,0,0,3,3,3,3,0,0,0,0,3,3,3,3,0,0,0,0,3,3,3,3,0,0,0,0,3,3,3,3,0,0,0,0,3,3,3,3,0,0,0,0,3,3,3,3,0,0,0,0,3,3,3,3,0,0,True,E
5404_7307ed25.jpg,Test,0,0,0,3,3,3,0,0,0,0,3,3,3,3,0,0,0,0,3,3,3,3,4,0,0,0,3,3,3,3,4,0,0,0,3,3,3,3,4,0,0,0,3,3,3,3,4,0,0,0,3,3,3,3,4,0,0,0,3,3,3,3,4,0,True,E
5405_1c76a62b.jpg,Test,0,0,0,0,0,0,0,0,0,0,0,4,4,4,0,0,0,0,0,4,4,4,0,0,0,0,0,4,4,4,0,0,0,0,0,4,4,4,0,0,0,0,0,4,4,4,0,0,0,0,0,4,4,4,0,0,0,0,0,4,4,4,0,0,True,E
5406_a4ce5f4c.jpg,Test,0,0,0,0,0,0,0,0,0,0,3,3,3,3,0,0,0,0,3,3,3,3,0,0,0,0,3,3,3,3,0,0,0,0,3,3,3,3,0,0,0,0,3,3,3,3,0,0,0,0,3,3,3,3,0,0,0,0,3,3,3,3,0,0,True,E
5407_68146b56.jpg,Test,0,0,0,0,0,0,0,0,0,0,0,0,0,0,0,0,0,0,0,0,0,0,0,0,0,0,0,0,0,0,0,0,0,0,0,0,4,4,4,0,0,0,0,0,4,4,4,0,0,0,0,0,4,4,4,0,0,0,0,0,4,4,4,0,True,E
5408_3667f4a0.jpg,Test,0,0,0,0,0,0,0,0,0,0,0,0,0,0,0,0,0,0,3,3,3,3,0,0,0,0,3,3,3,3,0,0,0,0,3,3,3,3,0,0,0,0,3,3,3,3,0,0,0,0,3,3,3,3,0,0,0,0,3,3,3,3,0,0,True,E
5409_a3a3b32a.jpg,Test,0,0,0,0,0,0,0,0,0,0,0,0,0,0,0,0,0,0,0,3,3,3,0,0,0,0,0,3,3,3,0,0,0,0,0,3,3,3,0,0,0,0,0,3,3,3,0,0,0,0,0,3,3,3,0,0,0,0,0,3,3,3,0,0,True,E
5410_e7b4306b.jpg,Test,0,0,0,0,0,0,0,0,0,0,0,0,0,0,0,0,0,0,0,0,0,0,0,0,0,0,0,0,0,0,0,0,0,0,0,0,0,0,0,0,0,0,0,0,0,0,0,0,0,0,0,0,0,0,0,0,0,0,0,0,0,0,0,0,True,E
5411_b208bc5a.jpg,Test,0,0,0,0,0,0,0,0,0,0,0,0,0,0,0,0,0,0,0,0,0,0,0,0,0,0,0,0,0,0,0,0,0,0,0,0,0,0,0,0,0,0,0,0,0,0,0,0,0,0,0,0,0,0,0,0,0,0,0,0,0,0,0,0,True,E
5412_225014e3.jpg,Test,0,0,0,0,0,0,0,0,0,0,0,0,0,4,4,0,0,0,0,0,0,4,4,0,0,0,0,0,0,4,4,0,0,0,0,0,0,4,4,0,0,0,0,0,0,4,4,0,0,0,0,0,0,4,4,0,0,0,0,0,0,4,4,0,True,E
5413_5b145ee3.jpg,Test,0,0,0,0,0,0,0,0,0,0,0,0,0,0,0,0,0,0,0,0,0,0,0,0,0,0,0,0,0,0,0,0,0,0,0,0,0,0,0,0,0,0,0,0,0,0,0,0,0,0,0,0,0,0,0,0,0,0,0,0,0,0,0,0,True,E
5414_29c883e4.jpg,Test,0,0,0,0,0,0,0,0,0,0,0,0,0,0,0,0,0,0,0,0,0,0,0,0,0,0,0,0,0,0,0,0,0,0,0,0,0,0,0,0,0,0,0,0,0,0,0,0,0,0,0,0,0,0,0,0,0,0,0,0,0,0,0,0,True,E
5415_01e7b3fc.jpg,Test,0,0,0,0,0,0,0,0,0,0,0,0,0,0,0,0,4,4,0,0,0,0,0,0,4,4,4,4,0,4,0,0,4,4,4,4,0,4,0,0,4,4,4,4,0,0,0,0,4,4,4,4,0,0,0,0,4,4,0,0,0,0,0,0,True,E
5416_cd4f38bf.jpg,Test,0,0,0,0,4,0,0,0,0,0,4,4,4,4,0,0,0,0,4,4,4,4,0,0,0,0,4,4,4,4,0,0,0,0,4,4,4,4,0,0,0,0,4,4,4,4,0,0,0,0,4,4,4,4,0,0,0,0,4,4,4,4,0,0,True,E
5417_68176fff.jpg,Test,0,0,0,0,0,0,0,0,3,3,3,3,3,0,0,0,3,3,3,3,3,3,0,0,3,3,3,3,3,3,0,0,3,3,3,3,3,3,0,0,3,3,3,3,3,3,0,0,3,3,3,3,3,3,0,0,3,3,3,3,3,3,0,0,True,E
5418_0bb4e046.jpg,Test,0,0,0,0,0,0,0,0,0,0,0,0,0,0,0,0,0,0,0,0,4,0,0,0,0,0,0,4,4,4,0,0,0,0,0,4,4,4,0,0,0,0,0,4,4,4,0,0,0,0,0,4,4,4,0,0,0,0,0,4,4,4,0,0,True,E
5419_93c0d7fc.jpg,Test,0,0,0,0,0,0,0,0,0,0,0,0,0,0,0,0,0,0,0,0,0,0,0,0,0,0,4,0,3,0,4,0,0,0,4,4,3,0,4,0,0,0,4,4,3,0,4,0,0,0,4,4,3,0,4,0,0,0,0,0,0,0,0,0,True,E
5420_41ab40fe.jpg,Test,0,0,0,0,0,0,0,0,0,3,3,0,0,3,3,3,3,3,3,3,0,3,3,3,3,3,3,3,0,3,3,3,3,3,3,3,0,3,3,3,3,3,3,3,0,3,3,3,3,3,3,3,0,3,3,3,3,3,3,3,0,3,3,3,True,E
5421_eb6b05bf.jpg,Test,0,0,0,0,0,0,0,0,0,0,0,0,0,0,0,0,0,0,3,3,3,3,0,0,0,0,3,3,3,3,3,3,0,0,3,3,3,3,3,3,0,0,3,3,3,3,3,3,0,0,3,3,3,3,3,3,0,0,3,3,3,3,3,3,True,E
5422_15db062c.jpg,Test,0,0,0,4,0,0,0,0,0,0,4,4,4,0,0,0,0,0,4,4,4,0,0,0,0,0,4,4,4,0,0,0,0,0,4,4,4,0,0,0,0,0,4,4,4,0,0,0,0,0,4,4,4,0,0,0,0,0,4,4,0,0,0,0,True,E
5423_a67188c5.jpg,Test,0,0,0,0,0,0,0,0,0,0,0,0,0,0,0,0,0,0,0,0,0,0,0,0,0,0,0,0,0,0,0,0,0,0,0,0,0,0,0,0,0,0,0,0,0,0,0,0,0,0,0,0,0,0,0,0,0,0,0,0,0,0,0,0,True,E
5424_f00242c1.jpg,Test,0,0,0,0,0,0,0,0,0,0,0,0,0,0,0,0,0,4,4,4,0,0,0,0,0,4,4,4,0,0,0,0,0,4,4,4,0,0,0,0,0,4,4,4,0,0,0,0,0,4,4,4,0,0,0,0,0,4,4,4,0,0,0,0,True,E
5425_78ef4f9a.jpg,Test,0,0,0,0,0,0,0,0,3,3,3,0,3,3,3,0,3,3,3,3,3,3,3,0,3,3,3,3,3,3,3,0,3,3,3,3,3,3,3,0,3,3,3,3,3,3,3,0,3,3,3,3,3,3,3,0,3,3,3,3,3,3,3,0,True,E
5426_29d978c3.jpg,Test,0,0,0,0,0,0,0,0,0,0,0,0,0,0,0,0,0,0,0,0,0,0,0,0,0,0,0,0,0,0,0,0,0,0,0,0,0,0,0,0,0,0,0,0,0,0,0,0,0,0,0,0,0,0,0,0,0,0,0,0,0,0,0,0,True,E
5427_92147d75.jpg,Test,0,0,0,0,0,0,0,0,0,0,0,0,0,4,4,0,0,0,0,0,4,4,4,0,3,3,3,0,4,4,4,0,3,3,3,0,4,4,4,0,3,3,3,0,4,4,4,0,3,3,3,0,4,4,4,0,3,3,3,0,0,4,4,0,True,E
5428_895e3518.jpg,Test,0,0,3,3,0,0,0,0,0,0,3,3,0,0,0,0,0,0,3,3,0,0,0,0,0,0,3,3,0,0,0,0,0,0,3,3,0,0,0,0,0,0,3,3,0,0,0,0,0,0,3,3,0,0,0,0,0,0,3,3,0,0,0,0,True,E
5429_b0aff4f1.jpg,Test,0,0,0,0,0,0,0,0,0,0,4,4,0,0,0,0,0,0,4,4,0,0,0,0,0,0,4,4,0,0,0,0,0,0,4,4,0,0,0,0,0,0,4,4,0,0,0,0,0,0,4,4,0,0,0,0,0,0,4,4,0,0,0,0,True,E
5430_8f06d6ba.jpg,Test,0,0,0,0,0,0,0,0,0,0,4,4,4,0,0,0,0,0,4,4,4,0,0,0,0,0,4,4,4,0,0,0,0,0,4,4,4,0,0,0,0,0,4,4,4,0,0,0,0,0,4,4,4,0,0,0,0,0,4,4,4,0,0,0,True,E
5431_79ae10c9.jpg,Test,0,0,0,0,0,0,0,0,0,0,0,0,3,0,0,0,0,4,4,3,3,0,0,0,4,4,4,3,3,0,0,0,4,4,4,3,3,0,0,0,4,4,4,3,3,0,0,0,4,4,4,3,3,0,0,0,0,4,4,3,3,0,0,0,True,E
5432_db5fe2d6.jpg,Test,0,0,0,0,0,0,0,0,0,0,0,0,0,0,0,0,0,0,0,0,0,0,0,0,0,0,0,0,0,0,0,0,0,0,0,0,0,0,0,0,0,0,0,0,0,0,0,0,0,0,0,0,0,0,0,0,0,0,0,0,0,0,0,0,True,E
5433_7e08c04b.jpg,Test,0,0,0,0,0,0,0,0,0,0,0,0,0,0,0,0,0,4,4,4,0,0,0,0,3,3,4,4,0,0,0,0,3,3,4,4,0,0,0,0,3,3,4,4,0,0,0,0,0,3,4,4,0,0,0,0,0,0,0,0,0,0,0,0,True,E
5434_e6846c8b.jpg,Test,0,0,0,0,0,0,0,0,0,0,0,0,0,0,0,0,0,0,3,3,3,3,3,0,0,0,3,3,3,3,3,0,0,0,4,3,3,3,3,0,0,0,4,4,3,3,3,0,0,0,4,4,3,3,3,0,0,0,4,4,3,3,0,0,True,E
5435_5cfe9a41.jpg,Test,0,0,0,0,0,0,0,0,0,0,0,0,3,0,0,0,0,0,0,0,3,0,0,0,0,0,4,4,4,0,0,0,0,0,4,4,4,0,0,0,0,0,4,4,4,0,0,0,0,0,4,4,4,0,0,0,0,0,0,0,0,0,0,0,True,E
5436_71e18fd5.jpg,Test,0,0,0,0,0,0,0,0,0,4,4,4,4,4,0,0,0,4,4,4,4,4,0,0,0,4,4,4,4,4,0,0,0,4,4,4,4,4,0,0,0,4,4,4,4,4,0,0,0,4,4,4,4,4,0,0,0,4,4,4,4,4,0,0,True,E
5437_74209026.jpg,Test,0,0,0,4,0,0,0,0,0,0,3,4,3,3,3,0,0,0,3,4,3,3,3,0,0,0,3,4,3,3,3,0,0,0,3,4,3,3,3,0,0,0,3,4,3,3,3,0,0,0,3,4,3,3,3,0,0,0,0,4,4,0,0,0,True,E
5438_dd7bb68a.jpg,Test,0,0,0,0,0,0,0,0,0,0,0,0,0,0,0,0,0,0,0,0,0,0,0,0,0,0,0,0,0,0,0,0,0,0,0,0,0,0,0,0,0,0,0,0,0,0,0,0,0,0,0,0,0,0,0,0,0,0,0,0,0,0,0,0,True,E
5439_21195fa3.jpg,Test,0,0,0,0,0,0,0,0,3,3,0,0,4,4,4,0,3,3,0,0,4,4,4,0,3,3,0,0,4,4,4,0,3,3,0,0,4,4,4,0,3,3,0,0,4,4,4,0,3,3,0,0,4,4,4,0,3,3,0,0,4,4,4,0,True,E
5440_80af0218.jpg,Test,0,0,0,0,0,0,0,0,0,0,3,3,3,3,0,0,0,0,3,3,3,3,0,0,0,0,3,3,3,3,0,0,0,0,3,3,3,3,0,0,0,0,3,3,3,3,0,0,0,0,3,3,3,3,0,0,0,0,3,3,3,3,0,0,True,E
5441_288027a1.jpg,Test,0,0,0,0,0,0,0,0,0,0,0,0,0,0,0,0,0,0,0,0,0,0,0,0,0,0,0,0,0,0,0,0,0,0,0,0,0,0,0,0,0,0,0,0,0,0,0,0,0,0,0,0,0,0,0,0,0,0,0,0,0,0,0,0,True,E
5442_b7bc1ef2.jpg,Test,0,0,0,0,0,0,0,0,0,0,0,0,0,0,0,0,0,0,0,3,3,3,0,0,3,3,3,3,3,3,0,0,3,3,3,3,3,3,0,0,3,3,3,3,3,3,0,0,3,3,3,3,3,3,0,0,0,3,3,3,3,3,0,0,True,E
5443_2e74a7c1.jpg,Test,0,0,0,0,0,0,0,0,0,0,0,0,0,0,0,0,0,0,0,0,0,0,0,0,0,0,0,0,0,0,0,0,0,0,0,0,0,0,0,0,0,0,0,0,0,0,0,0,0,0,0,0,0,0,0,0,0,0,0,0,0,0,0,0,True,E
5444_1b16b75e.jpg,Test,0,3,3,3,0,0,0,0,0,3,3,3,3,0,0,0,0,3,3,3,3,0,0,0,0,3,3,3,3,0,0,0,0,3,3,3,3,0,0,0,0,3,3,3,3,0,0,0,0,3,3,3,3,0,0,0,0,3,3,3,0,0,0,0,True,E
5445_7cbbdbce.jpg,Test,0,0,0,0,0,0,0,0,0,0,0,0,0,0,0,0,0,0,0,0,0,0,0,0,0,0,0,0,0,0,0,0,0,0,0,0,0,0,0,0,0,0,0,0,0,0,0,0,0,0,0,0,0,0,0,0,0,0,0,0,0,0,0,0,True,E
5446_759eba69.jpg,Test,0,0,0,0,0,0,0,0,0,0,3,3,0,0,0,0,0,3,3,3,3,3,0,0,0,3,3,3,3,3,0,0,0,3,3,3,3,3,0,0,0,3,3,3,3,3,0,0,0,3,3,3,3,3,0,0,0,3,3,3,3,3,0,0,True,E
5447_fc17f41e.jpg,Test,0,0,0,0,0,0,0,0,0,0,0,0,0,3,0,0,0,0,0,0,3,3,0,0,0,0,0,0,3,3,0,0,0,0,0,0,3,3,0,0,0,0,0,0,3,3,0,0,0,0,0,0,3,3,0,0,0,0,0,0,0,3,0,0,True,E
5448_361ac5f2.jpg,Test,0,0,3,0,0,0,0,0,0,0,3,3,0,0,0,0,0,0,3,3,0,0,0,0,0,0,3,3,0,0,0,0,0,0,3,3,0,0,0,0,0,0,3,3,0,0,0,0,0,0,3,3,0,0,0,0,0,0,3,3,0,0,0,0,True,E
5449_de3d63bc.jpg,Test,0,0,0,0,0,0,0,0,0,0,0,0,0,0,0,0,0,0,0,0,0,0,0,0,0,0,4,4,0,0,0,0,0,3,4,4,0,0,0,0,0,3,4,4,0,0,0,0,0,3,4,4,0,0,0,0,0,3,4,4,0,0,0,0,True,E
5450_9aa6d1e3.jpg,Test,0,0,0,0,0,0,0,0,0,0,0,0,0,0,0,0,0,3,3,3,3,3,3,0,0,3,3,3,3,3,3,0,0,3,3,3,3,3,3,0,0,3,3,3,3,3,3,0,0,3,3,3,3,3,3,0,0,3,3,3,3,3,3,0,True,E
5451_9cabfbc3.jpg,Test,0,0,0,0,0,0,0,0,0,0,0,0,0,0,0,0,0,0,0,10,10,0,0,0,0,0,0,10,10,0,0,0,0,0,0,10,10,0,0,0,0,0,0,10,10,0,0,0,0,0,0,10,10,0,0,0,0,0,0,10,10,0,0,0,True,E
5452_5489e524.jpg,Test,0,0,0,0,0,2,2,0,0,0,0,0,0,2,2,0,0,0,10,10,0,2,2,0,0,0,10,10,0,2,2,0,0,0,10,10,0,2,2,0,0,0,10,10,0,2,2,0,0,10,10,10,0,2,2,0,0,10,10,10,0,2,2,0,True,E
5453_1a49f8bc.jpg,Test,0,0,0,0,0,0,0,0,0,0,0,10,10,10,0,0,0,0,0,10,10,10,0,0,0,0,0,10,10,10,0,0,0,0,0,10,10,10,0,0,0,0,0,10,10,10,0,0,0,0,0,10,10,10,0,0,0,0,0,10,10,0,0,0,True,E
5454_014a4b8a.jpg,Test,0,0,0,0,0,0,0,0,2,2,0,0,0,0,0,0,2,2,2,2,2,2,2,0,2,2,2,2,2,2,2,0,2,2,2,2,2,2,2,0,2,2,2,2,2,2,2,0,2,2,2,2,2,6,2,0,2,2,2,2,2,2,2,0,True,E
5455_972f9f76.jpg,Test,0,0,0,0,0,0,0,0,0,0,0,0,0,10,0,0,0,0,0,0,0,10,0,0,2,2,2,0,0,10,0,0,2,2,2,0,0,10,0,0,2,2,2,0,0,10,0,0,2,2,2,0,0,10,0,0,0,2,2,0,0,10,0,0,True,E
5456_3c826cdf.jpg,Test,0,0,0,0,0,0,0,0,0,0,0,10,10,0,0,0,0,0,10,10,10,0,0,0,0,0,10,10,10,0,0,0,0,0,10,10,10,0,0,0,0,0,10,10,10,0,0,0,0,0,10,10,10,0,0,0,0,0,10,10,10,0,0,0,True,E
5457_af774a1f.jpg,Test,0,0,0,0,0,0,0,0,0,0,0,2,2,0,0,0,0,0,0,2,2,0,2,2,0,0,0,2,2,2,2,2,0,0,0,2,2,2,2,2,0,0,0,2,2,2,2,2,0,0,0,2,2,2,2,2,0,0,0,2,2,0,0,0,True,E
5458_583e560e.jpg,Test,0,2,2,2,2,0,0,0,2,2,2,2,2,0,0,0,2,2,2,2,2,0,0,0,2,2,2,2,2,0,0,0,2,2,2,2,2,0,0,0,2,2,2,2,2,0,0,0,2,2,2,2,2,0,0,0,0,2,2,2,2,0,0,0,True,E
5459_d8b6d314.jpg,Test,0,0,0,0,0,0,0,0,0,0,0,0,0,0,0,0,0,0,0,10,10,10,0,0,0,0,0,10,10,10,0,0,0,0,0,10,10,10,0,0,0,0,0,10,10,10,0,0,0,0,0,10,10,10,0,0,0,0,0,10,10,10,0,0,True,E
5460_31bc6fe9.jpg,Test,0,0,0,0,0,0,0,0,0,0,0,0,0,0,0,0,0,0,10,10,2,2,2,2,0,0,10,10,2,2,2,2,0,0,10,10,2,2,2,2,0,0,10,10,2,2,2,2,0,0,10,10,2,2,2,2,0,0,10,10,2,2,2,2,True,E
5461_1dc6a2f8.jpg,Test,0,0,0,0,0,0,10,0,0,2,0,0,0,10,10,0,0,2,0,0,0,10,10,0,0,2,0,0,0,10,10,0,0,2,0,0,0,10,10,0,0,2,0,0,0,10,10,0,0,2,0,0,0,10,10,0,0,2,0,0,0,10,10,0,True,E
5462_2aadb149.jpg,Test,0,0,0,0,0,0,0,0,0,0,0,2,2,2,0,0,0,0,0,2,2,2,0,0,0,0,0,2,2,2,0,0,0,0,0,2,2,2,0,0,0,0,0,2,2,2,0,0,0,0,0,2,2,2,0,0,0,0,0,2,2,2,0,0,True,E
5463_d72cad3a.jpg,Test,0,0,0,0,0,0,0,0,0,0,0,0,0,0,0,0,0,0,2,2,10,10,10,0,0,0,2,2,10,10,10,0,0,0,2,2,10,10,10,0,0,0,2,2,10,10,10,0,0,0,2,2,10,10,10,0,0,0,0,0,0,0,0,0,True,E
5464_c84a121e.jpg,Test,0,0,0,0,0,0,0,0,0,10,10,10,10,10,10,0,0,10,10,10,10,10,10,0,0,10,10,10,10,10,10,0,0,10,10,10,10,10,10,0,0,10,10,10,10,10,10,0,0,10,10,10,10,10,10,0,0,10,10,10,10,10,10,0,True,E
5465_4b910d6a.jpg,Test,0,0,0,0,0,0,0,0,0,0,0,0,0,0,0,0,10,10,10,10,10,10,10,10,10,10,10,10,10,10,10,10,10,10,10,10,10,10,10,10,10,10,10,10,10,10,10,10,10,10,10,10,10,10,10,10,10,10,10,10,10,10,10,10,True,E
5466_ee14f80e.jpg,Test,0,0,0,0,0,0,0,0,0,0,0,0,0,0,0,0,0,0,0,2,2,0,0,0,0,0,0,2,2,0,0,0,0,0,0,2,2,0,0,0,0,0,0,2,2,0,0,0,0,0,0,2,2,0,0,0,0,0,0,0,0,0,0,0,True,E
5467_1917c613.jpg,Test,0,0,0,0,0,0,0,0,0,0,0,0,0,0,0,0,0,0,0,2,2,2,0,0,0,0,0,2,2,2,0,0,0,0,0,2,2,2,0,0,0,0,0,2,2,2,0,0,0,0,0,2,2,2,0,0,0,0,0,2,2,2,0,0,True,E
5468_ff9944ab.jpg,Test,0,0,0,0,0,0,0,0,0,0,0,0,0,0,0,0,0,0,0,0,0,0,0,0,0,0,2,0,2,0,0,0,0,0,2,2,2,2,2,2,0,0,0,2,2,2,2,2,0,0,0,2,2,2,0,0,0,0,0,0,0,0,0,0,True,E
5469_2a81820c.jpg,Test,0,0,2,2,2,2,2,0,0,2,2,2,2,2,2,0,0,2,2,2,2,2,2,0,0,10,2,2,2,2,2,0,0,10,2,2,10,2,2,0,0,10,2,2,10,2,2,0,0,10,2,2,10,2,2,0,0,0,2,2,2,2,2,0,True,E
5470_54d0ea5d.jpg,Test,10,0,0,0,0,0,0,0,10,10,0,0,0,0,0,0,10,10,0,10,10,10,10,10,10,10,0,10,10,10,10,10,10,10,0,10,10,10,10,10,10,10,0,10,10,10,10,10,10,10,0,10,10,10,10,10,0,0,0,0,0,0,0,0,True,E
5471_ea04a5ce.jpg,Test,0,0,0,0,0,0,0,0,0,0,0,0,0,0,0,0,0,0,0,0,0,0,0,0,0,0,0,0,0,0,0,0,0,0,0,0,0,0,0,0,0,0,0,0,0,0,0,0,0,0,0,0,0,0,0,0,0,0,0,0,0,0,0,0,True,E
5472_19b2d7d8.jpg,Test,0,0,0,0,0,0,0,0,0,0,0,0,0,0,0,0,0,0,0,10,10,0,0,0,0,0,0,10,10,0,0,0,0,0,0,10,10,0,0,0,0,0,0,10,10,0,0,0,0,0,0,10,10,0,0,0,0,0,0,10,10,0,0,0,True,E
5473_4ce2bb4c.jpg,Test,0,0,2,2,2,0,0,0,2,2,2,2,2,2,2,2,2,2,2,2,2,2,2,2,2,2,2,2,2,2,2,2,2,2,2,2,2,2,2,2,2,2,2,2,2,2,2,2,2,2,2,2,2,2,2,2,2,2,2,2,2,2,2,2,True,E
5474_fe371d85.jpg,Test,0,0,0,0,0,0,0,0,0,0,0,10,10,0,0,0,0,0,0,10,10,10,0,0,0,0,0,10,10,10,0,0,0,0,0,10,10,10,0,0,0,0,0,10,10,10,0,0,0,0,0,10,10,0,0,0,0,0,0,0,0,0,0,0,True,E
5475_641c3b2e.jpg,Test,0,0,0,0,0,0,0,0,0,0,10,10,10,10,0,0,0,10,10,10,10,10,10,0,0,10,10,10,10,10,10,0,0,10,10,10,10,10,10,0,0,10,10,10,10,10,10,0,0,10,10,10,10,10,10,0,0,10,10,10,10,10,10,0,True,E
5476_1edae51b.jpg,Test,0,0,0,0,0,0,0,0,0,10,0,0,0,0,0,0,0,10,10,0,10,10,10,10,0,10,10,0,10,10,10,10,0,10,10,0,10,10,10,10,0,10,10,0,10,10,10,10,0,10,10,0,10,10,10,10,0,10,10,0,10,10,10,10,True,E
5477_35872222.jpg,Test,0,0,0,0,0,0,0,0,0,0,0,0,0,0,0,0,0,0,10,10,0,10,10,0,0,0,10,10,0,10,10,0,0,0,10,10,0,10,10,0,0,0,10,10,0,10,10,0,0,0,10,10,0,10,10,0,0,0,10,10,0,10,10,0,True,E
5478_58634988.jpg,Test,0,0,0,0,0,0,0,0,0,0,0,0,0,0,0,0,0,0,0,0,2,2,0,0,0,0,0,0,2,2,0,0,0,0,0,0,2,2,0,0,0,0,0,0,2,2,0,0,0,0,0,0,2,2,0,0,0,0,0,0,2,2,0,0,True,E
5479_a4994dec.jpg,Test,0,0,0,10,10,0,0,0,0,0,0,10,10,0,0,0,0,0,0,10,10,0,2,0,0,0,0,10,10,0,2,0,0,0,0,10,10,0,2,0,0,0,0,10,10,0,2,0,0,0,0,10,10,0,2,0,0,0,0,10,10,0,2,0,True,E
5480_afedef7b.jpg,Test,0,0,0,0,0,0,0,0,0,0,0,0,0,0,0,0,0,0,10,10,10,0,0,0,0,0,10,10,10,0,0,0,0,0,10,10,10,0,0,0,0,0,10,10,10,0,0,0,0,0,10,10,10,0,0,0,0,0,10,10,0,0,0,0,True,E
5481_6cd0e57c.jpg,Test,0,0,0,0,0,0,0,0,0,0,2,2,2,0,0,0,0,0,2,2,2,0,0,0,0,0,2,2,2,0,0,0,0,0,2,2,10,0,0,0,0,0,2,2,2,0,0,0,0,0,2,2,2,0,0,0,0,0,0,0,0,0,0,0,True,E
5482_80777181.jpg,Test,0,0,0,0,0,0,0,0,0,0,0,0,0,0,0,0,0,0,0,0,2,2,0,0,0,0,0,0,2,2,0,0,0,0,0,0,2,2,0,0,0,0,0,0,2,2,0,0,0,0,0,0,2,2,0,0,0,0,0,0,2,2,0,0,True,E
5483_6cd81b7c.jpg,Test,0,0,0,0,0,0,0,0,0,0,0,0,0,0,0,0,0,2,2,2,0,0,0,0,0,2,2,2,0,0,0,0,0,2,2,2,0,0,0,0,0,2,2,2,0,0,0,0,0,2,2,2,0,0,0,0,0,2,2,0,0,0,0,0,True,E
5484_d89d79d9.jpg,Test,0,0,0,0,0,0,0,0,0,0,2,2,2,2,0,0,0,0,2,2,2,2,0,0,0,0,2,2,2,2,0,0,0,0,2,2,2,2,0,0,0,0,2,2,2,2,0,0,0,0,2,2,2,2,0,0,0,0,2,2,2,2,0,0,True,E
5485_b757d11e.jpg,Test,0,0,0,0,0,0,0,0,10,10,10,10,10,0,0,0,10,10,10,10,10,0,0,0,10,10,10,10,10,0,0,0,10,10,10,10,10,0,0,0,10,10,10,10,10,0,0,0,10,10,10,10,10,0,0,0,10,10,10,10,10,0,0,0,True,E
5486_641c3b2e.jpg,Test,0,0,0,0,0,0,0,0,0,0,10,10,10,10,0,0,0,10,10,10,10,10,10,0,0,10,10,10,10,10,10,0,0,10,10,10,10,10,10,0,0,10,10,10,10,10,10,0,0,10,10,10,10,10,10,0,0,10,10,10,10,10,10,0,True,E
5487_2aadb149.jpg,Test,0,0,0,0,0,0,0,0,0,0,0,2,2,2,0,0,0,0,0,0,2,2,0,0,0,0,0,2,2,2,0,0,0,0,0,2,2,2,0,0,0,0,0,2,2,2,0,0,0,0,0,2,2,2,0,0,0,0,0,2,2,2,0,0,True,E
5488_2e08b0b0.jpg,Test,2,2,2,2,0,0,0,0,2,2,2,2,0,0,0,0,2,2,2,2,10,10,0,0,2,2,2,2,10,10,0,0,2,2,2,2,10,10,0,0,2,2,2,2,10,10,0,0,2,2,2,2,10,10,0,0,2,2,2,2,10,0,0,0,True,E
5489_df37fe77.jpg,Test,0,0,0,2,2,2,0,0,0,0,0,2,2,2,0,0,0,0,0,2,2,2,0,0,0,0,0,2,2,2,0,0,0,0,0,2,2,2,0,0,0,0,0,2,2,2,0,0,0,0,0,2,2,2,0,0,0,0,0,2,2,2,0,0,True,E
5490_5b2d904c.jpg,Test,0,0,0,0,0,0,0,0,0,0,2,2,2,0,0,0,0,0,2,2,2,0,0,0,0,0,2,2,2,0,0,0,0,0,2,2,2,0,0,0,0,0,2,2,2,0,0,0,0,0,2,2,2,0,0,0,0,0,2,2,2,0,0,0,True,E
5491_810068e2.jpg,Test,0,0,0,0,0,0,0,0,0,0,0,0,0,0,0,0,0,10,10,10,0,0,0,0,0,10,10,10,0,0,0,0,0,10,10,10,0,0,0,0,0,10,10,10,0,0,0,0,0,10,10,10,0,0,0,0,0,10,10,10,0,0,0,0,True,E
5492_edc33543.jpg,Test,0,0,0,2,0,0,0,0,0,0,2,2,2,2,0,0,0,0,2,2,2,2,0,0,0,0,2,2,2,2,0,0,0,0,2,2,2,2,0,0,0,0,2,2,2,2,0,0,0,0,2,2,2,2,0,0,0,0,2,2,2,2,0,0,True,E
5493_5eff3eb8.jpg,Test,0,0,0,0,0,0,0,0,0,0,0,0,0,0,0,0,0,0,0,0,0,0,0,0,0,0,2,2,2,2,0,0,0,0,2,2,2,2,0,0,0,0,2,2,2,2,0,0,0,0,2,2,2,2,0,0,0,0,2,2,2,2,0,0,True,E
5494_785c8b51.jpg,Test,0,0,0,0,0,0,0,0,0,0,0,0,0,0,0,0,0,0,2,2,0,0,2,2,2,0,2,2,0,0,2,2,2,0,2,2,0,0,2,2,10,10,2,2,0,0,2,2,10,10,10,10,0,0,2,2,0,0,0,0,0,0,0,0,True,E
5495_acbf92d1.jpg,Test,0,0,0,0,0,0,0,0,0,10,10,10,0,0,0,0,10,10,10,10,10,10,10,10,10,10,10,10,10,10,10,10,10,10,10,10,10,10,10,10,10,10,10,10,10,10,10,10,10,10,10,10,10,10,10,10,10,10,10,10,10,10,10,10,True,E
5496_d8b6d314.jpg,Test,0,0,0,0,0,0,0,0,0,0,0,0,0,0,0,0,0,0,0,10,10,10,0,0,0,0,0,10,10,10,0,0,0,0,0,10,10,10,0,0,0,0,0,10,10,10,0,0,0,0,0,10,10,10,0,0,0,0,0,10,10,10,0,0,True,E
5497_127f568e.jpg,Test,0,0,0,0,0,0,0,0,0,0,0,0,0,0,0,0,0,0,0,0,0,0,0,0,0,0,0,0,10,10,10,0,0,0,0,10,10,10,10,0,0,0,0,10,10,10,10,0,0,0,0,10,10,10,10,0,0,0,0,10,10,10,10,0,True,E
5498_916a70e5.jpg,Test,0,0,0,0,0,2,2,0,0,0,0,0,2,2,2,2,0,10,10,0,2,2,2,2,0,10,10,0,2,2,2,2,0,10,10,0,2,2,2,2,0,10,10,0,2,2,2,2,0,10,10,0,2,2,2,2,0,0,0,0,2,2,2,2,True,E
5499_ea0f2e6c.jpg,Test,0,0,0,2,0,0,0,0,0,0,2,2,2,0,0,0,0,0,2,2,2,0,0,0,0,0,2,2,2,0,0,0,0,0,2,2,2,0,0,0,0,0,2,2,2,0,0,0,0,0,2,2,2,0,0,0,0,0,0,0,0,0,0,0,True,E
5500_abf1c1ca.jpg,Test,0,0,0,0,0,0,0,0,0,0,0,0,0,0,0,0,0,0,0,0,0,0,0,5,0,0,0,0,0,0,0,5,0,10,10,10,10,10,0,5,0,10,10,10,10,10,0,5,0,10,10,10,10,10,0,0,0,0,0,0,0,0,0,0,True,E
5501_6bcc0387.jpg,Test,0,0,0,0,2,2,0,0,0,0,10,10,2,2,0,0,0,0,10,10,2,2,0,0,0,0,10,10,2,2,0,0,0,0,10,10,2,2,0,0,0,0,10,10,2,2,0,0,0,0,10,10,2,2,0,0,0,0,10,10,2,2,0,0,True,E
5502_47c56b1a.jpg,Test,0,0,0,0,0,0,0,0,0,0,0,0,0,0,0,0,0,0,0,0,0,0,0,0,0,0,0,0,0,0,0,0,0,0,0,0,0,0,0,0,0,0,0,0,0,0,0,0,0,0,0,0,0,0,0,0,0,0,0,0,0,0,0,0,True,E
5503_9c53b8e0.jpg,Test,0,0,0,0,0,0,0,0,10,10,10,10,10,10,10,10,10,10,10,10,10,10,10,10,10,10,10,10,10,10,10,10,10,10,10,10,10,10,10,10,10,10,10,10,10,10,10,10,10,10,10,10,10,10,10,10,10,10,10,10,10,10,10,10,True,E
5504_b757d11e.jpg,Test,0,0,0,0,0,0,0,0,10,10,10,10,10,0,0,0,10,10,10,10,10,0,0,0,10,10,10,10,10,0,0,0,10,10,10,10,10,0,0,0,10,10,10,10,10,0,0,0,10,10,10,10,10,0,0,0,10,10,10,10,10,0,0,0,True,E
5505_69cf4abe.jpg,Test,0,0,0,0,0,0,0,0,0,2,2,2,2,2,0,0,0,2,2,2,2,2,0,0,0,2,2,2,2,2,0,0,0,2,2,2,2,2,0,0,0,2,2,2,2,2,0,0,0,2,2,2,2,2,0,0,0,2,2,2,2,2,0,0,True,E
5506_2289df22.jpg,Test,0,0,0,0,0,0,0,0,0,0,0,0,0,0,0,0,0,0,0,0,0,0,0,0,0,0,0,0,0,0,0,0,0,0,0,0,0,0,0,0,0,0,0,0,0,0,0,0,0,0,0,0,0,0,0,0,0,0,0,0,0,0,0,0,True,E
5507_e985ed6b.jpg,Test,7,7,7,10,10,10,0,0,7,7,0,10,10,10,10,0,7,7,0,10,10,10,10,0,7,7,0,10,10,10,10,0,7,7,0,10,10,10,10,0,7,7,0,10,10,10,10,0,7,7,0,10,10,10,10,0,7,7,0,10,10,10,10,0,True,E
5508_fa889ba6.jpg,Test,0,0,0,10,0,0,0,0,0,10,10,10,10,10,10,0,0,10,10,10,10,10,10,0,0,10,10,10,10,10,10,0,0,10,10,10,10,10,10,0,0,10,10,10,10,10,10,0,0,10,10,10,10,10,10,0,0,10,10,10,10,10,10,0,True,E
5509_226d9cca.jpg,Test,0,0,0,0,0,0,0,0,0,0,2,2,0,0,0,0,0,2,2,2,0,0,0,0,0,2,2,2,0,0,0,0,0,2,2,2,0,0,0,0,0,2,2,2,0,0,0,0,0,2,2,2,0,0,0,0,0,0,2,2,0,0,0,0,True,E
5510_9938d85d.jpg,Test,0,0,0,0,0,0,0,0,10,10,10,10,10,10,10,10,10,10,10,10,10,10,10,10,10,10,10,10,10,10,10,10,10,10,10,10,10,10,10,10,10,10,10,10,10,10,10,10,10,10,10,10,10,10,10,10,10,10,10,10,10,10,10,10,True,E
5511_da816d24.jpg,Test,0,0,0,0,0,0,0,0,10,10,0,0,2,2,0,0,10,10,0,0,2,2,0,0,10,10,0,0,2,2,0,0,10,10,0,0,2,2,0,0,10,10,0,0,2,2,0,0,10,10,0,0,2,2,0,0,10,10,0,0,0,0,0,0,True,E
5512_ac3e281b.jpg,Test,0,0,0,0,0,0,0,0,0,2,2,2,2,0,0,0,10,10,2,2,2,2,2,0,10,10,2,2,2,2,2,2,10,10,2,2,2,2,2,2,10,10,2,2,2,2,2,2,10,10,2,2,2,2,2,2,10,10,2,2,2,0,2,2,True,E
5513_2e1e071a.jpg,Test,0,0,0,0,0,2,2,0,0,0,0,10,0,2,2,2,0,0,10,10,10,2,2,2,0,0,10,10,10,2,2,2,0,0,10,10,10,2,2,2,0,0,10,10,10,2,2,2,0,0,10,10,10,2,2,2,0,0,10,10,10,2,2,0,True,E
5514_225bb938.jpg,Test,0,0,0,0,0,0,0,0,0,0,0,0,0,0,0,0,0,0,0,2,2,2,0,0,0,0,0,2,2,0,0,0,0,0,0,2,2,0,0,0,0,0,0,2,2,0,0,0,0,0,0,2,2,0,0,0,0,0,0,0,0,0,0,0,True,E
5515_3685b474.jpg,Test,0,0,0,0,0,0,0,0,0,10,10,10,10,0,0,0,0,10,10,10,10,0,0,0,0,10,10,10,10,0,0,0,0,10,10,10,10,0,0,0,0,10,10,10,10,0,0,0,0,10,10,10,10,0,0,0,0,10,10,10,10,0,0,0,True,E
5516_aba61da9.jpg,Test,0,0,0,0,0,0,0,0,0,0,0,0,0,0,0,0,0,0,0,0,0,0,0,0,0,0,0,0,0,0,0,0,0,0,0,0,0,0,0,0,0,0,0,0,0,0,0,0,0,0,0,0,0,0,0,0,0,0,0,0,0,0,0,0,True,E
5517_94e66602.jpg,Test,0,0,0,2,2,0,0,0,2,2,2,2,2,0,2,2,2,2,2,2,2,2,2,2,2,2,2,2,2,2,2,2,2,2,2,2,2,2,2,2,2,2,2,2,2,2,2,2,2,2,2,2,2,2,2,2,2,2,2,2,2,0,2,2,True,E
5518_057b8823.jpg,Test,0,0,0,0,0,0,0,0,0,0,0,2,2,0,0,0,0,0,2,2,2,0,0,0,0,0,2,2,2,0,0,0,0,0,2,2,2,0,0,0,0,0,2,2,2,0,0,0,0,0,2,2,2,0,0,0,0,0,2,2,2,0,0,0,True,E
5519_509d8228.jpg,Test,0,0,0,0,0,0,0,0,0,0,0,0,0,0,0,0,0,0,0,0,0,0,0,0,0,0,0,0,0,0,0,0,0,0,0,0,0,0,0,0,0,0,0,0,0,0,0,0,0,0,0,0,0,0,0,0,0,0,0,0,0,0,0,0,True,E
5520_b95098bd.jpg,Test,0,0,0,0,0,0,0,0,0,0,0,2,0,0,0,0,2,0,2,2,2,2,2,0,2,0,2,2,2,2,2,0,2,0,2,2,2,2,2,0,2,0,2,2,2,2,2,0,2,0,2,0,0,0,0,0,0,0,0,0,0,0,0,0,True,E
5521_49e5412f.jpg,Test,0,0,10,10,10,0,0,0,0,0,10,10,10,10,0,0,0,0,10,10,10,10,0,0,0,0,10,10,10,10,0,0,0,0,10,10,10,10,0,0,0,0,10,10,10,10,0,0,0,0,10,10,10,10,0,0,0,0,10,10,10,0,0,0,True,E
5522_24f863ff.jpg,Test,0,0,0,0,0,0,0,0,0,0,0,0,2,0,0,0,2,2,2,2,2,2,2,0,2,2,2,2,2,2,2,0,2,2,2,2,2,2,2,0,2,2,2,2,2,2,2,0,2,2,2,2,2,2,2,0,2,2,2,2,2,2,2,0,True,E
5523_f37e2bd4.jpg,Test,0,0,0,0,0,0,0,0,0,0,0,0,0,0,0,0,0,0,2,2,0,0,0,0,0,0,2,2,0,0,0,0,0,0,2,2,0,0,0,0,0,0,2,2,0,0,0,0,0,0,2,2,0,0,0,0,0,0,0,0,0,0,0,0,True,E
5524_16941569.jpg,Test,0,0,0,0,0,0,0,0,0,0,0,0,0,0,0,0,0,0,0,0,0,0,0,0,0,0,0,10,10,0,0,0,0,0,0,10,10,0,0,0,0,0,0,10,10,0,0,0,0,0,0,10,10,0,0,0,0,0,0,0,0,0,0,0,True,E
5525_13735f1b.jpg,Test,0,0,0,0,0,0,0,0,0,0,0,0,0,0,0,0,0,0,0,0,0,0,0,0,0,0,0,0,0,0,0,0,0,0,0,0,0,0,0,0,0,0,0,0,0,0,0,0,0,0,0,0,0,0,0,0,0,0,0,0,0,0,0,0,True,E
5526_4363653d.jpg,Test,0,2,2,2,0,10,0,0,0,2,2,2,10,10,10,0,0,2,2,2,10,10,10,0,0,2,2,2,10,10,10,0,0,2,2,2,10,10,10,0,0,2,2,2,10,10,10,0,0,2,2,2,10,10,10,0,0,0,2,2,10,10,10,0,True,E
5527_69b6093e.jpg,Test,0,0,0,0,0,0,0,0,10,10,10,10,10,10,0,0,10,10,10,10,10,10,0,0,10,10,10,2,2,10,0,0,10,10,10,10,2,10,0,0,10,10,10,10,10,10,0,0,10,10,10,10,10,10,0,0,0,0,10,10,10,10,0,0,True,E
5528_1edae51b.jpg,Test,0,0,0,0,0,0,0,0,0,10,0,0,0,0,0,0,0,10,10,0,10,10,10,10,0,10,10,0,10,10,10,10,0,10,10,0,10,10,10,10,0,10,10,0,10,10,10,10,0,10,10,0,10,10,10,10,0,10,10,0,10,10,10,10,True,E
5529_15f369e0.jpg,Test,0,0,0,0,0,0,0,0,0,2,10,2,2,2,0,0,0,2,10,2,2,2,0,0,0,2,10,2,2,2,0,0,0,2,10,2,2,2,0,0,0,2,10,2,2,2,0,0,0,2,2,2,2,2,0,0,0,2,2,2,2,2,0,0,True,E
5530_549cc8d6.jpg,Test,0,0,0,0,0,0,0,0,0,0,0,0,0,0,0,0,0,0,0,0,0,0,0,0,0,0,0,0,0,0,0,0,0,0,0,0,0,0,0,0,0,0,0,0,0,0,0,0,0,0,0,0,0,0,0,0,0,0,0,0,0,0,0,0,True,E
5531_618dc3ef.jpg,Test,0,0,0,0,0,0,0,0,0,0,0,0,0,0,0,0,0,0,0,0,0,0,0,0,0,0,0,0,0,0,0,0,0,0,0,0,0,0,0,0,0,0,0,0,0,0,0,0,0,0,0,0,0,0,0,0,0,0,0,0,0,0,0,0,True,E
5532_969b34fb.jpg,Test,0,0,0,0,0,0,0,0,0,0,0,0,0,0,0,0,0,0,0,0,0,0,0,0,0,0,0,0,0,0,0,0,0,0,0,0,0,0,0,0,0,0,0,0,0,0,0,0,0,0,0,0,0,0,0,0,0,0,0,0,0,0,0,0,True,E
5533_ebbc24e8.jpg,Test,0,2,2,2,0,0,0,0,0,2,2,2,0,0,0,0,0,2,2,2,0,0,0,0,0,2,2,2,0,0,0,0,0,2,2,2,0,0,0,0,0,2,2,2,10,10,10,10,0,10,10,10,10,10,10,10,0,10,10,10,10,10,10,10,True,E
5534_572b10b8.jpg,Test,0,0,0,0,0,0,0,0,0,0,10,10,10,10,10,0,0,0,10,10,10,10,10,0,0,0,10,10,10,10,10,0,0,0,10,10,10,10,10,0,0,0,10,10,10,10,10,0,0,0,10,10,10,10,10,0,0,0,10,10,10,10,10,0,True,E
5535_0f46a56f.jpg,Test,0,0,0,0,0,2,2,2,0,0,0,0,0,2,2,2,0,10,10,0,0,2,2,2,0,10,10,0,0,2,2,2,0,10,10,0,0,2,2,2,0,10,10,0,0,2,2,2,0,0,0,0,0,2,2,2,0,0,0,0,0,0,0,0,True,E
5536_e752c46c.jpg,Test,0,0,0,0,0,0,0,0,10,10,10,2,2,10,0,0,10,10,10,2,2,10,0,0,10,10,10,2,2,10,0,0,10,10,10,2,2,10,0,0,10,10,2,2,2,10,0,0,10,10,10,2,2,10,0,0,0,0,2,2,2,10,0,0,True,E
5537_bb5a3097.jpg,Test,0,0,0,0,0,0,0,0,0,0,2,2,10,10,10,0,0,2,2,2,10,10,10,0,0,2,2,2,10,10,10,0,0,2,2,2,10,10,10,0,0,2,2,2,10,10,10,0,0,2,2,2,10,10,10,0,0,0,0,0,0,0,0,0,True,E
5538_73a9f5fe.jpg,Test,0,0,0,0,0,0,0,0,0,2,2,2,10,10,10,0,0,2,2,2,10,10,10,0,0,2,2,2,10,10,10,0,0,2,2,2,10,10,10,0,0,2,2,2,10,10,10,0,0,2,2,2,10,10,10,0,0,2,2,2,10,10,10,0,True,E
5539_1cf6c508.jpg,Test,0,0,0,0,0,0,0,0,0,0,0,0,0,0,0,0,0,0,0,0,0,0,0,0,0,0,0,0,0,0,0,0,0,0,0,0,0,0,0,0,0,0,0,0,0,0,0,0,0,0,0,0,0,0,0,0,0,0,0,0,0,0,0,0,True,E
5540_950e9a12.jpg,Test,0,0,0,0,0,0,0,0,0,0,10,10,10,10,0,0,0,0,10,10,10,10,0,0,0,0,10,10,10,10,0,0,0,0,10,10,10,10,0,0,0,0,10,10,10,10,0,0,0,0,10,10,10,10,0,0,0,0,10,10,10,10,0,0,True,E
5541_e041fa35.jpg,Test,0,0,10,10,10,0,2,2,0,0,10,10,10,2,2,2,0,0,10,10,10,2,2,2,0,0,10,10,10,2,2,2,0,0,10,10,10,2,2,2,0,0,10,10,10,2,2,2,0,0,10,10,10,2,2,2,0,0,10,10,10,2,2,2,True,E
5542_19c58c1d.jpg,Test,0,0,0,0,0,0,0,0,0,0,2,2,2,2,0,0,0,0,2,2,2,2,0,0,0,0,2,2,2,2,0,0,0,0,2,2,2,2,0,0,0,0,2,2,2,2,0,0,0,0,2,2,2,2,0,0,0,0,2,2,2,2,0,0,True,E
5543_cbf90cb2.jpg,Test,0,0,0,0,0,0,0,0,0,10,10,10,10,10,0,0,0,10,10,10,10,10,10,0,0,10,10,10,10,10,10,0,0,10,10,10,10,10,10,0,0,10,10,10,10,10,10,0,0,10,10,10,10,10,10,0,0,10,10,10,0,10,10,0,True,E
5544_c84a121e.jpg,Test,0,0,0,0,0,0,0,0,0,10,10,10,10,10,10,0,0,10,10,10,10,10,10,0,0,10,10,10,10,10,10,0,0,10,10,10,10,10,10,0,0,10,10,10,10,10,10,0,0,10,10,10,10,10,10,0,0,10,10,10,10,10,10,0,True,E
5545_5e897f57.jpg,Test,0,0,0,0,0,0,0,0,0,0,0,2,2,2,0,0,10,10,0,2,2,2,0,0,10,10,10,2,2,2,0,0,10,10,10,2,2,2,0,0,10,10,10,2,2,2,0,0,10,10,10,2,2,2,0,0,10,10,0,2,2,2,0,0,True,E
5546_a0d6ed4c.jpg,Test,0,0,0,2,2,0,0,0,0,2,2,2,2,2,2,2,0,2,2,2,2,2,2,2,0,2,2,2,2,2,2,2,0,2,2,2,2,2,2,2,2,2,2,2,2,2,2,2,2,2,2,2,2,2,2,2,2,2,2,2,2,2,2,2,True,E
5547_2e9f4571.jpg,Test,0,0,0,0,0,0,0,0,0,0,0,0,0,0,0,0,0,0,0,0,0,0,0,0,0,0,0,0,0,0,0,0,0,0,0,0,0,0,0,0,0,0,0,0,0,0,0,0,0,0,0,0,0,0,0,0,0,0,0,0,0,0,0,0,True,E
5548_edc33543.jpg,Test,0,0,0,2,0,0,0,0,0,0,2,2,2,2,0,0,0,0,2,2,2,2,0,0,0,0,2,2,2,2,0,0,0,0,2,2,2,2,0,0,0,0,2,2,2,2,0,0,0,0,2,2,2,2,0,0,0,0,2,2,2,2,0,0,True,E
5549_5a0044c0.jpg,Test,0,0,0,0,0,0,0,0,0,0,0,0,10,0,0,0,0,0,0,10,10,10,0,0,0,0,0,10,10,10,0,0,0,0,0,10,10,10,0,0,0,0,0,10,10,10,0,0,0,0,0,10,10,10,0,0,0,0,0,0,0,0,0,0,True,E
5550_e79ef778.jpg,Test,0,0,0,0,0,0,0,0,0,0,0,10,10,0,0,0,2,2,10,10,10,0,0,0,2,2,10,10,10,0,0,0,2,2,10,10,10,0,0,0,2,2,10,10,10,0,0,0,2,2,10,10,10,0,0,0,2,2,10,10,10,0,0,0,True,E
5551_d89d79d9.jpg,Test,0,0,0,0,0,0,0,0,0,0,2,2,2,2,0,0,0,0,2,2,2,2,0,0,0,0,2,2,2,2,0,0,0,0,2,2,2,2,0,0,0,0,2,2,2,2,0,0,0,0,2,2,2,2,0,0,0,0,2,2,2,2,0,0,True,E
5552_9d8dfe07.jpg,Test,6,6,6,6,0,0,0,0,6,6,6,6,0,10,10,0,6,6,6,6,10,10,10,10,6,6,6,6,10,10,10,10,6,6,6,6,10,10,10,10,6,6,6,6,10,10,10,10,6,6,6,6,10,10,10,10,6,6,6,6,10,10,10,10,True,E
5553_551277bd.jpg,Test,0,0,0,0,0,2,0,0,0,2,2,2,2,2,0,0,0,2,2,2,2,2,0,0,2,2,2,2,2,2,0,0,2,2,2,2,2,2,0,0,0,2,2,2,2,2,0,0,0,2,2,2,2,2,0,0,0,0,2,2,2,2,0,0,True,E
5554_2aadb149.jpg,Test,0,0,0,0,0,0,0,0,0,0,0,2,2,2,0,0,0,0,2,2,2,2,0,0,0,0,0,2,2,2,0,0,0,0,0,2,2,2,0,0,0,0,0,2,2,2,0,0,0,0,0,2,2,2,0,0,0,0,0,2,2,2,0,0,True,E
5555_a7c7b3df.jpg,Test,0,0,0,2,2,2,2,0,0,0,0,2,2,2,2,0,0,0,0,2,2,2,2,0,0,0,0,2,2,2,2,0,0,0,0,2,2,2,2,0,0,0,0,2,2,2,2,0,0,0,0,2,2,2,2,0,0,0,0,2,2,2,2,0,True,E
5556_fe905827.jpg,Test,0,0,0,0,0,0,0,0,0,0,0,2,2,0,0,0,0,0,0,2,2,0,0,0,0,0,0,2,2,0,0,0,0,0,0,2,2,0,0,0,0,0,0,2,2,0,0,0,0,0,0,2,2,0,0,0,0,0,0,2,2,0,0,0,True,E
5557_812ae9a6.jpg,Test,0,0,0,0,0,0,0,0,0,0,0,0,0,2,2,0,10,10,10,10,0,2,2,0,10,10,10,10,0,2,2,0,10,10,10,10,0,2,2,0,10,10,10,10,0,2,2,0,10,10,10,10,0,2,2,0,0,10,10,0,0,2,0,0,True,E
5558_b4cdd0d0.jpg,Test,0,0,0,0,0,0,0,0,0,0,0,10,10,10,0,0,0,0,0,10,10,10,0,0,0,0,0,10,10,10,0,0,0,0,0,10,10,10,0,0,0,0,0,10,10,10,0,0,0,0,0,10,10,10,0,0,0,0,0,0,10,0,0,0,True,E
5559_d9a95868.jpg,Test,0,0,0,0,0,0,0,0,2,2,2,2,2,2,2,0,2,2,2,2,2,2,2,2,2,2,2,2,2,2,2,2,2,2,2,2,2,2,2,2,2,2,2,2,2,2,2,2,2,2,2,2,2,2,2,2,2,2,2,2,2,2,2,0,True,E
5560_1e3c6f4a.jpg,Test,0,0,0,0,0,2,2,2,0,0,0,0,0,2,2,2,0,0,10,10,0,2,2,2,0,0,10,10,0,2,2,2,0,0,10,10,0,2,2,2,0,0,10,10,0,2,2,2,0,0,10,10,0,2,2,2,0,0,10,10,0,2,2,2,True,E
5561_033715b0.jpg,Test,0,0,0,0,0,0,0,0,0,0,0,0,0,0,10,0,0,10,0,0,10,10,10,10,10,10,0,0,10,10,10,10,10,10,0,0,10,10,10,10,10,10,0,0,10,10,10,10,10,10,0,0,10,10,10,10,10,10,0,0,10,10,10,10,True,E
5562_cbf90cb2.jpg,Test,0,0,0,0,0,0,0,0,0,10,10,10,10,10,0,0,0,10,10,10,10,10,10,0,0,10,10,10,10,10,10,0,0,10,10,10,10,10,10,0,0,10,10,10,10,10,10,0,0,10,10,10,10,10,10,0,0,10,10,10,0,10,10,0,True,E
5563_0230c7a2.jpg,Test,0,0,0,0,0,0,0,0,0,0,2,2,2,0,0,0,0,0,2,2,2,0,0,0,0,0,2,2,2,0,0,0,0,0,2,2,2,0,0,0,0,0,2,2,2,0,0,0,0,0,2,2,2,0,0,0,0,0,0,2,0,0,0,0,True,E
5564_34982f4d.jpg,Test,0,0,0,10,10,0,0,0,0,0,0,10,10,0,0,0,0,0,0,10,10,0,0,0,0,0,0,10,10,0,0,0,0,0,0,10,10,10,10,0,0,0,0,10,10,10,10,0,0,0,0,10,10,10,10,0,0,0,0,10,10,10,10,0,True,E
5565_0b0e3e08.jpg,Test,0,10,10,10,0,0,0,0,0,10,10,10,0,0,0,0,0,10,10,10,0,0,0,0,0,10,10,10,0,0,0,0,0,10,10,10,0,0,0,0,0,10,10,10,0,0,0,0,0,10,10,10,0,0,0,0,0,10,10,10,0,0,0,0,True,E
5566_365804b6.jpg,Test,0,0,0,0,0,10,0,0,0,0,0,0,0,10,10,0,0,0,0,0,0,10,10,0,0,0,0,0,0,10,10,0,0,0,0,0,0,10,10,0,0,0,0,0,0,10,10,0,0,0,0,0,0,10,10,0,0,0,0,0,0,10,0,0,True,E
5567_88e56069.jpg,Test,0,0,2,2,2,0,0,0,0,0,2,2,2,0,0,0,0,0,2,2,2,0,0,0,0,0,2,2,2,0,0,0,0,0,2,2,2,0,0,0,0,0,2,2,2,0,0,0,0,0,2,2,2,0,0,0,0,0,2,2,2,0,0,0,True,E
5568_ae0d346b.jpg,Test,0,0,0,0,0,10,0,0,0,2,2,0,10,10,0,0,0,2,2,0,10,10,0,0,0,2,2,0,10,10,0,0,0,2,2,0,10,10,0,0,0,2,2,0,10,10,0,0,0,2,2,0,10,10,0,0,0,2,2,0,0,0,0,0,True,E
5569_744cba19.jpg,Test,0,0,10,10,0,0,0,0,0,10,10,10,0,0,0,0,0,10,10,10,0,0,0,0,0,10,10,10,0,0,0,0,0,10,10,10,0,0,0,0,0,10,10,10,0,0,0,0,0,10,10,10,0,0,0,0,0,0,10,10,0,0,0,0,True,E
5570_713cc29d.jpg,Test,0,0,0,0,2,0,0,0,0,0,0,0,2,2,10,10,0,0,0,0,2,2,10,10,0,0,0,0,2,2,10,10,0,0,0,0,2,2,10,10,0,0,0,0,2,2,10,10,0,0,0,0,2,2,10,10,0,0,0,0,2,2,10,10,True,E
5571_e98ba774.jpg,Test,0,0,0,0,10,10,0,0,0,0,2,2,10,10,10,0,0,0,2,2,10,10,10,0,0,0,2,2,10,10,10,0,0,0,2,2,10,10,10,0,0,0,2,2,10,10,10,0,0,0,2,2,10,10,10,0,0,0,2,0,10,10,0,0,True,E
5572_94e66602.jpg,Test,0,0,0,2,2,0,0,0,2,2,2,2,2,2,2,2,2,2,2,2,2,2,2,2,2,2,2,2,2,2,2,2,2,2,2,2,2,2,2,2,2,2,2,2,2,2,2,2,2,2,2,2,2,2,2,2,2,2,2,2,2,2,2,2,True,E
5573_b4cdd0d0.jpg,Test,0,0,0,0,0,0,0,0,0,0,0,10,10,10,0,0,0,0,0,10,10,10,0,0,0,0,0,10,10,10,0,0,0,0,0,10,10,10,0,0,0,0,0,10,10,10,0,0,0,0,0,10,10,10,0,0,0,0,0,0,10,0,0,0,True,E
5574_0fc9a076.jpg,Test,0,0,0,0,0,0,0,0,0,0,0,0,10,10,10,0,0,10,10,10,10,10,10,10,0,10,10,10,10,10,10,10,0,10,10,10,10,10,10,10,0,10,10,10,10,10,10,10,0,10,10,10,10,10,10,10,0,10,10,10,10,10,10,10,True,E
5575_5fbcacbc.jpg,Test,0,0,0,0,0,10,10,10,2,2,2,0,0,10,10,10,2,2,2,0,0,10,10,10,2,2,2,0,0,10,10,10,2,2,2,0,0,10,10,10,2,2,2,0,0,10,10,10,2,2,2,0,0,10,10,10,2,2,2,0,0,10,10,10,True,E
5576_0230c7a2.jpg,Test,0,0,0,0,0,0,0,0,0,0,2,2,2,0,0,0,0,0,2,2,2,0,0,0,0,0,2,2,2,0,0,0,0,0,2,2,2,0,0,0,0,0,2,2,2,0,0,0,0,0,2,2,2,0,0,0,0,0,0,2,0,0,0,0,True,E
5577_bafdae17.jpg,Test,0,0,0,0,0,0,0,0,0,0,0,0,0,0,0,0,7,7,7,7,7,7,7,7,7,7,7,7,7,7,7,7,7,7,7,7,7,7,7,7,7,7,7,7,7,7,7,7,7,7,7,7,7,7,7,7,7,7,7,7,7,7,7,7,True,E
5578_1c600ea6.jpg,Test,0,0,0,0,0,0,0,0,0,2,7,7,7,7,0,0,0,2,7,7,7,7,0,0,0,2,7,7,7,7,0,0,0,2,7,7,7,7,0,0,0,2,7,7,7,7,0,0,0,2,7,7,7,7,0,0,0,0,7,7,7,7,0,0,True,E
5579_b727fedd.jpg,Test,0,0,0,0,0,0,0,0,0,0,0,0,0,0,0,0,0,0,0,0,0,0,0,0,0,0,0,0,0,0,0,0,0,0,0,0,0,0,0,0,0,0,0,0,0,0,0,0,0,0,0,0,0,0,0,0,0,0,0,0,0,0,0,0,True,E
5580_08fb5a87.jpg,Test,0,0,1,0,0,0,0,0,0,0,1,0,1,0,0,0,0,0,0,0,0,0,0,0,0,0,0,0,0,0,0,0,0,0,0,0,0,0,0,0,0,0,0,1,0,0,0,0,0,0,0,1,0,0,0,0,0,0,0,1,0,0,0,0,True,E
5581_f6af3d99.jpg,Test,0,0,0,0,0,0,0,0,0,0,0,0,0,0,0,0,0,0,0,0,0,0,0,0,0,0,0,0,0,0,0,0,0,0,0,0,0,0,0,0,0,0,0,0,0,0,0,0,0,0,0,0,0,0,0,0,0,0,0,0,0,0,0,0,True,E
5582_4d27c727.jpg,Test,0,0,0,0,0,0,0,0,0,0,7,7,7,7,0,0,0,0,7,7,7,7,0,0,0,0,7,7,7,7,0,0,0,0,7,7,7,7,0,0,0,0,7,7,7,7,0,0,0,0,7,7,7,7,0,0,0,0,7,7,7,7,0,0,True,E
5583_e20ea77c.jpg,Test,0,0,0,0,0,0,0,0,0,0,0,0,0,0,0,0,0,0,0,0,1,1,0,0,0,0,0,0,1,1,0,0,0,0,0,0,1,1,0,0,0,0,0,0,1,1,0,0,0,0,0,0,1,1,0,0,0,0,0,0,1,0,0,0,True,E
5584_ab6b8b7d.jpg,Test,0,0,0,0,0,0,0,0,0,0,0,0,0,0,0,0,0,0,0,0,0,0,0,0,0,0,0,0,0,0,0,0,0,0,0,0,0,0,0,0,0,0,0,0,0,0,0,0,0,0,0,0,0,0,0,0,0,0,0,0,0,0,0,0,True,E
5585_ad9435a5.jpg,Test,0,0,7,7,7,7,7,0,0,0,7,7,7,7,7,0,0,0,7,7,7,7,7,0,0,0,7,7,7,7,7,0,0,0,7,7,7,7,7,0,0,0,7,7,7,7,7,0,0,0,7,7,7,7,7,0,0,0,7,7,7,7,7,0,True,E
5586_e5484508.jpg,Test,0,0,0,0,0,0,0,0,0,0,0,0,0,0,0,0,0,0,7,7,7,7,0,0,0,0,7,7,7,7,0,0,0,0,7,7,7,7,0,0,0,0,7,7,7,7,0,0,0,0,7,7,7,7,0,0,0,0,7,7,7,7,0,0,True,E
5587_70a1d6eb.jpg,Test,0,0,0,0,0,0,0,0,0,0,7,7,0,0,0,0,0,7,7,7,0,0,0,0,0,7,7,7,0,0,0,0,0,7,7,7,0,0,0,0,0,7,7,7,0,0,0,0,0,7,7,7,0,0,0,0,0,0,7,7,0,0,0,0,True,E
5588_60d3437f.jpg,Test,0,0,0,0,0,0,0,0,0,0,0,0,7,7,7,0,0,0,0,0,7,7,7,0,0,0,0,0,7,7,7,0,0,0,0,0,7,7,7,0,0,0,0,0,7,7,7,0,0,0,0,0,7,7,7,0,0,0,0,0,7,7,7,0,True,E
5589_d5557b19.jpg,Test,0,0,0,0,0,0,0,0,0,0,7,7,7,7,0,0,0,0,7,7,7,7,0,0,0,0,7,7,7,7,0,0,0,0,7,7,7,7,0,0,0,0,7,7,7,7,0,0,0,0,7,7,7,7,0,0,0,0,7,7,7,7,0,0,True,E
5590_9f96afa3.jpg,Test,0,0,0,0,0,0,0,0,0,0,0,0,0,0,0,0,0,0,0,0,0,0,0,0,0,0,0,0,0,0,0,0,0,0,0,0,0,0,0,0,0,0,0,0,0,0,0,0,0,0,0,0,0,0,0,0,0,0,0,0,0,0,0,0,True,E
5591_6a2184f4.jpg,Test,0,0,0,0,0,0,0,0,0,0,0,0,0,0,0,0,0,0,0,7,7,7,0,0,0,0,0,7,7,7,0,0,0,0,0,7,7,7,0,0,0,0,0,7,7,7,0,0,0,0,0,7,7,7,0,0,0,0,0,7,7,7,0,0,True,E
5592_a9a6bedf.jpg,Test,0,0,7,7,7,7,7,0,0,7,7,7,7,7,7,7,0,7,7,7,7,7,7,7,0,7,7,7,7,7,7,7,0,7,7,7,7,7,7,7,0,7,7,7,7,7,7,7,0,7,7,7,7,7,7,7,0,0,7,7,7,7,7,7,True,E
5593_678d7099.jpg,Test,0,0,0,0,0,0,0,0,0,0,0,0,0,0,0,0,0,7,7,7,7,0,0,0,0,7,7,7,7,0,0,0,0,7,7,7,7,0,0,0,0,7,7,7,7,0,0,0,0,7,7,7,7,0,0,0,0,0,0,0,0,0,0,0,True,E
5594_25c478ea.jpg,Test,0,0,0,0,0,0,0,0,0,0,0,1,1,1,0,0,0,7,7,1,1,1,0,0,0,7,7,1,1,1,0,0,0,7,7,1,1,1,0,0,0,7,7,1,1,1,0,0,0,7,7,1,1,1,0,0,0,7,7,1,1,1,0,0,True,E
5595_2d0392de.jpg,Test,0,0,0,0,0,0,0,0,0,0,0,0,0,0,0,0,0,0,0,0,0,0,0,0,0,0,0,0,0,0,0,0,0,0,0,0,0,0,0,0,0,0,0,0,0,0,0,0,0,0,0,0,0,0,0,0,0,0,0,0,0,0,0,0,True,E
5596_5d2ba2d2.jpg,Test,0,0,0,0,0,0,7,7,0,7,7,7,0,1,7,7,0,7,7,7,0,1,7,7,0,7,7,7,0,1,7,7,0,7,7,7,0,1,7,7,0,7,7,7,0,1,7,7,0,7,7,7,0,7,7,7,0,0,7,0,0,0,7,7,True,E
5597_b2575dde.jpg,Test,0,0,0,0,0,0,0,0,0,0,1,1,1,1,0,0,0,0,1,1,1,1,0,0,0,0,1,1,1,1,0,0,0,0,1,1,1,1,0,0,0,0,1,1,1,1,0,0,0,0,1,1,1,1,0,0,0,0,1,1,1,0,0,0,True,E
5598_c284efb6.jpg,Test,0,0,0,7,7,0,0,0,0,0,0,7,7,0,0,0,0,0,0,7,7,0,0,0,0,0,0,7,7,0,0,0,0,0,0,7,7,0,0,0,0,0,0,7,7,0,0,0,0,0,0,7,7,0,0,0,0,0,0,7,7,0,0,0,True,E
5599_fb1e765f.jpg,Test,0,0,0,0,0,0,0,0,0,0,0,0,0,0,0,0,0,0,0,0,0,0,0,0,0,0,0,0,0,0,0,0,0,0,0,0,0,0,0,0,0,0,0,0,0,0,0,0,0,0,0,0,0,0,0,0,0,0,0,0,0,0,0,0,True,E
5600_be08fdb4.jpg,Test,0,0,0,1,1,0,0,0,0,0,0,1,1,0,1,1,0,0,0,1,1,0,1,1,0,0,0,1,1,0,1,1,0,0,0,1,1,0,1,1,0,0,0,1,1,0,1,1,0,0,0,1,1,0,1,1,0,0,0,1,1,0,1,1,True,E
5601_5ec82c05.jpg,Test,0,0,0,0,0,0,0,0,0,0,7,7,7,7,7,0,0,0,7,7,7,7,7,0,0,0,7,7,7,7,7,0,0,0,7,7,7,7,7,0,0,0,0,7,7,7,7,0,0,0,0,0,0,7,7,0,0,0,0,0,0,0,0,0,True,E
5602_c811ad5a.jpg,Test,0,0,0,0,0,0,0,0,7,7,7,7,7,0,0,0,7,7,7,7,7,7,7,0,7,7,7,7,7,7,7,7,7,7,7,7,7,7,7,7,7,7,7,7,7,7,7,7,7,7,7,7,7,7,7,7,7,7,7,7,7,7,7,7,True,E
5603_76bec796.jpg,Test,0,0,0,0,0,0,0,0,0,0,0,0,0,0,0,0,7,7,0,0,0,0,0,0,7,7,7,7,7,1,1,0,7,10,7,2,7,1,1,0,7,7,7,7,7,1,1,0,7,7,0,2,0,0,0,0,7,10,0,0,0,0,0,0,True,E
5604_7fadbb23.jpg,Test,0,0,0,0,0,0,0,0,0,0,0,1,1,1,0,0,0,0,0,1,1,1,1,0,0,0,0,1,1,0,0,0,0,0,0,1,1,0,0,0,0,0,0,1,1,0,0,0,0,0,0,1,1,0,0,0,0,0,0,1,1,0,0,0,True,E
5605_f447e166.jpg,Test,0,0,0,0,0,0,0,0,0,7,7,7,7,0,0,0,0,7,7,0,7,0,0,0,0,7,7,0,7,0,0,0,0,7,7,0,7,0,0,0,0,7,7,0,7,0,0,0,0,7,7,0,7,0,0,0,0,7,7,0,7,0,0,0,True,E
5606_f15daf1e.jpg,Test,0,0,0,0,0,0,0,0,0,0,0,0,0,7,7,0,0,0,0,0,0,7,7,0,0,0,0,0,0,7,7,0,0,0,0,0,0,7,7,0,0,0,0,0,0,7,7,0,0,0,0,0,0,0,7,0,0,0,0,0,0,0,7,0,True,E
5607_b8e10312.jpg,Test,0,0,0,0,0,0,0,0,0,0,1,1,1,0,0,0,0,0,1,1,7,0,0,0,0,0,1,1,7,0,0,0,0,0,1,1,1,0,0,0,0,0,1,1,1,0,0,0,0,0,1,1,1,0,0,0,0,0,1,1,1,0,0,0,True,E
5608_5375c4c4.jpg,Test,0,0,0,0,0,0,0,0,0,0,0,0,0,0,0,0,0,0,0,0,0,0,0,0,0,0,0,0,0,0,0,0,0,0,0,0,0,0,0,0,0,0,0,0,0,0,0,0,0,0,0,0,0,0,0,0,0,0,0,0,0,0,0,0,True,E
5609_ab6a3f18.jpg,Test,0,0,0,0,0,0,0,0,0,0,0,0,0,0,0,0,0,0,0,0,0,0,0,0,0,0,0,0,0,0,0,0,0,0,0,0,0,0,0,0,0,0,0,0,0,0,0,0,0,0,0,0,0,0,0,0,0,0,0,0,0,0,0,0,True,E
5610_a502062e.jpg,Test,7,7,7,7,0,0,0,0,7,7,7,7,7,0,0,0,7,7,7,7,7,0,0,0,7,7,7,7,7,0,0,0,7,7,7,7,7,0,0,0,7,7,7,7,7,0,0,0,7,7,7,7,7,0,0,0,7,7,7,7,7,0,0,0,True,E
5611_7a4076ce.jpg,Test,0,0,0,0,0,0,0,0,0,0,0,0,0,0,0,0,0,0,0,0,0,0,0,0,0,0,0,0,0,0,0,0,0,0,0,0,0,0,0,0,0,0,0,0,0,0,0,0,0,0,0,0,0,0,0,0,0,0,0,0,0,0,0,0,True,E
5612_1b753a6e.jpg,Test,0,0,0,1,0,0,0,0,0,0,1,1,1,1,0,0,0,0,1,1,1,1,0,0,0,0,1,1,1,1,0,0,0,0,1,1,1,1,0,0,0,0,1,1,1,1,0,0,0,0,1,1,1,1,0,0,0,0,1,1,1,1,0,0,True,E
5613_fc8276d8.jpg,Test,0,0,0,0,0,0,0,0,0,0,0,7,0,0,0,0,0,0,0,0,0,0,1,0,0,0,0,0,0,1,1,0,0,0,0,0,0,1,1,0,0,0,0,0,0,1,1,0,0,0,0,0,0,1,1,0,0,0,0,0,0,0,1,0,True,E
5614_c41b739d.jpg,Test,0,0,0,0,0,0,0,0,0,0,1,1,1,0,0,0,0,0,1,1,1,0,0,0,0,0,7,1,1,0,0,0,0,0,7,1,1,0,0,0,0,0,7,1,1,0,0,0,0,0,1,1,1,0,0,0,0,0,1,1,1,0,0,0,True,E
5615_2aab68e9.jpg,Test,0,0,0,0,0,0,0,0,0,0,0,0,0,0,0,0,0,0,0,7,0,0,0,0,0,0,7,7,0,0,0,0,0,0,7,7,0,0,0,0,7,7,7,7,0,0,0,0,0,0,7,0,0,0,0,0,0,0,0,0,0,0,0,0,True,E
5616_33c207a8.jpg,Test,0,0,0,0,0,0,0,0,0,7,7,7,1,1,1,0,0,7,7,7,1,1,1,0,0,7,7,7,1,1,1,0,0,7,7,7,1,1,1,0,0,7,7,7,1,1,1,0,0,7,7,7,1,1,1,0,0,7,7,7,1,1,0,0,True,E
5617_9c810336.jpg,Test,0,0,0,0,0,0,0,0,0,0,0,0,0,0,0,0,0,0,0,0,0,0,0,0,0,0,0,0,0,0,0,0,0,0,0,0,0,0,0,0,0,0,0,0,0,0,0,0,0,0,0,0,0,0,0,0,0,0,0,0,0,0,0,0,True,E
5618_bce9c6c4.jpg,Test,0,0,0,0,0,0,0,0,0,0,0,0,1,1,0,0,0,0,0,0,1,1,0,0,7,7,7,7,1,1,0,0,7,7,7,7,1,1,0,0,7,7,7,7,1,1,0,0,7,7,7,7,1,1,0,0,7,7,7,7,1,1,0,0,True,E
5619_30055c92.jpg,Test,0,0,0,0,0,0,0,0,0,0,0,0,0,0,0,0,0,0,7,7,7,0,0,0,0,0,7,7,7,0,0,0,0,0,7,7,7,0,0,0,0,0,7,7,7,0,0,0,0,0,7,7,7,0,0,0,0,0,7,7,0,0,0,0,True,E
5620_181ed34b.jpg,Test,0,0,0,0,0,0,0,0,0,0,0,0,0,0,0,0,0,0,0,0,0,0,0,0,0,0,0,0,0,0,0,0,0,0,0,0,0,0,0,0,0,0,0,0,0,0,0,0,0,0,0,0,0,0,0,0,0,0,0,0,0,0,0,0,True,E
5621_38e02c36.jpg,Test,1,1,1,1,1,1,1,1,1,1,1,1,1,1,1,1,1,1,1,1,1,1,1,1,1,1,1,1,1,1,1,1,1,1,1,1,1,1,1,1,1,1,1,1,1,1,1,1,1,1,1,1,1,1,1,1,1,1,1,1,1,1,1,1,True,E
5622_400b9884.jpg,Test,0,0,0,0,0,0,0,0,0,0,1,1,7,7,7,0,0,0,1,1,7,7,7,0,0,0,1,1,7,7,7,0,0,0,1,1,7,7,7,0,0,0,1,1,7,7,7,0,0,0,1,1,7,7,7,0,0,0,1,1,7,7,7,0,True,E
5623_35468609.jpg,Test,0,0,0,0,0,0,0,0,0,0,0,0,1,0,0,0,0,0,0,0,1,1,0,0,0,0,0,0,1,1,0,0,0,0,0,0,1,1,0,0,0,0,0,0,1,1,0,0,0,0,0,0,1,1,0,0,0,0,0,0,1,1,0,0,True,E
5624_4753d2c0.jpg,Test,0,0,0,0,0,0,0,0,0,0,0,0,0,0,0,0,0,0,0,0,0,0,0,0,0,0,0,7,7,7,0,0,0,0,7,7,7,7,0,0,0,0,7,7,7,7,0,0,0,0,7,7,7,7,0,0,0,0,7,7,7,0,0,0,True,E
5625_25d8f209.jpg,Test,0,0,0,0,0,0,0,0,0,1,1,1,1,0,7,0,0,1,1,1,1,7,7,7,0,1,1,1,1,7,7,7,0,1,1,1,1,7,7,7,0,1,1,1,1,7,7,7,0,1,1,1,1,7,7,7,0,1,1,1,1,7,7,7,True,E
5626_3f4a35e7.jpg,Test,0,0,0,0,0,0,0,0,0,0,0,0,0,0,0,0,0,7,7,7,0,0,0,0,0,7,7,7,0,0,0,0,0,7,7,7,0,0,0,0,0,7,7,7,0,0,0,0,0,7,7,7,0,0,0,0,0,7,7,7,0,0,0,0,True,E
5627_080473d6.jpg,Test,0,0,0,0,0,0,0,0,0,0,0,0,0,0,0,0,0,0,0,0,0,0,0,0,0,7,7,1,0,0,0,0,0,7,1,1,0,0,0,0,0,7,1,1,0,0,0,0,0,0,1,1,0,0,0,0,0,0,1,1,0,0,0,0,True,E
5628_bd8c672f.jpg,Test,0,0,0,0,0,0,0,0,0,0,0,0,0,0,0,0,0,0,0,0,0,0,0,0,0,0,0,0,0,0,0,0,0,0,0,0,0,0,0,0,0,0,0,0,0,0,0,0,0,0,0,0,0,0,0,0,0,0,0,0,0,0,0,0,True,E
5629_cf115f10.jpg,Test,0,0,0,0,0,0,0,0,0,0,0,0,0,0,0,0,0,0,0,0,0,0,0,0,0,0,0,0,0,0,0,0,0,0,0,0,0,0,0,0,0,0,0,0,0,0,0,0,0,0,0,0,0,0,0,0,0,0,0,0,0,0,0,0,True,E
5630_dab4400e.jpg,Test,0,0,0,0,1,0,0,0,0,0,0,1,1,1,1,0,0,0,0,1,1,1,1,0,0,0,0,1,1,1,1,0,0,0,0,1,1,1,1,0,0,0,0,1,1,1,1,0,0,0,0,1,1,1,1,0,0,0,0,1,1,1,1,0,True,E
5631_6f1417d2.jpg,Test,0,0,0,0,0,0,0,0,0,0,0,7,0,0,0,0,0,0,0,7,7,7,0,0,7,7,0,7,7,7,7,0,7,7,0,7,0,7,7,7,0,0,0,0,7,7,7,0,0,0,0,7,7,0,0,0,0,0,0,0,0,0,0,0,True,E
5632_def301b5.jpg,Test,0,0,0,0,1,0,0,0,0,0,0,1,1,0,0,0,0,0,0,1,1,0,0,0,0,0,0,1,1,0,0,0,0,0,0,1,1,0,0,0,0,0,0,1,0,0,0,0,0,0,0,1,0,0,0,0,0,0,0,1,0,0,0,0,True,E
5633_b187d27b.jpg,Test,0,0,0,0,0,0,0,0,0,0,0,0,0,0,0,0,0,0,0,0,0,0,0,0,0,0,0,0,0,0,0,0,0,0,0,0,0,0,0,0,0,0,0,0,0,0,0,0,0,0,0,0,0,0,0,0,0,0,0,0,0,0,0,0,True,E
5634_deb39d24.jpg,Test,0,0,0,0,0,0,0,0,0,0,0,0,0,0,0,0,0,0,0,0,0,0,0,0,0,0,0,0,0,0,0,0,0,0,0,0,0,0,0,0,0,0,0,0,0,0,0,0,0,0,0,0,0,0,0,0,0,0,0,0,0,0,0,0,True,E
5635_8e45b18d.jpg,Test,0,0,0,0,0,0,0,0,0,0,0,0,0,0,0,0,0,0,0,0,0,0,0,0,0,0,0,0,0,0,0,0,0,0,0,0,0,0,0,0,0,0,0,0,0,0,0,0,0,0,0,0,0,0,0,0,0,0,0,0,0,0,0,0,True,E
5636_a5c7fafc.jpg,Test,0,0,0,0,0,0,0,0,0,0,7,7,0,0,0,0,0,0,7,7,0,0,0,0,0,0,7,7,0,0,0,0,0,0,7,7,0,0,0,0,0,0,7,7,0,0,0,0,0,0,7,7,0,0,0,0,0,0,7,7,0,0,0,0,True,E
5637_fba060d9.jpg,Test,0,0,1,7,7,0,0,0,0,0,1,1,7,0,0,0,0,0,1,1,7,0,0,7,0,0,1,1,7,0,0,7,0,0,1,1,7,0,0,0,0,0,1,1,7,0,0,0,0,0,1,1,7,0,0,0,0,0,1,1,7,0,0,0,True,E
5638_2e98866c.jpg,Test,0,0,1,1,0,0,0,0,0,0,1,1,0,0,0,0,0,0,1,1,0,0,0,0,0,0,1,1,0,0,0,0,0,0,1,1,0,0,1,0,0,0,1,1,0,1,1,0,0,0,1,1,0,1,1,0,0,0,1,1,0,0,1,0,True,E
5639_2c87d592.jpg,Test,0,0,0,0,0,0,0,0,0,0,0,0,0,0,0,0,0,0,1,0,0,0,0,0,0,0,1,1,7,0,0,0,0,0,1,1,7,7,0,0,0,0,1,1,7,7,0,0,0,0,1,1,7,7,0,0,0,0,1,0,7,0,0,0,True,E
5640_caf960fe.jpg,Test,0,0,0,0,0,0,0,0,0,0,0,7,7,0,0,0,0,0,0,7,7,0,0,0,0,0,0,7,7,0,0,0,0,0,0,7,7,0,0,0,0,0,0,7,7,0,0,0,0,0,0,7,7,0,0,0,0,0,0,7,7,0,0,0,True,E
5641_6631fbe4.jpg,Test,0,0,7,7,0,0,0,0,0,0,7,7,0,0,0,0,0,0,7,7,0,0,0,0,0,0,7,7,0,0,0,0,0,0,7,7,0,0,0,0,0,0,7,7,0,0,0,0,0,0,7,7,0,0,0,0,0,0,7,7,0,0,0,0,True,E
5642_faf45001.jpg,Test,0,0,0,0,0,0,0,0,0,0,0,0,0,0,0,0,0,7,7,7,0,0,0,0,0,7,7,7,0,0,0,0,0,7,7,7,0,0,0,0,0,7,7,7,0,0,0,0,0,7,7,7,0,0,0,0,0,7,7,7,0,0,0,0,True,E
5643_fe17c527.jpg,Test,0,0,0,0,0,0,0,0,0,0,0,0,0,0,0,0,0,0,0,0,0,0,0,0,0,0,0,0,0,0,0,0,0,0,0,0,0,0,0,0,0,0,0,0,0,0,0,0,0,0,0,0,0,0,0,0,0,0,0,0,0,0,0,0,True,E
5644_af53a854.jpg,Test,0,0,0,0,0,0,0,0,0,0,7,7,7,0,0,0,0,0,7,7,7,0,0,0,0,0,7,7,7,0,0,0,0,0,7,7,7,0,0,0,0,0,7,7,7,0,0,0,0,0,7,7,7,0,0,0,0,0,7,7,7,0,0,0,True,E
5645_db17b919.jpg,Test,0,0,0,0,0,0,0,0,0,0,0,0,0,0,0,0,0,0,7,7,7,0,0,0,0,0,7,7,7,0,0,0,0,0,7,7,7,0,0,0,0,0,7,7,7,0,0,0,0,0,7,7,7,0,0,0,0,0,7,7,7,0,0,0,True,E
5646_f599cd44.jpg,Test,0,7,7,7,0,0,0,0,0,7,7,7,0,0,0,0,0,7,7,7,0,0,0,0,0,7,7,7,0,0,0,0,0,7,7,7,0,0,0,0,0,7,7,7,0,0,0,0,0,7,7,7,0,0,0,0,0,7,7,7,0,0,0,0,True,E
5647_ec75c49b.jpg,Test,0,0,0,0,0,0,0,0,0,1,1,1,1,1,1,0,0,1,1,1,1,1,1,0,0,1,1,1,1,1,1,0,0,1,1,1,1,1,1,0,0,1,1,1,1,1,1,0,0,1,1,1,1,1,1,0,0,1,1,1,1,1,1,0,True,E
5648_67fa30fa.jpg,Test,0,0,0,0,0,7,0,0,0,1,1,0,0,7,7,0,0,1,1,0,0,7,7,0,0,1,1,0,0,7,7,0,0,1,1,0,0,7,7,0,0,1,1,0,0,7,7,0,0,1,1,0,0,7,7,0,0,1,1,0,0,7,0,0,True,E
5649_cf73c9c2.jpg,Test,0,0,7,7,0,0,0,0,0,7,7,7,0,0,0,0,0,7,7,7,0,0,0,0,0,7,7,7,0,0,0,0,0,7,7,7,0,0,0,0,0,7,7,7,0,0,0,0,0,7,7,7,0,0,0,0,0,7,7,7,0,0,0,0,True,E
5650_582fb931.jpg,Test,0,0,0,0,0,0,0,0,0,0,0,0,0,0,0,0,1,1,1,1,1,1,0,0,1,1,1,1,1,1,1,1,1,1,1,1,1,1,1,1,1,1,1,1,1,1,1,1,1,1,1,1,1,1,1,1,1,1,1,1,1,1,1,1,True,E
5651_0b5927a9.jpg,Test,0,0,0,0,0,0,0,0,0,0,0,0,0,0,0,0,0,0,0,0,0,0,0,0,0,0,0,0,0,0,0,0,0,0,0,0,0,0,0,0,0,0,0,0,0,0,0,0,0,0,0,0,0,0,0,0,0,0,0,0,0,0,0,0,True,E
5652_36fa3dbe.jpg,Test,0,0,0,0,0,0,0,0,0,0,0,0,0,0,0,0,0,7,7,7,7,7,0,0,0,7,7,7,7,7,0,0,0,7,7,7,7,7,0,0,0,7,7,7,7,7,0,0,0,7,7,7,7,7,0,0,0,7,7,7,7,7,0,0,True,E
5653_a3420392.jpg,Test,4,4,0,0,0,0,0,0,4,4,7,7,7,0,0,0,4,4,7,7,7,0,0,0,4,4,7,7,7,0,0,0,4,4,7,7,7,0,0,0,4,4,7,7,7,0,0,0,4,4,7,7,7,0,0,0,0,0,7,7,7,0,0,0,True,E
5654_640cc613.jpg,Test,0,7,0,0,0,0,0,0,0,7,7,7,7,0,0,0,0,7,7,7,7,0,0,0,0,7,7,7,7,0,0,0,0,7,7,7,7,0,0,0,0,7,7,7,7,0,0,0,0,0,7,7,7,0,0,0,0,0,7,7,7,0,0,0,True,E
5655_f61495e4.jpg,Test,0,0,0,0,0,0,0,0,0,0,0,1,1,0,0,0,0,0,0,1,1,0,0,0,0,0,0,1,1,0,0,0,0,0,0,1,1,0,0,0,0,0,0,1,1,0,0,0,0,0,0,1,1,0,0,0,0,0,0,1,1,0,0,0,True,E
5656_eabfa595.jpg,Test,0,0,0,0,0,0,0,0,0,0,0,0,0,1,1,0,0,7,7,0,0,1,1,0,0,7,7,0,0,1,1,0,0,7,7,0,0,1,1,0,0,7,7,0,0,1,1,0,0,7,7,0,0,1,1,0,0,7,7,0,0,1,1,0,True,E
5657_8475a3f6.jpg,Test,0,0,7,7,7,7,0,0,0,7,7,7,7,7,0,0,0,7,7,7,7,7,0,0,0,7,7,7,7,7,0,0,0,7,7,7,7,7,0,0,0,7,7,7,7,7,7,0,0,7,7,7,7,7,7,0,0,7,7,7,7,7,7,0,True,E
5658_294ddf0f.jpg,Test,0,0,0,1,1,0,0,0,0,0,1,1,1,1,0,0,0,0,1,1,1,1,0,0,0,0,1,1,1,1,0,0,0,0,1,1,1,1,0,0,0,0,1,1,1,1,0,0,0,0,1,1,1,1,0,0,0,0,1,1,1,1,0,0,True,E
5659_9672342a.jpg,Test,0,0,0,0,0,0,0,0,0,0,1,1,0,0,0,0,0,0,1,1,0,0,0,0,0,0,1,1,0,0,0,0,0,0,1,1,0,0,0,0,0,0,1,1,0,0,0,0,0,0,1,1,0,0,0,0,0,0,1,1,0,0,0,0,True,E
5660_14e33277.jpg,Test,0,0,0,0,0,0,0,0,0,0,0,0,1,1,0,0,0,0,0,0,1,1,0,0,7,7,7,7,1,1,0,0,7,7,7,7,1,1,0,0,7,7,7,7,1,1,0,0,7,7,7,7,1,1,0,0,7,7,7,0,1,1,0,0,True,E
5661_932423b0.jpg,Test,0,0,0,0,0,0,0,0,0,0,0,0,0,0,0,0,0,0,0,0,0,0,0,0,0,0,0,0,0,0,0,0,0,0,0,0,0,0,0,0,0,0,0,0,0,0,0,0,0,0,0,0,0,0,0,0,0,0,0,0,0,0,0,0,True,E
5662_bd34cf0f.jpg,Test,0,0,0,0,0,0,0,0,0,0,7,7,7,0,0,0,0,0,7,7,7,0,0,0,0,0,7,7,7,0,0,0,0,0,7,7,7,0,0,0,0,0,7,7,7,0,0,0,0,0,7,7,7,0,0,0,0,0,0,7,7,0,0,0,True,E
5663_ae05972a.jpg,Test,0,0,0,0,0,0,0,0,0,0,0,0,0,0,0,0,0,0,0,0,0,0,0,0,0,0,0,0,0,0,0,0,0,0,0,0,0,0,0,0,0,0,0,0,0,0,0,0,0,0,0,0,0,0,0,0,0,0,0,0,0,0,0,0,True,E
5664_3a9b10a4.jpg,Test,0,0,0,0,0,0,0,0,0,0,0,0,0,0,0,0,0,0,0,0,0,0,0,0,0,0,0,0,0,0,0,0,0,0,0,0,0,0,0,0,0,0,0,0,0,0,0,0,0,0,0,0,0,0,0,0,0,0,0,0,0,0,0,0,True,E
5665_1672970c.jpg,Test,0,0,0,0,0,0,0,0,0,0,0,0,0,0,0,0,0,0,0,7,7,7,7,0,0,0,0,7,7,7,7,0,0,0,0,7,7,7,7,0,0,0,0,7,7,7,7,0,0,0,0,7,7,7,7,0,0,0,0,7,7,7,7,0,True,E
5666_63d0e4c3.jpg,Test,0,0,7,7,7,7,7,0,0,0,7,7,7,7,7,0,0,0,7,7,7,7,7,0,0,0,7,7,7,7,7,0,0,0,7,7,7,7,7,0,0,0,7,7,7,7,7,0,0,0,7,7,7,7,7,0,0,0,7,7,7,7,7,0,True,E
5667_afda08bf.jpg,Test,0,0,0,0,0,0,0,0,7,7,7,7,7,7,7,7,7,7,7,7,7,7,7,7,7,7,7,7,7,7,7,7,7,7,7,7,7,7,7,7,7,7,7,7,7,7,7,7,7,7,7,7,7,7,7,7,7,7,7,7,7,7,7,7,True,E
5668_27e847c6.jpg,Test,0,0,0,0,0,0,0,0,0,0,0,0,7,7,7,0,7,7,7,7,7,7,7,0,7,7,7,7,7,7,7,0,7,7,7,7,7,7,7,0,7,7,7,7,7,7,7,0,7,7,7,7,7,7,7,0,7,7,7,7,7,7,7,0,True,E
5669_712effa1.jpg,Test,0,0,0,1,1,1,0,0,1,1,1,1,1,1,1,1,1,1,1,1,1,1,1,1,1,1,1,1,1,1,1,1,1,1,1,1,1,1,1,1,1,1,1,1,1,1,1,1,1,1,1,1,1,1,1,1,1,1,1,1,1,1,1,1,True,E
5670_8dc7c8a8.jpg,Test,0,0,0,0,0,0,0,0,0,1,1,1,0,0,7,0,0,1,1,1,0,0,7,0,0,1,1,1,0,0,7,7,0,1,1,1,0,0,7,7,0,1,1,1,0,0,7,7,0,1,1,1,0,0,7,7,0,0,0,0,0,0,7,7,True,E
5671_8d244f71.jpg,Test,0,0,0,0,0,0,0,0,0,0,0,0,0,0,0,0,0,0,0,0,0,0,0,0,0,0,0,0,0,0,0,0,0,0,0,0,0,0,0,0,0,0,0,0,0,0,0,0,0,0,0,0,0,0,0,0,0,0,0,0,0,0,0,0,True,E
5672_bdcbfcfd.jpg,Test,0,0,0,0,0,0,0,0,0,0,0,0,7,7,0,0,0,0,0,0,7,7,0,0,0,0,0,0,7,7,0,0,0,0,0,0,7,7,0,0,0,0,0,0,7,7,0,0,0,0,0,0,7,7,0,0,0,0,0,0,7,7,0,0,True,E
5673_02054354.jpg,Test,0,0,0,0,0,0,0,0,0,0,7,7,1,1,1,1,0,0,7,7,1,1,1,1,0,0,7,7,1,1,1,1,0,0,7,7,1,1,1,1,0,0,7,7,1,1,1,1,0,0,7,7,7,0,0,0,0,0,7,7,7,0,0,0,True,E
5674_4960d97e.jpg,Test,0,0,0,0,0,0,0,0,0,0,0,0,0,0,0,0,7,7,7,0,0,0,0,0,7,7,7,0,1,1,0,0,7,7,7,0,1,1,0,0,7,7,7,0,1,1,0,0,7,7,7,0,1,1,0,0,0,7,0,0,0,0,0,0,True,E
5675_7295378c.jpg,Test,0,0,0,0,0,0,0,0,0,0,0,0,0,0,0,0,0,0,0,0,0,0,0,0,0,0,0,0,0,0,0,0,0,0,0,0,0,0,0,0,0,0,0,0,0,0,0,0,0,0,0,0,0,0,0,0,0,0,0,0,0,0,0,0,True,E
5676_bc49b354.jpg,Test,0,0,0,0,0,0,0,0,0,1,1,1,1,1,0,0,0,1,1,1,1,1,0,0,0,7,1,1,1,1,0,0,0,7,7,1,1,1,0,0,0,7,7,1,1,1,0,0,0,1,1,1,1,1,0,0,0,1,1,1,1,1,0,0,True,E
5677_a842b249.jpg,Test,0,0,0,0,0,0,0,0,0,0,0,0,0,0,0,0,0,0,7,7,0,0,0,0,0,0,7,7,0,0,0,0,0,1,7,7,0,0,0,0,0,1,7,7,0,0,0,0,0,1,7,7,0,0,0,0,0,0,7,7,0,0,0,0,True,E
5678_18a4f5b9.jpg,Test,0,0,0,0,0,0,0,0,0,0,0,0,0,0,0,0,0,0,0,7,7,7,7,7,0,0,0,7,7,7,7,7,0,0,0,7,7,7,7,7,0,0,0,7,7,7,7,7,0,0,0,7,7,7,7,7,0,0,0,7,7,7,7,7,True,E
5679_b1c00f2b.jpg,Test,0,0,0,0,0,0,0,0,0,0,0,0,0,0,0,0,0,0,0,0,0,0,0,0,0,0,0,0,0,0,0,0,0,0,0,0,0,0,0,0,0,0,0,0,7,7,0,0,0,0,0,0,7,7,0,0,0,0,0,0,0,0,0,0,True,E
5680_00a92eda.jpg,Test,0,0,0,0,1,0,0,0,0,1,1,1,1,1,0,0,1,1,1,1,1,1,0,0,1,1,1,1,1,1,0,0,1,1,1,1,1,1,0,0,1,1,1,1,1,1,0,0,1,1,1,1,1,1,0,0,0,1,1,1,1,1,0,0,True,E
5681_5570fadb.jpg,Test,0,0,7,7,7,7,7,0,0,7,7,7,7,7,7,0,0,7,7,7,7,7,7,0,0,7,7,7,7,7,7,0,0,7,7,7,7,7,7,0,0,7,7,7,7,7,7,0,0,7,7,7,7,7,7,0,0,0,7,7,7,7,7,0,True,E
5682_76937af2.jpg,Test,0,0,0,0,0,0,0,0,0,1,1,1,1,0,0,0,0,1,1,1,1,0,0,0,0,1,1,1,1,0,0,0,0,1,1,1,1,0,0,0,0,1,1,1,1,0,0,0,0,1,1,1,1,0,0,0,0,1,1,1,1,0,0,0,True,E
5683_0081b954.jpg,Test,0,0,0,0,0,0,0,0,0,1,1,1,1,1,0,0,0,1,1,1,1,1,0,0,0,1,1,1,1,1,0,0,0,1,1,1,1,1,0,0,0,1,1,1,1,1,0,0,0,1,1,1,1,1,0,0,0,1,1,1,1,1,0,0,True,E
5684_81c30cba.jpg,Test,0,0,0,0,0,0,0,0,0,1,1,1,0,0,0,0,0,1,1,1,0,0,0,0,0,1,1,1,0,0,0,0,0,1,1,1,0,0,0,0,0,1,1,1,0,0,0,0,0,1,1,1,0,0,0,0,0,1,1,1,0,0,0,0,True,E
5685_1c889c3b.jpg,Test,0,0,0,0,0,0,0,0,0,0,0,0,0,0,0,0,0,0,0,0,0,1,1,1,0,0,0,0,0,1,1,1,0,0,0,0,0,1,1,1,0,0,0,0,0,1,1,1,0,0,0,0,0,1,1,1,0,0,0,0,0,1,1,0,True,E
5686_deb39d24.jpg,Test,0,0,0,0,0,0,0,0,0,0,0,0,0,0,0,0,0,0,0,0,0,0,0,0,0,0,0,0,0,0,0,0,0,0,0,0,0,0,0,0,0,0,0,0,0,0,0,0,0,0,0,0,0,0,0,0,0,0,0,0,0,0,0,0,True,E
5687_2c8235d6.jpg,Test,0,0,0,0,0,0,0,0,0,0,0,0,0,0,0,0,0,0,0,0,0,0,0,0,0,0,0,0,0,0,0,0,0,0,0,0,0,0,0,0,0,0,0,0,0,0,0,0,0,0,0,0,0,0,0,0,0,0,0,0,0,0,0,0,True,E
5688_de15716a.jpg,Test,0,0,0,0,0,0,0,0,0,0,0,0,0,0,0,0,0,0,0,0,0,0,0,0,0,0,0,0,0,0,0,0,0,0,0,0,0,0,0,0,0,0,0,0,0,0,0,0,0,0,0,0,0,0,0,0,0,0,0,0,0,0,0,0,True,E
5689_ef0affa0.jpg,Test,0,0,0,0,0,0,0,0,0,0,0,1,1,0,0,0,0,0,0,1,1,0,0,0,0,7,0,1,1,0,0,0,7,7,0,1,1,0,0,0,7,7,0,1,1,0,0,0,7,7,0,1,1,0,0,0,7,7,0,1,1,0,0,0,True,E
5690_294bd662.jpg,Test,0,0,0,1,1,0,0,0,0,0,1,1,1,1,0,0,0,0,1,1,1,1,0,0,0,0,1,1,1,1,0,0,0,0,1,1,1,1,0,0,0,0,1,1,1,1,0,0,0,0,1,1,1,1,0,0,0,0,1,1,1,1,0,0,True,E
5691_e736e7c3.jpg,Test,0,0,0,0,0,0,0,0,0,7,0,0,0,0,0,0,7,7,7,7,7,7,1,1,7,7,7,7,7,7,1,1,7,7,7,7,7,7,1,1,0,0,0,7,7,7,1,1,0,0,0,0,0,0,1,1,0,0,0,0,0,0,0,0,True,E
5692_6a027402.jpg,Test,0,0,0,0,0,0,0,0,0,0,0,0,0,0,0,0,0,0,0,0,0,0,0,0,0,0,0,0,0,0,0,0,0,0,0,0,0,0,0,0,0,0,0,0,0,0,0,0,0,0,0,0,0,0,0,0,0,0,0,0,0,0,0,0,True,E
5693_a39b89ff.jpg,Test,7,7,7,0,0,0,0,0,7,7,7,7,1,1,1,1,7,7,7,7,1,1,1,1,7,7,7,7,1,1,1,1,7,7,7,7,1,1,1,1,7,7,7,7,1,1,1,1,7,7,7,7,1,1,1,1,7,7,7,7,1,1,1,1,True,E
5694_55cf828d.jpg,Test,0,0,0,0,0,0,0,0,0,0,0,0,0,0,0,0,0,0,0,0,0,0,0,0,0,0,0,0,0,0,0,0,0,0,0,0,0,0,0,0,0,1,1,1,1,1,0,0,0,1,1,1,1,1,0,0,0,0,0,0,0,0,0,0,True,E
5695_74322b4e.jpg,Test,0,0,0,0,0,0,0,0,0,0,1,1,1,0,0,0,0,0,1,1,1,0,0,0,0,0,1,1,1,0,0,0,0,0,1,1,1,0,0,0,0,0,1,1,1,0,0,0,0,0,1,1,1,0,0,0,0,0,1,1,1,0,0,0,True,E
5696_3b9ce9a3.jpg,Test,0,0,0,0,0,0,0,0,1,1,1,1,0,0,0,0,1,1,1,1,0,0,0,0,1,1,1,1,0,0,0,0,1,1,1,1,0,0,0,0,1,1,1,1,0,0,0,0,1,1,1,1,0,0,0,0,1,1,1,1,0,0,0,0,True,E
5697_e2862143.jpg,Test,0,0,0,0,0,0,0,0,0,0,0,0,0,0,1,1,1,1,0,1,1,1,1,1,1,1,0,1,1,1,1,1,1,1,0,1,1,1,1,1,1,1,0,1,1,1,1,1,1,1,0,1,1,1,1,1,0,0,0,0,0,0,1,1,True,E
5698_baacbbb6.jpg,Test,1,1,1,1,1,1,1,1,1,1,1,1,1,1,1,1,1,1,1,1,1,1,1,1,1,1,1,1,1,1,1,1,1,1,1,1,1,1,1,1,1,1,1,1,1,1,1,1,1,1,1,1,1,1,1,1,1,1,1,1,1,1,1,1,True,E
5699_4d9d9b13.jpg,Test,0,0,0,0,0,0,0,0,0,0,0,0,0,0,0,0,0,0,0,0,0,0,0,0,0,0,0,0,0,0,0,0,0,0,0,0,0,0,0,0,0,0,0,0,0,0,0,0,0,0,0,0,0,0,0,0,0,0,0,0,0,0,0,0,True,E
5700_f3dc1efe.jpg,Test,0,0,0,0,0,0,0,0,0,0,0,0,0,0,0,0,0,0,0,0,0,0,0,0,0,0,0,0,0,0,0,0,0,0,0,0,0,0,0,0,0,0,0,0,0,0,0,0,0,0,0,0,0,0,0,0,0,0,0,0,0,0,0,0,True,E
5701_af6e24fc.jpg,Test,0,0,0,0,0,0,0,0,0,0,0,0,0,0,0,0,0,0,1,1,0,0,0,0,0,0,1,1,1,0,0,0,0,0,1,1,1,0,0,0,0,0,1,1,1,0,0,0,0,0,1,1,1,0,0,0,0,0,0,0,0,0,0,0,True,E
5702_ac6a61fc.jpg,Test,0,0,0,0,0,0,0,0,0,0,1,1,1,1,0,0,0,0,1,1,1,1,0,0,0,0,1,1,1,1,0,0,0,0,1,1,1,1,0,0,0,0,1,1,1,1,0,0,0,0,1,1,1,1,0,0,0,0,1,1,1,1,0,0,True,E
5703_7d214ed4.jpg,Test,0,0,0,0,0,0,0,0,0,0,7,7,7,7,7,0,0,0,7,7,7,7,7,0,0,0,7,7,7,7,7,0,0,0,7,7,7,7,7,0,0,0,7,7,7,7,7,0,0,0,7,7,7,7,7,0,0,0,7,7,7,7,7,0,True,E
5704_6e0a92ba.jpg,Test,0,0,0,0,0,0,0,0,0,1,1,1,1,0,0,0,0,1,1,1,1,1,7,0,0,1,1,1,1,1,7,7,0,1,1,1,1,1,7,7,0,1,1,1,1,1,7,0,0,1,1,1,1,1,0,0,0,1,1,1,1,1,0,0,True,E
5705_5775d4ce.jpg,Test,0,0,0,0,0,0,0,0,0,0,0,0,0,0,0,0,0,0,0,0,0,0,0,0,0,0,7,0,7,7,0,0,0,0,7,7,7,7,0,0,0,0,7,7,7,7,0,0,0,0,7,7,7,7,0,0,0,0,0,0,0,0,0,0,True,E
5706_fe375e66.jpg,Test,0,0,0,0,0,0,0,0,0,0,0,0,0,0,0,0,0,0,0,0,0,0,0,0,0,0,0,0,0,0,0,0,0,0,0,0,0,0,0,0,0,0,0,0,0,0,0,0,0,0,0,0,0,0,0,0,0,0,0,0,0,0,0,0,True,E
5707_d57cf8c6.jpg,Test,0,0,0,0,0,0,0,0,0,0,0,0,0,0,0,0,0,0,7,1,1,0,0,0,0,0,7,1,1,0,0,0,0,0,7,1,1,0,0,0,0,0,7,1,1,0,0,0,0,0,7,1,1,0,0,0,0,0,7,0,0,0,0,0,True,E
5708_86c78b7d.jpg,Test,0,0,0,0,0,0,0,0,0,7,7,0,7,0,0,0,0,7,7,7,7,0,0,0,0,7,7,7,7,0,0,0,0,7,7,7,7,0,0,0,0,0,7,7,7,0,0,0,0,0,0,7,7,0,0,0,0,0,0,7,7,0,0,0,True,E
5709_d749136d.jpg,Test,0,0,0,0,0,0,0,0,0,0,0,0,0,0,0,0,0,0,0,0,0,0,0,0,0,0,7,7,0,0,0,0,0,0,7,7,0,0,0,0,0,0,7,7,0,0,0,0,0,0,7,7,0,0,0,0,0,0,7,7,0,0,0,0,True,E
5710_61b006f0.jpg,Test,0,0,0,0,0,0,0,0,0,0,0,0,0,0,0,0,0,0,7,7,0,0,0,0,0,7,7,7,0,0,0,0,0,7,7,0,0,0,0,0,0,7,7,0,0,0,0,0,0,7,0,0,0,0,0,0,0,7,0,0,0,0,0,0,True,E
5711_31cee77d.jpg,Test,0,0,0,0,0,0,0,0,0,0,0,0,0,0,0,0,0,0,1,1,1,1,1,0,0,0,1,1,1,1,1,0,0,0,1,1,1,1,1,0,0,0,1,1,1,1,1,0,0,0,1,1,1,1,1,0,0,0,1,1,1,1,1,0,True,E
5712_1c287136.jpg,Test,0,0,0,0,0,0,0,0,0,0,0,0,0,0,0,0,0,0,0,0,0,0,0,0,0,0,0,0,0,0,0,0,0,0,0,0,0,0,0,0,0,0,0,0,0,0,0,0,0,0,0,0,0,0,0,0,0,0,0,0,0,0,0,0,True,E
5713_d9f7bfe5.jpg,Test,0,7,0,0,0,0,0,0,0,7,7,7,0,0,0,0,0,7,7,7,0,0,0,0,0,7,7,7,0,0,0,0,0,7,7,7,0,0,0,0,0,0,7,7,0,0,0,0,0,0,7,7,0,0,0,0,0,0,7,7,0,0,0,0,True,E
5714_5b086236.jpg,Test,0,0,0,0,0,0,0,0,0,0,0,0,0,0,0,0,0,0,0,0,0,0,0,0,0,0,0,0,0,0,0,0,0,0,0,0,0,0,0,0,0,0,0,0,0,0,0,0,0,0,0,0,0,0,0,0,0,0,0,0,0,0,0,0,True,E
5715_64e6f93a.jpg,Test,0,0,0,0,0,0,0,0,0,1,1,1,1,1,1,0,0,1,1,1,1,1,1,0,0,1,1,1,1,1,1,0,0,1,1,1,1,1,1,0,0,1,1,1,1,1,1,0,0,1,1,1,1,1,1,0,0,1,1,1,1,1,1,0,True,E
5716_4e207440.jpg,Test,0,0,0,0,0,0,0,0,0,0,0,0,0,0,0,0,0,0,0,0,0,0,0,0,0,0,0,0,0,0,0,0,0,0,0,0,0,0,0,0,0,0,0,0,0,0,0,0,0,0,0,0,0,0,0,0,0,0,0,0,0,0,0,0,True,E
5717_2ceb6e15.jpg,Test,0,0,0,0,0,0,0,0,0,0,0,0,7,7,0,0,0,0,0,7,7,7,0,0,0,0,0,7,7,7,0,0,0,0,1,7,7,7,0,0,0,0,1,7,7,7,0,0,0,0,1,1,7,7,0,0,0,0,1,1,0,0,0,0,True,E
5718_9e3cac58.jpg,Test,0,0,0,0,0,0,0,0,0,0,0,0,0,0,0,0,0,0,7,7,0,0,0,0,0,7,7,7,7,0,0,0,0,7,7,7,7,0,0,0,0,7,7,7,7,0,0,0,0,7,7,7,7,0,0,0,0,7,7,7,7,0,0,0,True,E
5719_abb354c8.jpg,Test,0,0,7,7,7,7,0,0,0,7,7,7,7,7,0,0,0,7,7,7,7,7,0,0,0,7,7,7,7,7,0,0,0,7,7,7,7,7,0,0,0,7,7,7,7,7,0,0,0,7,7,7,7,7,0,0,0,7,7,7,7,7,0,0,True,E
5720_516dc36d.jpg,Test,0,0,0,0,0,0,0,0,0,0,0,0,0,0,0,0,0,0,0,0,0,0,0,0,0,0,0,0,0,0,0,0,0,0,0,0,0,0,0,0,0,0,0,0,0,0,0,0,0,0,0,0,0,0,0,0,0,0,0,0,0,0,0,0,True,E
5721_32a4c76f.jpg,Test,0,0,0,0,0,0,0,0,0,0,0,0,0,0,0,0,0,0,0,0,0,0,0,0,0,0,0,0,0,0,0,0,0,0,0,0,0,0,0,0,0,0,0,0,0,0,0,0,0,0,0,0,0,0,0,0,0,0,0,0,0,0,0,0,True,E
5722_abf029d1.jpg,Test,0,0,0,0,0,0,0,0,0,0,7,7,7,0,0,0,0,0,7,7,7,0,0,0,0,0,7,7,7,0,0,0,0,0,7,7,7,0,0,0,0,0,7,7,7,0,0,0,0,0,7,7,7,0,0,0,0,0,7,7,7,0,0,0,True,E
5723_6bfa8932.jpg,Test,0,0,0,0,0,0,0,0,0,0,1,1,0,0,0,0,7,7,1,1,0,0,0,0,7,7,1,1,0,0,0,0,7,7,1,1,0,0,0,0,7,7,1,1,0,0,0,0,7,7,1,1,0,0,0,0,7,7,1,1,0,0,0,0,True,E
5724_ded04e35.jpg,Test,0,0,0,0,0,0,0,0,0,0,7,7,7,0,0,0,0,0,7,7,7,7,7,0,0,0,7,7,7,7,7,7,0,0,7,7,7,7,7,7,0,0,7,7,7,7,7,7,0,0,7,7,7,7,7,7,0,0,7,7,7,7,7,7,True,E
5725_c37ad3f8.jpg,Test,0,0,0,0,0,0,0,0,1,7,7,0,0,1,1,0,1,1,7,7,7,1,1,1,1,1,7,7,7,1,1,1,1,1,7,7,7,1,1,1,1,1,7,7,7,1,1,1,1,1,7,7,7,1,1,1,1,1,7,7,7,1,1,1,True,E
5726_74eee209.jpg,Test,0,0,0,0,0,0,0,0,0,0,0,0,0,0,0,0,0,0,0,0,0,0,0,0,0,1,0,0,0,0,0,0,0,1,0,7,7,0,1,0,0,1,0,7,7,0,1,0,0,1,0,7,7,0,1,0,0,1,0,7,7,0,0,0,True,E
5727_1ce48864.jpg,Test,0,0,0,0,0,0,0,0,0,0,0,0,0,0,0,0,0,0,0,0,0,0,0,0,0,0,0,0,0,0,0,0,0,0,0,0,0,0,0,0,0,0,0,0,0,0,0,0,0,0,0,0,0,0,0,0,0,0,0,0,0,0,0,0,True,E
5728_6a452325.jpg,Test,0,0,0,0,0,0,0,0,0,0,1,1,1,0,0,0,0,0,1,1,1,0,0,0,0,0,1,1,1,0,0,0,0,0,1,1,1,0,0,0,0,0,1,1,1,0,0,0,0,0,1,1,1,0,0,0,0,0,1,1,1,0,0,0,True,E
5729_ed11972f.jpg,Test,0,0,0,0,0,0,0,0,0,0,0,0,0,0,0,0,0,0,0,0,0,0,0,0,0,0,0,0,0,0,0,0,0,0,0,0,0,0,0,0,0,0,0,0,0,0,0,0,0,0,0,0,0,0,0,0,0,0,0,0,0,0,0,0,True,E
5730_7ad80451.jpg,Test,0,0,7,7,7,0,0,0,0,0,7,7,7,7,0,0,0,0,7,7,7,7,0,0,0,0,7,7,7,7,0,0,0,0,7,7,7,7,0,0,0,0,7,7,7,7,0,0,0,0,7,7,7,7,0,0,0,0,7,7,7,7,0,0,True,E
5731_f59f26a0.jpg,Test,0,0,0,0,0,0,0,0,0,0,0,0,0,0,0,0,0,0,0,0,0,0,0,0,0,0,0,0,0,0,0,0,0,0,0,0,0,0,0,0,0,0,0,0,0,0,0,0,0,0,0,0,0,0,0,0,0,0,0,0,0,0,0,0,True,E
5732_465c976e.jpg,Test,0,0,0,0,0,0,0,0,0,0,0,0,0,0,0,0,0,0,0,0,0,0,0,0,0,0,0,0,0,0,0,0,0,0,0,0,0,0,0,0,0,0,0,0,0,0,0,0,0,0,0,0,0,0,0,0,0,0,0,0,0,0,0,0,True,E
5733_ad26afd2.jpg,Test,0,0,0,0,0,0,0,0,0,0,0,1,1,0,0,0,0,0,0,1,1,1,0,0,0,0,0,1,1,1,0,0,0,0,0,1,1,1,0,0,0,0,0,1,1,1,0,0,0,0,0,1,1,1,0,0,0,0,0,1,1,1,0,0,True,E
5734_d05c350e.jpg,Test,0,7,7,7,0,0,0,0,0,7,7,7,1,1,1,1,0,7,7,7,1,1,1,1,0,7,7,7,1,1,1,1,0,7,7,7,1,1,1,1,0,7,7,7,1,1,1,1,0,7,7,7,1,1,1,1,0,7,7,7,1,1,1,1,True,E
5735_3a8d55d5.jpg,Test,0,0,0,0,0,0,0,0,0,7,7,7,7,7,7,7,0,7,7,7,7,7,7,7,0,7,7,7,7,7,7,7,0,7,7,7,7,7,7,7,0,7,7,7,7,7,7,0,0,7,7,7,7,7,0,0,0,7,7,7,7,7,0,0,True,E
5736_114e5101.jpg,Test,0,0,0,0,0,0,0,0,0,0,7,7,1,1,4,4,0,0,7,7,1,1,4,4,0,0,7,7,1,1,4,4,0,0,7,7,1,1,4,4,0,0,7,7,1,1,4,4,0,0,7,7,1,1,4,4,0,0,0,0,1,1,4,4,True,E
5737_63a06215.jpg,Test,1,1,1,0,7,7,0,0,7,1,1,7,7,7,0,0,7,1,1,7,7,7,7,7,7,1,1,7,7,7,7,7,7,1,1,7,7,7,7,7,7,1,1,7,7,7,7,7,7,1,1,7,7,7,0,0,7,1,1,7,7,7,0,0,True,E
5738_d5443260.jpg,Test,0,0,0,0,0,0,0,0,0,0,0,0,0,0,0,0,0,1,1,1,1,1,0,0,0,1,1,1,1,1,0,0,0,1,1,1,1,1,0,0,0,1,1,1,1,1,0,0,0,0,0,0,0,0,0,0,0,0,0,0,0,0,0,0,True,E
5739_b52f2fc2.jpg,Test,0,0,0,2,2,2,2,2,0,0,0,2,2,2,2,2,0,0,0,2,2,2,2,2,0,0,0,2,2,2,2,2,0,0,0,2,2,2,2,2,0,0,0,2,2,2,2,2,0,0,0,2,2,2,2,2,0,0,0,2,2,2,2,2,True,E
5740_d3df4f58.jpg,Test,0,0,0,0,0,0,0,0,0,0,1,1,0,0,0,0,0,0,1,1,0,0,0,0,0,0,1,1,0,0,0,0,0,0,1,1,0,0,0,0,0,0,1,1,0,0,0,0,0,0,1,1,0,0,0,0,0,0,1,1,0,0,0,0,True,E
5741_154ada5b.jpg,Test,0,0,0,0,0,0,0,0,0,0,0,0,0,0,0,0,0,0,0,0,0,0,0,0,0,0,0,0,0,0,0,0,0,0,0,0,0,0,0,0,0,0,0,0,0,0,0,0,0,0,0,0,0,0,0,0,0,0,0,0,0,0,0,0,True,E
5742_e70802f7.jpg,Test,0,0,0,0,0,0,0,0,0,0,0,0,0,0,0,0,0,9,9,0,0,0,0,0,0,9,9,1,1,0,0,0,0,9,9,1,1,0,0,0,0,9,9,1,1,0,0,0,0,9,9,1,1,0,0,0,0,9,9,1,1,0,0,0,True,E
5743_40ce446b.jpg,Test,0,0,0,0,0,0,0,0,0,0,0,0,0,1,1,0,7,7,7,7,0,1,1,0,7,7,7,7,0,1,1,0,7,7,7,7,0,1,1,0,7,7,7,7,0,1,1,0,7,7,7,7,0,1,1,0,0,0,0,0,0,0,0,0,True,E
5744_e7aa04e5.jpg,Test,0,0,0,0,0,0,0,0,0,0,0,0,0,0,0,0,0,0,0,0,0,0,0,0,0,0,0,0,0,0,0,0,0,0,0,0,0,0,0,0,0,0,0,0,0,0,0,0,0,0,0,0,0,0,0,0,0,0,0,0,0,0,0,0,True,E
5745_4a1093df.jpg,Test,0,0,0,0,0,0,0,0,0,0,7,0,0,0,0,0,0,7,7,0,0,0,1,1,0,7,7,7,0,0,1,1,0,7,7,7,0,0,1,1,0,7,7,7,0,0,1,1,0,7,7,7,0,0,1,1,0,0,0,0,0,0,0,0,True,E
5746_a6244a16.jpg,Test,1,1,0,0,0,1,1,0,1,1,0,0,0,1,1,0,1,1,0,0,0,1,1,0,1,1,0,0,1,1,1,0,1,1,0,0,1,1,1,0,1,1,0,0,1,1,1,0,1,1,0,0,1,1,1,0,0,0,0,0,0,0,0,0,True,E
5747_10505b82.jpg,Test,0,0,0,0,0,0,0,0,0,0,0,0,0,0,0,0,0,0,7,7,7,0,0,0,0,0,7,7,7,0,0,0,0,0,7,7,7,0,0,0,0,0,7,7,7,0,0,0,0,0,7,7,7,0,0,0,0,0,7,7,7,0,0,0,True,E
5748_85b84ad3.jpg,Test,0,0,1,1,0,0,0,0,0,0,1,1,0,0,0,0,0,0,1,1,0,0,0,0,0,0,1,1,0,0,0,0,0,0,1,1,0,0,0,0,0,0,1,1,0,0,0,0,0,0,1,1,0,0,0,0,0,0,1,1,0,0,0,0,True,E
5749_85a50619.jpg,Test,0,0,0,0,0,0,0,0,0,0,0,0,0,0,0,0,0,0,1,1,0,0,0,0,0,0,1,1,0,0,0,0,0,0,1,1,0,0,0,0,0,0,1,1,0,0,0,0,0,0,1,1,0,0,0,0,0,0,0,0,0,0,0,0,True,E
5750_e167cf06.jpg,Test,0,0,0,0,0,0,0,0,0,0,0,0,1,1,0,0,0,0,0,0,1,1,0,0,0,0,0,0,1,1,1,0,0,0,0,0,1,1,1,0,0,0,0,0,1,1,0,0,0,0,0,0,0,1,0,0,0,0,0,0,0,1,0,0,True,E
5751_c5536bd8.jpg,Test,0,0,0,0,0,0,0,0,0,0,0,0,0,0,0,0,0,0,0,1,1,1,0,0,0,0,0,1,1,1,0,0,0,0,0,1,1,1,0,0,0,0,0,1,1,1,0,0,0,0,0,1,1,1,0,0,0,0,0,1,1,0,0,0,True,E
5752_11d35ae4.jpg,Test,0,0,0,0,0,0,0,0,0,0,0,0,0,0,0,0,0,0,0,0,0,0,0,0,0,0,0,0,0,0,0,0,0,0,0,0,0,0,0,0,0,0,0,0,0,0,0,0,0,0,0,0,0,0,0,0,0,0,0,0,0,0,0,0,True,E
5753_2b2bd587.jpg,Test,0,0,0,0,0,0,0,0,0,0,0,0,0,0,0,0,0,0,0,0,0,0,0,0,0,0,0,0,0,0,0,0,0,0,0,0,0,0,0,0,0,0,0,0,0,0,0,0,0,0,0,0,0,0,0,0,0,0,0,0,0,0,0,0,True,E
5754_b0412ed8.jpg,Test,0,0,0,4,4,4,4,0,0,0,0,4,4,4,4,0,0,0,1,1,4,4,4,0,0,0,1,1,4,4,4,0,0,0,1,1,4,4,4,0,0,0,1,1,4,4,4,0,0,0,0,4,4,4,4,0,0,0,0,4,4,4,4,0,True,E
5755_64157a6b.jpg,Test,0,0,0,0,0,0,0,0,0,0,0,0,0,0,0,0,0,1,1,1,0,0,0,0,0,1,1,1,0,0,0,0,0,1,1,1,0,0,0,0,0,1,1,1,0,0,0,0,0,1,1,1,0,0,0,0,0,1,1,1,0,0,0,0,True,E
5756_d5643d74.jpg,Test,0,0,0,0,0,0,0,0,0,0,0,0,0,0,0,0,0,0,0,7,7,0,0,0,0,0,0,7,7,0,0,0,0,0,0,7,7,0,0,0,0,0,0,7,7,0,0,0,0,0,0,7,7,0,0,0,0,0,0,7,7,0,0,0,True,E
5757_7359adfe.jpg,Test,0,7,7,7,7,0,0,0,0,7,7,7,7,7,0,0,0,7,7,7,7,7,7,0,0,7,7,7,7,7,7,7,0,7,7,7,7,7,7,7,0,7,7,7,7,7,7,7,0,7,7,7,7,7,7,7,0,7,7,7,7,7,7,7,True,E
5758_0fe6a7e8.jpg,Test,0,0,0,0,0,1,1,0,0,1,1,1,1,1,1,0,0,1,1,1,1,1,1,0,0,1,1,1,1,1,1,0,0,1,1,1,1,1,1,0,0,1,1,1,1,1,1,0,0,1,1,1,1,1,1,0,0,1,1,1,1,1,1,0,True,E
5759_845ce1c9.jpg,Test,0,0,0,0,0,0,0,0,0,0,0,0,0,0,0,0,0,0,0,0,0,0,0,0,0,0,0,0,0,0,0,0,0,0,0,0,0,0,0,0,0,0,0,0,0,0,0,0,0,0,0,0,0,0,0,0,0,0,0,0,0,0,0,0,True,E
5760_658fdb85.jpg,Test,0,0,0,0,0,0,0,0,0,0,0,0,0,0,0,0,0,0,0,0,0,0,0,0,0,7,7,0,7,7,7,0,0,7,7,0,7,7,7,0,7,7,7,7,7,7,7,0,7,7,0,0,7,7,7,0,7,7,0,0,0,0,0,0,True,E
5761_835cde6a.jpg,Test,0,0,0,1,1,0,0,0,0,0,1,1,1,0,0,0,0,0,1,1,1,0,0,0,0,0,1,1,1,0,0,0,0,0,1,1,1,0,0,0,0,0,1,1,1,0,0,0,0,0,1,1,1,0,0,0,0,0,1,1,1,0,0,0,True,E
5762_28511fb4.jpg,Test,0,0,0,0,0,0,0,0,0,0,0,0,0,0,0,0,0,0,0,1,1,1,0,0,0,0,0,1,1,1,0,0,0,0,0,1,1,1,0,0,0,0,0,1,1,1,0,0,0,0,0,1,1,0,0,0,0,0,0,0,0,0,0,0,True,E
5763_edf13c82.jpg,Test,1,1,1,1,0,0,1,0,1,1,1,1,0,0,0,0,1,1,1,1,0,0,0,0,1,1,1,1,0,0,0,0,1,1,1,1,0,0,0,0,1,1,1,1,0,0,1,0,1,1,1,1,0,0,0,0,1,1,1,1,0,0,0,0,True,E
5764_4d46c003.jpg,Test,0,0,0,0,0,0,0,0,0,0,0,0,0,0,0,0,0,0,0,0,0,0,0,0,0,0,0,0,0,0,0,0,0,0,0,0,0,0,0,0,0,0,0,0,0,0,0,0,0,0,0,0,0,0,0,0,0,0,0,0,0,0,0,0,True,E
5765_0fed1a82.jpg,Test,0,7,0,0,0,0,0,0,0,7,7,7,7,7,0,0,0,7,7,7,7,7,0,7,0,7,7,7,7,7,0,7,0,7,7,7,7,7,0,7,0,7,7,7,7,7,0,0,0,7,7,7,0,0,0,0,0,7,7,0,0,0,0,0,True,E
5766_39b82306.jpg,Test,0,0,0,0,0,0,0,0,0,0,0,0,0,0,0,0,0,0,0,0,0,0,0,0,0,0,0,7,7,0,0,0,0,0,0,7,7,0,0,0,0,0,0,7,7,0,0,0,0,0,0,7,7,0,0,0,0,0,0,0,0,0,0,0,True,E
5767_d4023509.jpg,Test,0,0,0,0,0,0,0,0,0,0,1,1,1,1,1,0,0,0,1,1,1,1,1,0,0,0,1,1,1,1,1,0,0,0,1,1,1,1,1,0,0,0,1,1,1,1,1,0,0,0,1,1,1,1,1,0,0,0,0,1,1,1,1,0,True,E
5768_1849c979.jpg,Test,0,0,0,0,0,0,0,0,0,0,0,0,0,0,0,0,0,0,0,0,0,0,0,0,0,0,1,1,0,0,0,0,0,0,1,1,7,7,0,0,0,0,1,1,7,7,0,0,0,0,1,1,7,7,0,0,0,0,0,0,0,0,0,0,True,E
5769_dd0f6e29.jpg,Test,0,0,0,0,0,0,0,0,0,0,1,1,0,0,0,0,0,0,1,1,1,0,0,0,0,0,1,1,1,0,0,0,0,0,1,1,1,0,0,0,0,0,1,1,1,0,0,0,0,0,1,1,1,0,0,0,0,0,1,1,1,0,0,0,True,E
5770_f19bbaca.jpg,Test,7,7,7,0,0,0,0,0,7,7,7,7,7,7,7,0,7,7,7,7,7,7,7,0,7,7,7,7,7,7,7,0,7,7,7,7,7,7,7,0,7,7,7,7,7,7,7,0,7,7,7,7,7,7,7,0,7,7,7,7,7,7,7,0,True,E
5771_d2597a03.jpg,Test,0,0,0,0,0,0,0,0,0,0,0,0,0,0,0,0,0,0,1,0,0,0,0,0,0,1,1,1,0,0,0,0,0,1,1,1,0,0,0,0,0,1,1,1,0,0,0,0,0,1,1,1,0,0,0,0,0,0,1,0,0,0,0,0,True,E
5772_c65be0af.jpg,Test,0,10,0,0,0,0,0,0,10,10,0,0,0,0,0,0,10,10,10,10,0,0,0,0,10,10,10,10,0,0,0,0,10,10,10,10,0,0,0,0,10,10,10,10,0,0,0,0,0,10,10,10,0,0,0,0,0,10,10,10,0,0,0,0,True,E
5773_c622f9fd.jpg,Test,0,0,0,0,0,0,0,0,0,0,0,0,0,0,0,0,0,1,1,1,0,1,1,0,0,1,1,1,0,1,1,0,0,1,1,1,0,1,1,0,0,1,1,1,0,1,1,0,0,1,1,1,0,1,1,0,0,1,1,0,0,0,0,0,True,E
5774_b07591df.jpg,Test,0,0,0,0,0,7,7,0,0,0,0,0,7,7,7,0,0,0,0,0,7,7,7,0,0,0,0,0,7,7,7,0,0,0,0,0,7,7,7,0,0,0,0,0,7,7,7,0,0,0,0,0,7,7,7,0,0,0,0,0,0,0,0,0,True,E
5775_1419f829.jpg,Test,0,0,0,0,0,0,0,0,0,0,0,0,1,1,1,0,0,0,0,0,1,1,1,0,0,0,0,0,1,1,1,0,0,0,0,0,1,1,1,0,0,0,0,0,1,1,1,0,0,0,0,0,1,1,1,0,0,0,0,0,0,1,0,0,True,E
5776_16b50870.jpg,Test,0,0,0,0,0,0,0,0,0,0,0,0,0,0,0,0,0,1,1,0,0,0,0,0,0,1,1,0,7,7,0,0,0,1,1,0,7,7,0,0,0,1,1,0,7,7,0,0,0,1,1,0,7,7,0,0,0,1,1,0,7,7,0,0,True,E
5777_8cf05dcd.jpg,Test,0,0,0,0,0,0,0,0,0,0,0,0,0,0,0,0,0,1,1,0,0,7,7,7,0,1,1,1,0,7,7,7,0,1,1,1,0,7,7,7,0,1,1,1,0,7,7,7,0,1,1,1,0,7,7,7,0,1,1,1,0,7,7,7,True,E
5778_3999987b.jpg,Test,0,0,0,0,0,0,0,0,1,1,1,1,1,1,1,0,1,1,1,1,1,1,1,0,1,1,1,1,1,1,1,0,1,1,1,1,1,1,1,0,1,1,1,1,1,1,1,0,1,1,1,1,1,1,1,0,1,1,1,1,1,1,0,0,True,E
5779_f97cbbc6.jpg,Test,0,0,0,0,0,0,0,0,0,0,0,0,0,0,0,0,7,7,7,7,7,7,7,0,7,7,7,7,7,7,7,0,7,7,7,7,7,7,7,0,7,7,7,7,7,7,7,0,0,0,7,7,7,0,0,0,0,0,0,7,7,0,0,0,True,E
5780_1e811309.jpg,Test,0,0,0,0,0,0,0,0,0,0,0,0,0,0,0,0,0,0,0,0,0,0,0,0,0,0,0,0,0,0,0,0,0,0,0,0,0,0,0,0,0,0,0,0,0,0,0,0,0,0,0,0,0,0,0,0,0,0,0,0,0,0,0,0,True,E
5781_f378af0a.jpg,Test,0,0,0,0,0,0,0,0,0,0,0,0,0,0,0,0,0,0,0,0,0,0,0,0,0,0,0,0,0,0,0,0,0,0,0,0,0,0,0,0,0,0,0,0,0,0,0,0,0,0,0,0,0,0,0,0,0,0,0,0,0,0,0,0,True,E
5782_277b9c74.jpg,Test,0,0,0,0,0,0,0,0,0,0,0,0,0,0,0,0,0,0,0,0,0,0,0,0,0,0,0,0,0,0,0,0,0,0,0,0,0,0,0,0,0,0,0,0,0,0,0,0,0,0,0,0,0,0,0,0,0,0,0,0,0,0,0,0,True,E
5783_70f14bdb.jpg,Test,0,0,0,0,0,0,0,0,0,1,1,1,7,7,0,0,0,1,1,1,7,7,0,0,0,1,1,1,7,7,0,0,0,1,1,1,7,7,0,0,0,1,1,1,7,7,0,0,0,1,1,1,7,7,0,0,0,1,1,1,7,7,0,0,True,E
5784_0205b87a.jpg,Test,0,7,7,7,7,7,0,0,0,7,7,7,7,7,0,0,0,7,7,7,7,7,0,0,0,7,7,7,7,7,7,7,0,7,7,7,7,7,7,7,0,7,7,7,7,7,7,7,0,7,7,7,7,7,7,7,0,7,7,7,7,7,7,7,True,E
5785_97c76b41.jpg,Test,0,0,0,0,0,0,0,0,0,0,1,0,0,0,0,0,0,1,1,7,7,7,0,0,0,1,1,7,7,7,0,0,0,1,1,7,7,7,0,0,0,1,1,7,7,7,0,0,0,1,1,7,7,7,0,0,0,0,1,7,7,7,0,0,True,E
5786_9ec5e9aa.jpg,Test,0,0,0,0,0,0,0,0,0,0,0,0,0,0,0,0,0,0,0,0,0,0,0,0,0,0,0,0,0,0,0,0,0,0,0,0,0,0,0,0,0,0,0,0,0,0,0,0,0,0,0,0,0,0,0,0,0,0,0,0,0,0,0,0,True,E
5787_010a983f.jpg,Test,0,0,0,0,0,0,0,0,0,0,0,0,0,1,0,0,0,0,1,1,1,1,0,0,0,0,1,1,1,1,0,0,0,0,1,1,1,1,0,0,0,0,1,1,1,1,0,0,0,0,1,1,1,1,0,0,0,0,1,1,0,1,0,0,True,E
5788_2dd0a78c.jpg,Test,0,0,1,1,0,0,0,0,0,1,1,1,0,0,0,0,0,1,1,1,0,0,0,0,0,1,1,1,0,0,0,0,0,1,1,1,0,0,0,0,0,1,1,1,0,0,0,0,0,1,1,1,0,0,0,0,0,1,1,1,0,0,0,0,True,E
5789_fd1fa8e8.jpg,Test,0,0,0,0,0,0,0,0,0,0,0,0,0,0,0,0,0,0,0,0,0,0,0,0,0,0,0,0,0,0,0,0,0,0,0,0,0,0,0,0,0,0,0,0,0,0,0,0,0,0,0,0,0,0,0,0,0,0,0,0,0,0,0,0,True,E
5790_b8cff259.jpg,Test,0,0,0,0,0,0,0,0,0,0,0,0,0,0,0,0,0,0,0,0,0,0,0,0,0,0,0,0,0,0,0,0,0,0,0,0,0,0,0,0,0,0,0,0,0,0,0,0,0,0,0,0,0,0,0,0,0,0,0,0,0,0,0,0,True,E
5791_c3d774d7.jpg,Test,0,0,0,0,0,0,0,0,0,0,0,0,0,0,0,0,0,7,7,7,0,0,0,0,0,7,7,7,0,0,0,0,0,7,7,7,0,0,0,0,0,7,7,7,0,0,0,0,0,7,7,7,0,0,0,0,0,7,7,7,0,0,0,0,True,E
5792_00c489f7.jpg,Test,0,0,0,0,0,0,0,0,0,0,0,0,0,0,0,0,0,0,0,0,0,0,0,0,0,0,7,7,0,1,1,0,0,0,7,7,7,1,1,1,0,0,7,7,7,1,1,1,1,0,7,7,7,1,1,1,0,0,0,0,0,0,0,0,True,E
5793_05eaf111.jpg,Test,0,0,0,0,0,0,0,0,0,0,0,7,7,7,0,0,0,0,0,7,7,7,0,0,0,0,0,7,7,7,0,0,0,0,0,7,7,7,0,0,0,0,0,7,7,7,0,0,0,0,0,7,7,7,0,0,0,0,0,7,7,0,0,0,True,E
5794_47444ff6.jpg,Test,0,0,0,0,0,0,0,0,0,0,0,0,0,0,0,0,0,7,7,0,0,0,0,0,0,7,7,0,0,0,0,0,0,7,7,0,0,0,0,0,0,7,7,0,0,0,0,0,0,7,7,0,0,0,0,0,0,0,0,0,0,0,0,0,True,E
5795_d7324410.jpg,Test,0,0,0,0,0,0,0,0,7,7,7,7,0,0,7,0,7,7,7,7,7,0,7,0,7,7,7,7,7,7,7,0,7,7,7,7,7,7,7,0,7,7,7,7,7,7,7,0,7,7,7,7,7,7,7,0,7,7,7,7,7,7,7,0,True,E
5796_1304be04.jpg,Test,0,0,0,0,0,0,0,0,0,0,0,0,0,0,0,0,0,0,0,0,0,0,0,0,0,0,0,0,0,0,0,0,0,0,0,0,0,0,0,0,0,0,0,0,0,0,0,0,0,0,0,0,0,0,0,0,0,0,0,0,0,0,0,0,True,E
5797_a1eb9ff8.jpg,Test,0,0,0,0,0,0,0,0,0,0,0,0,0,0,0,0,0,0,0,0,0,0,0,0,0,0,0,0,0,0,0,0,0,0,0,7,7,7,0,0,0,0,0,7,7,7,0,0,0,0,0,7,7,7,0,0,0,0,0,7,7,0,0,0,True,E
5798_ba730829.jpg,Test,0,0,0,0,0,0,0,0,0,0,0,0,0,0,0,0,1,1,0,7,7,0,1,0,1,1,0,7,7,7,1,1,1,1,0,7,7,7,1,1,1,1,0,7,7,7,1,1,1,1,0,7,7,7,1,1,1,1,0,7,7,7,1,0,True,E
5799_d0448324.jpg,Test,0,0,0,0,0,0,0,0,0,0,0,7,0,0,0,0,0,0,0,7,7,0,0,0,0,0,0,7,7,0,0,0,0,0,0,7,7,0,0,0,0,0,0,7,7,0,0,0,0,0,0,7,7,0,0,0,0,0,0,7,7,0,0,0,True,E
5800_ccaaa28f.jpg,Test,0,0,0,0,0,0,0,0,0,0,7,7,0,0,0,0,0,0,7,7,0,0,0,0,0,0,7,7,0,0,0,0,0,0,7,7,0,0,0,0,0,0,7,7,0,0,0,0,0,0,7,7,0,0,0,0,0,0,7,7,0,0,0,0,True,E
5801_288ef776.jpg,Test,0,0,0,0,0,0,0,0,0,0,0,0,0,0,0,0,0,0,0,0,0,0,0,0,0,0,0,0,0,0,0,0,0,0,0,0,0,0,0,0,0,0,0,0,0,0,0,0,0,0,0,0,0,0,0,0,0,0,0,0,0,0,0,0,True,E
5802_ce3ad7f2.jpg,Test,0,0,0,7,7,7,0,0,0,0,0,7,7,7,0,0,0,0,0,7,7,7,0,0,0,0,0,7,7,7,0,0,0,0,0,7,7,7,0,0,0,0,0,7,7,7,0,0,0,0,0,7,7,7,0,0,0,0,0,7,7,7,0,0,True,E
5803_07aac480.jpg,Test,0,0,0,0,0,0,0,0,0,0,0,0,0,0,0,0,0,0,0,0,7,0,0,0,0,1,0,0,7,0,0,0,0,1,1,0,7,0,0,0,0,1,1,0,7,0,0,0,0,1,1,2,7,0,0,0,0,1,0,0,7,0,0,0,True,E
5804_9efb81fe.jpg,Test,0,0,0,0,0,0,0,0,0,0,0,0,0,0,0,0,0,0,0,0,0,1,0,0,0,0,0,0,0,1,0,0,0,0,0,0,0,1,0,0,0,0,0,0,0,1,0,0,0,0,0,0,0,1,0,0,0,0,0,0,0,0,0,0,True,E
5805_c9af2640.jpg,Test,0,0,0,0,0,0,0,0,0,7,7,7,7,7,7,0,0,7,7,7,7,7,7,0,0,7,7,7,7,7,7,0,0,7,7,7,7,7,7,0,0,7,7,7,7,7,7,0,0,7,7,7,7,7,7,0,0,7,7,7,7,7,7,0,True,E
5806_762227a3.jpg,Test,0,0,0,1,1,0,0,0,1,1,1,1,1,1,1,1,1,1,1,1,1,1,1,1,1,1,1,1,1,1,1,1,1,1,1,1,1,1,1,1,1,1,1,1,1,1,1,1,1,1,1,1,1,1,1,1,1,1,1,1,1,1,1,1,True,E
5807_59532aea.jpg,Test,0,0,0,1,1,1,0,0,6,6,0,1,1,1,0,0,6,6,0,1,1,1,6,0,6,6,0,1,1,1,6,6,6,6,0,1,1,1,6,6,0,0,0,1,1,1,6,6,0,0,0,1,1,1,0,0,0,0,0,1,1,1,0,0,True,E
5808_6af6872e.jpg,Test,0,0,0,0,0,0,0,0,0,7,7,7,7,0,0,0,0,7,7,7,7,0,0,0,0,7,7,7,7,0,0,0,0,7,7,7,7,0,0,0,0,7,7,7,7,0,0,0,0,7,7,7,7,0,0,0,0,0,7,7,7,0,0,0,True,E
5809_a444852c.jpg,Test,0,0,0,0,0,0,0,0,0,0,0,0,0,0,0,0,0,0,0,0,0,0,0,0,0,0,0,0,0,0,0,0,0,0,0,7,7,7,7,7,1,1,1,7,7,7,7,7,1,1,1,7,7,7,7,7,0,0,0,7,7,0,0,0,True,E
5810_b0b68604.jpg,Test,0,0,0,0,0,0,0,0,0,0,0,0,0,0,0,0,0,0,0,0,0,0,0,0,0,0,0,0,0,0,0,0,0,0,0,0,0,0,0,0,0,0,0,0,0,0,0,0,0,0,0,0,0,0,0,0,0,0,0,0,0,0,0,0,True,E
5811_cf125f06.jpg,Test,0,0,0,0,0,0,0,0,0,0,0,0,0,0,0,0,6,6,6,6,6,6,6,6,6,6,6,6,6,6,6,6,6,6,6,6,6,6,6,6,6,6,6,6,6,6,6,6,6,6,6,6,6,6,6,6,6,6,6,6,6,6,6,0,True,E
5812_5325c387.jpg,Test,0,0,0,0,0,0,0,0,0,0,0,6,6,0,0,0,0,0,0,6,6,0,0,0,0,0,0,6,6,0,0,0,0,0,0,6,6,0,0,0,0,0,0,6,6,0,0,0,0,0,0,6,6,0,0,0,0,0,0,6,6,0,0,0,True,E
5813_6094c794.jpg,Test,0,0,8,0,0,0,0,0,0,8,8,8,0,6,6,6,0,8,8,8,0,6,6,6,0,8,8,8,0,6,6,6,0,8,8,8,0,6,6,6,0,8,8,8,0,6,6,6,0,8,8,8,0,6,6,6,0,8,8,8,0,6,6,6,True,E
5814_b208f6c5.jpg,Test,0,0,0,0,0,8,8,0,8,8,8,8,8,8,8,8,8,8,8,8,8,8,8,8,8,8,8,8,8,8,8,8,8,8,8,8,8,8,8,8,8,8,8,8,8,8,8,8,8,8,8,8,8,8,8,8,8,8,8,8,8,8,8,8,True,E
5815_58a66c5b.jpg,Test,0,0,0,0,0,0,0,0,0,8,8,8,8,8,0,0,0,8,8,8,8,8,0,0,0,8,8,8,8,8,0,0,0,8,8,8,8,8,0,0,0,8,8,8,8,8,0,0,0,8,8,8,8,8,0,0,0,8,8,8,8,0,0,0,True,E
5816_b7708c8b.jpg,Test,0,0,0,0,0,0,0,0,0,0,6,6,6,0,0,0,0,0,6,6,6,0,0,0,0,0,6,6,6,0,0,0,0,0,6,6,6,0,0,0,0,0,6,6,6,0,0,0,0,0,6,6,6,0,0,0,0,0,6,6,6,0,0,0,True,E
5817_f5165cf3.jpg,Test,0,0,0,0,0,0,0,0,0,8,8,8,0,0,0,0,0,8,8,8,0,0,0,0,0,8,8,8,0,6,6,6,0,8,8,8,0,6,6,6,0,8,8,8,0,6,6,6,0,8,8,8,0,6,6,6,0,0,0,0,0,8,8,8,True,E
5818_990c46a2.jpg,Test,0,0,0,0,6,0,0,0,0,0,6,6,6,6,0,0,0,0,6,6,6,6,0,0,0,0,6,6,6,6,0,0,0,0,6,6,6,6,0,0,0,0,6,6,6,6,0,0,0,0,6,6,6,6,0,0,0,0,6,0,6,0,0,0,True,E
5819_a6639c43.jpg,Test,0,0,0,0,0,0,0,0,0,0,6,6,6,0,0,0,0,0,6,6,6,0,0,0,0,0,6,6,6,0,0,0,0,0,6,6,6,0,0,0,0,0,6,6,6,0,0,0,0,0,6,6,6,0,0,0,0,0,0,6,6,0,0,0,True,E
5820_ca757f2a.jpg,Test,0,0,0,0,0,0,0,0,0,0,0,0,0,0,0,0,0,0,0,0,8,8,0,0,0,0,0,6,8,8,0,0,0,0,0,6,8,8,0,0,0,0,0,6,8,8,0,0,0,0,0,6,8,8,0,0,0,0,0,0,0,0,0,0,True,E
5821_9c6a2265.jpg,Test,0,0,0,0,0,0,0,0,0,0,0,0,0,0,0,0,0,0,0,0,6,8,0,0,0,0,0,0,6,8,0,0,0,0,0,6,6,8,0,0,0,0,0,6,6,8,0,0,0,0,0,6,6,8,0,0,0,0,0,0,6,8,0,0,True,E
5822_f8e22bad.jpg,Test,0,0,0,0,0,0,0,0,0,0,8,8,0,6,0,0,0,0,8,8,0,6,0,0,0,0,8,8,0,6,0,0,0,0,8,8,0,6,0,0,0,0,8,8,0,6,0,0,0,0,8,8,0,6,0,0,0,0,8,8,0,6,0,0,True,E
5823_f69a1ff0.jpg,Test,0,0,0,0,0,0,0,0,0,0,0,0,0,0,0,0,0,6,6,0,6,0,8,8,0,6,6,0,6,0,8,8,0,6,6,0,6,0,8,8,0,6,6,0,6,0,8,8,0,6,6,0,6,0,8,8,0,0,0,0,6,0,0,0,True,E
5824_9edebaa9.jpg,Test,0,0,6,6,6,0,0,0,0,6,6,6,6,6,6,0,0,6,6,6,6,6,6,0,0,6,6,6,6,6,6,0,0,6,6,6,6,6,6,0,0,6,6,6,6,6,6,0,0,6,6,6,6,6,6,0,0,0,6,6,6,6,6,0,True,E
5825_ddb44bc1.jpg,Test,0,0,0,0,0,0,0,0,0,0,0,8,8,0,0,0,0,0,0,8,8,8,0,0,0,0,0,8,8,8,0,0,0,0,0,8,8,8,0,0,0,0,0,8,8,8,0,0,0,0,0,8,8,8,0,0,0,0,0,8,8,0,0,0,True,E
5826_7e79d164.jpg,Test,0,6,6,6,6,6,0,0,0,6,6,6,6,6,0,0,0,6,6,6,6,6,0,0,0,6,6,6,6,6,0,0,0,6,6,6,6,6,0,0,0,6,6,6,6,6,0,0,0,6,6,6,6,6,0,0,0,6,6,6,6,6,0,0,True,E
5827_f426976a.jpg,Test,0,0,0,0,0,0,0,0,0,0,0,6,6,6,0,0,0,0,0,6,6,6,0,0,0,0,0,6,6,6,0,0,0,0,0,6,6,6,0,0,0,0,0,6,6,0,0,0,0,0,0,6,6,0,0,0,0,0,0,6,6,0,0,0,True,E
5828_f35e6776.jpg,Test,0,0,0,0,0,0,0,0,0,0,0,8,8,0,0,0,0,0,8,8,8,0,0,0,0,0,8,8,8,0,0,0,0,0,8,8,8,0,0,0,0,0,8,8,8,0,0,0,0,0,8,8,8,0,0,0,0,0,0,8,8,0,0,0,True,E
5829_a56b9cb7.jpg,Test,0,0,0,0,0,0,0,0,0,0,0,0,0,0,0,0,0,0,0,0,0,0,0,0,8,8,8,0,0,6,6,6,8,8,8,0,0,6,6,6,0,0,0,0,0,0,0,0,0,0,0,0,0,0,0,0,0,0,0,0,0,0,0,0,True,E
5830_ebd3f146.jpg,Test,0,0,0,0,0,0,0,0,0,0,0,0,0,0,0,0,0,0,0,0,0,0,0,0,0,0,0,8,8,0,0,0,0,0,0,8,8,0,0,0,0,0,0,8,8,0,0,0,0,0,0,8,8,0,0,0,0,0,0,0,0,0,0,0,True,E
5831_7f15688d.jpg,Test,0,0,0,6,6,0,0,0,0,0,8,6,6,0,0,0,0,8,8,6,6,0,0,0,0,8,8,6,6,0,0,0,0,8,8,6,6,0,0,0,0,8,8,6,6,0,0,0,0,8,8,6,6,0,0,0,0,0,0,6,6,0,0,0,True,E
5832_50a6919c.jpg,Test,6,6,0,8,8,8,8,8,6,6,0,8,8,8,8,8,6,6,0,8,8,8,8,8,6,6,0,8,8,8,8,8,6,6,0,8,8,8,8,8,6,6,0,8,8,8,8,8,6,6,0,8,8,8,8,8,6,0,0,8,0,8,8,0,True,E
5833_97c4451a.jpg,Test,0,0,0,0,0,0,0,0,0,0,0,0,0,0,0,0,0,0,0,8,8,0,0,0,0,0,0,8,8,0,0,0,0,0,0,8,8,0,0,0,0,0,0,8,8,0,0,0,0,0,0,8,8,0,0,0,0,0,0,0,0,0,0,0,True,E
5834_3d446c52.jpg,Test,0,0,0,0,0,0,0,0,0,0,0,6,6,0,8,8,0,0,6,6,6,0,8,8,0,0,6,6,6,0,8,8,0,0,6,6,6,0,8,8,0,0,6,6,6,0,8,8,0,0,6,6,6,0,8,8,0,0,6,6,6,0,8,8,True,E
5835_199390b9.jpg,Test,0,0,0,0,0,0,0,0,0,0,0,0,0,0,0,0,0,0,8,8,8,0,0,0,0,0,8,8,8,0,0,0,0,0,8,8,8,0,0,0,0,0,8,8,8,0,0,0,0,0,8,8,8,0,0,0,0,0,8,8,0,0,0,0,True,E
5836_e265f2e1.jpg,Test,0,0,0,0,0,0,0,0,0,0,0,6,6,6,6,0,0,0,0,6,6,6,6,0,0,0,0,6,6,6,6,0,0,0,0,6,6,6,6,0,0,0,0,6,6,6,6,0,0,0,0,6,6,6,6,0,0,0,0,0,6,6,0,0,True,E
5837_d4f14375.jpg,Test,0,0,0,0,0,0,0,0,0,0,0,0,0,0,0,0,0,8,8,8,8,8,8,0,0,0,8,8,8,8,8,0,0,0,8,8,8,8,8,0,0,0,8,8,8,8,8,0,0,0,8,8,8,8,8,0,0,8,8,8,8,8,8,0,True,E
5838_7b78e309.jpg,Test,0,0,0,0,0,0,0,0,0,0,0,0,0,0,0,0,0,0,0,0,0,0,0,0,0,0,0,8,8,0,0,0,0,0,0,8,8,0,0,0,0,0,0,8,8,0,0,0,0,0,0,8,8,0,0,0,0,0,0,8,8,0,0,0,True,E
5839_3d1aca53.jpg,Test,0,0,0,0,0,0,0,0,0,0,0,0,0,0,0,0,0,0,0,0,0,6,6,0,0,0,8,8,6,6,6,6,0,0,8,8,6,6,6,6,0,0,8,8,6,6,6,6,0,0,8,8,6,6,6,6,0,0,0,0,0,0,0,0,True,E
5840_fbf4889d.jpg,Test,0,0,0,0,0,0,0,0,0,0,0,0,0,0,0,0,0,0,0,0,6,6,0,0,0,0,0,0,6,6,0,0,0,0,0,0,6,6,0,0,0,0,0,0,6,6,0,0,0,0,0,0,6,6,0,0,0,0,0,0,6,6,0,0,True,E
5841_dc5ff485.jpg,Test,0,0,0,0,0,0,0,0,0,0,6,6,6,6,0,0,0,0,6,6,6,6,0,0,0,0,6,6,6,6,0,0,0,0,6,6,6,6,0,0,0,0,6,6,6,6,0,0,0,0,6,6,6,6,0,0,0,0,6,6,6,6,0,0,True,E
5842_a08a7f48.jpg,Test,0,0,0,0,0,0,0,0,0,0,0,6,0,0,0,0,0,0,0,6,0,0,0,0,0,0,0,6,6,0,0,0,0,0,0,6,6,0,0,0,0,0,0,6,6,0,0,0,0,0,0,6,6,0,0,0,0,0,0,0,0,0,0,0,True,E
5843_c44f0a6e.jpg,Test,0,0,0,0,0,0,0,0,0,0,0,0,0,6,6,0,0,8,8,0,0,6,6,0,0,8,8,0,0,6,6,0,0,8,8,0,0,6,6,0,0,8,8,0,0,6,6,0,0,8,8,0,0,6,6,0,0,0,0,0,0,0,0,0,True,E
5844_aa14380a.jpg,Test,0,8,8,0,0,0,0,0,8,8,8,8,8,8,0,0,8,8,8,8,8,8,0,0,8,8,8,8,8,8,0,0,8,8,8,8,8,8,0,0,8,8,8,8,8,8,0,0,8,8,8,8,8,8,0,0,8,8,8,8,8,8,0,0,True,E
5845_e5e276b0.jpg,Test,0,0,0,0,0,0,0,0,0,0,0,0,0,0,0,0,8,0,6,6,6,6,0,8,8,0,6,6,6,6,0,8,8,0,6,6,6,6,0,8,8,0,6,6,6,6,0,8,8,0,6,6,6,6,0,8,0,0,0,0,0,0,0,0,True,E
5846_f1d27459.jpg,Test,0,0,0,0,0,0,0,0,0,0,8,8,8,8,0,0,0,0,8,8,8,8,0,0,0,0,8,8,8,8,0,0,0,0,8,8,8,8,0,0,0,0,8,8,8,8,0,0,0,0,8,8,8,8,0,0,0,0,8,8,8,8,0,0,True,E
5847_daf621f8.jpg,Test,0,0,0,0,0,0,0,0,0,0,0,0,0,0,0,0,0,0,0,0,0,0,0,0,0,0,0,0,0,8,0,0,0,0,0,6,0,8,0,0,0,0,0,6,0,8,0,0,0,0,0,6,0,8,0,0,0,0,0,0,0,0,0,0,True,E
5848_9c43b6d1.jpg,Test,0,0,0,0,0,0,0,0,0,0,0,0,0,0,0,0,0,0,0,0,0,0,0,8,8,8,0,0,6,6,6,8,8,8,0,0,6,6,6,8,8,8,0,0,6,6,6,8,8,8,0,0,6,6,6,8,8,8,0,0,6,6,6,8,True,E
5849_c91029a9.jpg,Test,0,0,0,0,0,0,0,0,0,0,0,0,0,0,0,0,0,0,0,0,0,0,0,0,0,0,6,6,6,6,6,0,0,0,6,6,6,6,6,0,0,0,6,6,6,6,6,0,0,0,6,6,6,6,6,0,0,0,0,6,6,6,6,0,True,E
5850_e8acbd54.jpg,Test,6,6,0,0,6,6,0,0,6,6,0,0,6,6,6,6,6,6,0,0,6,6,6,6,6,6,0,0,6,6,6,6,6,6,0,0,6,6,6,6,6,6,0,0,6,6,6,6,6,6,0,0,6,6,6,6,6,6,0,0,6,6,6,6,True,E
5851_66cab63f.jpg,Test,0,0,0,0,0,0,0,0,0,8,8,0,6,0,0,0,0,8,8,0,6,0,0,0,0,8,8,6,6,6,0,0,0,8,8,6,6,6,0,0,0,8,8,6,6,0,0,0,0,8,8,6,6,0,0,0,0,8,8,6,0,0,0,0,True,E
5852_c41c38a2.jpg,Test,0,0,0,0,0,0,0,0,0,0,0,6,0,0,0,0,0,0,0,6,6,0,6,0,0,6,6,6,6,0,6,6,0,6,6,6,6,0,6,6,0,6,6,6,6,0,6,6,0,0,0,0,0,0,0,0,0,0,0,0,0,0,0,0,True,E
5853_f41fd09c.jpg,Test,0,0,0,0,0,0,0,0,8,6,6,6,6,0,0,0,8,6,6,6,6,0,0,0,8,6,6,6,6,0,0,0,8,6,6,6,6,0,0,0,8,6,6,6,6,0,0,0,8,8,6,6,6,0,0,0,0,0,0,0,0,0,0,0,True,E
5854_a14d15fe.jpg,Test,0,0,0,0,0,0,0,0,0,0,0,0,0,0,0,0,0,0,6,6,0,0,0,0,0,0,6,6,0,0,0,0,0,0,6,6,0,0,0,0,0,0,6,6,0,0,0,0,0,0,6,6,0,0,0,0,0,0,6,6,0,0,0,0,True,E
5855_010f8429.jpg,Test,0,0,0,0,0,0,0,0,0,0,0,0,0,0,0,0,0,0,0,0,6,6,0,0,0,0,0,0,6,6,0,0,0,0,0,0,6,0,0,0,0,0,0,0,6,0,0,0,0,0,0,0,6,0,0,0,0,0,0,0,0,0,0,0,True,E
5856_b9508ff1.jpg,Test,0,0,0,0,6,0,0,0,0,0,0,6,6,0,0,0,0,0,0,6,6,0,0,0,0,0,0,6,6,0,0,0,0,0,0,6,6,0,0,0,0,0,0,6,6,0,0,0,0,0,0,6,6,0,0,0,0,0,0,6,6,0,0,0,True,E
5857_07ddf8fc.jpg,Test,0,0,0,0,0,0,0,0,0,0,0,6,6,0,0,0,0,8,0,6,6,0,0,0,8,8,8,6,6,0,0,0,8,8,8,6,6,0,0,0,8,8,8,6,6,0,0,0,8,8,8,6,6,0,0,0,0,8,8,6,6,0,0,0,True,E
5858_651571ae.jpg,Test,0,0,0,0,0,0,0,0,0,0,0,0,0,0,0,0,2,0,0,0,0,8,8,8,0,0,0,0,0,8,8,8,0,0,0,0,0,8,8,8,0,0,0,0,0,8,8,0,0,0,0,0,0,8,8,0,0,0,0,0,2,8,8,0,True,E
5859_225699c0.jpg,Test,0,0,0,0,0,0,0,0,0,0,0,0,0,0,0,0,0,0,0,6,6,6,0,0,0,0,6,6,6,6,0,0,0,0,6,6,6,6,0,0,0,0,0,6,6,6,0,0,0,0,0,6,6,6,0,0,0,0,0,6,6,0,0,0,True,E
5860_32533b59.jpg,Test,0,0,0,6,6,0,0,0,0,0,0,6,6,0,0,0,0,0,0,6,6,0,0,0,0,0,0,6,6,0,0,0,0,0,0,6,6,6,0,0,0,0,0,6,6,0,0,0,0,0,0,6,6,0,0,0,0,0,0,6,6,0,0,0,True,E
5861_dbdda09b.jpg,Test,0,0,0,0,0,0,0,0,0,0,0,0,0,0,0,0,0,6,6,0,0,0,8,8,0,6,0,0,0,0,8,8,0,6,0,0,0,0,8,8,0,6,0,0,0,0,8,8,0,6,0,0,0,0,8,8,0,6,0,0,0,0,8,8,True,E
5862_384ffa3f.jpg,Test,0,0,0,0,0,0,0,0,0,0,6,0,0,0,0,0,0,0,6,6,6,6,8,8,0,0,6,6,6,6,8,8,0,0,6,6,6,6,8,8,0,0,6,6,6,6,8,8,0,0,6,6,6,6,8,8,0,0,6,6,6,0,8,8,True,E
5863_a3b9ecdd.jpg,Test,0,0,0,0,0,0,0,0,0,0,6,6,6,6,0,0,0,0,6,6,6,6,0,0,0,0,6,6,6,6,0,0,0,0,6,6,6,6,0,0,0,0,6,0,6,6,0,0,0,0,0,0,6,6,0,0,0,0,0,0,6,6,0,0,True,E
5864_fb17f2ad.jpg,Test,0,0,0,0,0,0,0,0,0,0,0,0,0,0,8,0,0,0,8,8,0,0,8,0,0,0,8,8,0,0,8,0,0,0,8,8,0,0,8,0,0,0,8,8,0,0,8,0,0,0,8,8,0,0,8,0,0,0,8,8,0,0,8,0,True,E
5865_acb3a8d1.jpg,Test,0,0,0,0,0,0,0,0,0,0,0,8,8,0,0,0,0,0,0,8,8,0,0,0,0,0,0,8,8,0,0,0,0,0,0,8,8,0,0,0,0,0,0,8,8,0,0,0,0,0,0,8,8,0,0,0,0,0,0,8,8,0,0,0,True,E
5866_17d3df93.jpg,Test,0,8,8,8,8,0,0,0,0,8,8,8,8,8,0,0,0,8,8,8,8,8,0,0,0,8,8,8,8,8,0,0,0,8,8,8,8,6,6,0,0,8,8,8,8,6,6,0,0,8,8,8,8,6,6,0,0,8,8,8,8,6,6,0,True,E
5867_13061c68.jpg,Test,0,0,0,0,0,0,0,0,0,0,0,0,0,0,0,0,0,0,8,8,8,0,0,0,0,8,8,8,8,0,0,0,0,8,8,8,8,0,0,0,0,8,8,8,8,0,0,0,0,8,8,8,8,0,0,0,0,8,8,8,8,0,0,0,True,E
5868_7e8be6b3.jpg,Test,0,0,0,0,0,0,0,0,0,0,0,8,8,0,0,0,0,0,0,8,8,0,0,0,0,0,0,8,8,0,0,0,0,0,0,6,8,0,0,0,0,0,0,6,8,0,0,0,0,0,0,8,8,0,0,0,0,0,0,8,8,0,0,0,True,E
5869_aee55ebd.jpg,Test,8,8,8,0,0,0,0,0,8,8,8,0,8,0,0,0,8,8,8,8,8,8,8,8,8,8,8,8,8,8,8,8,8,8,8,8,8,8,8,8,8,8,8,8,8,8,8,8,8,8,8,8,8,8,8,8,8,8,8,8,8,8,8,8,True,E
5870_0b54d7c6.jpg,Test,0,0,0,0,0,0,0,0,0,0,0,8,8,0,0,0,0,0,0,8,8,0,0,0,0,0,0,8,8,0,0,0,0,0,0,8,8,0,0,0,0,0,0,8,8,0,0,0,0,0,0,8,8,0,0,0,0,0,0,0,0,0,0,0,True,E
5871_2df8d8db.jpg,Test,0,0,0,0,0,0,0,0,0,0,0,0,0,0,0,0,0,0,0,8,6,0,0,0,8,8,0,8,6,0,0,0,8,8,0,8,6,0,0,0,8,8,0,8,6,0,0,0,8,8,0,8,6,6,0,0,0,0,0,8,8,0,0,0,True,E
5872_5ff2d891.jpg,Test,0,0,0,0,0,0,0,0,6,6,6,6,8,8,0,6,6,6,6,6,8,8,0,6,6,6,6,6,8,8,0,6,6,6,6,6,8,8,0,6,6,6,6,6,8,8,6,6,6,6,6,6,6,6,6,6,0,6,6,6,6,6,6,0,True,E
5873_d5bcaf91.jpg,Test,0,0,0,6,6,0,0,0,0,0,6,6,6,0,0,0,8,8,6,6,6,0,0,6,8,8,6,6,6,0,0,6,8,8,6,6,6,0,0,0,8,8,6,6,6,0,0,0,8,8,6,6,6,0,0,0,0,0,6,6,6,0,0,0,True,E
5874_d3e02a33.jpg,Test,0,0,0,0,0,0,0,0,0,0,0,0,0,0,0,0,0,0,0,0,0,0,0,0,0,0,8,8,8,0,0,0,0,0,8,8,8,0,0,0,0,0,8,8,8,0,0,0,0,0,8,8,8,0,0,0,0,0,8,8,8,0,0,0,True,E
5875_e77b3ce7.jpg,Test,0,0,0,0,0,0,0,0,0,0,8,8,8,8,0,0,0,0,8,8,8,8,0,0,0,0,8,8,8,8,0,0,0,0,8,8,8,8,0,0,0,0,8,8,8,8,0,0,0,0,8,8,8,8,0,0,0,0,8,8,8,0,0,0,True,E
5876_edd0cbf1.jpg,Test,0,0,0,6,6,0,0,0,0,0,6,6,6,6,0,0,8,8,6,6,6,6,0,0,8,8,6,6,6,6,0,0,8,8,6,6,6,6,0,0,8,8,6,6,6,6,0,0,8,8,6,6,6,6,0,0,8,0,0,6,6,0,0,0,True,E
5877_8f39755c.jpg,Test,0,0,0,0,0,0,0,0,0,0,0,0,0,0,0,0,0,0,8,8,8,0,0,0,0,0,8,8,8,8,0,0,0,0,8,8,8,8,0,0,0,0,8,8,8,8,0,0,0,0,8,8,8,8,0,0,0,0,8,8,8,0,0,0,True,E
5878_aeeea192.jpg,Test,0,0,0,0,0,0,0,0,0,0,0,0,0,0,0,0,0,0,8,8,8,8,0,0,0,0,8,8,8,8,0,0,0,0,8,8,8,8,0,0,0,0,8,8,8,8,0,0,0,0,8,8,8,8,0,0,0,0,8,8,8,8,0,0,True,E
5879_92268516.jpg,Test,0,0,0,0,0,0,0,0,0,0,0,0,0,0,0,0,8,0,6,6,6,6,0,8,8,0,6,6,0,6,0,8,8,0,6,6,6,6,0,8,8,0,6,6,6,6,0,8,8,0,0,0,6,6,0,8,0,0,0,0,0,0,0,0,True,E
5880_35603f9e.jpg,Test,0,0,0,0,0,0,0,0,0,0,0,0,0,0,0,0,0,0,0,0,0,8,0,0,0,0,0,8,8,8,0,0,0,0,0,8,8,8,0,0,0,0,0,8,8,8,0,0,0,0,0,8,8,8,0,0,0,0,0,0,0,0,0,0,True,E
5881_68bfb6a3.jpg,Test,0,0,0,0,0,0,0,0,0,0,0,0,0,0,0,0,8,8,8,8,8,8,8,0,8,8,8,8,8,8,8,0,8,8,8,8,8,8,8,0,8,8,8,8,8,8,8,0,8,8,8,8,8,8,8,0,8,8,8,8,8,8,8,0,True,E
5882_e44e0c40.jpg,Test,0,0,0,0,0,0,0,0,0,0,0,8,8,6,0,0,0,0,0,8,8,6,6,0,0,0,0,8,8,6,6,0,0,0,0,8,8,6,6,0,0,0,0,8,8,6,6,0,0,0,0,8,8,6,6,0,0,0,0,8,6,6,0,0,True,E
5883_8e6e3d98.jpg,Test,0,0,0,0,0,6,6,0,0,0,0,0,6,6,6,0,0,0,0,6,6,6,6,0,0,0,0,6,6,6,6,0,0,0,0,6,6,6,6,0,0,0,0,6,6,6,6,0,0,0,0,6,6,6,6,0,0,0,0,0,0,6,6,0,True,E
5884_bbcb449a.jpg,Test,0,0,0,0,0,0,0,0,0,0,0,8,8,0,0,0,0,0,0,8,8,0,0,0,0,0,0,8,8,0,0,0,0,0,0,8,8,0,0,0,0,0,0,8,8,0,0,0,0,0,0,8,8,0,0,0,0,0,0,0,0,0,0,0,True,E
5885_e51ba1b1.jpg,Test,0,0,0,0,0,0,0,0,0,0,0,0,0,0,0,0,0,0,0,0,0,0,0,0,0,0,8,8,0,8,0,0,0,0,8,8,0,8,8,0,0,0,8,8,0,8,8,0,0,0,8,8,0,8,8,0,0,0,0,0,0,8,0,0,True,E
5886_785fdfa6.jpg,Test,0,0,0,0,0,0,0,0,0,0,0,0,0,0,0,0,0,0,0,0,0,0,0,0,0,0,0,0,0,0,0,0,0,0,0,0,0,0,0,0,0,0,0,0,0,0,0,0,0,0,0,0,0,0,0,0,0,0,0,0,0,0,0,0,True,E
5887_e5e75fca.jpg,Test,0,6,6,0,0,0,0,0,6,6,6,6,6,6,6,6,6,6,6,6,6,6,6,6,6,6,6,6,6,6,6,6,6,6,6,6,6,6,6,6,6,6,6,6,6,6,6,6,6,6,6,6,6,6,6,6,6,6,6,6,6,6,6,6,True,E
5888_f6cd4163.jpg,Test,0,0,0,0,0,0,0,0,0,0,0,0,0,0,0,0,0,0,0,0,0,0,0,0,0,0,6,0,0,0,0,0,0,6,6,0,0,0,0,0,0,6,6,6,0,0,0,0,0,6,6,6,0,0,0,0,0,6,6,0,0,0,0,0,True,E
5889_bb55f0e3.jpg,Test,0,0,0,0,0,0,0,0,0,0,0,0,0,0,0,0,0,6,6,6,0,6,6,0,0,6,6,6,0,6,6,0,0,6,6,6,0,6,6,0,0,6,6,6,0,6,6,0,0,6,6,6,0,6,6,0,0,6,6,0,0,6,6,0,True,E
5890_78f7d2c9.jpg,Test,0,0,0,0,0,0,0,0,0,0,0,6,6,6,6,0,0,0,0,6,6,8,8,0,0,0,0,6,6,8,8,0,0,0,0,6,6,8,8,0,0,0,0,6,6,8,8,0,0,0,0,6,6,8,8,0,0,0,0,0,6,8,0,0,True,E
5891_d92177f8.jpg,Test,0,0,0,0,0,0,0,0,0,0,8,8,8,8,8,0,0,0,8,8,8,8,8,0,0,0,8,8,8,8,8,0,0,0,8,8,8,8,8,0,0,0,8,8,8,8,8,0,0,0,8,8,8,8,8,0,0,0,0,8,8,8,8,0,True,E
5892_d4f67c67.jpg,Test,0,0,0,0,0,0,0,0,0,0,0,0,0,0,0,0,0,0,0,8,0,0,0,0,0,0,0,8,0,0,0,0,0,0,0,8,0,0,0,0,0,0,0,8,0,0,0,0,0,0,0,8,0,0,0,0,0,0,0,8,0,0,0,0,True,E
5893_617b6292.jpg,Test,0,0,0,0,0,0,0,0,0,0,0,8,8,0,0,0,0,0,0,8,8,6,6,0,0,0,0,8,8,6,6,0,0,0,0,8,8,6,6,0,0,0,0,8,8,6,6,0,0,0,0,8,8,6,6,0,0,0,0,8,8,6,6,0,True,E
5894_25af401d.jpg,Test,0,0,0,0,0,0,0,0,0,0,0,0,0,0,0,0,0,0,0,0,0,0,0,6,6,6,0,6,6,6,6,6,6,6,6,6,6,6,6,6,6,6,6,6,6,6,6,6,6,6,6,6,6,6,6,6,0,0,0,0,0,0,6,6,True,E
5895_ccd76347.jpg,Test,0,0,0,0,0,0,0,0,0,0,8,8,8,8,8,8,8,8,8,8,8,8,8,8,8,8,8,8,8,8,8,8,8,8,8,8,8,8,8,8,8,8,8,8,8,8,8,8,8,8,8,8,8,8,8,8,8,8,8,8,8,8,8,8,True,E
5896_4ed06a4a.jpg,Test,0,0,0,0,0,0,0,0,0,0,0,0,8,0,0,0,0,0,0,0,8,8,0,0,0,0,0,0,8,8,0,0,0,0,0,0,8,8,0,0,0,0,0,0,0,0,0,0,0,0,0,0,0,0,0,0,0,0,0,0,0,0,0,0,True,E
5897_6752783f.jpg,Test,0,0,0,6,6,0,0,0,0,0,0,6,6,0,0,0,0,0,0,6,6,0,0,0,0,0,0,6,6,0,0,0,0,0,0,6,6,0,0,0,0,0,0,6,6,0,0,0,0,0,0,6,6,0,0,0,0,0,0,6,6,0,0,0,True,E
5898_10d1f26d.jpg,Test,0,0,0,0,0,0,0,0,0,0,0,0,0,0,0,0,0,0,0,0,8,8,0,0,0,0,0,0,8,8,0,0,0,0,0,0,8,8,0,0,0,0,0,0,0,0,0,0,0,0,0,0,0,0,0,0,0,0,0,0,0,0,0,0,True,E
5899_6f108cd9.jpg,Test,0,0,0,0,0,0,0,0,0,0,0,0,0,0,0,0,0,0,8,8,0,8,8,8,0,0,8,8,0,8,8,8,0,0,8,8,0,8,8,8,0,0,8,8,0,8,8,8,0,0,8,8,0,8,8,8,0,0,8,8,0,8,8,8,True,E
5900_9cc5a725.jpg,Test,0,0,0,0,0,0,0,0,0,0,0,8,8,0,0,0,0,0,8,8,8,8,0,0,0,0,8,8,8,8,0,0,0,0,8,8,8,8,0,0,0,0,8,8,8,8,0,0,0,0,8,8,8,8,0,0,0,0,8,8,8,0,0,0,True,E
5901_47b94077.jpg,Test,0,0,0,8,0,0,0,0,0,8,8,8,8,8,8,0,0,8,0,8,8,8,8,0,0,8,0,8,8,8,8,0,0,8,0,8,8,8,8,0,0,8,0,8,8,8,8,0,0,0,0,8,8,8,8,0,0,0,0,8,8,8,8,0,True,E
5902_c05c140b.jpg,Test,0,0,0,0,0,0,0,0,0,0,0,0,0,0,0,0,0,0,0,6,6,0,0,0,0,0,6,6,6,0,0,0,0,0,6,6,6,0,0,0,0,0,6,6,6,0,0,0,0,0,6,6,6,0,0,0,0,0,0,6,6,0,0,0,True,E
5903_5e089452.jpg,Test,0,0,0,0,0,0,0,0,0,0,0,6,6,6,0,0,0,0,0,6,6,6,0,0,0,0,0,6,6,8,8,8,0,0,0,6,6,8,8,8,0,0,0,6,6,8,8,8,0,0,0,6,6,8,8,8,0,0,0,0,6,0,0,0,True,E
5904_f5a62237.jpg,Test,0,0,0,0,0,0,0,0,0,0,0,0,0,0,0,0,0,0,0,8,8,0,0,0,0,0,0,8,8,0,0,8,0,0,0,8,8,0,8,8,0,0,0,8,8,0,8,8,0,0,0,8,8,0,8,8,0,0,0,8,0,0,0,0,True,E
5905_ecc25498.jpg,Test,0,8,8,6,0,0,0,0,0,8,8,6,6,6,0,0,0,8,8,6,6,6,6,0,0,8,8,8,6,6,6,0,0,8,8,8,6,6,6,0,0,8,8,8,6,6,6,0,0,8,8,8,6,6,6,0,0,8,8,8,6,6,6,0,True,E
5906_b58eae38.jpg,Test,0,0,0,0,0,0,0,0,0,0,0,6,0,0,0,0,0,0,6,6,6,0,0,0,0,0,6,6,6,8,8,0,0,0,6,6,6,8,8,0,0,0,6,6,6,8,8,0,0,0,6,6,6,8,8,0,0,0,6,6,6,8,8,0,True,E
5907_da033a8c.jpg,Test,0,0,0,0,0,0,0,0,0,0,6,6,6,0,0,0,0,6,6,6,6,0,0,0,0,6,6,6,6,0,0,0,0,6,6,6,6,0,0,0,0,6,6,6,6,0,0,0,0,6,6,6,6,0,0,0,0,0,6,6,6,0,0,0,True,E
5908_74c33ce0.jpg,Test,0,0,6,0,0,0,0,0,0,6,6,6,6,0,0,0,0,6,6,6,6,0,0,0,0,6,6,6,6,0,0,0,0,6,6,6,6,0,0,0,0,6,6,6,6,0,0,0,0,6,6,6,6,0,0,0,0,6,6,6,6,0,0,0,True,E
5909_4a143e48.jpg,Test,0,0,0,0,0,0,0,0,0,0,8,8,8,0,0,0,0,0,8,8,8,0,0,0,0,0,8,8,8,0,0,0,0,0,8,8,8,0,0,0,0,0,8,8,8,0,0,0,0,0,8,8,8,0,0,0,0,0,0,8,0,0,0,0,True,E
5910_8d4c6b80.jpg,Test,0,0,0,8,8,8,0,0,0,0,0,0,8,8,0,0,0,0,0,0,8,8,0,0,0,0,0,0,8,8,0,0,0,0,0,0,8,8,0,0,0,0,0,0,0,0,0,0,0,0,0,0,0,0,0,0,0,0,0,0,0,0,0,0,True,E
5911_989eb9d0.jpg,Test,0,0,0,0,0,0,0,0,0,0,0,8,8,0,0,0,0,0,0,8,8,0,0,0,0,0,0,8,8,0,0,0,0,0,0,8,8,0,0,0,0,0,0,8,8,0,0,0,0,0,0,8,8,0,0,0,0,0,0,0,0,0,0,0,True,E
5912_82aea5a5.jpg,Test,0,0,0,0,0,0,0,0,0,0,0,0,0,0,0,0,8,8,8,8,8,8,0,0,8,8,8,8,8,8,0,0,8,8,8,8,8,8,0,0,8,8,8,8,8,8,0,0,8,8,8,8,8,8,0,0,0,0,0,0,8,2,0,0,True,E
5913_e63fcd12.jpg,Test,0,0,0,6,6,0,0,0,0,0,6,6,6,0,0,0,0,0,6,6,6,0,0,0,0,0,6,6,6,0,0,0,0,0,6,6,6,0,0,0,0,0,6,6,6,0,0,0,0,0,6,6,6,0,0,0,0,0,0,6,6,0,0,0,True,E
5914_27078a91.jpg,Test,0,0,0,0,0,0,0,0,0,0,6,6,0,0,0,0,0,0,6,6,6,6,0,0,0,0,6,6,6,6,0,0,0,0,6,6,6,6,0,0,0,0,6,6,6,6,0,0,0,0,0,0,6,6,0,0,0,0,0,0,6,0,0,0,True,E
5915_0ad7d5d9.jpg,Test,0,0,0,0,0,0,0,0,0,0,6,6,6,6,0,0,0,0,6,6,6,6,0,0,0,0,6,6,0,6,0,0,0,0,6,6,0,6,0,0,0,0,6,0,0,0,0,0,0,0,6,0,0,0,0,0,0,0,6,6,0,6,0,0,True,E
5916_19c4be5c.jpg,Test,0,0,0,0,0,8,0,0,6,0,0,0,0,8,0,0,6,0,0,0,0,8,8,0,6,0,0,0,0,8,8,0,6,0,0,0,0,8,8,0,6,0,0,0,0,8,8,0,6,6,0,0,0,0,0,0,6,6,0,0,0,0,0,0,True,E
5917_df3fa06b.jpg,Test,0,0,0,0,0,0,0,0,0,0,0,0,8,8,8,0,0,0,0,0,8,8,8,0,0,0,0,0,8,8,8,0,0,0,0,0,8,8,8,0,0,0,0,0,8,8,8,0,0,0,0,0,8,8,8,0,0,0,0,0,8,8,8,0,True,E
5918_195f270f.jpg,Test,0,0,6,6,0,0,0,0,0,0,6,6,0,0,0,0,0,0,6,6,0,0,0,0,0,0,6,6,0,0,0,0,0,0,6,6,0,0,0,0,0,0,6,6,0,0,0,0,0,0,6,6,0,0,0,0,0,0,6,6,0,0,0,0,True,E
5919_81aab610.jpg,Test,0,0,0,0,0,0,0,0,0,0,0,0,0,0,0,0,0,0,0,0,0,0,0,0,0,0,0,0,0,0,0,0,0,0,0,6,6,6,6,0,0,0,0,6,6,6,6,0,0,0,0,6,6,6,6,0,0,0,0,6,6,6,6,0,True,E
5920_4593f0b3.jpg,Test,0,0,0,0,0,0,0,0,0,6,6,6,6,6,6,0,6,6,6,6,6,6,6,6,6,6,6,6,6,6,6,6,6,6,6,6,6,6,6,6,6,6,6,6,6,6,6,6,6,6,6,6,6,6,6,6,0,6,6,6,6,6,6,6,True,E
5921_f338448d.jpg,Test,0,0,0,0,0,0,0,0,0,0,0,8,8,8,0,0,0,0,0,8,8,8,0,0,0,0,0,8,8,8,0,0,0,0,0,8,8,8,0,0,0,0,0,8,8,8,0,0,0,0,0,8,8,8,0,0,0,0,0,8,8,0,0,0,True,E
5922_22164612.jpg,Test,0,0,0,0,0,0,0,0,0,0,0,8,8,0,0,0,0,0,6,8,8,0,0,0,0,0,6,6,8,0,0,0,0,0,6,6,8,0,0,0,0,0,6,6,8,0,0,0,0,0,6,6,8,0,0,0,0,0,0,0,0,0,0,0,True,E
5923_57fe5722.jpg,Test,0,0,0,0,0,0,0,0,0,0,0,0,0,0,0,0,0,0,0,0,8,8,0,0,0,0,0,0,8,8,0,0,0,0,0,8,8,8,0,0,0,0,0,8,8,8,0,0,0,0,0,0,8,8,0,0,0,0,0,0,0,0,0,0,True,E
5924_35b3191d.jpg,Test,0,0,0,0,0,0,0,0,0,6,6,6,6,6,0,0,0,6,6,6,6,6,0,0,0,6,6,6,6,6,0,0,0,6,6,6,6,6,0,0,0,6,6,6,6,6,0,0,0,6,6,6,6,6,0,0,0,6,6,6,6,6,0,0,True,E
5925_f5a518c0.jpg,Test,0,0,0,0,0,0,0,0,0,6,6,8,6,6,0,0,0,6,6,8,6,6,0,0,0,6,6,8,6,6,0,0,0,6,6,8,6,6,0,0,0,6,6,8,6,6,0,0,0,6,6,8,6,6,0,0,0,0,0,8,6,6,0,0,True,E
5926_cdbd07bd.jpg,Test,0,6,6,6,6,0,0,0,0,6,6,6,6,6,6,6,0,6,6,6,6,6,6,6,0,6,6,6,6,6,6,6,0,6,6,6,6,6,6,6,0,6,6,6,6,6,6,6,0,6,6,6,6,6,6,6,0,6,6,6,6,6,6,0,True,E
5927_6b2df0a9.jpg,Test,0,0,0,0,0,0,0,0,0,8,8,8,0,8,8,0,0,8,8,8,8,8,8,0,0,8,8,8,8,8,8,0,0,8,8,8,8,8,8,0,0,8,8,8,8,8,8,0,0,0,8,8,8,8,8,0,0,0,0,0,8,8,8,0,True,E
5928_76671391.jpg,Test,0,0,0,0,0,0,0,0,0,0,0,6,6,0,0,0,0,0,0,6,6,0,0,0,0,0,0,6,6,0,0,0,0,0,0,6,6,0,0,0,0,0,0,6,6,0,0,0,0,0,0,6,6,0,0,0,0,0,0,6,6,0,0,0,True,E
5929_99dd3b9b.jpg,Test,0,0,0,0,0,0,0,0,0,0,0,8,8,8,0,0,0,0,0,8,8,8,0,0,0,0,0,8,8,8,0,0,0,0,0,8,8,8,0,0,0,0,0,8,8,8,0,0,0,0,0,8,8,8,0,0,0,0,0,8,8,8,0,0,True,E
5930_617b6292.jpg,Test,0,0,0,0,0,0,0,0,0,0,0,8,8,0,0,0,0,0,0,8,8,6,6,0,0,0,0,8,8,6,6,0,0,0,0,8,8,6,6,0,0,0,0,8,8,6,6,0,0,0,0,8,8,6,6,0,0,0,0,8,8,6,6,0,True,E
5931_c2bf06f6.jpg,Test,0,0,0,0,6,0,0,0,0,0,6,6,6,0,0,0,0,0,6,6,6,0,0,0,0,0,6,6,6,0,0,0,0,0,6,6,6,0,0,0,0,0,6,6,6,0,0,0,0,0,6,6,6,0,0,0,0,0,0,0,0,0,0,0,True,E
5932_7dbd459c.jpg,Test,0,0,0,0,0,8,8,0,0,8,8,8,8,8,8,8,0,8,8,8,8,8,8,8,0,8,8,8,8,8,8,8,0,8,8,8,8,8,8,8,8,8,8,8,8,8,8,8,0,8,8,8,8,8,8,8,0,8,8,8,8,8,8,8,True,E
5933_11b73088.jpg,Test,0,0,0,0,0,0,0,0,0,0,0,8,8,0,0,0,0,0,8,8,8,0,0,0,0,0,8,8,8,0,0,0,0,0,0,8,8,0,0,0,0,0,0,8,8,0,0,0,0,0,0,8,8,0,0,0,0,0,8,8,8,0,0,0,True,E
5934_3f06413e.jpg,Test,0,0,0,0,0,0,0,0,0,0,0,0,6,6,0,0,0,0,0,6,6,6,0,0,0,0,0,6,6,6,0,0,0,0,0,6,6,6,0,0,0,0,0,6,6,6,0,0,0,0,0,6,6,6,0,0,0,0,0,6,6,6,0,0,True,E
5935_5974e84e.jpg,Test,6,6,6,6,6,6,6,0,6,6,6,6,6,6,6,0,6,6,6,6,6,6,6,3,6,6,6,6,8,8,8,3,6,6,6,6,8,8,8,3,6,6,6,6,8,8,8,3,6,6,6,6,6,8,8,3,6,6,6,6,6,8,8,3,True,E
5936_de2edcad.jpg,Test,0,0,0,0,0,0,0,0,0,0,8,8,8,0,0,0,0,0,8,8,8,0,0,0,0,0,8,8,8,0,0,0,0,0,8,8,8,0,0,0,0,0,8,8,8,0,0,0,0,0,8,8,8,0,0,0,0,0,8,8,8,0,0,0,True,E
5937_178a035e.jpg,Test,0,0,0,0,0,0,0,0,0,0,8,0,0,0,0,0,0,0,8,8,8,8,0,0,0,0,8,8,8,8,0,0,0,0,8,8,8,8,0,0,0,0,8,8,8,8,0,0,0,0,8,8,8,8,0,0,0,0,8,8,8,8,0,0,True,E
5938_702bd049.jpg,Test,0,0,0,0,0,0,0,0,0,8,0,0,0,8,8,0,8,8,6,6,6,8,8,0,8,8,6,6,6,8,8,0,8,8,6,6,6,8,8,0,8,8,6,6,6,8,8,0,8,8,6,6,6,8,8,0,0,0,6,6,6,8,8,0,True,E
5939_cbb4363b.jpg,Test,0,0,8,8,8,8,8,0,0,0,8,8,8,8,8,0,0,0,8,8,8,8,8,0,0,0,8,8,8,8,8,0,0,0,8,8,8,8,8,0,0,0,8,8,8,8,8,0,0,0,8,8,8,8,8,0,0,0,8,8,8,8,8,0,True,E
5940_1d8472cb.jpg,Test,0,0,0,0,6,6,0,0,0,6,6,6,6,6,0,0,0,6,6,6,6,6,0,0,0,6,6,6,6,6,0,0,0,6,6,6,6,6,0,0,0,6,6,6,6,6,0,0,0,6,6,6,6,6,0,0,0,6,6,6,6,6,0,0,True,E
5941_69876323.jpg,Test,0,0,0,0,0,0,0,0,0,0,8,8,8,0,0,0,0,0,8,8,8,0,0,0,0,0,8,8,8,0,0,0,0,0,8,8,8,0,0,0,0,0,8,8,8,0,0,0,0,0,8,8,8,0,0,0,0,0,8,8,8,0,0,0,True,E
5942_12d79626.jpg,Test,0,0,0,0,0,0,0,0,0,0,0,0,0,0,0,0,0,0,0,0,0,0,0,0,0,0,0,8,8,0,0,0,0,0,0,8,8,0,0,0,0,0,0,8,8,0,0,0,0,0,0,8,8,0,0,0,0,0,0,8,8,0,0,0,True,E
5943_d751c710.jpg,Test,0,0,0,0,0,0,0,0,0,0,0,0,0,0,0,0,0,0,0,0,8,8,0,0,0,0,0,0,8,8,0,0,0,0,0,0,8,8,0,0,0,0,0,0,0,8,0,0,0,0,0,0,0,0,0,0,0,0,0,0,0,0,0,0,True,E
5944_e0b26831.jpg,Test,0,0,0,0,0,0,0,0,0,0,0,0,0,0,0,0,0,0,0,0,0,0,0,0,0,0,0,0,0,0,0,0,0,0,0,0,0,0,0,0,0,0,0,0,0,0,0,0,0,0,0,0,0,0,0,0,0,0,0,0,0,0,0,0,True,E
5945_33f2159b.jpg,Test,0,0,0,6,0,0,0,0,0,6,6,6,6,6,6,0,0,6,6,6,6,6,6,0,0,6,6,6,6,6,6,0,0,6,6,6,6,6,6,0,0,6,6,6,6,6,6,0,0,6,6,6,6,6,6,0,0,6,6,6,6,6,6,0,True,E
5946_c1774026.jpg,Test,0,0,0,0,0,0,0,0,0,0,0,0,0,0,0,0,0,0,0,0,8,8,0,0,0,0,0,0,8,8,0,0,0,0,0,0,8,8,0,0,0,0,0,0,0,0,0,0,0,0,0,0,0,0,0,0,0,0,0,0,0,0,0,0,True,E
5947_22e9feda.jpg,Test,0,0,0,0,0,0,0,0,0,0,0,0,0,0,0,0,0,0,0,6,6,0,0,0,0,0,8,6,6,0,0,0,0,0,8,6,6,0,0,0,0,0,8,6,6,0,0,0,0,0,8,6,6,0,0,0,0,0,8,6,6,0,0,0,True,E
5948_cf54f232.jpg,Test,0,0,0,0,0,0,0,0,0,0,8,8,0,0,0,0,0,0,8,8,0,0,0,0,0,0,8,8,0,0,0,0,0,0,8,8,0,0,0,0,0,0,8,8,0,0,0,0,0,0,8,8,0,0,0,0,0,0,8,0,0,0,0,0,True,E
5949_476586d6.jpg,Test,0,0,0,0,0,0,0,0,0,0,0,0,0,0,0,0,0,0,0,0,0,0,0,0,8,8,6,6,6,4,8,0,8,8,6,6,6,4,8,0,8,8,6,6,6,4,8,0,8,8,6,6,6,4,8,0,6,0,0,0,0,4,6,0,True,E
5950_c7e44ee3.jpg,Test,0,0,0,0,0,0,0,0,0,0,8,8,8,8,0,0,0,0,8,8,8,8,8,0,0,0,8,8,8,8,8,0,0,0,8,8,8,8,8,0,0,0,8,8,8,8,8,0,0,0,8,8,8,8,8,0,0,0,8,8,8,8,0,0,True,E
5951_4114b9f3.jpg,Test,0,0,9,9,9,9,0,0,9,9,9,9,9,9,9,9,9,9,9,9,9,9,9,9,9,9,9,9,9,9,9,9,9,9,9,9,9,9,9,9,9,9,9,9,9,9,9,9,9,9,9,9,9,9,9,9,0,0,6,6,9,9,0,0,True,E
5952_3453d5cd.jpg,Test,0,0,0,0,0,0,0,0,0,0,0,0,0,0,0,0,0,0,0,5,5,0,0,0,0,0,0,5,5,0,0,0,0,0,0,5,5,0,0,0,0,0,0,5,5,0,0,0,0,0,0,5,5,0,0,0,0,0,0,5,5,0,0,0,True,E
5953_9e19ae04.jpg,Test,0,0,0,0,0,0,0,0,0,9,0,9,0,5,6,9,0,9,0,9,0,5,5,9,0,9,0,9,9,5,5,9,0,9,0,9,9,5,5,9,0,9,0,9,9,5,5,9,0,9,0,9,9,5,5,9,0,9,0,9,9,5,5,9,True,E
5954_cb896684.jpg,Test,0,0,0,0,0,0,0,0,0,0,0,6,6,6,0,0,0,0,0,6,6,6,0,0,0,0,0,6,6,6,0,0,0,0,0,6,6,6,0,0,0,0,0,6,6,6,0,0,0,0,0,6,6,6,0,0,0,0,0,6,6,0,0,0,True,E
5955_772bd807.jpg,Test,0,0,0,6,6,6,6,0,0,0,0,6,6,6,6,0,0,0,0,6,6,6,0,0,0,0,0,6,6,6,0,0,0,0,0,6,6,6,0,0,0,0,0,6,6,6,6,0,0,0,0,6,6,6,6,0,0,0,0,6,6,6,6,0,True,E
5956_052ea422.jpg,Test,0,0,0,0,0,0,2,2,0,0,0,0,0,0,2,2,0,0,0,0,9,9,2,2,0,0,0,9,9,9,0,0,0,0,0,9,9,9,0,0,0,0,0,9,9,9,0,0,0,0,0,9,9,9,0,0,0,0,0,9,9,9,0,0,True,E
5957_69fc3e08.jpg,Test,0,0,0,0,0,0,0,0,0,0,0,0,9,9,0,0,9,9,0,0,9,9,0,0,9,9,0,0,9,9,0,0,9,9,0,0,9,9,0,0,9,9,0,0,9,9,0,0,9,9,0,0,9,9,0,0,9,9,0,0,9,9,0,0,True,E
5958_9a23d607.jpg,Test,0,5,5,5,0,0,0,0,9,5,9,9,5,5,5,5,9,5,9,9,5,5,5,5,9,5,9,9,5,5,5,5,9,5,9,9,5,5,0,0,9,5,5,5,5,0,0,0,9,5,5,0,0,0,0,0,0,0,0,0,0,0,0,0,True,E
5959_3c220b8e.jpg,Test,0,0,0,0,0,0,0,0,9,9,9,9,9,9,9,9,9,9,9,9,9,9,9,9,9,9,9,9,9,9,9,9,9,9,9,9,9,9,9,9,9,9,9,9,9,9,9,9,9,9,9,9,9,9,9,9,9,9,9,9,9,9,9,9,True,E
5960_78eab370.jpg,Test,0,0,0,0,0,0,0,0,0,9,9,9,9,5,5,9,0,9,9,9,9,5,5,9,0,9,9,9,9,5,5,9,0,9,9,9,9,5,5,9,0,9,9,9,9,5,5,9,0,9,9,9,0,5,5,9,0,0,0,0,0,0,0,0,True,E
5961_23767119.jpg,Test,0,0,0,0,0,5,5,0,0,0,0,0,0,5,5,0,0,5,5,5,5,5,5,5,5,5,5,5,5,5,5,5,5,5,5,5,5,5,5,5,5,5,5,5,5,5,5,5,5,5,5,5,5,5,5,5,5,5,5,5,5,5,5,5,True,E
5962_ca859e27.jpg,Test,0,0,5,0,0,0,0,0,0,5,5,0,0,0,0,0,0,5,5,0,9,9,0,0,0,5,5,0,9,9,0,0,0,5,5,0,9,9,0,0,0,5,5,0,9,9,0,0,0,5,5,0,9,9,0,0,0,5,5,0,9,9,0,0,True,E
5963_5b22c87e.jpg,Test,0,0,0,5,5,0,0,0,0,0,0,5,5,0,0,0,0,0,0,5,5,0,0,0,0,0,0,5,5,0,0,0,0,0,0,5,5,0,0,0,0,0,0,5,5,0,0,0,0,0,0,5,5,0,0,0,0,0,0,5,5,0,0,0,True,E
5964_2ed417e1.jpg,Test,0,0,0,0,0,0,0,0,0,0,0,9,0,0,0,0,0,0,9,9,9,0,0,0,0,0,9,9,9,0,0,0,0,0,9,9,9,0,0,0,0,0,9,9,9,0,0,0,0,0,9,9,9,0,0,0,0,0,0,9,0,0,0,0,True,E
5965_cb549988.jpg,Test,0,0,0,0,0,0,0,0,0,0,0,0,0,0,0,0,0,0,0,0,0,0,0,0,0,0,0,0,0,0,0,0,0,0,0,0,0,0,0,0,0,0,0,0,0,0,0,0,0,0,0,0,0,0,0,0,0,0,0,0,0,0,0,0,True,E
5966_fdbacc57.jpg,Test,0,0,0,0,0,0,0,0,0,0,0,9,9,9,9,0,0,0,0,9,9,9,9,0,0,0,0,9,9,9,9,0,0,0,0,9,9,9,9,0,0,0,0,9,9,9,9,0,0,0,0,9,9,9,9,0,0,0,0,9,9,9,9,0,True,E
5967_286fa2ba.jpg,Test,0,0,0,0,9,0,0,0,0,0,0,9,9,0,0,0,0,0,0,9,9,0,0,0,0,0,0,9,9,0,0,0,0,0,0,9,9,9,0,0,0,0,0,9,9,9,0,0,0,0,0,9,9,9,0,0,0,0,0,9,9,9,0,0,True,E
5968_e6191184.jpg,Test,0,0,0,0,0,0,0,0,0,0,0,0,0,0,0,0,0,0,0,0,0,0,0,0,0,0,0,0,0,0,0,0,0,0,0,0,0,0,0,0,0,0,0,0,0,0,0,0,0,0,0,0,0,0,0,0,0,0,0,0,0,0,0,0,True,E
5969_2ca539aa.jpg,Test,0,0,0,0,0,9,0,0,0,0,5,9,9,9,0,0,0,0,5,9,9,9,0,0,0,0,5,9,9,9,0,0,0,0,5,9,9,9,0,9,0,0,5,9,9,9,0,9,0,0,5,9,9,9,0,9,0,0,5,9,9,9,0,0,True,E
5970_259ee2a0.jpg,Test,0,0,0,0,0,0,0,0,0,5,5,5,5,5,5,0,0,5,5,5,5,5,5,0,0,5,5,5,5,5,5,0,0,5,5,5,5,5,5,0,0,5,5,5,5,5,5,0,0,5,5,5,5,5,5,0,0,5,5,5,5,5,5,0,True,E
5971_326885ee.jpg,Test,0,5,5,0,0,0,0,0,0,5,5,5,5,5,0,0,0,5,5,5,5,5,0,0,0,5,5,5,5,5,0,0,0,5,5,5,5,5,0,0,0,5,5,5,5,5,0,0,0,5,5,5,5,5,0,0,0,5,5,5,5,5,0,0,True,E
5972_c5e9e2c4.jpg,Test,9,9,9,0,0,0,0,0,9,9,9,5,5,5,5,0,9,9,9,5,5,5,5,5,5,9,9,5,5,5,5,5,5,9,9,5,5,5,5,5,5,9,9,5,5,5,5,5,9,9,9,5,5,5,5,5,0,9,0,0,0,0,0,0,True,E
5973_6cb990e2.jpg,Test,0,0,0,0,0,0,0,0,0,0,9,9,9,0,0,0,0,5,9,9,9,0,0,0,5,5,9,9,9,0,0,0,5,5,9,9,9,0,0,0,5,5,9,9,9,0,0,0,5,5,9,9,9,0,0,0,0,5,4,4,4,0,0,0,True,E
5974_ebf59da9.jpg,Test,0,0,0,0,0,0,0,0,0,5,5,5,5,0,0,0,0,5,5,5,5,0,0,0,0,5,5,5,5,0,0,0,0,5,5,5,5,0,0,0,0,5,5,5,5,0,0,0,0,5,5,5,5,0,0,0,0,0,0,0,0,0,0,0,True,E
5975_36a3bba3.jpg,Test,9,9,9,0,0,0,0,0,9,9,9,9,9,9,9,0,9,9,9,9,9,9,9,0,9,9,9,9,9,9,9,0,9,9,9,9,9,9,9,0,9,9,9,9,9,9,9,0,9,9,9,9,9,9,9,0,0,0,0,9,9,9,9,0,True,E
5976_59365cb7.jpg,Test,0,0,9,9,9,0,0,0,0,0,9,9,9,9,0,0,0,0,9,9,9,9,0,0,0,0,9,9,9,9,0,0,0,0,9,9,9,9,0,0,0,0,9,9,9,9,0,0,0,0,9,9,9,9,0,0,0,0,9,9,9,9,0,0,True,E
5977_6fbcf375.jpg,Test,0,0,5,5,0,0,0,0,0,0,5,5,9,9,9,0,0,0,5,5,9,9,9,0,0,0,5,5,9,9,9,0,0,0,5,5,9,9,9,0,0,0,5,5,9,9,9,0,0,0,5,5,9,9,9,0,0,0,5,5,9,9,9,0,True,E
5978_8ff01e23.jpg,Test,0,0,0,5,5,5,5,0,0,9,9,9,5,5,5,0,0,9,9,9,5,5,5,0,0,9,9,9,5,5,5,0,0,9,9,9,5,5,5,0,0,9,9,9,5,5,5,0,0,9,9,9,5,5,5,0,0,9,9,5,5,5,5,0,True,E
5979_b7994ce4.jpg,Test,0,9,9,0,9,9,0,0,0,9,9,9,9,9,0,0,0,9,9,9,9,9,0,0,0,9,9,9,9,9,0,0,0,9,9,9,9,9,0,0,0,9,9,9,9,9,0,0,0,9,9,9,9,9,0,0,0,9,9,0,9,9,0,0,True,E
5980_510c2864.jpg,Test,0,0,0,0,0,0,0,0,0,0,9,9,9,9,0,0,0,0,9,9,9,9,0,0,0,0,9,9,9,9,0,0,0,0,9,9,9,9,0,0,0,0,9,9,9,9,0,0,0,9,9,9,9,9,0,0,0,0,0,0,0,0,0,0,True,E
5981_0f8a6272.jpg,Test,0,0,5,5,5,0,0,0,0,5,5,5,5,0,0,0,0,5,5,5,5,0,0,0,0,5,5,5,5,0,0,0,0,5,5,5,5,0,0,0,0,5,5,5,5,0,0,0,0,5,5,5,5,0,0,0,0,5,5,5,5,0,0,0,True,E
5982_f4073a3f.jpg,Test,0,9,9,9,9,0,0,0,0,9,9,9,9,0,0,0,0,9,9,9,9,0,0,0,0,9,9,9,9,0,0,0,0,9,9,9,9,0,0,0,0,9,9,9,9,0,0,0,0,9,9,9,9,0,0,0,0,9,9,9,9,0,0,0,True,E
5983_f87bdf42.jpg,Test,0,0,0,0,0,0,0,0,0,0,0,0,0,0,0,0,0,0,0,0,0,0,0,0,0,0,0,0,0,0,0,0,0,0,0,0,0,0,0,0,0,0,0,0,0,0,0,0,0,0,0,0,0,0,0,0,0,0,0,0,0,0,0,0,True,E
5984_12d0672e.jpg,Test,0,0,0,0,0,0,0,0,0,5,5,5,5,5,5,5,0,5,5,5,5,5,5,5,0,5,5,5,5,5,5,5,0,5,5,5,5,5,5,5,0,5,5,0,5,5,5,5,0,5,5,0,5,5,5,5,0,5,5,0,5,5,5,5,True,E
5985_826e1e60.jpg,Test,0,0,0,0,0,0,0,0,0,0,9,9,0,0,0,0,0,0,9,9,0,0,0,0,0,0,9,9,0,0,0,0,0,0,9,9,0,0,0,0,0,0,9,9,0,0,0,0,0,0,9,9,0,0,0,0,0,0,9,9,0,0,0,0,True,E
5986_9b3b89b0.jpg,Test,0,0,0,9,9,0,0,0,0,0,0,9,9,0,0,0,0,0,0,9,9,0,0,0,0,0,0,9,9,0,0,0,0,0,0,9,9,0,0,0,0,0,0,9,9,0,0,0,0,0,0,0,0,0,0,0,0,0,0,0,0,0,0,0,True,E
5987_2548f8dd.jpg,Test,0,0,0,0,9,9,9,0,0,0,0,0,9,9,9,0,0,0,0,0,9,9,9,0,0,0,0,0,9,9,9,0,0,0,0,0,9,9,9,0,0,0,0,0,9,9,9,0,0,0,0,0,9,9,9,0,0,0,0,0,9,9,9,0,True,E
5988_3ea6b668.jpg,Test,0,0,0,0,9,9,0,0,0,6,6,6,9,9,0,0,0,6,6,6,9,9,0,0,0,6,6,6,9,9,0,0,0,6,6,6,9,9,0,0,0,6,6,6,9,9,0,0,0,6,6,6,9,9,0,0,0,6,6,6,9,9,0,0,True,E
5989_0a5e1d1c.jpg,Test,0,5,5,5,5,5,0,0,0,5,5,5,5,5,0,0,0,5,5,5,5,5,0,0,0,5,5,5,5,5,0,0,0,5,5,5,5,5,0,0,0,5,5,5,5,5,0,0,0,5,5,5,5,5,0,0,0,5,5,5,5,5,0,0,True,E
5990_03aebfa1.jpg,Test,0,0,0,0,0,0,0,0,9,9,9,0,0,0,0,0,9,9,9,0,0,0,0,0,9,9,9,5,5,5,5,0,9,9,9,5,5,5,5,0,9,9,9,5,5,5,5,0,9,9,9,5,5,5,5,0,0,0,0,0,0,0,0,0,True,E
5991_21784af1.jpg,Test,0,0,0,0,0,0,0,0,0,9,9,9,9,9,9,0,0,9,9,9,9,9,9,0,0,9,9,9,9,9,9,0,0,9,9,9,9,9,9,0,0,9,9,9,9,9,9,0,0,9,9,9,9,9,9,0,0,9,9,9,9,9,9,0,True,E
5992_ceef38bc.jpg,Test,0,0,0,0,5,5,5,0,0,0,0,0,0,5,5,0,0,0,0,0,0,5,5,0,0,0,0,0,0,5,5,0,0,0,0,0,0,5,5,0,0,0,0,0,0,5,5,0,0,0,0,0,0,0,5,0,0,0,0,0,0,0,5,0,True,E
5993_b0604d6c.jpg,Test,0,0,0,0,0,0,0,0,0,0,0,0,5,5,5,0,0,0,0,0,5,5,5,0,9,9,9,0,5,5,5,0,9,9,9,0,5,5,5,0,9,9,9,0,5,5,5,0,9,9,9,0,5,5,5,0,9,9,9,0,0,5,5,0,True,E
5994_f573cbf3.jpg,Test,0,0,0,0,0,0,0,9,0,0,0,0,0,5,9,9,9,9,9,9,9,2,9,9,9,9,9,9,9,2,9,9,9,9,9,9,9,2,9,9,9,9,9,9,9,2,9,9,9,9,9,9,9,2,9,9,9,9,9,9,9,2,9,9,True,E
5995_044b69e1.jpg,Test,0,0,0,0,0,0,0,0,0,0,9,9,9,0,0,0,0,0,9,9,9,0,0,0,0,0,9,9,9,0,0,0,0,0,9,9,9,0,0,0,0,0,9,9,9,0,0,0,0,0,9,9,9,0,0,0,0,0,9,9,9,0,0,0,True,E
5996_dbfae4c6.jpg,Test,0,0,0,0,0,9,9,0,0,9,9,9,9,9,9,9,0,9,9,9,9,9,9,9,9,9,9,9,9,9,9,9,9,9,9,9,9,9,9,9,9,9,9,9,9,9,9,9,9,9,9,9,9,9,9,9,9,9,9,9,9,9,9,0,True,E
5997_c2d4f357.jpg,Test,0,0,0,0,0,0,0,0,0,0,0,0,0,0,0,0,0,0,0,0,0,0,0,0,0,0,0,0,0,0,0,0,0,0,0,0,0,0,0,0,0,0,0,0,0,0,0,0,0,0,0,0,0,0,0,0,0,0,0,0,0,0,0,0,True,E
5998_d26a6889.jpg,Test,0,0,0,0,0,0,0,0,0,0,0,0,0,0,0,0,0,0,0,0,0,0,0,0,0,0,0,0,0,0,0,0,0,0,0,0,0,0,0,0,0,0,0,0,0,0,0,0,0,0,0,0,0,0,0,0,0,0,0,0,0,0,0,0,True,E
5999_99370d63.jpg,Test,0,0,0,0,0,0,0,0,0,0,0,0,0,0,0,0,0,0,0,0,0,0,0,0,0,0,0,0,0,0,0,0,0,0,0,0,0,0,0,0,0,0,0,0,0,0,0,0,0,0,0,0,0,0,0,0,0,0,0,0,0,0,0,0,True,E
6000_05266540.jpg,Test,0,0,0,0,0,0,0,0,0,5,5,0,0,9,9,0,0,5,5,0,0,9,9,0,0,5,5,0,0,9,9,0,0,5,5,0,0,9,9,0,0,5,5,0,0,9,9,0,0,5,5,0,0,9,9,0,0,5,5,0,0,9,9,0,True,E
6001_82178b8b.jpg,Test,0,0,0,0,0,0,0,0,0,0,0,0,0,0,0,0,0,0,0,0,0,0,0,0,0,0,0,0,0,0,0,0,0,0,0,0,0,0,0,0,0,0,0,0,0,0,0,0,0,0,0,0,0,0,0,0,0,0,0,0,0,0,0,0,True,E
6002_4cc3958d.jpg,Test,0,0,0,0,0,0,0,0,0,0,0,0,0,0,0,0,0,0,0,0,0,0,0,0,0,0,0,0,0,0,0,0,9,9,9,9,0,0,9,9,9,9,9,9,0,0,9,9,9,9,9,9,0,0,9,9,0,0,0,0,0,0,0,0,True,E
6003_563e6649.jpg,Test,0,0,0,0,0,0,0,0,0,0,5,0,5,5,5,0,5,0,5,0,5,5,5,0,5,5,5,0,5,5,5,0,5,5,5,0,5,5,5,0,5,5,5,0,5,5,5,0,5,5,5,0,5,5,5,0,5,0,5,0,5,5,5,0,True,E
6004_060889d0.jpg,Test,0,0,0,9,9,9,9,0,9,9,9,9,9,9,9,0,9,9,9,9,9,9,9,0,9,9,9,9,9,9,9,0,9,9,9,9,9,9,9,0,9,9,9,9,9,9,9,0,9,9,9,9,9,9,9,0,9,9,9,9,9,9,9,0,True,E
6005_dac39660.jpg,Test,0,0,0,0,0,0,0,0,0,0,0,0,0,0,0,0,0,0,0,0,0,0,0,0,0,0,0,0,0,0,0,0,0,0,0,0,0,0,0,0,0,0,0,0,0,0,0,0,0,0,0,0,0,0,0,0,0,0,0,0,0,0,0,0,True,E
6006_89e9377f.jpg,Test,0,0,0,0,0,0,0,0,5,5,9,9,2,9,9,0,5,5,9,9,2,9,9,0,5,5,9,9,2,9,9,0,5,5,9,9,2,9,9,0,5,5,9,9,2,9,9,0,5,5,9,9,2,9,9,0,0,5,9,2,2,2,2,0,True,E
6007_f5cdc204.jpg,Test,0,0,0,5,5,5,0,0,0,0,5,5,5,5,0,0,0,0,5,5,5,5,0,0,0,0,5,5,5,5,0,0,0,0,5,5,5,5,0,0,0,0,5,5,5,5,0,0,0,0,5,5,5,5,0,0,0,0,0,0,0,0,0,0,True,E
6008_973d1370.jpg,Test,0,0,0,0,0,0,0,0,0,0,0,0,0,0,0,0,5,5,5,5,0,0,9,9,5,5,5,5,5,0,9,9,5,5,5,5,5,0,9,9,5,5,5,5,5,0,9,9,5,5,5,5,5,0,9,9,0,5,5,5,0,0,9,5,True,E
6009_7715eef5.jpg,Test,0,0,0,0,0,0,0,0,0,0,0,0,0,0,0,0,0,0,0,0,0,0,0,0,0,0,9,0,0,0,0,0,0,0,9,9,0,0,0,0,0,0,9,9,0,0,0,5,0,0,9,9,0,0,5,5,0,0,9,9,0,0,5,5,True,E
6010_4d9718c4.jpg,Test,0,0,0,9,9,0,0,0,0,0,9,9,9,0,0,0,0,0,9,9,9,0,0,0,0,0,9,9,9,0,0,0,0,0,9,9,9,0,0,0,0,0,9,9,9,0,0,0,0,0,9,9,9,0,0,0,0,0,0,9,9,0,0,0,True,E
6011_e92f51da.jpg,Test,0,0,0,0,0,0,0,0,0,0,0,0,0,0,0,0,0,0,0,0,0,0,0,0,0,0,0,0,0,0,0,0,0,0,0,0,0,0,0,0,0,0,0,0,0,0,0,0,0,0,0,0,0,0,0,0,0,0,0,0,0,0,0,0,True,E
6012_ba6b47ac.jpg,Test,0,0,0,0,0,0,0,0,0,0,0,0,0,0,0,0,0,0,5,5,9,9,0,0,0,0,5,5,9,9,0,0,0,0,5,5,9,9,0,0,0,0,5,5,9,9,0,0,0,0,5,5,9,9,0,0,0,0,5,5,9,9,0,0,True,E
6013_dc3c03cb.jpg,Test,0,0,0,0,0,0,0,0,0,9,9,9,9,9,0,0,0,9,9,9,9,9,0,0,0,9,9,9,9,9,0,0,0,9,9,9,9,9,0,0,0,9,9,9,9,9,0,0,0,9,9,9,9,9,0,0,0,9,9,9,9,0,0,0,True,E
6014_771822e2.jpg,Test,0,0,0,0,0,0,0,0,0,0,6,6,0,0,0,0,0,0,6,6,0,6,6,0,0,0,6,6,0,6,6,0,0,0,6,6,0,6,6,6,0,0,6,6,0,6,6,6,0,0,6,6,0,6,6,0,0,0,0,0,0,0,0,0,True,E
6015_f4b5085d.jpg,Test,0,9,0,0,0,0,0,0,0,9,0,0,0,0,0,0,0,9,5,5,5,0,0,0,0,9,5,5,5,0,0,0,9,9,5,5,5,0,0,0,9,9,5,5,5,0,0,0,9,9,5,5,5,0,0,0,0,2,5,5,5,0,0,0,True,E
6016_33ac4574.jpg,Test,0,0,0,0,0,0,0,0,0,0,0,9,9,9,0,0,0,0,0,9,9,9,0,0,0,0,0,9,9,9,0,0,0,0,0,9,9,9,0,0,0,0,0,9,9,9,0,0,0,0,0,9,9,9,0,0,0,0,0,9,9,9,0,0,True,E
6017_75c87c67.jpg,Test,0,0,0,0,0,0,0,0,0,0,0,0,0,0,0,0,0,0,0,0,0,0,0,0,0,0,0,0,0,0,0,0,0,0,0,0,0,0,0,0,0,0,0,0,0,0,0,0,0,0,0,0,0,0,0,0,0,0,0,0,0,0,0,0,True,E
6018_ac138cef.jpg,Test,0,0,0,0,5,5,5,5,0,5,5,5,5,5,5,5,0,5,5,5,5,5,5,5,0,5,5,5,5,5,5,5,0,5,5,5,5,5,5,5,0,5,5,5,5,5,5,5,0,5,5,5,5,5,5,5,0,5,5,5,5,5,5,5,True,E
6019_63f141a5.jpg,Test,0,0,0,0,0,0,0,0,0,9,9,9,9,9,9,0,0,9,9,9,9,9,9,0,0,9,9,9,9,9,9,0,0,9,9,9,9,9,9,0,0,9,9,9,9,9,9,0,0,9,9,9,9,9,9,0,0,9,9,9,0,0,0,0,True,E
6020_dcf6c68c.jpg,Test,0,0,0,0,0,0,0,0,0,0,0,0,9,0,0,0,5,5,0,0,9,0,0,0,5,5,0,0,9,0,0,0,5,5,0,0,9,0,0,0,5,5,0,0,9,0,0,0,5,5,0,0,9,0,0,0,0,5,0,0,0,0,0,0,True,E
6021_527460fa.jpg,Test,0,0,0,0,0,0,0,0,9,9,9,0,5,5,0,0,9,9,9,5,5,5,5,0,9,9,9,5,5,5,5,0,9,9,9,5,5,5,5,0,9,9,9,5,5,5,5,0,9,9,9,5,5,5,5,0,9,9,9,5,5,5,5,0,True,E
6022_585da593.jpg,Test,0,0,0,0,0,0,0,0,0,0,0,0,0,0,0,0,0,0,0,0,0,0,0,0,0,0,0,0,0,0,0,0,0,0,0,0,0,0,0,0,0,0,0,0,0,0,0,0,0,0,0,0,0,0,0,0,0,0,0,0,0,0,0,0,True,E
6023_6cb8ca0d.jpg,Test,0,0,0,0,0,0,0,0,0,0,0,0,0,0,0,0,0,0,0,0,0,0,5,5,0,0,9,9,9,9,5,5,0,0,9,9,9,9,5,5,0,0,9,9,9,9,5,5,0,0,9,9,9,9,5,0,0,0,0,0,0,0,0,0,True,E
6024_9ec2ef79.jpg,Test,0,0,0,0,3,3,3,0,9,9,9,9,9,3,3,0,9,9,9,9,9,3,3,0,9,9,9,9,9,3,3,0,9,9,9,9,9,3,3,0,9,9,9,9,9,3,3,0,9,9,9,9,9,3,3,0,9,9,9,9,9,3,3,0,True,E
6025_9c73658c.jpg,Test,9,9,0,0,0,0,0,0,9,9,0,9,9,9,0,0,9,9,0,9,9,9,9,0,9,9,0,9,9,9,9,0,9,9,0,9,9,9,9,0,9,9,0,9,9,9,9,0,9,9,0,9,9,9,9,0,0,0,0,0,9,0,0,0,True,E
6026_999da2be.jpg,Test,0,0,0,0,0,0,0,0,0,0,0,0,9,0,0,0,0,0,0,0,9,0,0,0,0,0,0,0,9,0,0,0,0,0,0,0,9,0,0,0,0,0,0,0,9,0,0,0,0,0,0,0,9,0,0,0,0,0,0,0,9,0,0,0,True,E
6027_756ea32c.jpg,Test,0,0,0,0,0,0,0,0,9,9,9,0,0,0,0,0,9,9,9,0,0,0,9,9,9,9,9,0,0,0,9,9,9,9,9,0,0,0,9,9,9,9,9,0,0,0,9,9,9,9,9,0,0,0,9,9,0,9,9,0,0,0,9,9,True,E
6028_9c7c7e2c.jpg,Test,0,0,0,0,0,0,0,0,0,0,0,9,0,0,0,0,0,0,0,9,9,0,0,0,0,0,0,9,9,0,0,0,0,0,0,9,9,0,0,0,0,0,0,9,9,0,0,0,0,0,0,9,9,0,0,0,0,0,0,0,0,0,0,0,True,E
6029_d0bfbc72.jpg,Test,0,0,0,0,0,0,0,0,0,0,5,0,0,9,9,0,5,5,5,5,9,9,9,0,5,5,5,5,9,9,9,0,5,5,5,5,9,9,9,0,5,5,5,5,9,9,9,0,5,5,5,5,9,9,9,0,5,5,5,5,9,9,9,0,True,E
6030_a0442cda.jpg,Test,0,0,0,0,0,0,0,0,0,9,9,0,0,0,0,0,0,9,9,0,0,0,0,0,0,9,9,0,9,0,0,0,0,9,9,0,0,0,0,0,0,9,9,0,0,0,0,0,0,9,9,0,9,0,0,0,0,9,9,0,0,0,0,0,True,E
6031_b53f3414.jpg,Test,0,0,0,0,0,0,0,0,0,0,0,0,0,0,0,0,0,0,0,0,0,0,0,0,0,0,0,0,0,0,0,0,0,0,0,0,0,0,0,0,0,0,0,0,0,0,0,0,0,0,0,0,0,0,0,0,0,0,0,0,0,0,0,0,True,E
6032_1989e01e.jpg,Test,0,0,0,0,0,0,0,0,0,0,0,0,0,0,0,0,9,9,9,9,5,5,5,5,9,9,9,9,5,5,5,5,9,9,9,9,5,5,5,5,9,9,9,9,5,5,5,5,9,9,9,9,5,5,5,5,0,9,9,9,5,5,5,5,True,E
6033_f221442d.jpg,Test,0,0,9,9,0,0,0,0,0,0,9,9,0,0,0,0,0,0,9,9,0,0,0,0,0,0,9,9,0,0,0,0,0,0,9,9,0,0,0,0,0,0,9,9,0,0,0,0,0,0,9,9,0,0,0,0,0,0,9,9,0,0,0,0,True,E
6034_e10acac5.jpg,Test,0,0,0,0,0,0,0,0,0,0,0,0,0,0,0,0,0,0,9,9,9,9,0,0,0,0,9,9,9,9,0,0,0,0,9,9,9,9,0,0,0,0,9,9,9,9,0,0,0,0,9,9,9,9,0,0,0,0,0,9,9,0,0,0,True,E
6035_e672f96f.jpg,Test,0,0,0,0,9,9,0,0,0,0,0,0,9,9,0,0,0,0,0,0,9,9,0,0,0,0,0,0,9,9,0,0,0,0,0,0,9,9,0,0,0,0,0,0,9,9,0,0,0,0,0,0,9,9,0,0,0,0,0,0,9,9,0,0,True,E
6036_443ed16b.jpg,Test,0,0,0,0,0,0,0,0,0,0,0,9,9,0,0,0,0,5,5,9,9,0,0,0,0,5,5,9,9,0,0,0,0,5,5,9,9,0,0,0,0,5,5,9,9,0,0,0,0,5,5,9,9,0,0,0,0,0,0,9,0,0,0,0,True,E
6037_2f835753.jpg,Test,0,0,0,0,0,0,0,0,0,0,9,9,9,0,0,0,0,0,9,9,9,0,0,0,0,0,9,9,9,0,0,0,0,0,9,9,9,0,0,0,0,0,9,9,9,0,0,0,0,0,9,9,9,0,0,0,0,0,0,0,0,0,0,0,True,E
6038_1fc8774b.jpg,Test,0,0,0,0,0,0,0,0,0,0,0,0,0,0,0,0,0,0,0,0,0,0,0,0,0,0,0,0,0,0,0,0,0,0,0,0,0,0,0,0,0,0,0,0,0,0,0,0,0,0,0,0,0,0,0,0,0,0,0,0,0,0,0,0,True,E
6039_d2473d9b.jpg,Test,0,0,0,0,0,0,0,0,0,0,0,0,0,0,0,0,0,0,0,5,5,0,0,0,0,0,0,5,5,0,0,0,0,0,0,5,5,5,0,0,0,0,0,5,5,5,5,0,0,0,0,5,5,5,5,0,0,0,0,5,5,5,0,0,True,E
6040_65a5a999.jpg,Test,0,0,0,0,0,0,0,0,0,9,9,9,9,9,9,9,0,9,9,9,9,9,9,9,0,9,9,9,9,9,9,9,0,9,9,9,9,9,9,9,0,9,9,9,9,9,9,9,0,9,9,9,9,9,9,9,0,9,9,9,9,9,9,9,True,E
6041_076703b9.jpg,Test,0,0,0,0,0,0,0,0,0,0,0,0,0,0,0,0,9,9,9,9,9,9,9,0,9,9,9,9,9,9,9,0,9,9,9,9,9,9,9,0,9,9,9,9,9,9,9,0,9,9,9,9,9,9,9,0,0,0,0,0,0,0,0,0,True,E
6042_90bfe1cf.jpg,Test,0,0,0,0,0,0,0,0,0,0,0,9,9,0,0,0,0,0,0,9,9,0,0,0,0,0,0,9,9,0,0,0,0,0,0,9,9,0,0,0,0,0,0,9,9,0,0,0,0,0,0,0,0,0,0,0,0,0,0,0,0,0,0,0,True,E
6043_173ae2a6.jpg,Test,0,0,0,5,5,5,0,0,0,0,0,5,5,5,0,0,0,0,0,5,5,5,0,0,0,0,0,5,5,5,0,0,0,0,0,5,5,5,0,0,0,0,0,5,5,5,0,0,0,0,0,5,5,5,0,0,0,0,0,0,5,0,0,0,True,E
6044_b9516255.jpg,Test,0,0,0,5,5,5,5,0,0,0,0,5,5,5,5,0,0,0,0,5,5,5,5,0,0,0,0,5,5,5,5,0,0,0,0,5,5,5,5,0,0,0,0,5,5,5,5,0,0,0,0,5,5,5,5,0,0,0,0,5,5,5,5,0,True,E
6045_d72dd92c.jpg,Test,0,0,0,0,0,0,0,0,0,0,0,0,0,0,0,0,0,0,0,0,0,0,0,0,0,0,0,0,0,0,0,0,0,0,0,0,0,0,0,0,0,0,0,0,0,0,0,0,0,0,0,0,0,0,0,0,0,0,0,0,0,0,0,0,True,E
6046_14515b03.jpg,Test,0,0,0,0,0,0,0,0,0,0,0,0,0,0,0,0,0,0,0,0,0,0,0,0,0,0,0,0,0,0,0,0,0,0,0,0,0,0,0,0,0,0,0,0,0,0,0,0,0,0,0,0,0,0,0,0,0,0,0,0,0,0,0,0,True,E
6047_7189d121.jpg,Test,0,0,0,0,0,0,0,0,0,9,9,9,9,0,0,0,0,9,9,9,9,5,5,0,0,9,9,9,9,5,5,0,0,9,9,9,9,5,5,0,0,9,9,9,9,5,5,0,0,9,9,9,9,5,5,0,0,0,9,9,0,0,5,0,True,E
6048_34ebacc1.jpg,Test,0,0,0,0,0,0,0,0,0,0,0,0,0,0,0,0,9,9,0,0,9,9,9,9,9,9,9,9,9,9,9,9,9,9,9,9,9,9,9,9,9,9,9,9,9,9,9,9,9,9,9,9,9,9,9,9,0,0,9,9,9,9,9,0,True,E
6049_a49dde4c.jpg,Test,0,0,0,0,0,0,0,0,0,0,0,0,0,0,0,0,0,0,5,0,0,0,0,0,0,5,5,5,5,5,5,5,0,5,5,5,5,5,5,5,0,5,5,5,5,5,5,5,0,5,5,5,5,5,5,5,0,0,0,0,0,0,5,0,True,E
6050_5badc0e5.jpg,Test,0,0,0,0,0,0,0,0,0,0,0,9,9,9,0,0,5,5,0,9,9,9,0,0,5,5,0,9,9,9,0,0,5,5,5,9,9,9,0,0,5,5,5,9,9,9,0,0,5,5,5,9,9,9,0,0,5,5,5,9,9,9,0,0,True,E
6051_f950b504.jpg,Test,0,0,0,0,5,5,0,0,0,0,0,0,5,5,0,0,0,0,0,0,5,5,0,0,0,0,0,0,5,5,0,0,0,0,0,0,5,5,0,0,0,0,0,0,5,5,0,0,0,0,0,0,5,5,0,0,0,0,0,0,5,0,0,0,True,E
6052_4692dfe0.jpg,Test,0,0,0,0,5,5,0,0,0,0,0,9,5,5,0,0,0,0,0,9,5,5,0,0,0,0,0,9,5,5,0,0,0,0,0,9,5,5,0,0,0,0,0,9,5,5,0,0,0,0,0,9,0,0,0,0,0,0,0,9,0,0,0,0,True,E
6053_bd7c9855.jpg,Test,0,0,0,0,0,0,0,0,0,0,0,0,5,5,0,0,0,0,0,0,5,5,0,0,0,0,0,0,5,5,0,0,0,0,0,0,5,5,0,0,0,0,0,0,5,5,0,0,0,0,0,0,0,0,0,0,0,0,0,0,0,0,0,0,True,E
6054_8f1aedf5.jpg,Test,0,0,0,0,0,0,0,0,5,5,5,5,5,5,5,0,5,5,5,5,5,5,5,5,5,5,5,5,5,5,5,5,5,5,5,5,5,5,5,5,5,5,5,5,5,5,5,5,5,5,5,5,5,5,5,5,5,5,5,5,5,5,5,5,True,E
6055_12e121ec.jpg,Test,0,0,0,9,9,9,0,0,0,9,9,9,9,9,0,0,0,9,9,9,9,9,0,0,0,9,9,9,9,9,0,0,0,9,9,9,9,9,0,0,0,9,9,9,9,9,0,0,0,9,9,9,9,9,0,0,0,9,9,9,9,9,0,0,True,E
6056_37f518bd.jpg,Test,0,0,0,0,0,0,0,0,0,9,9,5,5,0,0,0,9,9,9,5,5,5,5,5,9,9,9,5,5,5,5,0,9,9,9,5,5,5,0,0,9,9,9,5,5,0,0,0,9,9,9,5,0,0,0,0,9,9,0,6,0,0,0,0,True,E
6057_f770fa54.jpg,Test,0,0,0,0,0,0,0,0,0,9,9,0,9,9,9,0,0,9,9,9,9,9,9,0,0,9,9,9,9,9,9,0,0,9,9,9,9,9,9,0,0,9,9,9,9,9,9,0,0,9,9,9,9,9,9,0,0,9,9,9,9,9,9,0,True,E
6058_f903f260.jpg,Test,0,9,9,5,5,5,5,0,0,9,9,5,5,5,5,0,0,9,9,5,5,5,5,0,0,9,9,5,5,5,5,0,0,9,9,5,5,5,5,0,0,9,9,5,5,5,5,0,0,9,9,5,5,5,5,0,0,9,9,0,5,5,0,0,True,E
6059_784a0460.jpg,Test,0,0,0,0,0,0,0,0,0,0,0,0,0,0,0,0,0,0,0,0,0,0,0,0,0,0,0,0,0,0,0,0,0,0,0,0,0,0,0,0,0,0,0,9,9,0,0,0,0,0,0,9,9,0,0,0,0,0,0,9,0,0,0,0,True,E
6060_7b1a8cd9.jpg,Test,0,0,0,0,0,0,0,0,0,5,5,5,5,9,0,0,0,5,5,5,9,9,9,0,0,5,5,5,9,9,9,0,0,5,5,5,9,9,0,0,0,5,5,5,9,9,0,0,0,5,5,5,9,9,0,0,0,0,5,5,9,9,0,0,True,E
6061_179fd757.jpg,Test,0,0,0,5,5,5,0,0,0,0,5,5,5,5,0,0,0,0,5,5,5,5,0,0,0,0,5,5,5,5,0,0,0,0,5,5,5,5,0,0,0,0,5,5,5,5,0,0,0,0,5,5,5,5,0,0,0,0,5,5,5,0,0,0,True,E
6062_778277e0.jpg,Test,0,0,0,0,0,0,0,0,0,0,0,0,0,0,0,0,0,0,0,0,0,0,0,0,0,0,0,0,0,0,0,0,0,0,0,0,0,0,0,0,0,0,0,0,0,0,0,0,0,0,0,0,0,0,0,0,0,0,0,0,0,0,0,0,True,E
6063_e45ff270.jpg,Test,0,0,0,0,0,0,0,0,0,0,0,0,0,0,0,0,0,5,5,0,9,9,9,0,0,5,5,0,9,9,9,0,0,5,5,0,9,9,9,0,0,5,5,0,9,9,9,0,0,5,5,0,9,9,9,0,0,5,5,0,9,9,9,0,True,E
6064_edeeeb90.jpg,Test,0,0,0,0,0,0,0,0,0,9,9,9,9,9,9,0,0,9,9,9,9,9,9,0,0,9,9,9,9,9,9,0,0,9,9,9,9,9,9,0,0,9,9,9,9,9,9,0,0,9,9,9,9,9,9,0,0,9,9,9,9,9,9,0,True,E
6065_b8720ef1.jpg,Test,0,0,0,0,0,5,5,5,0,0,0,0,0,5,5,5,0,0,0,0,0,5,5,5,0,0,0,0,0,5,5,5,0,0,0,0,0,5,5,5,0,0,0,0,0,5,5,5,0,0,0,0,0,5,5,5,0,0,0,0,0,5,5,5,True,E
6066_df023656.jpg,Test,0,5,5,5,5,5,5,0,0,5,5,5,5,5,5,0,0,5,5,5,5,5,5,0,0,5,5,5,5,5,5,0,0,5,5,5,5,5,5,0,0,5,5,5,5,5,5,0,0,5,5,5,5,5,5,0,0,5,5,5,5,5,5,0,True,E
6067_212ae4b4.jpg,Test,0,0,0,0,0,0,0,0,0,0,0,9,9,9,0,0,0,0,0,9,9,9,0,0,0,0,0,9,9,9,0,0,0,0,0,9,9,9,0,0,0,0,0,9,9,9,0,0,0,0,0,9,9,9,0,0,0,0,0,9,9,9,0,0,True,E
6068_6ada2d1c.jpg,Test,0,0,0,0,0,0,0,0,0,0,0,0,0,0,0,0,0,0,0,0,0,0,0,0,0,0,0,0,0,0,0,0,0,0,0,0,0,0,0,0,0,0,0,0,0,0,0,0,0,0,0,0,0,0,0,0,0,0,0,0,0,0,0,0,True,E
6069_67def057.jpg,Test,0,0,9,9,9,0,0,0,0,0,9,9,9,9,0,3,0,0,9,9,9,9,9,3,0,0,9,9,9,9,9,3,0,0,9,9,9,9,9,3,0,0,9,9,9,9,9,3,0,0,9,9,9,9,9,3,0,0,9,9,9,9,9,3,True,E
6070_7ee2dabe.jpg,Test,0,0,0,0,0,0,0,0,0,0,9,9,0,0,0,0,0,0,9,9,0,0,0,0,0,0,9,9,0,0,0,0,0,0,9,9,9,9,0,0,0,0,9,9,9,9,0,0,0,0,9,9,9,9,0,0,0,0,0,9,0,0,0,0,True,E
6071_ef5df037.jpg,Test,0,0,0,0,0,0,0,0,0,0,0,0,0,0,0,0,0,0,0,0,0,0,0,0,0,0,0,0,0,0,0,0,0,0,0,0,0,0,0,0,0,0,0,0,0,0,0,0,0,0,0,0,0,0,0,0,0,0,0,0,0,0,0,0,True,E
6072_ecaf11c1.jpg,Test,0,0,0,0,0,0,0,0,0,0,0,0,0,0,0,0,0,0,0,0,9,0,0,0,0,0,5,0,9,0,0,0,0,0,5,0,9,0,0,0,0,0,5,0,9,0,0,0,0,0,5,0,9,0,0,0,0,0,0,0,0,0,0,0,True,E
6073_90d23711.jpg,Test,0,5,5,5,5,0,0,0,5,5,5,5,5,0,0,0,5,5,5,5,5,0,0,0,5,5,5,5,5,0,0,0,5,5,5,5,5,0,0,0,5,5,5,5,5,0,0,0,5,5,5,5,5,0,0,0,0,5,5,5,5,0,0,0,True,E
6074_7ec64149.jpg,Test,0,0,0,0,0,0,0,0,0,0,2,2,2,0,0,0,0,0,2,2,2,0,0,0,0,0,2,2,2,0,0,0,0,0,2,2,2,0,0,0,0,0,2,2,2,0,0,0,0,0,2,2,2,0,0,0,0,0,2,2,2,0,0,0,True,E
6075_bd272f0d.jpg,Test,0,0,0,0,0,0,0,0,0,2,2,2,2,2,2,0,0,2,2,2,2,2,2,0,0,2,2,2,2,2,2,0,0,2,2,2,2,2,2,0,0,2,2,2,2,2,2,0,0,2,2,2,2,2,2,0,0,0,0,2,0,0,0,0,True,E
6076_24e1a5b5.jpg,Test,0,0,0,0,0,0,0,0,0,0,2,2,2,2,3,0,3,3,2,2,2,2,3,0,3,3,2,2,2,2,3,0,3,3,2,2,2,2,3,0,3,3,2,2,2,2,3,0,3,3,2,2,2,2,3,0,0,0,2,2,2,2,0,0,True,E
6077_5ab92262.jpg,Test,0,0,0,0,0,2,0,0,0,2,2,2,2,2,2,0,0,2,2,2,2,2,2,2,0,2,2,2,2,2,2,2,0,2,2,2,2,2,2,2,0,2,2,2,2,2,2,2,0,2,2,2,2,2,2,2,0,2,2,2,2,0,2,2,True,E
6078_57cfe7f2.jpg,Test,0,2,2,2,2,2,0,0,0,2,2,2,2,2,0,0,0,2,2,2,2,2,0,0,0,2,2,2,3,3,0,0,0,2,2,2,3,3,0,0,0,2,2,2,3,3,0,0,0,2,2,2,3,3,0,0,0,2,2,2,2,2,0,0,True,E
6079_59191e9e.jpg,Test,0,0,0,3,3,0,0,0,0,3,0,3,3,3,3,0,0,3,3,3,3,3,3,0,0,3,3,3,3,3,3,0,0,3,3,3,3,3,3,0,0,3,3,3,3,3,3,0,0,3,3,3,3,3,3,0,0,3,3,3,3,3,3,0,True,E
6080_e787a9ca.jpg,Test,0,0,0,0,0,0,0,0,0,0,0,3,3,0,0,0,3,3,3,3,3,3,3,0,3,3,3,3,3,3,3,0,3,3,3,3,3,3,3,0,3,3,3,3,3,3,3,0,3,3,3,3,3,3,3,0,3,3,3,3,3,3,3,0,True,E
6081_cab04c8f.jpg,Test,0,0,0,0,0,0,0,0,0,2,2,2,2,2,2,0,2,2,2,2,2,2,2,0,2,2,2,2,2,2,2,0,2,2,2,2,2,2,2,0,2,2,2,2,2,2,2,0,0,2,2,2,2,2,2,0,0,0,0,0,0,0,0,0,True,E
6082_56be2ed3.jpg,Test,0,0,0,0,0,3,3,0,0,0,0,0,0,3,3,3,0,0,0,0,0,3,3,3,0,0,0,0,0,3,3,3,0,0,0,0,0,3,3,3,0,0,0,0,0,3,3,3,0,0,0,0,0,3,3,3,0,0,0,0,0,3,3,3,True,E
6083_2cc0481e.jpg,Test,0,0,2,2,2,2,0,0,0,0,2,2,2,2,0,0,0,0,2,2,2,2,0,0,0,0,2,2,2,2,0,0,0,0,2,2,2,2,0,0,0,0,2,2,2,2,0,0,0,0,2,2,2,2,0,0,0,0,2,2,2,2,0,0,True,E
6084_d99a5b3f.jpg,Test,0,0,0,0,0,0,0,0,2,2,2,0,0,0,3,3,2,2,2,0,0,0,3,3,2,2,2,0,0,0,3,3,2,2,2,0,0,0,3,3,2,2,2,0,0,0,3,3,2,2,2,0,0,0,3,3,0,0,0,0,0,0,0,0,True,E
6085_d90e3e9d.jpg,Test,0,0,0,0,0,0,0,0,3,0,0,0,0,3,3,3,3,3,3,3,3,3,3,3,3,3,3,3,3,3,3,3,3,3,3,3,3,3,3,3,3,3,3,3,3,3,3,3,3,3,3,3,3,3,3,3,0,0,0,0,0,0,3,0,True,E
6086_a01dc72f.jpg,Test,0,0,0,0,0,0,0,0,0,0,0,2,2,0,0,0,0,0,0,2,2,2,0,0,0,0,0,2,2,2,0,0,0,0,0,2,2,2,0,0,0,0,0,2,2,2,0,0,0,0,0,2,2,2,0,0,0,0,0,2,2,2,0,0,True,E
6087_341d1c21.jpg,Test,0,0,0,0,0,0,0,0,0,0,0,0,0,0,0,0,0,0,0,0,2,2,0,0,0,0,0,2,2,2,2,0,0,0,0,2,2,2,2,0,0,0,0,2,2,2,2,0,0,0,0,2,2,2,2,0,0,0,0,2,2,2,0,0,True,E
6088_f9cf47a9.jpg,Test,0,0,0,0,0,0,0,0,0,0,0,0,0,0,0,0,0,0,3,3,3,0,0,0,0,0,3,3,3,0,0,0,0,0,3,3,3,0,0,0,0,0,3,3,3,0,0,0,0,0,3,3,3,0,0,0,0,0,0,0,0,0,0,0,True,E
6089_0bdbbf10.jpg,Test,0,0,0,0,0,0,0,0,0,0,0,0,0,0,0,0,0,0,0,2,2,0,0,0,0,0,2,2,2,0,0,0,0,0,2,2,2,0,0,0,0,0,2,2,2,0,0,0,0,0,2,2,2,0,0,0,0,0,0,0,0,0,0,0,True,E
6090_b83144a0.jpg,Test,0,0,0,0,0,0,0,0,0,0,0,3,3,3,3,0,0,0,0,3,3,3,3,0,0,0,0,3,3,3,3,0,0,0,0,3,3,3,3,0,0,0,0,3,3,3,3,0,0,0,0,3,3,3,3,0,0,0,0,3,3,3,0,0,True,E
6091_8eb14416.jpg,Test,0,0,0,0,0,0,0,0,0,0,0,0,3,3,0,0,0,0,2,2,3,3,0,0,0,0,2,2,3,3,0,0,0,0,2,2,3,3,0,0,0,0,2,2,3,3,0,0,0,0,2,2,3,3,0,0,0,0,0,0,3,6,0,0,True,E
6092_2bb3ac29.jpg,Test,0,0,0,0,0,0,0,0,0,0,0,3,0,0,0,0,0,0,3,3,0,0,0,0,0,0,3,3,0,0,0,0,0,0,3,3,0,0,0,0,0,0,3,3,0,0,0,0,0,0,3,3,0,0,0,0,0,0,3,3,0,0,0,0,True,E
6093_3a48c32e.jpg,Test,2,2,2,2,2,0,0,0,2,2,2,2,2,2,3,0,2,2,2,2,2,2,3,0,2,2,2,2,2,2,3,0,2,2,2,2,2,3,3,0,2,2,2,2,2,3,3,0,2,2,2,2,2,3,3,0,2,2,2,2,2,2,0,0,True,E
6094_96cccbb5.jpg,Test,0,2,2,0,2,2,0,0,2,2,2,2,2,2,0,0,2,2,2,2,2,2,0,0,2,2,2,2,2,2,0,0,2,2,2,2,2,2,0,0,2,2,2,2,2,2,0,0,2,2,2,2,2,2,0,0,2,2,2,2,2,2,0,0,True,E
6095_2fb7bb45.jpg,Test,0,0,0,0,0,0,0,0,0,0,3,3,3,3,0,0,0,0,3,3,3,3,0,0,0,0,3,3,3,3,0,0,0,0,3,3,3,3,0,0,0,0,3,3,3,3,0,0,0,0,3,3,3,3,0,0,0,0,3,3,3,3,0,0,True,E
6096_bd6934c6.jpg,Test,0,3,3,3,0,2,2,0,3,3,3,3,2,2,2,2,3,3,3,3,2,2,2,2,3,3,3,3,2,2,2,2,3,3,3,3,2,2,2,2,3,3,3,3,2,2,2,2,3,3,3,3,2,2,2,2,0,0,0,0,2,2,2,0,True,E
6097_b7515d68.jpg,Test,0,0,0,0,0,0,0,0,0,0,3,3,3,3,0,0,0,0,3,3,3,3,3,0,0,0,3,3,3,3,3,0,0,0,3,3,3,3,3,0,0,0,3,3,3,3,3,0,0,0,3,3,3,3,0,0,0,0,3,3,3,0,0,0,True,E
6098_12afe167.jpg,Test,0,0,2,2,0,0,0,0,0,2,2,2,2,2,0,0,0,2,2,2,2,2,0,0,0,2,2,2,2,2,0,0,0,2,2,2,2,2,0,0,0,2,2,2,2,2,0,0,0,2,2,2,2,2,0,0,0,0,2,0,2,2,0,0,True,E
6099_acf3386f.jpg,Test,0,0,0,0,0,0,0,0,0,0,0,2,2,0,0,0,0,0,0,2,2,0,0,0,0,0,0,2,2,2,0,0,0,0,0,2,2,2,0,0,2,0,0,2,2,2,0,0,2,0,0,2,2,2,0,0,0,0,0,2,2,0,0,0,True,E
6100_526dc435.jpg,Test,0,0,0,0,0,3,0,0,0,3,3,3,3,3,3,0,0,3,3,3,3,3,3,0,0,3,3,3,3,3,3,0,0,3,3,3,3,3,3,0,0,3,3,3,3,3,3,0,0,3,3,3,3,3,3,0,0,0,3,3,3,3,3,0,True,E
6101_b1c8db9d.jpg,Test,0,0,3,3,3,0,0,0,3,3,3,3,3,3,0,0,3,3,3,3,3,3,3,0,3,3,3,3,3,3,3,0,3,3,3,3,3,3,3,0,3,3,3,3,3,3,3,0,3,3,3,3,3,3,3,0,3,3,3,3,3,3,3,0,True,E
6102_d5c181eb.jpg,Test,0,0,0,0,0,0,0,0,0,0,0,0,0,0,0,0,0,0,0,0,2,2,0,0,0,3,0,0,2,2,0,0,3,3,0,0,2,2,0,0,3,3,0,0,2,2,0,0,3,3,0,0,2,2,0,0,0,3,0,0,2,2,0,0,True,E
6103_e89e9717.jpg,Test,0,0,0,0,0,0,0,0,0,0,0,0,0,0,0,0,0,0,0,2,2,0,0,0,0,0,2,2,2,0,0,0,0,0,2,2,2,0,0,0,0,0,2,2,2,0,0,0,0,0,2,2,2,0,0,0,0,0,0,0,0,0,0,0,True,E
6104_99e017c6.jpg,Test,0,0,0,0,0,0,0,0,0,2,2,2,2,2,2,0,0,2,2,2,2,2,2,0,0,2,2,2,2,2,2,0,0,2,2,2,2,2,2,0,0,2,2,2,2,2,2,0,0,2,2,2,2,2,2,0,0,2,2,2,2,2,0,0,True,E
6105_e6534804.jpg,Test,0,0,0,0,0,0,0,0,2,2,2,2,2,2,2,0,2,2,2,2,2,2,2,2,2,2,2,2,2,2,2,2,2,2,2,2,2,2,2,2,2,2,2,2,2,2,2,2,2,2,2,2,2,2,2,2,0,0,2,2,2,2,2,0,True,E
6106_9b7044b2.jpg,Test,0,0,0,0,0,0,0,0,0,0,3,3,3,3,0,0,0,0,3,3,3,3,0,0,0,0,3,3,3,3,0,0,0,0,3,3,3,3,0,0,0,0,3,3,3,3,0,0,0,0,3,3,3,0,0,0,0,0,3,3,3,0,0,0,True,E
6107_634b5023.jpg,Test,0,0,0,3,3,3,3,0,0,0,0,3,3,3,3,3,0,3,0,3,3,3,3,3,0,3,0,3,3,3,3,3,0,3,0,3,3,3,3,3,0,3,0,3,3,3,3,3,0,3,0,3,3,3,3,3,0,0,0,3,3,3,3,3,True,E
6108_7244dc09.jpg,Test,0,0,0,0,0,0,0,0,0,0,2,2,2,0,2,0,0,0,2,2,2,2,2,2,0,0,2,2,2,2,2,2,0,0,2,2,2,2,2,2,0,0,2,2,2,2,2,2,0,0,2,2,2,2,2,2,0,0,2,2,2,2,2,2,True,E
6109_8dfd526c.jpg,Test,0,0,0,0,0,3,3,3,0,0,0,3,3,3,3,3,0,0,0,3,3,3,3,3,0,0,0,3,3,3,3,3,0,0,0,3,3,3,3,3,0,0,0,3,3,3,3,3,0,0,0,3,3,3,3,3,0,0,0,3,3,3,3,3,True,E
6110_8cd52425.jpg,Test,2,2,2,0,2,2,0,0,2,2,2,0,2,2,0,0,2,2,2,0,2,2,0,0,2,2,2,0,2,2,0,0,2,2,2,0,2,2,0,0,2,2,2,0,2,2,0,0,2,2,2,0,2,2,0,0,2,2,2,0,2,2,0,0,True,E
6111_2c77d59f.jpg,Test,0,0,0,0,0,0,0,0,0,0,0,0,0,3,3,0,0,0,0,0,0,3,3,0,0,0,0,0,0,3,3,0,0,0,0,0,0,3,3,0,0,0,0,0,0,3,3,0,0,0,0,0,0,0,3,0,0,0,0,0,0,0,3,0,True,E
6112_b20a7e1c.jpg,Test,0,0,0,2,0,0,0,0,0,6,2,2,2,0,2,2,6,6,2,2,2,0,2,2,6,6,2,2,2,0,2,2,6,6,2,2,2,0,2,2,6,6,2,2,2,0,2,2,6,6,2,2,2,0,2,2,0,6,6,0,0,0,2,2,True,E
6113_3bcc3ef7.jpg,Test,0,0,0,0,6,0,0,0,0,0,3,2,2,0,0,0,0,0,3,2,2,0,2,0,0,0,3,2,2,2,2,0,0,0,3,2,2,2,2,0,0,0,3,2,2,2,2,0,0,0,3,2,2,0,2,0,0,0,3,0,0,0,0,0,True,E
6114_aa31d3ee.jpg,Test,0,0,0,0,0,0,0,0,0,0,0,0,0,3,0,0,0,0,0,0,0,3,3,3,0,0,0,0,0,3,3,3,0,0,0,0,0,3,3,3,0,0,0,0,0,0,3,3,0,0,0,0,0,0,3,3,0,0,0,0,0,3,3,3,True,E
6115_f1d2f887.jpg,Test,0,0,0,2,2,0,0,0,0,0,0,2,2,2,0,0,0,0,0,2,2,2,0,0,0,0,0,2,2,2,0,0,0,0,0,2,2,2,0,0,0,0,0,2,2,2,0,0,0,0,0,2,2,2,0,0,0,0,0,0,0,0,0,0,True,E
6116_d2e18ac1.jpg,Test,0,0,0,0,0,0,0,0,0,0,0,0,0,0,0,0,0,0,0,0,0,0,0,0,0,0,0,0,0,0,0,0,0,0,0,0,0,0,0,0,0,0,0,0,0,0,0,0,0,0,0,0,0,0,0,0,0,0,0,0,0,0,0,0,True,E
6117_fe81976a.jpg,Test,0,0,0,0,0,0,0,0,0,0,3,3,3,0,0,0,0,0,3,3,3,0,0,0,0,0,3,3,3,0,0,0,0,0,3,3,3,0,0,0,0,0,3,3,3,0,0,0,0,0,3,3,3,0,0,0,0,0,0,3,3,0,0,0,True,E
6118_e15550be.jpg,Test,0,0,0,0,0,0,0,0,3,3,3,3,3,3,3,3,3,3,3,3,3,3,3,3,3,3,3,3,3,3,3,3,3,3,3,3,3,3,3,3,3,3,3,3,3,3,3,3,3,3,3,3,3,3,3,3,0,3,0,3,3,3,0,0,True,E
6119_f30b418a.jpg,Test,0,0,0,0,0,0,0,0,0,0,0,3,3,0,2,0,0,0,0,3,3,2,2,0,0,0,0,3,3,2,2,0,0,0,0,3,3,2,2,0,0,0,0,3,3,2,2,0,0,0,0,3,3,2,2,0,0,0,0,3,3,0,0,0,True,E
6120_06d04287.jpg,Test,0,0,0,0,0,0,0,0,0,0,0,3,3,0,0,0,0,0,0,3,3,0,0,0,0,0,0,3,3,0,5,0,0,0,0,3,3,0,5,5,0,0,0,3,3,0,5,5,0,0,0,3,3,0,5,5,0,0,0,3,3,0,0,0,True,E
6121_72252b8f.jpg,Test,0,0,0,0,0,0,0,0,0,0,0,2,2,0,0,0,0,0,0,2,2,0,0,0,0,0,0,2,2,0,0,0,0,0,0,2,2,0,0,0,0,0,0,2,2,0,0,0,0,0,0,2,2,0,0,0,0,0,0,0,0,0,0,0,True,E
6122_32fcb572.jpg,Test,0,0,0,3,3,0,0,0,0,0,3,3,3,3,3,0,0,0,3,3,3,3,3,0,0,0,3,3,3,3,3,0,0,0,3,3,3,3,3,0,0,0,3,3,3,3,3,0,0,0,3,3,3,3,3,0,0,0,3,3,3,3,0,0,True,E
6123_ead09f82.jpg,Test,0,0,0,0,0,0,0,0,0,0,0,0,0,0,0,0,0,0,0,3,3,0,0,0,0,0,0,3,3,0,0,0,0,0,0,3,3,0,0,0,0,0,0,3,3,0,0,0,0,0,0,3,3,0,0,0,0,0,0,3,3,0,0,0,True,E
6124_761d5c43.jpg,Test,0,0,0,0,0,0,0,0,0,0,0,3,3,3,0,3,0,0,3,3,3,3,3,3,0,3,3,3,3,3,3,3,0,3,3,3,3,3,3,3,0,3,3,3,3,3,3,3,0,3,3,3,3,3,3,3,0,3,3,3,3,3,3,3,True,E
6125_fcd700b1.jpg,Test,0,0,0,0,0,0,0,0,0,3,3,3,3,3,3,0,0,3,3,3,3,3,3,0,0,3,3,3,3,3,3,0,0,3,3,3,3,3,3,0,0,3,3,3,3,3,3,0,0,3,3,3,3,3,3,0,0,0,3,3,3,3,0,0,True,E
6126_b8ea0deb.jpg,Test,0,0,0,0,0,0,0,0,0,0,0,0,0,0,0,0,0,0,0,3,0,0,0,0,0,0,0,3,3,3,2,2,0,0,0,3,3,3,2,2,0,0,0,3,3,3,2,2,0,0,0,0,3,3,2,2,0,0,0,0,3,0,2,2,True,E
6127_bfd9231d.jpg,Test,0,0,0,0,0,0,0,0,0,0,0,0,0,0,0,0,0,0,0,0,3,3,0,0,0,0,0,0,3,3,0,0,0,0,0,0,3,3,0,0,0,0,0,0,3,3,0,0,0,0,0,0,3,3,0,0,0,0,0,0,0,3,0,0,True,E
6128_c11d691b.jpg,Test,0,0,0,0,0,0,0,0,0,0,3,3,3,3,0,0,0,0,3,3,3,3,0,0,0,0,3,3,3,3,0,0,0,0,3,3,3,3,0,0,0,0,3,3,3,3,0,0,0,0,3,3,3,3,0,0,0,0,0,0,0,3,0,0,True,E
6129_bc45ba27.jpg,Test,0,0,0,0,0,0,0,0,0,0,0,0,0,0,0,0,0,3,3,3,3,3,0,0,0,3,3,3,3,3,0,0,0,3,3,3,3,3,0,0,0,3,3,3,3,3,0,0,0,3,3,3,3,3,0,0,0,3,3,3,3,3,0,0,True,E
6130_4e5d68ac.jpg,Test,0,0,0,0,0,0,0,0,0,2,2,2,2,2,2,0,0,2,2,2,2,2,2,0,0,2,2,2,2,2,2,0,0,2,2,2,2,2,2,0,0,2,2,2,2,2,2,0,0,2,2,2,2,2,2,0,0,2,2,0,0,2,2,0,True,E
6131_78cdf2c6.jpg,Test,0,0,0,0,0,2,0,0,0,0,0,0,2,2,0,0,0,0,0,0,0,2,0,0,0,0,0,0,0,2,0,0,0,0,0,0,0,2,0,0,0,0,0,0,2,2,2,0,0,0,0,0,2,2,2,0,0,0,0,0,2,2,2,0,True,E
6132_22b190ce.jpg,Test,0,0,0,0,0,3,3,0,0,0,0,0,3,3,3,0,0,0,0,0,3,3,3,0,0,0,0,0,3,3,3,0,0,0,0,0,3,3,3,0,0,0,0,0,3,3,3,0,0,0,0,0,3,3,3,0,0,0,0,0,3,3,3,0,True,E
6133_4036f64d.jpg,Test,0,0,0,0,3,2,2,0,0,0,0,3,3,2,2,0,0,0,0,3,3,2,2,0,0,0,0,3,3,2,0,0,0,0,0,3,3,2,0,0,0,0,0,3,3,2,0,0,0,0,0,3,3,2,0,0,0,0,0,0,0,0,0,0,True,E
6134_72e78281.jpg,Test,0,0,0,0,0,0,0,0,2,2,0,2,2,0,0,0,2,2,0,2,2,0,2,2,2,2,0,2,2,0,2,2,2,2,0,2,2,0,2,2,2,2,0,2,2,0,2,2,2,2,0,2,2,0,2,2,2,2,0,2,2,0,2,2,True,E
6135_d4ec7850.jpg,Test,0,0,0,0,0,0,0,0,0,0,0,2,2,0,0,0,0,0,0,3,2,0,0,0,0,0,3,2,2,0,0,0,0,0,0,2,3,3,0,0,0,0,0,2,3,3,0,0,0,0,0,2,3,3,0,0,0,0,0,0,0,0,0,0,True,E
6136_06e7e87c.jpg,Test,0,0,0,0,0,0,0,0,0,0,0,3,3,3,0,0,0,0,0,3,3,3,0,0,0,0,0,3,3,3,0,0,0,0,0,3,3,3,0,0,0,0,0,3,3,3,0,0,0,0,0,3,3,3,0,0,0,0,0,3,3,0,0,0,True,E
6137_24f5a00d.jpg,Test,0,0,2,2,0,0,0,0,0,0,2,2,2,0,0,0,0,0,2,2,2,0,0,0,0,0,2,2,2,0,0,0,0,0,2,2,2,0,0,0,0,0,2,2,2,0,0,0,0,0,2,2,2,0,0,0,0,0,2,2,2,0,0,0,True,E
6138_dea61a3c.jpg,Test,0,0,0,0,0,0,0,0,0,0,0,3,3,0,0,0,0,0,0,3,3,0,0,0,0,0,0,3,3,3,3,0,0,0,0,3,3,3,3,0,0,0,0,3,3,3,3,0,0,0,0,3,3,3,3,0,0,0,0,3,3,0,0,0,True,E
6139_d8220b34.jpg,Test,0,2,0,0,0,0,0,0,2,2,0,0,0,2,2,2,2,2,0,0,0,2,2,2,2,2,0,0,0,2,2,2,2,2,0,0,0,2,2,2,2,2,0,0,0,2,2,2,2,2,0,0,0,2,2,2,0,0,0,0,0,2,2,2,True,E
6140_0ab5a41f.jpg,Test,0,0,0,0,0,0,0,0,0,0,0,0,0,0,3,3,0,0,0,0,0,3,3,3,0,0,0,0,0,3,3,3,0,2,2,2,2,3,3,3,0,2,2,2,2,3,3,3,0,2,2,2,2,3,3,3,0,0,0,0,0,0,0,0,True,E
6141_6d3e784a.jpg,Test,0,0,0,0,0,0,0,0,3,3,3,0,3,3,0,0,3,3,3,3,3,3,3,3,3,3,3,3,3,3,3,3,3,3,3,3,3,3,3,3,3,3,3,3,3,3,3,3,3,3,3,3,3,3,3,3,0,0,0,0,0,0,0,0,True,E
6142_ed2c79d2.jpg,Test,0,0,0,0,0,0,0,0,0,0,0,0,0,0,0,0,0,0,0,3,3,0,0,0,0,0,0,3,3,0,0,0,0,0,0,3,3,0,0,0,0,0,0,3,3,0,0,0,0,0,0,3,3,0,0,0,0,0,0,3,3,0,0,0,True,E
6143_9126d4b5.jpg,Test,2,2,2,2,0,0,0,0,2,2,2,2,2,0,0,0,2,2,2,2,2,0,0,0,2,2,2,2,2,0,3,3,2,2,2,2,2,0,3,3,2,2,2,2,2,0,3,3,2,2,2,2,2,0,3,0,2,2,2,2,2,0,0,0,True,E
6144_ffe25afc.jpg,Test,0,0,0,0,3,3,0,0,0,3,3,3,3,3,0,0,0,3,3,3,3,3,2,0,0,3,3,3,2,3,2,0,0,3,3,3,2,3,2,0,0,3,3,3,2,3,2,0,0,3,3,3,3,3,2,0,0,3,3,3,3,3,0,0,True,E
6145_bbae9639.jpg,Test,0,0,0,0,0,0,0,0,0,0,0,0,3,0,0,0,0,0,0,3,3,3,0,0,0,0,0,3,3,3,0,0,0,0,0,3,3,3,0,0,0,0,0,3,3,3,0,0,0,0,0,3,3,3,0,0,0,0,0,0,0,0,0,0,True,E
6146_dbf75d12.jpg,Test,0,0,0,0,0,0,0,0,0,2,2,2,2,2,2,2,0,2,2,2,2,2,2,2,0,2,2,2,2,2,2,2,0,2,2,2,2,2,2,2,0,2,2,2,2,2,2,2,0,2,2,2,2,2,2,2,0,0,0,0,0,0,0,0,True,E
6147_c917d293.jpg,Test,0,0,0,0,0,0,0,0,0,0,3,0,0,0,0,0,0,0,3,3,0,0,2,2,0,0,3,3,0,0,2,2,0,0,3,3,0,0,2,2,0,0,3,3,0,0,2,2,0,0,3,3,0,0,2,2,0,0,3,3,0,0,2,0,True,E
6148_e79df529.jpg,Test,0,0,0,0,0,0,0,0,0,0,0,0,0,0,0,0,0,0,0,0,3,0,0,0,0,0,0,3,3,3,0,0,0,0,0,3,3,3,0,0,0,0,0,3,3,3,0,0,0,0,0,3,3,3,0,0,0,0,0,0,3,0,0,0,True,E
6149_ee51b2f3.jpg,Test,0,0,0,0,0,0,0,0,0,0,0,3,0,0,0,0,0,0,0,3,0,0,0,0,0,0,0,3,0,0,0,0,0,0,0,3,0,0,0,0,0,0,3,3,3,0,0,0,0,0,3,3,3,0,0,0,0,0,0,0,0,0,0,0,True,E
6150_52e2fdac.jpg,Test,0,0,0,0,0,0,0,0,0,3,3,3,3,3,3,0,3,3,3,3,3,3,3,0,3,3,3,3,3,3,3,0,3,3,3,3,3,3,3,0,3,3,3,3,3,3,3,0,3,3,3,3,3,3,3,0,0,3,3,3,3,3,3,0,True,E
6151_60c375c4.jpg,Test,0,0,0,0,0,0,0,0,0,0,0,2,2,0,0,0,0,0,0,2,2,0,0,0,0,0,0,2,2,0,0,0,0,0,0,2,2,0,0,0,0,0,0,2,2,0,0,0,0,0,0,2,2,0,0,0,0,0,0,2,2,0,0,0,True,E
6152_e571b728.jpg,Test,0,0,0,0,0,0,0,0,0,2,2,2,2,2,2,0,0,2,2,2,2,2,2,0,0,2,2,2,2,2,2,0,0,2,2,2,2,2,2,0,0,2,2,2,2,2,2,0,0,2,2,2,2,2,2,0,0,2,2,2,2,2,2,0,True,E
6153_c5ac1024.jpg,Test,0,0,0,0,0,0,0,0,0,0,0,0,0,0,0,0,0,0,0,0,0,0,0,0,0,0,0,3,0,0,0,0,0,0,0,3,3,0,0,0,0,0,0,3,3,0,0,0,0,0,0,0,0,0,0,0,0,0,0,0,0,0,0,0,True,E
6154_a9d44d9a.jpg,Test,0,2,0,0,0,2,2,0,0,2,2,2,2,2,2,0,0,2,2,2,2,2,2,0,0,2,2,2,2,2,2,0,0,2,2,2,2,2,2,0,0,2,2,2,2,2,2,0,0,2,2,2,2,2,2,0,0,2,2,2,2,2,2,0,True,E
6155_65298140.jpg,Test,0,0,0,0,0,0,0,0,0,2,2,2,2,0,0,0,0,2,2,2,2,0,0,0,0,2,2,2,2,0,0,0,0,2,2,2,2,0,0,0,0,2,2,2,2,0,0,0,0,2,2,2,2,0,0,0,0,2,2,2,2,0,0,0,True,E
6156_1f606bea.jpg,Test,0,0,0,0,0,0,0,0,0,0,0,2,2,0,0,0,0,0,0,2,2,0,0,0,0,0,0,2,2,0,0,0,0,0,0,2,2,0,0,0,0,0,0,2,2,0,0,0,0,0,0,2,2,0,0,0,0,0,0,0,0,0,0,0,True,E
6157_b2180ff4.jpg,Test,0,0,0,0,0,0,0,0,0,0,0,0,2,2,0,0,0,0,0,3,3,2,0,0,0,0,0,3,3,2,0,0,0,0,0,3,3,2,0,0,0,0,0,3,3,2,0,0,0,0,0,3,2,2,0,0,0,0,0,0,2,2,0,0,True,E
6158_2104514f.jpg,Test,0,0,0,0,0,0,0,0,0,0,0,0,0,0,0,0,0,0,0,3,0,0,0,2,0,0,3,3,0,0,0,2,0,0,3,3,0,0,2,2,0,0,3,3,0,0,2,2,0,0,3,3,0,0,0,0,0,0,0,0,0,0,0,0,True,E
6159_ec2418de.jpg,Test,0,0,0,0,0,0,0,0,0,0,2,2,2,0,0,0,0,0,2,2,2,0,0,0,0,0,2,2,2,0,0,0,0,0,2,2,2,0,0,0,0,0,2,2,2,0,0,0,0,0,2,2,2,0,0,0,0,0,2,2,2,0,0,0,True,E
6160_3da90581.jpg,Test,0,0,0,0,0,0,0,0,0,0,0,3,3,0,0,0,0,0,0,0,3,0,0,0,0,0,0,0,3,3,0,0,0,0,0,0,3,3,0,0,0,0,0,3,3,3,0,0,0,0,0,3,3,3,0,0,0,0,0,0,0,0,0,0,True,E
6161_d5f9fa55.jpg,Test,0,0,0,0,0,0,0,0,0,0,0,0,0,2,0,0,0,2,2,2,2,2,2,0,0,2,2,2,2,2,2,0,0,2,2,2,2,2,2,0,0,2,2,2,2,2,2,0,0,2,2,2,2,2,2,0,0,2,2,2,2,2,2,0,True,E
6162_ac931c21.jpg,Test,0,0,0,0,0,0,0,0,0,0,0,0,0,0,0,0,0,0,0,0,0,0,0,0,0,0,0,2,2,0,0,0,0,0,0,2,2,0,0,0,0,0,0,2,2,0,0,0,0,0,0,2,2,0,0,0,0,0,0,0,0,0,0,0,True,E
6163_db3beed3.jpg,Test,0,0,0,0,2,2,0,0,0,0,2,2,2,2,0,0,0,0,2,2,2,2,0,0,0,0,2,2,2,2,0,0,0,0,2,2,2,2,0,0,0,0,2,2,2,2,0,0,0,0,2,2,2,2,0,0,0,0,0,2,2,0,0,0,True,E
6164_584a22ff.jpg,Test,0,0,0,0,0,0,0,0,0,0,3,3,3,0,0,0,0,0,3,3,3,3,3,3,0,0,3,3,3,3,0,0,0,0,3,3,3,3,0,0,0,0,3,3,3,3,0,0,0,0,3,3,3,3,0,0,0,0,0,0,0,0,0,0,True,E
6165_ac31ab39.jpg,Test,0,0,0,0,0,0,0,0,0,0,0,0,0,0,0,0,0,0,0,0,0,0,0,0,0,0,0,0,0,0,0,0,0,0,0,0,0,0,0,0,0,0,0,0,0,0,0,0,0,0,0,0,0,0,0,0,0,0,0,0,0,0,0,0,True,E
6166_e9f6928a.jpg,Test,0,0,3,3,3,0,0,0,3,3,3,3,3,3,3,0,3,3,3,3,3,3,3,0,3,3,3,3,3,3,3,0,3,3,3,3,3,3,3,0,3,3,3,3,3,3,3,0,3,3,3,3,3,3,3,0,0,0,3,3,3,3,3,0,True,E
6167_cfd358ca.jpg,Test,0,0,0,0,0,0,0,0,0,0,2,2,3,6,0,0,0,0,2,2,3,3,0,0,0,0,2,2,3,3,0,0,0,0,2,2,3,3,0,0,0,0,2,2,3,3,0,0,0,0,2,2,3,3,0,0,0,0,2,2,6,6,0,0,True,E
6168_33362e05.jpg,Test,3,3,0,3,0,3,3,2,3,3,0,3,0,3,3,2,3,3,3,3,0,3,3,2,3,3,0,3,0,3,3,2,3,3,0,3,0,3,3,2,3,3,0,3,0,3,3,2,3,3,0,3,0,3,3,2,0,0,0,0,0,0,0,0,True,E
6169_f5a0a9b1.jpg,Test,0,0,0,0,0,0,0,0,0,0,0,2,0,2,2,2,0,0,2,2,2,2,2,2,0,3,2,2,2,2,2,2,0,3,2,2,2,2,2,2,0,3,2,2,2,2,2,2,0,3,2,2,2,2,2,0,0,0,2,2,2,2,2,0,True,E
6170_acc65232.jpg,Test,0,0,0,0,0,0,0,0,0,3,3,3,3,0,0,0,0,3,3,3,3,3,0,0,0,3,3,3,3,3,0,0,0,3,3,3,3,3,0,0,0,3,3,3,3,3,0,0,0,3,3,3,3,0,0,0,0,3,3,3,0,0,0,0,True,E
6171_81cda1b3.jpg,Test,0,0,0,0,0,0,0,0,0,0,3,3,0,0,0,0,2,2,3,3,0,0,0,0,2,2,3,3,0,0,0,0,2,2,3,3,0,0,0,0,2,2,3,3,0,0,0,0,2,2,3,3,0,0,0,0,0,0,0,0,0,0,0,0,True,E
6172_a658cdf6.jpg,Test,0,0,0,0,0,0,0,0,0,0,0,3,3,3,3,3,0,3,3,3,3,3,3,3,0,3,3,3,3,3,3,3,0,3,3,3,3,3,3,3,0,3,3,3,3,3,3,3,0,3,3,3,3,3,3,3,0,3,3,3,3,3,3,3,True,E
6173_001cc4d6.jpg,Test,0,0,0,0,0,0,0,0,0,0,0,0,0,0,0,0,0,0,0,0,0,0,0,0,0,0,0,3,2,0,0,0,0,0,3,3,2,0,0,0,0,0,3,3,2,0,0,0,0,0,3,3,2,0,0,0,0,0,0,0,0,0,0,0,True,E
6174_63edc975.jpg,Test,0,0,0,0,0,0,0,0,0,3,3,3,6,3,6,0,0,3,3,3,3,3,1,1,0,3,3,3,3,3,3,3,0,3,3,3,3,3,3,3,0,3,3,3,3,3,3,3,0,3,3,3,3,3,3,3,0,3,3,3,3,3,3,3,True,E
6175_7ea5224d.jpg,Test,0,0,0,0,0,0,0,0,0,3,3,3,3,2,2,0,0,3,3,3,3,2,2,0,0,3,3,3,3,2,2,0,0,3,3,3,3,2,2,0,0,3,3,3,3,2,2,0,0,3,3,3,3,2,2,0,0,3,3,3,3,2,2,0,True,E
6176_6ea57663.jpg,Test,0,0,0,0,3,3,3,0,0,0,0,0,3,3,3,0,0,0,0,0,3,3,3,0,0,0,0,0,3,3,3,0,0,0,0,0,3,3,3,0,0,0,0,0,3,3,3,0,0,0,0,0,3,3,3,0,0,0,0,0,3,3,3,0,True,E
6177_cdcf1c55.jpg,Test,0,0,0,0,0,0,0,0,0,0,0,0,0,0,0,0,0,0,0,0,0,0,0,0,0,0,0,3,3,3,0,0,0,0,0,3,3,3,0,0,0,0,0,3,3,3,0,0,0,0,0,3,3,3,0,0,0,0,0,0,3,0,0,0,True,E
6178_07b05d55.jpg,Test,0,0,0,0,0,0,0,0,0,0,0,2,0,0,0,0,0,0,2,2,2,3,3,3,0,0,2,2,2,3,3,3,0,0,2,2,2,3,3,3,0,0,2,2,2,3,3,3,0,0,2,2,2,3,3,3,0,0,0,2,0,3,3,3,True,E
6179_2a6768db.jpg,Test,0,0,0,0,0,0,0,0,0,0,2,2,3,0,0,0,0,0,2,2,3,0,0,0,0,0,2,2,3,0,0,0,0,0,2,2,3,0,0,0,0,0,2,2,3,0,0,0,0,0,0,0,3,0,0,0,0,0,0,0,3,0,0,0,True,E
6180_fc3b007a.jpg,Test,0,0,3,3,3,0,0,0,0,0,3,3,2,2,0,0,0,0,3,3,2,2,0,0,0,0,3,3,2,2,0,0,0,0,3,3,2,2,0,0,0,0,3,3,2,2,0,0,0,0,3,3,2,2,0,0,0,0,3,3,2,2,0,0,True,E
6181_f0306738.jpg,Test,0,0,0,0,0,0,0,0,0,0,3,3,0,0,0,0,0,0,3,3,0,0,0,0,0,0,3,3,0,0,0,0,0,0,3,3,0,0,0,0,0,0,3,3,0,0,0,0,0,0,3,3,0,0,0,0,0,0,0,0,0,0,0,0,True,E
6182_701c981d.jpg,Test,0,0,7,7,7,0,0,0,0,0,7,7,7,6,6,6,0,0,7,7,7,6,6,6,0,0,7,7,7,6,6,6,0,0,7,7,7,6,6,6,0,0,7,7,7,6,6,6,0,0,7,7,7,6,6,6,0,0,7,7,7,6,6,6,True,E
6183_e4108ded.jpg,Test,0,7,7,6,6,6,0,0,0,7,7,6,6,6,0,0,0,7,7,6,6,6,0,0,0,7,7,6,6,6,0,0,0,7,7,6,6,6,0,0,0,7,7,6,6,6,0,0,0,7,7,6,6,6,0,0,0,7,7,6,6,6,0,0,True,E
6184_17c695fc.jpg,Test,0,0,0,7,0,0,0,0,0,0,7,7,7,7,0,0,0,0,7,7,7,7,0,0,0,0,7,7,7,7,0,0,0,0,7,7,7,7,0,0,0,0,7,7,7,7,0,0,0,0,7,7,7,7,0,0,0,0,0,0,7,7,0,0,True,E
6185_c5d64e0b.jpg,Test,0,0,0,0,0,0,0,0,0,6,6,0,0,0,0,0,7,7,6,6,6,6,0,0,7,7,6,6,6,6,0,0,7,7,6,6,6,6,0,0,7,7,6,6,6,6,0,0,7,7,6,6,6,6,0,0,7,7,6,6,6,6,0,0,True,E
6186_11379f29.jpg,Test,0,0,0,0,0,0,0,0,0,0,0,0,0,0,0,0,0,0,0,6,6,0,0,0,0,0,0,6,6,0,7,0,0,0,0,6,6,0,7,0,0,0,0,6,6,0,7,0,0,0,0,6,6,0,7,0,0,0,0,6,6,0,7,0,True,E
6187_88d54551.jpg,Test,0,0,0,0,0,0,0,0,0,0,0,0,0,0,0,0,0,0,0,0,0,0,0,0,0,0,0,0,0,0,0,0,0,0,0,0,0,0,0,0,0,0,0,0,0,0,0,0,0,0,0,0,0,0,0,0,0,0,0,0,0,0,0,0,True,E
6188_9e8e394e.jpg,Test,0,0,0,0,0,0,0,0,0,6,6,6,6,6,0,0,0,6,6,6,6,6,0,0,0,6,6,6,6,6,0,0,0,6,6,6,6,6,0,0,0,6,6,6,6,6,0,0,0,6,6,6,6,6,0,0,0,6,6,6,6,6,0,0,True,E
6189_2ca41c3c.jpg,Test,0,0,0,0,0,0,0,0,0,0,2,2,7,7,0,0,0,0,2,2,7,7,0,0,0,0,2,2,7,7,0,0,0,0,2,2,7,7,0,0,0,0,2,2,7,7,0,0,0,0,2,2,7,7,0,0,0,0,2,7,7,7,0,0,True,E
6190_29880fc5.jpg,Test,0,0,0,0,0,0,0,0,0,0,0,0,7,7,0,0,0,0,2,7,7,7,7,0,0,0,2,7,7,7,7,0,0,0,2,7,7,7,7,0,0,0,2,7,7,7,7,0,0,0,2,7,7,7,7,0,0,0,2,7,7,7,7,0,True,E
6191_4c8a32b7.jpg,Test,0,0,0,0,0,0,0,0,0,0,0,0,0,0,0,0,0,0,0,0,0,0,0,0,0,0,0,0,7,7,7,0,0,0,0,0,7,7,7,0,0,0,0,0,7,7,7,0,0,0,0,0,7,7,7,0,0,0,0,0,7,7,7,0,True,E
6192_3b82f11f.jpg,Test,0,0,0,0,0,0,0,0,0,0,0,0,0,0,0,0,6,6,6,6,6,6,6,6,6,6,6,6,6,6,6,6,6,6,6,6,6,6,6,6,6,6,6,6,6,6,6,6,6,6,6,6,6,6,6,6,6,6,6,6,6,6,6,6,True,E
6193_a5e24e0c.jpg,Test,0,0,0,0,0,0,0,0,0,0,0,0,0,0,0,0,0,6,6,6,6,6,0,0,0,6,6,6,6,6,0,0,0,6,6,6,6,6,0,0,0,6,6,6,6,6,0,0,0,6,6,6,6,6,0,0,0,6,6,6,6,6,0,0,True,E
6194_9a4be33d.jpg,Test,0,0,0,0,0,0,0,0,7,7,7,0,0,6,6,0,7,7,7,7,0,6,6,0,7,7,7,7,0,6,6,0,7,7,7,7,0,6,6,0,7,7,7,7,0,6,6,0,7,7,7,7,0,6,6,0,7,7,7,0,0,6,6,0,True,E
6195_69317d6f.jpg,Test,0,0,0,0,0,0,0,0,0,0,0,0,0,0,6,6,0,0,7,7,7,7,6,6,0,0,7,7,7,7,6,6,0,0,7,7,7,7,6,6,0,0,7,7,7,7,6,6,0,0,7,7,7,0,6,6,0,0,0,0,0,0,0,0,True,E
6196_a95763bd.jpg,Test,0,0,0,0,0,0,0,0,0,0,0,0,0,0,0,0,0,0,0,0,0,0,0,0,0,0,0,0,0,0,0,0,0,0,0,0,0,0,0,0,0,0,0,0,0,0,0,0,0,0,0,0,0,0,0,0,0,0,0,0,0,0,0,0,True,E
6197_170d662d.jpg,Test,0,0,0,0,0,0,0,0,0,0,0,0,0,0,0,0,0,0,0,0,0,0,0,0,0,0,0,0,0,0,0,0,0,0,0,0,0,0,0,0,0,0,0,0,0,0,0,0,0,0,0,0,0,0,0,0,0,0,0,0,0,0,0,0,True,E
6198_918eb4d3.jpg,Test,0,0,0,0,0,0,0,0,0,0,0,0,0,0,0,0,0,0,0,0,0,0,0,0,0,0,0,0,0,0,0,0,0,0,0,0,0,0,0,0,0,0,0,0,0,0,0,0,0,0,0,0,0,0,0,0,0,0,0,0,0,0,0,0,True,E
6199_86a21fe7.jpg,Test,0,0,0,0,0,0,0,0,0,0,0,0,0,0,0,0,0,0,6,6,0,0,0,0,0,0,6,6,0,0,0,0,0,0,6,6,0,0,0,0,0,0,6,6,0,0,0,0,0,0,6,6,0,0,0,0,0,0,6,6,0,0,0,0,True,E
6200_738d628e.jpg,Test,0,0,0,0,0,0,0,0,0,0,0,0,0,0,0,0,0,0,0,0,0,0,0,0,0,0,0,0,0,0,0,0,0,0,0,0,0,0,0,0,0,0,0,0,0,0,0,0,0,0,0,0,0,0,0,0,0,0,0,0,0,0,0,0,True,E
6201_7288c538.jpg,Test,0,0,0,6,6,6,0,0,0,0,0,6,6,6,0,0,0,0,0,6,6,6,0,0,0,0,0,6,6,6,0,0,0,0,0,6,6,6,0,0,0,0,0,6,6,6,0,0,0,0,0,6,6,6,0,0,0,0,0,6,6,6,0,0,True,E
6202_f8e6ca2e.jpg,Test,0,6,6,6,0,0,0,0,0,6,6,6,0,6,6,6,0,6,6,6,0,6,6,6,0,6,6,6,0,6,6,6,0,6,6,6,0,6,6,6,0,6,6,6,0,6,6,6,0,6,6,6,0,6,6,6,0,0,6,6,0,6,6,0,True,E
6203_656b3871.jpg,Test,0,6,6,6,7,7,7,0,0,6,6,6,7,7,7,0,0,6,6,6,7,7,7,0,0,6,6,6,7,7,7,0,0,6,6,6,7,7,7,0,0,6,6,6,7,7,7,0,0,6,6,6,7,7,7,0,0,6,6,6,7,7,7,0,True,E
6204_5510010f.jpg,Test,0,0,0,0,0,0,0,0,0,0,0,0,0,6,6,6,0,0,7,7,7,6,6,6,0,0,7,7,7,6,6,6,0,0,7,7,7,6,6,6,0,0,7,7,7,6,6,6,0,0,7,7,7,6,6,6,0,0,7,0,7,6,6,6,True,E
6205_33fd7344.jpg,Test,0,0,0,0,0,0,0,0,0,0,0,0,0,0,0,0,0,0,0,0,0,0,0,0,0,0,0,9,9,9,0,0,0,0,0,9,9,9,0,0,0,0,0,9,9,9,0,0,0,0,0,9,9,9,0,0,0,0,0,9,9,9,0,0,True,E
6206_53d3189c.jpg,Test,0,0,0,0,0,0,0,0,0,0,0,0,0,0,0,0,0,0,0,0,0,0,0,0,0,0,0,0,0,0,0,0,0,0,0,0,0,0,0,0,0,0,0,0,0,0,0,0,0,0,0,0,0,0,0,0,0,0,0,0,0,0,0,0,True,E
6207_f5b27a2e.jpg,Test,0,0,0,0,0,0,0,0,0,0,0,7,7,7,0,0,0,0,0,7,7,7,0,0,0,0,0,7,7,7,0,0,0,0,0,7,7,7,0,0,0,0,0,7,7,7,0,0,0,0,0,7,7,7,0,0,0,0,0,7,7,0,0,0,True,E
6208_263773f0.jpg,Test,0,0,0,0,0,0,0,0,0,0,0,0,0,0,0,0,0,0,0,7,7,7,0,0,0,0,7,7,7,7,0,0,0,0,7,7,7,7,0,0,0,0,7,7,7,7,0,0,0,0,7,7,7,7,0,0,0,0,7,7,7,7,0,0,True,E
6209_4e49af32.jpg,Test,0,0,0,0,0,0,0,0,0,0,0,0,0,0,0,0,0,0,0,0,0,0,0,0,0,0,0,0,0,0,0,0,0,0,0,0,0,0,0,0,0,0,0,0,0,0,0,0,0,0,0,0,0,0,0,0,0,0,0,0,0,0,0,0,True,E
6210_0f8f891f.jpg,Test,0,0,0,0,0,0,0,0,0,0,0,0,0,0,0,0,0,0,0,7,7,0,0,0,0,0,0,7,7,0,0,0,0,0,0,7,7,0,0,0,0,0,0,7,7,0,0,0,0,0,0,7,7,0,0,0,0,0,0,7,7,0,0,0,True,E
6211_f35d736f.jpg,Test,0,0,0,0,0,0,0,0,0,0,6,6,6,6,0,0,0,0,6,6,6,6,0,0,0,0,6,6,6,6,0,0,0,0,6,6,6,6,0,0,0,0,6,6,6,6,0,0,0,0,6,6,6,6,0,0,0,0,6,6,6,6,0,0,True,E
6212_9d7b4274.jpg,Test,0,0,0,0,0,0,0,0,0,0,0,0,0,0,0,0,0,0,0,0,0,0,0,0,0,0,0,0,0,0,0,0,0,0,0,0,0,0,0,0,0,0,0,0,0,0,0,0,0,0,0,0,0,0,0,0,0,0,0,0,0,0,0,0,True,E
6213_b8b0b9d3.jpg,Test,0,0,0,0,0,0,0,0,0,0,0,0,0,0,0,0,0,0,0,0,0,0,0,0,0,0,0,0,0,0,0,0,0,0,0,0,0,0,0,0,0,0,0,0,0,0,0,0,0,0,0,0,0,0,0,0,0,0,0,0,0,0,0,0,True,E
6214_4a9f23cf.jpg,Test,0,0,0,0,0,0,0,0,0,0,0,0,0,0,0,0,0,0,0,0,0,0,0,0,0,0,0,0,0,0,0,0,0,0,0,0,0,0,0,0,0,0,0,0,0,0,0,0,0,0,0,0,0,0,0,0,0,0,0,0,0,0,0,0,True,E
6215_7eea1ecc.jpg,Test,0,0,0,0,0,0,0,0,0,0,0,0,0,0,0,0,0,0,0,0,0,0,0,0,0,0,0,0,0,0,0,0,0,0,0,0,0,0,0,0,0,0,0,0,0,0,0,0,0,0,0,0,0,0,0,0,0,0,0,0,0,0,0,0,True,E
6216_a19bd8f3.jpg,Test,0,0,0,0,0,0,0,0,0,0,0,7,7,7,0,0,0,0,0,7,7,7,0,0,0,0,0,7,7,7,0,0,0,0,0,7,7,7,0,0,0,0,0,7,7,7,0,0,0,0,0,7,7,7,0,0,0,0,0,7,7,0,0,0,True,E
6217_95c92b78.jpg,Test,0,0,0,0,7,7,0,0,0,0,0,0,7,7,0,0,0,0,0,0,7,7,0,0,0,0,0,0,7,7,0,0,0,0,0,0,7,7,0,0,0,0,0,0,7,7,0,0,0,0,0,0,7,7,0,0,0,0,0,0,7,7,0,0,True,E
6218_660e0d06.jpg,Test,0,0,0,0,0,0,0,0,0,0,0,0,0,0,0,0,0,0,0,0,0,0,0,0,0,0,0,0,0,0,0,0,0,0,0,0,0,0,0,0,0,0,0,0,0,0,0,0,0,0,0,0,0,0,0,0,0,0,0,0,0,0,0,0,True,E
6219_b8bc388b.jpg,Test,0,0,0,0,0,0,0,0,0,6,6,6,6,6,0,0,0,6,6,6,6,6,0,0,0,6,6,6,6,6,0,0,0,6,6,6,6,6,0,0,0,6,6,6,6,6,0,0,0,6,6,6,6,6,0,0,0,6,6,6,6,6,0,0,True,E
6220_fcccc8e0.jpg,Test,0,0,0,0,0,0,0,0,0,0,0,0,7,7,0,0,0,0,0,0,7,7,0,0,0,0,6,6,7,7,0,0,0,0,6,6,7,7,0,0,0,0,6,6,7,7,0,0,0,0,6,6,7,7,0,0,0,0,6,0,7,7,0,0,True,E
6221_917219d7.jpg,Test,0,0,6,6,6,0,0,0,0,0,6,6,6,0,0,0,0,0,6,6,6,0,0,0,0,0,6,6,6,0,0,0,0,0,6,6,6,0,0,0,0,0,6,6,6,0,0,0,0,0,6,6,6,0,0,0,0,0,6,6,6,0,0,0,True,E
6222_f816dc0b.jpg,Test,0,0,0,0,0,0,0,0,0,0,0,0,0,0,0,0,0,0,0,0,0,0,0,0,0,0,0,0,0,0,0,0,0,0,0,0,0,0,0,0,0,0,0,0,0,0,0,0,0,0,0,0,0,0,0,0,0,0,0,0,0,0,0,0,True,E
6223_4925850d.jpg,Test,0,0,6,6,6,0,0,0,0,0,6,6,6,0,0,0,0,0,6,6,6,0,0,0,0,0,6,6,6,0,0,0,0,0,6,6,6,0,0,0,0,0,6,6,6,0,0,0,0,0,6,6,6,0,0,0,0,0,6,6,6,0,0,0,True,E
6224_2729e7cc.jpg,Test,0,0,0,0,0,0,0,0,0,0,0,0,0,0,0,0,0,0,0,7,7,0,0,0,0,0,0,7,7,0,0,0,0,0,0,7,7,0,0,0,0,0,0,7,7,0,0,0,0,0,0,7,7,0,0,0,0,0,0,7,7,0,0,0,True,E
6225_d9098484.jpg,Test,0,0,0,0,0,0,0,0,0,0,0,0,0,0,0,0,0,0,0,0,7,7,7,0,0,0,0,0,7,7,7,0,0,0,0,0,7,7,7,0,0,0,0,0,7,7,7,0,0,0,0,0,7,7,7,0,0,0,0,0,7,7,7,0,True,E
6226_262a144d.jpg,Test,0,0,6,6,0,0,0,0,0,7,6,6,6,6,0,0,0,7,6,6,6,6,0,0,0,7,6,6,6,6,0,0,0,7,6,6,6,6,0,0,0,7,6,6,6,6,0,0,0,7,6,6,6,6,0,0,0,7,6,6,6,0,0,0,True,E
6227_b930c90a.jpg,Test,0,0,0,0,0,0,0,0,0,0,0,7,7,7,0,0,0,0,0,7,7,7,0,0,0,0,0,7,7,7,0,0,0,0,0,7,7,7,0,0,0,0,0,7,7,7,0,0,0,0,0,7,7,7,0,0,0,0,0,7,7,7,0,0,True,E
6228_4a92005d.jpg,Test,0,0,0,0,0,0,0,0,0,0,0,0,0,0,0,0,0,0,0,0,0,0,0,0,0,0,0,0,0,0,0,0,0,0,0,0,0,0,0,0,0,0,0,0,0,0,0,0,0,0,0,0,0,0,0,0,0,0,0,0,0,0,0,0,True,E
6229_3dc20753.jpg,Test,0,0,0,0,0,0,0,0,0,0,0,7,7,0,0,0,0,0,0,7,7,0,0,0,0,0,0,7,7,0,0,0,0,0,0,7,7,0,0,0,0,0,0,7,7,0,0,0,0,0,0,7,7,0,0,0,0,0,0,7,7,0,0,0,True,E
6230_40480123.jpg,Test,0,0,6,6,6,0,0,0,0,6,6,6,6,0,0,0,0,6,6,6,6,0,0,0,0,6,6,6,6,0,0,0,0,6,6,6,6,0,0,0,0,6,6,6,6,0,0,0,0,6,6,6,6,0,0,0,0,0,6,6,6,0,0,0,True,E
6231_72d8c330.jpg,Test,0,0,0,0,0,0,0,0,0,0,6,6,6,6,6,0,0,6,6,6,6,6,6,0,0,6,6,6,6,6,6,0,0,6,6,6,6,6,6,0,0,6,6,6,6,6,6,0,0,6,6,6,6,6,6,0,0,6,6,6,6,6,6,0,True,E
6232_f9a5e6bd.jpg,Test,0,0,0,0,0,0,0,0,0,0,6,6,6,6,0,0,0,0,6,6,6,6,6,0,0,0,6,6,6,6,6,0,0,0,6,6,6,6,6,0,0,0,6,6,6,6,6,0,0,0,6,6,6,6,6,0,0,0,6,6,6,6,6,0,True,E
6233_c6540328.jpg,Test,0,0,0,0,0,0,0,0,0,0,0,0,0,0,0,0,0,0,0,0,0,0,0,0,0,0,0,0,0,0,0,0,0,0,0,0,0,0,0,0,0,0,0,0,0,0,0,0,0,0,0,0,0,0,0,0,0,0,0,0,0,0,0,0,True,E
6234_4bfbfc80.jpg,Test,0,0,0,0,0,0,0,0,0,0,0,0,0,0,0,0,0,0,0,0,0,0,0,0,0,0,0,0,0,0,0,0,0,0,0,0,0,0,0,0,0,0,0,0,0,0,0,0,0,0,0,0,0,0,0,0,0,0,0,0,0,0,0,0,True,E
6235_e935e21f.jpg,Test,0,0,0,0,0,0,0,0,0,0,0,0,0,0,0,0,0,0,0,0,0,0,0,0,0,0,0,0,0,0,0,0,0,0,0,0,0,0,0,0,0,0,0,0,0,0,0,0,0,0,0,0,0,0,0,0,0,0,0,0,0,0,0,0,True,E
6236_7db364e9.jpg,Test,0,0,0,0,0,0,0,0,0,6,6,6,6,6,0,0,0,6,6,6,6,6,0,0,7,7,6,6,6,6,0,0,7,7,6,6,6,6,0,0,7,7,6,6,6,6,0,0,7,7,6,6,6,6,0,0,0,0,6,0,6,0,0,0,True,E
6237_3d242d32.jpg,Test,0,0,0,7,7,0,0,0,0,0,0,7,7,0,0,0,0,0,0,7,7,0,0,0,0,0,0,7,7,0,0,0,0,0,0,7,7,0,0,0,0,0,0,7,7,0,0,0,0,0,0,7,7,0,0,0,0,0,0,7,7,0,0,0,True,E
6238_80302617.jpg,Test,0,0,0,0,0,0,0,0,0,0,0,0,0,0,0,0,0,0,0,0,0,0,0,0,0,0,0,0,0,0,0,0,0,0,0,0,0,0,0,0,0,0,0,0,0,0,0,0,0,0,0,0,0,0,0,0,0,0,0,0,0,0,0,0,True,E
6239_735e63e4.jpg,Test,0,0,0,0,0,0,0,0,0,0,6,6,6,6,0,0,0,0,6,6,6,6,0,0,0,0,6,6,6,6,0,0,0,0,6,6,6,6,0,0,0,0,6,6,6,6,0,0,0,0,6,6,6,6,0,0,0,0,6,6,6,6,0,0,True,E
6240_3b4d9329.jpg,Test,0,0,0,0,0,0,0,0,0,0,0,0,0,0,0,0,0,0,0,0,0,0,0,0,0,0,0,0,0,0,0,0,0,0,0,0,0,0,0,0,0,0,0,0,0,0,0,0,0,0,0,0,0,0,0,0,0,0,0,0,0,0,0,0,True,E
6241_d908bf8c.jpg,Test,0,0,0,0,0,0,0,0,0,7,7,7,7,7,7,7,0,7,7,7,7,7,7,7,0,7,7,7,7,7,7,7,0,7,7,7,7,7,7,7,0,7,7,7,7,7,7,7,0,7,7,7,7,7,7,7,0,7,7,7,7,7,7,0,True,E
6242_e2b9ec2d.jpg,Test,0,0,6,6,6,0,0,0,0,0,6,6,6,0,0,0,0,0,6,6,6,0,0,0,0,0,6,6,6,0,0,0,0,0,6,6,6,0,0,0,0,0,6,6,6,0,0,0,0,0,6,6,6,0,0,0,0,0,6,6,6,0,0,0,True,E
6243_5171ff0c.jpg,Test,0,0,0,0,0,0,0,0,0,0,0,0,0,0,0,0,0,0,0,0,0,0,0,0,0,0,0,0,0,0,0,0,0,0,0,0,0,0,0,0,0,0,0,0,0,0,0,0,0,0,0,0,0,0,0,0,0,0,0,0,0,0,0,0,True,E
6244_2e68013c.jpg,Test,0,0,0,0,0,0,0,0,0,0,0,0,0,0,0,0,0,0,0,0,0,0,0,0,0,0,0,0,0,0,0,0,0,0,0,0,0,0,0,0,0,0,0,0,0,0,0,0,0,0,0,0,0,0,0,0,0,0,0,0,0,0,0,0,True,E
6245_0258bbff.jpg,Test,0,0,0,0,0,0,0,0,0,7,7,7,7,0,0,0,7,7,7,7,7,7,0,0,7,7,7,7,7,7,0,0,7,7,7,7,7,7,0,0,7,7,7,0,7,7,7,0,7,7,7,0,7,7,7,0,7,7,7,0,7,7,7,0,True,E
6246_69f758a0.jpg,Test,0,0,0,0,0,0,0,0,0,0,6,6,6,6,0,0,0,0,6,6,6,6,0,0,0,0,6,6,6,6,0,0,0,0,6,6,6,6,0,0,0,0,6,6,6,6,0,0,0,0,6,6,6,6,0,0,0,0,6,6,6,6,0,0,True,E
6247_2d3ee2e4.jpg,Test,0,0,0,0,0,0,0,0,0,0,0,0,0,0,0,0,0,0,6,6,7,7,0,0,0,0,6,6,7,7,0,0,0,0,6,6,7,7,0,0,0,0,6,6,7,7,0,0,0,0,6,6,7,7,0,0,0,0,6,6,7,7,0,0,True,E
6248_f7f98ada.jpg,Test,0,0,0,7,7,0,0,0,0,0,0,7,7,0,0,0,0,0,0,7,7,0,0,0,0,0,0,7,7,0,0,0,0,0,0,7,7,0,0,0,0,0,0,7,7,0,0,0,0,0,0,7,7,0,0,0,0,0,0,7,7,0,0,0,True,E
6249_c0ec0430.jpg,Test,0,0,0,0,0,0,0,0,0,0,0,0,0,0,0,0,0,0,0,0,0,0,0,0,0,0,0,0,0,0,0,0,0,0,0,0,0,0,0,0,0,0,0,0,0,0,0,0,0,0,0,0,0,0,0,0,0,0,0,0,0,0,0,0,True,E
6250_eb4f12a3.jpg,Test,0,0,0,0,0,0,0,0,0,0,0,7,7,0,0,0,0,0,0,7,7,7,6,6,0,0,0,7,7,7,6,6,0,0,0,7,7,7,6,6,0,0,0,7,7,7,6,6,0,0,0,7,7,7,0,6,0,0,0,7,7,0,0,0,True,E
6251_11379f29.jpg,Test,0,0,0,0,0,0,0,0,0,0,0,0,0,0,0,0,0,0,0,6,6,0,0,0,0,0,0,6,6,0,7,0,0,0,0,6,6,0,7,0,0,0,0,6,6,0,7,0,0,0,0,6,6,0,7,0,0,0,0,6,6,0,7,0,True,E
6252_a02bdab6.jpg,Test,0,0,0,0,0,0,0,0,0,0,0,0,0,0,0,0,0,0,0,0,0,0,0,0,0,0,0,0,0,0,0,0,0,0,0,0,0,0,0,0,0,0,0,6,6,0,0,0,0,0,0,6,6,0,0,0,0,0,0,6,6,0,0,0,True,E
6253_3e65c4f5.jpg,Test,0,0,0,0,0,0,0,0,0,0,0,0,0,0,0,0,0,0,0,0,0,0,0,0,0,0,0,0,0,0,0,0,0,0,0,0,0,0,0,0,0,0,0,0,0,0,0,0,0,0,0,0,0,0,0,0,0,0,0,0,0,0,0,0,True,E
6254_ea3c64e1.jpg,Test,0,0,0,7,7,7,0,0,0,0,7,7,7,7,0,0,0,0,7,7,7,7,0,0,0,0,7,7,7,7,0,0,0,0,7,7,7,7,0,0,0,0,7,7,7,7,0,0,0,0,7,7,7,7,0,0,0,0,7,7,7,7,0,0,True,E
6255_54a04c96.jpg,Test,7,7,0,7,7,7,0,0,7,7,7,7,7,7,7,0,7,7,7,7,7,7,7,7,7,7,7,7,7,7,7,7,7,7,7,7,7,7,7,7,7,7,7,7,7,7,7,7,7,7,7,7,7,7,7,7,7,7,7,7,7,7,7,0,True,E
6256_30c937af.jpg,Test,0,0,0,0,0,0,0,0,0,0,0,6,6,0,0,0,0,7,7,7,6,0,0,0,0,7,7,7,6,0,0,0,0,7,7,7,6,0,0,0,0,7,7,7,6,0,0,0,0,7,7,7,6,0,0,0,0,7,7,7,6,0,0,0,True,E
6257_e71df509.jpg,Test,0,0,0,7,7,7,0,0,0,0,0,7,7,7,0,0,0,0,0,7,7,7,0,0,0,0,0,7,7,7,0,0,0,0,0,7,7,7,0,0,0,0,0,7,7,7,0,0,0,0,0,7,7,7,0,0,0,0,0,7,7,7,0,0,True,E
6258_5a0e66fe.jpg,Test,0,0,0,0,0,0,0,0,6,6,6,0,0,7,7,7,6,6,6,0,0,7,7,7,6,6,6,0,0,7,7,7,6,6,6,0,0,7,7,7,6,6,6,0,0,7,7,7,6,6,6,0,0,7,7,7,6,6,6,0,0,7,7,7,True,E
6259_454f088b.jpg,Test,0,0,0,0,0,0,0,0,0,0,7,7,7,7,0,0,6,6,7,7,7,7,0,0,6,6,7,7,7,7,0,0,6,6,7,7,7,7,0,0,6,6,7,7,7,7,0,0,6,6,7,7,7,7,0,0,0,0,0,0,0,0,0,0,True,E
6260_97825bbe.jpg,Test,0,0,0,0,0,0,0,0,0,0,0,0,0,0,0,0,0,0,0,0,0,0,0,0,0,0,0,0,0,0,0,0,0,0,0,0,0,0,0,0,0,0,0,0,0,0,0,0,0,0,0,0,0,0,0,0,0,0,0,0,0,0,0,0,True,E
6261_21063792.jpg,Test,0,0,0,0,0,0,0,0,0,0,0,0,0,0,0,0,6,6,6,6,6,6,6,0,6,6,6,6,6,6,6,6,6,6,6,6,6,6,6,6,6,6,6,6,6,6,6,6,6,6,6,6,6,6,6,6,6,6,6,6,6,6,6,6,True,E
6262_f06e9da4.jpg,Test,0,0,0,0,0,0,0,0,0,0,0,0,0,0,0,0,0,0,0,0,0,0,0,0,0,0,0,0,0,0,0,0,0,0,0,6,7,7,0,0,0,0,0,6,7,7,0,0,0,0,0,6,7,7,0,0,0,0,0,0,0,0,0,0,True,E
6263_d47a16be.jpg,Test,0,0,0,0,0,0,0,0,0,0,0,0,0,0,0,0,0,0,0,0,0,0,0,0,0,0,0,0,0,0,0,0,0,0,0,0,0,0,0,0,0,0,0,0,0,0,0,0,0,0,0,0,0,0,0,0,0,0,0,0,0,0,0,0,True,E
6264_08b09215.jpg,Test,0,0,7,7,7,7,0,0,0,0,7,7,7,7,0,0,0,0,7,7,7,7,0,0,0,0,7,7,7,7,0,0,0,0,7,7,7,7,0,0,0,0,7,7,7,7,0,0,0,0,7,7,7,7,0,0,0,0,7,7,7,7,0,0,True,E
6265_c1165bc9.jpg,Test,0,0,0,0,0,0,0,0,0,0,0,0,0,0,0,0,0,0,0,0,0,0,0,0,0,0,0,0,0,0,0,0,0,0,0,0,0,0,0,0,0,0,0,0,0,0,0,0,0,0,0,0,0,0,0,0,0,0,0,0,0,0,0,0,True,E
6266_dbe0252e.jpg,Test,0,0,0,0,0,0,0,0,0,0,0,0,0,0,0,0,0,0,6,0,6,0,0,0,6,6,6,6,6,0,0,0,6,6,6,6,6,0,0,0,6,6,6,6,6,0,0,0,6,6,6,6,6,0,0,0,6,6,6,6,6,0,0,0,True,E
6267_aa861091.jpg,Test,0,0,0,7,7,7,0,0,0,0,0,7,7,7,0,0,0,0,0,7,7,7,0,0,0,0,0,7,7,7,0,0,0,0,0,7,7,7,0,0,0,0,0,7,7,7,0,0,0,0,0,7,7,7,0,0,0,0,0,7,7,7,0,0,True,E
6268_b4a1fcc3.jpg,Test,0,0,0,0,0,0,0,0,0,0,0,0,0,0,0,0,0,0,0,0,0,0,0,0,0,0,0,0,0,0,0,0,0,0,0,0,0,0,0,0,0,0,0,0,0,0,0,0,0,0,0,0,0,0,0,0,0,0,0,0,0,0,0,0,True,E
6269_9fca9d71.jpg,Test,0,0,0,0,0,0,0,0,0,0,6,6,6,0,0,0,0,0,6,6,6,0,0,0,0,0,6,6,6,0,0,0,0,0,6,6,6,0,0,0,0,0,6,6,6,0,0,0,0,0,6,6,6,0,0,0,0,0,6,6,6,0,0,0,True,E
6270_3b13b1e3.jpg,Test,0,0,0,6,6,6,0,0,0,0,6,6,6,6,0,0,0,0,6,6,6,6,0,0,7,7,6,6,6,6,0,0,7,7,6,6,6,6,0,0,7,7,6,6,6,6,0,0,7,7,6,6,6,6,0,0,0,0,6,6,6,6,0,0,True,E
6271_2a7252a1.jpg,Test,0,0,0,0,0,0,0,0,0,0,0,0,0,0,0,0,0,6,6,6,6,0,0,0,0,6,6,6,6,0,0,0,0,6,6,6,6,0,0,0,0,6,6,6,6,0,0,0,0,6,6,6,6,0,0,0,0,6,6,6,6,0,0,0,True,E
6272_6ef30566.jpg,Test,0,0,0,0,0,0,0,0,0,0,6,6,6,6,0,0,0,0,6,6,6,6,0,0,0,0,6,6,6,6,0,0,0,0,6,6,6,6,0,0,0,0,6,6,6,6,0,0,0,0,6,6,6,6,0,0,0,0,0,0,0,0,0,0,True,E
6273_a02d73b9.jpg,Test,0,0,0,0,0,0,0,0,0,0,7,7,7,0,0,0,0,7,7,7,7,0,0,0,0,7,7,7,7,0,0,0,0,7,7,7,7,0,0,0,0,7,7,7,7,0,0,0,0,7,7,7,7,0,0,0,0,7,7,7,7,0,0,0,True,E
6274_0a88e6a7.jpg,Test,0,0,0,0,0,0,0,0,0,0,0,0,0,0,0,0,0,0,0,7,7,7,0,0,0,6,6,7,7,7,0,0,0,6,6,7,7,7,0,0,0,6,6,7,7,7,0,0,0,6,6,7,7,7,0,0,0,6,6,7,7,7,0,0,True,E
6275_ad3bd244.jpg,Test,0,0,0,0,0,0,0,0,0,0,0,0,0,0,0,0,0,0,0,0,0,0,0,0,0,0,0,0,0,0,0,0,0,0,0,0,0,0,0,0,0,0,0,0,0,0,0,0,0,0,0,0,0,0,0,0,0,0,0,0,0,0,0,0,True,E
6276_b7fd0a42.jpg,Test,0,0,6,6,7,7,0,0,0,0,6,6,7,0,0,0,0,0,6,6,7,0,0,0,0,0,6,6,7,7,0,0,0,0,6,6,7,7,0,0,0,0,6,6,7,7,0,0,0,0,6,6,7,7,0,0,0,0,6,6,7,7,0,0,True,E
6277_1107bff7.jpg,Test,0,0,0,0,0,0,0,0,0,0,0,0,7,0,0,0,0,0,0,0,7,7,0,0,0,0,0,0,7,7,0,0,0,0,0,0,7,7,0,0,0,0,0,0,7,7,0,0,0,0,0,0,7,7,0,0,0,0,0,0,7,7,0,0,True,E
6278_8f52236d.jpg,Test,0,0,0,0,0,0,0,0,0,0,0,0,0,0,0,0,0,0,0,0,0,0,0,0,0,0,0,0,0,0,0,0,0,0,0,0,0,0,0,0,0,0,0,0,0,0,0,0,0,0,0,0,0,0,0,0,0,0,0,0,0,0,0,0,True,E
6279_c7b7084f.jpg,Test,0,0,0,0,0,0,0,0,0,0,0,0,0,0,0,0,0,0,0,7,0,0,0,0,0,0,0,7,0,0,0,0,0,0,0,7,0,0,0,0,0,0,0,7,0,0,0,0,0,0,0,7,0,0,0,0,0,0,0,7,0,0,0,0,True,E
6280_8279ced9.jpg,Test,0,0,0,0,0,0,0,0,0,0,0,0,0,0,0,0,0,0,0,0,0,0,0,0,0,0,0,0,0,0,0,0,0,0,0,0,0,0,0,0,0,0,0,0,0,0,0,0,0,0,0,0,0,0,0,0,0,0,0,0,0,0,0,0,True,E
6281_4e2caffb.jpg,Test,0,0,0,0,0,0,0,0,0,0,0,0,0,0,0,0,0,0,0,0,0,0,0,0,0,0,0,0,0,0,0,0,0,0,0,0,0,0,0,0,0,0,0,0,0,0,0,0,0,0,0,0,0,0,0,0,0,0,0,0,0,0,0,0,True,E
6282_5dadd5bf.jpg,Test,0,0,0,0,0,0,0,0,1,1,1,1,0,0,0,0,1,1,1,1,0,5,5,0,1,1,1,1,0,5,5,0,1,1,1,1,0,5,5,0,1,1,1,1,0,5,5,0,1,1,1,1,0,5,5,0,0,1,1,0,0,0,0,0,True,E
6283_f6c871a3.jpg,Test,0,0,0,0,0,0,0,0,0,0,0,0,0,0,0,0,0,1,0,0,0,0,0,0,0,1,1,5,5,0,0,0,0,1,1,5,5,0,0,0,0,1,1,5,5,0,0,0,0,0,0,5,5,0,0,0,0,0,0,5,5,0,0,0,True,E
6284_27f71988.jpg,Test,0,0,0,0,0,0,0,0,0,0,0,0,0,0,0,0,0,0,0,0,0,0,0,0,0,0,0,0,0,0,0,0,0,0,0,0,0,0,0,0,0,0,0,0,0,0,0,0,0,0,0,0,0,0,0,0,0,0,0,0,0,0,0,0,True,E
6285_42aa7a8d.jpg,Test,0,0,0,0,0,0,0,0,0,0,0,1,1,0,0,0,0,0,0,1,1,8,0,0,0,1,0,1,1,8,8,0,0,1,0,1,1,8,8,0,1,1,1,1,1,8,8,0,1,1,1,1,1,8,8,0,0,0,0,0,0,0,0,0,True,E
6286_af4c2a6f.jpg,Test,0,0,0,0,0,1,1,0,0,1,1,1,1,1,1,0,0,1,1,1,1,1,1,0,0,1,1,1,1,1,1,0,0,1,1,1,1,1,1,0,0,1,1,1,1,1,1,0,0,1,1,1,1,1,1,0,0,1,1,1,1,1,1,0,True,E
6287_05001c94.jpg,Test,0,0,0,0,0,0,0,0,0,0,0,1,0,0,0,0,0,0,1,1,0,0,0,0,0,0,1,1,0,0,0,0,0,0,1,1,0,0,0,0,0,0,1,1,0,0,0,0,0,0,1,1,0,0,0,0,0,0,0,1,0,0,0,0,True,E
6288_6d2977f1.jpg,Test,0,0,0,0,0,0,0,0,0,0,0,1,1,0,0,0,0,0,0,1,1,0,0,0,0,0,0,1,1,0,0,0,0,0,0,1,1,0,0,0,0,0,0,1,1,0,0,0,0,0,0,1,1,0,0,0,0,0,0,0,0,0,0,0,True,E
6289_645bd6ad.jpg,Test,0,0,0,0,0,0,0,0,0,0,0,0,0,0,0,0,0,0,0,0,0,5,0,0,0,0,0,0,0,5,5,0,0,0,0,0,0,5,5,0,0,0,0,0,0,5,5,0,0,0,0,0,0,5,0,0,0,0,0,0,0,0,0,0,True,E
6290_dd73dd10.jpg,Test,0,0,0,0,0,0,0,0,0,0,0,0,0,0,0,0,0,0,0,0,0,0,0,0,0,0,0,6,0,0,0,0,0,0,0,6,6,0,0,0,0,0,0,6,6,0,0,0,0,0,0,0,0,0,0,0,0,0,0,0,0,0,0,0,True,E
6291_bca9dbe6.jpg,Test,0,0,0,0,0,0,0,0,0,0,0,0,1,0,0,0,0,5,5,0,1,1,0,0,0,5,5,0,1,1,0,0,0,5,5,0,1,1,0,0,0,5,5,0,1,1,0,0,0,5,5,0,1,1,0,0,0,0,0,0,0,0,0,0,True,E
6292_16c0d58a.jpg,Test,0,0,0,0,0,0,0,0,0,0,0,0,0,0,0,0,0,0,5,5,0,0,0,0,0,0,5,5,0,0,0,0,0,0,5,5,0,0,0,0,0,0,5,5,0,0,0,0,0,0,0,5,0,0,0,0,0,0,0,0,0,0,0,0,True,E
6293_888965f9.jpg,Test,1,1,1,0,0,0,0,0,1,1,1,1,0,1,1,0,1,1,1,1,0,1,1,1,1,1,1,1,0,1,1,1,1,1,1,1,0,1,1,1,1,1,1,1,0,1,1,0,1,1,1,1,0,1,1,0,1,1,1,0,0,0,0,0,True,E
6294_8ba685db.jpg,Test,0,0,0,0,0,0,0,0,0,0,0,1,1,0,0,0,0,0,0,1,1,0,0,0,0,0,0,1,1,0,0,0,0,0,0,1,1,0,0,0,0,0,0,1,1,0,0,0,0,0,0,1,1,0,0,0,0,0,0,1,0,0,0,0,True,E
6295_3aa4a8db.jpg,Test,0,0,0,0,0,0,0,0,0,0,0,0,0,0,0,0,0,0,0,0,0,0,0,0,0,0,0,0,0,0,0,0,0,0,0,0,0,0,0,0,0,0,0,0,0,0,0,0,0,0,0,0,0,0,0,0,0,0,0,0,0,0,0,0,True,E
6296_5a70e676.jpg,Test,0,0,1,1,5,5,0,0,0,1,1,1,5,5,5,0,0,1,1,1,5,5,5,0,0,1,1,1,5,5,5,0,0,1,1,1,5,5,5,0,0,1,1,1,5,5,5,0,0,1,1,1,5,5,5,0,0,1,1,1,5,5,5,0,True,E
6297_5df1c515.jpg,Test,0,0,0,0,0,0,0,0,0,0,0,0,0,0,0,0,0,5,0,0,1,1,0,0,0,5,0,0,1,1,0,0,0,5,0,0,1,1,0,0,0,5,0,0,1,1,0,0,0,5,0,0,1,1,0,0,0,0,0,0,0,0,0,0,True,E
6298_5ca55f34.jpg,Test,0,0,0,0,0,0,0,0,0,0,0,0,0,0,0,0,0,0,0,0,0,0,0,0,0,0,0,0,0,0,0,0,0,0,0,0,0,0,0,0,0,0,0,0,0,0,0,0,0,0,0,0,0,0,0,0,0,0,0,0,0,0,0,0,True,E
6299_d8d0cc15.jpg,Test,0,0,0,0,0,0,0,0,0,0,0,0,0,0,0,0,0,0,0,0,0,0,0,0,0,0,0,0,0,0,0,0,0,0,0,0,0,0,0,0,0,0,0,0,0,0,0,0,0,0,0,0,0,0,0,0,0,0,0,0,0,0,0,0,True,E
6300_efa0b1ed.jpg,Test,0,0,0,0,0,0,0,0,0,0,0,0,0,0,0,0,0,0,1,1,1,1,0,0,0,0,1,1,1,1,0,0,0,0,1,1,1,1,0,0,0,0,1,1,1,1,0,0,0,0,1,1,1,1,0,0,0,0,0,1,1,0,0,0,True,E
6301_2a0c4623.jpg,Test,0,0,0,0,0,0,0,0,0,0,1,1,1,1,0,0,0,0,1,1,1,1,0,0,0,0,1,1,1,1,0,0,0,0,1,1,1,1,0,0,0,0,1,1,1,1,0,0,0,0,1,1,1,1,0,0,0,0,1,1,1,1,0,0,True,E
6302_1f2429dc.jpg,Test,0,0,0,0,0,0,0,0,0,0,0,1,1,0,0,0,0,0,1,1,1,0,0,0,0,0,1,1,1,0,0,0,0,0,1,1,1,0,0,0,0,0,1,1,1,0,0,0,0,0,1,1,1,0,0,0,0,0,0,0,0,0,0,0,True,E
6303_efe335c9.jpg,Test,0,0,1,1,1,0,0,0,0,1,1,1,1,1,0,0,0,1,1,1,1,1,0,0,0,1,1,1,1,1,0,0,0,1,1,1,1,1,0,0,0,1,1,1,1,1,0,0,0,1,1,1,1,1,0,0,0,0,1,1,0,1,0,0,True,E
6304_8d8c792c.jpg,Test,0,0,0,0,0,0,0,0,0,1,1,1,1,1,1,0,0,1,1,1,1,1,1,0,0,1,1,1,1,1,1,0,0,1,1,1,1,1,1,0,0,1,1,1,1,1,1,0,0,1,1,1,1,1,1,0,0,0,1,1,1,1,1,0,True,E
6305_62521c90.jpg,Test,0,0,0,0,0,0,0,0,0,0,0,0,0,0,0,0,0,0,0,0,0,0,0,0,0,0,0,0,1,1,0,0,0,0,0,0,1,2,0,0,0,0,0,0,1,1,0,0,0,0,0,0,0,0,0,0,0,0,0,0,0,0,0,0,True,E
6306_a46e99b2.jpg,Test,0,0,0,0,0,0,0,0,0,0,0,0,0,0,0,0,0,0,0,0,0,0,0,0,0,0,0,0,0,0,0,0,0,0,0,0,0,0,0,0,0,0,0,0,0,0,0,0,0,0,0,0,0,0,0,0,0,0,0,0,0,0,0,0,True,E
6307_8f2dd0d6.jpg,Test,0,0,0,0,0,1,0,0,0,1,1,1,1,1,1,1,0,1,1,1,1,1,1,1,0,1,1,1,1,1,1,1,0,1,1,1,1,1,1,1,0,1,1,1,1,1,1,1,0,1,1,1,1,1,1,1,0,0,1,1,1,1,1,1,True,E
6308_c48de917.jpg,Test,0,0,0,0,0,0,0,0,0,0,0,0,0,0,0,0,0,0,0,0,0,0,0,0,0,0,0,0,0,0,0,0,0,0,0,0,0,0,0,0,0,0,0,0,0,0,0,0,0,0,0,0,0,0,0,0,0,0,0,0,0,0,0,0,True,E
6309_f3da560d.jpg,Test,0,0,0,1,0,0,0,0,0,0,1,1,0,0,0,0,0,0,1,1,0,0,0,0,0,0,1,1,0,0,0,0,0,0,1,1,0,0,0,0,0,0,1,1,0,0,0,0,0,0,1,1,0,0,0,0,0,0,0,0,0,0,0,0,True,E
6310_e7090217.jpg,Test,0,0,0,0,0,0,0,0,6,6,0,0,0,0,0,0,6,6,0,0,0,0,0,0,6,6,0,2,2,2,0,0,6,6,0,2,2,2,0,0,6,6,0,2,2,2,0,0,6,6,0,2,2,2,0,0,6,6,0,2,2,2,0,0,True,E
6311_f2e622a4.jpg,Test,0,0,0,0,0,0,0,0,0,0,0,1,1,0,0,0,0,0,1,1,1,1,0,0,0,0,1,1,1,1,0,0,2,0,1,1,1,1,0,0,2,0,1,1,1,1,0,0,2,2,1,1,1,1,0,0,2,2,1,1,1,1,0,0,True,E
6312_051a58e8.jpg,Test,0,0,0,0,0,0,0,0,0,0,0,0,0,0,0,0,0,5,5,1,1,0,0,0,0,5,5,1,1,0,0,0,0,5,5,1,1,0,0,0,0,5,5,1,1,0,0,0,0,5,5,1,1,0,0,0,0,0,0,0,0,0,0,0,True,E
6313_ac4b347b.jpg,Test,0,0,0,0,0,0,0,0,0,0,0,1,1,0,0,0,0,0,1,1,1,0,0,0,0,0,1,1,1,0,0,0,0,0,1,1,1,0,0,0,0,0,1,1,1,0,0,0,0,0,1,1,1,0,0,0,0,0,1,1,1,0,0,0,True,E
6314_54dc0ed6.jpg,Test,0,0,0,0,0,0,0,0,0,0,0,0,0,0,0,0,0,0,0,0,0,0,0,0,0,0,0,0,0,0,0,0,0,0,0,0,0,0,0,0,0,0,0,0,0,0,0,0,0,0,0,0,0,0,0,0,0,0,0,0,0,0,0,0,True,E
6315_5f522331.jpg,Test,0,0,0,0,0,0,0,0,0,0,0,0,0,0,0,0,0,0,0,5,5,5,0,0,0,1,1,5,5,5,0,0,0,1,1,5,5,5,0,0,0,1,1,5,5,5,0,0,0,1,1,5,5,5,0,0,0,0,0,0,5,0,0,0,True,E
6316_72522305.jpg,Test,0,0,0,0,0,0,0,0,0,0,0,0,0,0,0,0,0,0,0,0,0,5,0,0,0,0,0,1,1,5,0,0,0,0,0,1,1,5,0,0,0,0,0,1,1,5,0,0,0,0,0,1,1,5,0,0,0,0,0,0,0,0,0,0,True,E
6317_d187d159.jpg,Test,0,0,0,1,0,0,0,0,0,0,0,1,1,0,0,0,0,0,0,1,1,0,0,0,0,0,0,1,1,0,0,0,0,0,0,1,1,0,0,0,0,0,0,1,1,0,0,0,0,0,0,1,1,0,0,0,0,0,0,1,1,0,0,0,True,E
6318_93c06fbf.jpg,Test,0,0,0,0,0,0,0,0,0,0,0,0,0,0,0,0,0,0,0,0,0,0,0,0,0,0,0,0,0,0,0,0,0,0,0,0,0,0,0,0,0,0,0,0,0,0,0,0,0,0,0,0,0,0,0,0,0,0,0,0,0,0,0,0,True,E
6319_b3901f85.jpg,Test,0,0,0,0,0,0,0,0,0,0,0,0,0,0,0,0,0,0,0,5,5,0,0,0,0,0,0,5,5,0,0,0,0,0,0,5,5,0,0,0,0,0,0,5,5,0,0,0,0,0,0,5,5,0,0,0,0,0,0,5,0,0,0,0,True,E
6320_73bf3895.jpg,Test,1,1,1,0,0,0,0,0,1,1,1,0,0,0,0,0,1,1,1,0,0,0,0,0,1,1,1,0,0,0,0,0,1,1,1,0,0,0,0,0,1,1,1,0,0,0,0,0,1,1,1,0,0,0,0,0,1,1,1,0,0,0,0,0,True,E
6321_27309156.jpg,Test,0,0,0,0,0,0,0,0,0,0,0,0,0,0,0,0,0,0,0,0,5,5,5,0,0,1,1,0,5,5,5,0,0,1,1,0,5,5,5,0,0,1,1,0,5,5,5,0,0,1,1,0,5,5,5,0,0,1,1,0,5,5,5,0,True,E
6322_f219ff31.jpg,Test,0,0,0,0,0,0,0,0,0,0,0,1,1,0,0,0,1,1,0,1,1,0,0,0,1,1,0,1,1,1,1,0,1,1,0,1,1,1,1,0,1,1,0,1,1,1,1,0,1,1,0,0,1,1,1,0,1,1,0,0,0,0,0,0,True,E
6323_f2f5cc98.jpg,Test,0,0,0,0,0,0,0,0,0,1,1,1,1,1,1,0,0,1,1,1,1,1,1,0,0,1,1,1,1,1,1,0,0,1,1,1,1,1,1,0,0,1,1,1,1,1,1,0,0,1,1,1,1,1,1,0,0,0,1,1,1,1,1,0,True,E
6324_7e64589d.jpg,Test,0,0,0,0,0,0,0,0,0,1,1,0,0,0,1,0,0,1,1,1,0,0,1,0,0,1,1,1,0,0,1,0,0,1,1,1,0,0,1,0,0,1,1,1,0,0,1,0,0,1,1,1,0,0,0,0,0,1,1,1,0,0,0,0,True,E
6325_9f74132c.jpg,Test,0,0,0,0,0,0,0,0,0,0,0,5,5,0,0,0,0,0,0,5,5,0,0,0,0,0,0,5,5,0,0,0,0,0,0,5,5,0,0,0,0,0,0,5,5,0,0,0,0,0,0,5,5,0,0,0,0,0,0,5,5,0,0,0,True,E
6326_492f4f5b.jpg,Test,0,0,0,0,0,0,0,0,0,0,0,0,0,0,0,0,0,0,0,0,0,0,0,0,0,0,0,0,0,0,0,0,0,0,0,0,0,0,0,0,0,0,0,0,0,0,0,0,0,0,0,0,0,0,0,0,0,0,0,0,0,0,0,0,True,E
6327_ff375b7c.jpg,Test,0,0,5,5,1,1,0,0,0,0,5,5,1,1,0,0,0,0,5,5,1,1,0,0,0,5,5,5,1,1,0,0,0,1,1,1,1,1,0,0,0,1,1,1,1,1,0,0,0,0,1,1,1,0,0,0,0,0,0,0,0,0,0,0,True,E
6328_c9bd2a2d.jpg,Test,0,0,0,0,0,0,0,0,0,0,0,0,0,0,0,0,0,0,0,0,0,0,0,0,0,0,0,0,0,0,0,0,0,0,0,0,0,0,0,0,0,0,0,0,0,0,0,0,0,0,0,0,0,0,0,0,0,0,0,0,0,0,0,0,True,E
6329_444128a8.jpg,Test,0,0,0,0,0,0,0,0,0,0,0,0,0,0,0,0,0,0,0,5,5,0,0,0,0,1,1,5,5,0,0,0,1,1,1,5,5,0,0,0,1,1,1,5,5,0,0,0,1,1,1,5,5,0,0,0,0,0,0,0,0,0,0,0,True,E
6330_fe55d223.jpg,Test,0,0,0,0,0,0,0,0,0,0,0,0,0,0,0,0,0,0,0,0,0,0,0,0,0,0,0,0,0,0,0,0,0,0,0,0,0,0,0,0,0,0,0,0,0,0,0,0,0,0,0,0,0,0,0,0,0,0,0,0,0,0,0,0,True,E
6331_5c6948ba.jpg,Test,0,0,0,1,1,1,0,0,0,0,0,1,1,1,0,0,0,0,0,1,1,1,5,0,0,0,0,1,1,1,5,0,0,0,0,1,1,1,5,0,0,0,0,1,1,1,5,0,0,0,0,1,1,1,5,0,0,0,0,1,1,0,5,0,True,E
6332_d43de9ef.jpg,Test,0,0,0,0,0,0,0,0,0,0,0,0,0,0,0,0,0,0,0,0,0,0,0,0,0,0,0,0,0,0,0,0,0,0,0,0,0,0,0,0,0,0,0,0,0,0,0,0,0,0,0,0,0,0,0,0,0,0,0,0,0,0,0,0,True,E
6333_2175ab57.jpg,Test,0,0,0,0,0,0,0,0,0,0,0,0,0,0,0,0,0,0,0,0,0,0,0,0,0,0,0,0,0,0,0,0,0,0,0,0,0,0,0,0,0,0,0,0,0,0,0,0,0,0,0,0,0,0,0,0,0,0,0,0,0,0,0,0,True,E
6334_602e4bbd.jpg,Test,0,0,0,0,0,0,0,0,0,1,1,1,1,1,0,0,0,1,1,1,1,1,0,0,0,1,1,1,1,1,0,0,0,1,1,1,1,1,0,0,0,1,1,1,1,1,0,0,0,1,1,1,1,1,0,0,0,0,0,0,0,0,0,0,True,E
6335_5a6fbf2e.jpg,Test,0,0,0,0,0,0,0,0,0,0,0,0,0,0,0,0,0,0,0,0,0,0,0,0,0,0,0,0,0,0,0,0,0,0,0,0,0,0,0,0,0,0,0,0,0,0,0,0,0,0,0,0,0,0,0,0,0,0,0,0,0,0,0,0,True,E
6336_eccd3782.jpg,Test,0,0,0,1,0,0,0,0,0,1,1,1,0,0,0,0,0,1,1,5,5,5,0,0,0,1,1,5,5,5,0,0,0,1,1,5,5,5,0,0,0,1,1,5,5,5,0,0,0,1,1,5,5,5,0,0,0,0,0,0,0,0,0,0,True,E
6337_6a852636.jpg,Test,0,0,0,0,0,0,0,0,0,0,0,0,5,5,0,0,0,0,0,5,5,5,0,0,0,0,1,1,5,5,0,0,0,0,1,1,5,5,0,0,0,0,1,1,5,5,0,0,0,0,1,5,5,5,0,0,0,0,0,0,0,0,0,0,True,E
6338_34b6a33a.jpg,Test,0,0,5,5,0,0,0,0,0,0,5,5,5,5,0,0,0,0,5,5,5,5,0,0,0,0,5,5,5,5,0,0,0,0,5,5,5,5,0,0,0,0,5,5,5,5,0,0,0,0,5,5,5,5,0,0,0,0,5,5,5,5,0,0,True,E
6339_4f2ac649.jpg,Test,0,0,0,0,0,0,0,0,0,0,1,1,0,0,0,0,0,0,1,1,1,0,0,0,0,0,1,1,1,0,0,0,0,0,1,1,1,0,0,0,0,0,1,1,1,0,0,0,0,0,1,1,1,0,0,0,0,0,1,1,1,0,0,0,True,E
6340_afb25c29.jpg,Test,0,0,0,0,0,0,0,0,0,0,0,0,0,0,0,0,0,0,1,1,0,5,0,0,0,0,1,1,5,5,0,0,0,0,1,1,5,5,0,0,0,0,1,1,5,5,0,0,0,0,1,1,5,5,0,0,0,0,1,1,0,5,0,0,True,E
6341_7fba515d.jpg,Test,0,0,0,0,0,0,0,0,1,1,1,1,1,1,0,0,1,1,1,1,1,1,1,0,1,1,1,1,1,1,1,0,1,1,1,1,1,1,1,0,1,1,1,1,1,1,1,0,1,1,1,1,1,1,1,0,1,1,1,1,1,1,1,0,True,E
6342_4b342244.jpg,Test,0,0,0,0,0,0,0,0,0,0,0,0,0,0,0,0,0,0,0,0,0,0,0,0,0,0,0,0,0,0,0,0,0,0,0,0,0,0,0,0,0,0,0,0,0,0,0,0,0,0,0,0,0,0,0,0,0,0,0,0,0,0,0,0,True,E
6343_3ead0b22.jpg,Test,0,0,0,0,0,1,1,0,0,0,1,1,1,1,1,0,0,0,1,1,1,1,1,0,0,0,1,1,1,1,1,0,0,0,1,1,1,1,1,0,0,0,1,1,1,1,1,0,0,0,1,1,1,1,1,0,0,0,1,1,0,1,1,0,True,E
6344_35cdf11e.jpg,Test,0,0,0,0,0,0,0,0,0,0,0,0,0,0,0,0,0,0,0,0,0,0,0,0,0,0,0,0,0,0,0,0,0,0,0,0,0,0,0,0,0,0,0,0,0,0,0,0,0,0,0,0,0,0,0,0,0,0,0,0,0,0,0,0,True,E
6345_1f151c08.jpg,Test,0,0,0,0,0,0,0,0,0,0,0,0,0,0,0,0,0,0,0,0,0,0,0,0,0,0,0,0,0,0,0,0,0,0,0,0,0,0,0,0,0,0,0,0,0,0,0,0,0,0,0,0,0,0,0,0,0,0,0,0,0,0,0,0,True,E
6346_a035cda4.jpg,Test,0,0,0,0,0,0,0,0,0,0,0,0,0,0,0,0,0,0,0,0,0,0,0,0,0,0,0,0,0,0,0,0,0,0,0,0,0,0,0,0,0,0,0,0,0,0,0,0,0,0,0,0,0,0,0,0,0,0,0,0,0,0,0,0,True,E
6347_228393b1.jpg,Test,0,0,0,0,0,0,0,0,0,0,0,0,4,4,0,0,0,10,10,0,4,4,0,0,0,10,10,0,4,4,0,0,0,10,10,0,4,4,0,0,0,10,10,0,4,4,0,0,0,10,10,0,4,4,0,0,0,10,10,0,4,4,0,0,True,E
6348_832e8616.jpg,Test,0,0,0,0,0,0,0,0,0,0,0,0,0,0,0,0,0,0,0,0,0,0,0,0,0,0,0,0,0,0,0,0,0,0,0,0,0,0,0,0,0,0,0,0,0,0,0,0,0,0,0,0,0,0,0,0,0,0,0,0,0,0,0,0,True,E
6349_54de0fac.jpg,Test,0,0,0,0,0,0,0,0,0,0,4,4,4,4,0,0,0,0,4,4,4,4,0,0,0,0,4,4,4,4,0,0,0,0,4,4,4,4,0,0,0,0,4,4,4,4,0,0,0,0,4,4,4,4,0,0,0,0,4,4,4,0,0,0,True,E
6350_644062ce.jpg,Test,0,0,0,0,0,0,0,0,0,0,0,0,0,0,0,0,0,0,10,10,10,0,0,0,0,0,10,10,10,0,0,0,0,0,10,10,10,0,0,0,0,0,10,10,10,0,0,0,0,0,10,10,10,0,0,0,0,0,10,10,10,0,0,0,True,E
6351_4e19aab8.jpg,Test,0,0,0,0,10,0,0,0,0,0,10,10,10,10,0,0,0,0,10,10,10,10,0,0,0,0,10,10,10,10,0,0,0,0,10,10,10,10,0,0,0,0,10,10,10,10,0,0,0,0,10,10,10,10,0,0,0,0,10,10,10,10,0,0,True,E
6352_fe0ab8c2.jpg,Test,0,0,0,0,0,0,0,0,0,0,0,0,0,0,0,0,0,0,0,0,0,0,0,0,0,0,0,0,0,0,0,0,0,0,0,0,0,0,0,0,0,0,0,0,0,0,0,0,0,0,0,0,0,0,0,0,0,0,0,0,0,0,0,0,True,E
6353_aa599bbe.jpg,Test,0,0,0,0,0,0,0,0,0,0,0,0,0,0,0,0,0,10,10,10,0,0,0,0,0,10,10,10,0,0,0,0,0,10,10,10,0,0,0,0,0,10,10,10,0,0,0,0,0,10,10,10,0,0,0,0,0,10,10,10,0,0,0,0,True,E
6354_261606b1.jpg,Test,0,0,0,0,0,4,4,0,0,4,4,0,0,4,4,0,0,4,4,0,0,4,4,0,0,4,4,0,0,4,4,0,0,4,4,0,0,4,4,0,0,4,4,0,0,4,4,0,0,4,4,0,0,4,4,0,0,4,4,0,0,4,4,0,True,E
6355_b8d02616.jpg,Test,0,0,0,0,0,0,0,0,0,0,0,0,0,0,0,0,0,0,0,0,0,0,0,0,0,0,0,4,0,0,0,0,0,4,4,4,4,0,0,0,0,4,4,0,0,0,0,0,0,0,0,0,0,0,0,0,0,0,0,0,0,0,0,0,True,E
6356_efcbf83c.jpg,Test,0,10,10,0,0,0,0,0,0,10,10,0,0,0,0,0,0,10,10,10,4,0,0,0,0,10,10,4,4,0,0,0,0,10,10,4,4,0,0,0,0,10,10,4,4,0,0,0,0,10,10,4,4,0,0,0,0,10,10,4,10,0,0,0,True,E
6357_392bde36.jpg,Test,0,0,4,4,4,0,0,0,0,4,4,4,4,0,0,0,0,4,4,4,4,0,0,0,0,4,4,4,4,0,0,0,0,4,4,4,4,0,0,0,0,4,4,4,4,0,0,0,0,4,4,4,4,0,0,0,0,4,4,4,4,0,0,0,True,E
6358_e3c65f22.jpg,Test,0,0,0,0,0,0,0,0,0,0,0,0,0,0,0,0,0,0,0,0,0,0,0,0,0,0,0,0,0,0,0,0,0,0,0,0,0,0,0,0,0,0,0,0,0,0,0,0,0,0,0,0,0,0,0,0,0,0,0,0,0,0,0,0,True,E
6359_186f7233.jpg,Test,0,0,0,0,0,0,0,0,0,10,0,0,0,4,0,0,10,10,0,0,0,4,0,0,10,10,0,0,0,4,0,0,10,10,0,0,0,4,0,0,10,10,0,0,0,4,0,0,10,10,0,0,0,4,0,0,0,0,0,0,0,4,0,0,True,E
6360_904bfb7e.jpg,Test,0,0,0,0,0,0,0,0,0,0,4,4,0,0,0,0,0,0,4,4,0,0,0,0,0,0,4,4,0,0,0,0,0,0,4,4,0,0,0,0,0,0,4,4,0,0,0,0,0,0,4,4,0,0,0,0,0,0,4,4,0,0,0,0,True,E
6361_1b07b35e.jpg,Test,0,0,0,0,0,0,0,0,0,0,0,0,0,0,0,0,0,0,0,0,0,0,0,0,0,0,0,0,0,0,0,0,0,0,0,0,0,0,0,0,0,0,0,0,0,0,0,0,0,0,0,0,0,0,0,0,0,0,0,0,0,0,0,0,True,E
6362_58f2cef3.jpg,Test,0,0,0,0,0,0,0,0,0,0,0,0,4,4,5,5,0,0,5,5,4,4,5,5,0,0,5,5,4,4,5,5,0,0,5,5,4,4,5,5,0,0,5,5,4,4,5,5,0,0,0,0,0,0,0,0,0,0,0,0,0,0,0,0,True,E
6363_21071700.jpg,Test,0,0,0,0,0,0,0,0,0,0,0,0,10,10,0,0,0,0,4,4,10,10,0,0,0,0,4,4,10,10,0,0,0,0,4,4,10,10,0,0,0,0,4,4,10,10,0,0,0,0,4,4,10,10,0,0,0,0,4,4,0,10,0,0,True,E
6364_a0da66be.jpg,Test,4,4,4,4,4,4,4,4,4,4,4,4,4,4,4,4,4,4,4,4,4,4,4,4,4,4,4,4,4,4,4,4,4,4,4,4,4,4,4,4,4,4,4,4,4,4,4,4,4,4,4,4,4,4,4,4,4,4,4,4,4,4,4,4,True,E
6365_0d2d10dd.jpg,Test,0,0,0,0,0,0,0,0,0,0,10,10,10,10,0,0,0,0,10,10,10,10,0,0,0,0,10,10,10,10,0,0,0,0,10,10,10,10,0,0,0,0,10,10,10,10,0,0,0,0,10,10,10,10,0,0,0,0,10,10,10,10,0,0,True,E
6366_1eae50fb.jpg,Test,0,0,0,0,0,0,0,0,0,0,0,0,0,0,0,0,0,0,0,0,0,0,0,0,0,0,0,0,0,0,0,0,0,0,0,0,0,0,0,0,0,0,0,0,0,0,0,0,0,0,0,0,0,0,0,0,0,0,0,0,0,0,0,0,True,E
6367_de28632f.jpg,Test,0,4,4,4,0,0,0,0,0,4,4,4,4,4,4,0,0,4,4,4,4,4,4,0,0,4,4,4,4,4,4,0,0,4,4,4,4,4,4,0,0,4,4,4,4,4,4,0,0,4,4,4,4,4,4,0,0,4,4,4,4,4,4,0,True,E
6368_e2f5462b.jpg,Test,0,0,0,0,0,0,0,0,0,0,0,10,10,10,10,7,0,0,0,10,10,10,10,7,0,10,10,10,10,10,10,7,0,10,10,10,10,10,10,7,0,10,10,10,10,10,10,7,0,10,10,10,10,10,10,7,0,10,10,10,10,10,10,7,True,E
6369_78cfaf61.jpg,Test,0,0,0,0,0,0,0,0,0,0,0,4,4,4,0,0,0,0,0,4,4,4,0,0,0,0,0,4,4,4,0,0,0,0,0,4,4,4,0,0,0,0,0,4,4,4,0,0,0,0,0,4,4,4,0,0,0,0,0,4,4,4,0,0,True,E
6370_f674df82.jpg,Test,0,0,0,0,0,0,0,0,0,0,0,0,0,0,0,0,0,0,0,0,0,0,0,0,0,0,0,0,0,0,0,0,0,0,0,0,0,0,0,0,0,0,0,0,0,0,0,0,0,0,0,0,0,0,0,0,0,0,0,0,0,0,0,0,True,E
6371_e9fca38f.jpg,Test,0,0,0,0,0,0,0,0,0,0,0,0,0,0,0,0,0,0,0,0,0,0,0,0,0,0,0,0,0,0,0,0,0,0,0,0,0,0,0,0,0,0,0,0,0,0,0,0,0,0,0,0,0,0,0,0,0,0,0,0,0,0,0,0,True,E
6372_de766a7a.jpg,Test,0,0,0,0,0,0,0,0,0,0,10,10,10,0,0,0,4,0,10,10,10,0,0,0,4,4,10,10,10,0,0,0,4,4,10,10,10,0,0,0,4,4,10,10,10,0,0,0,4,4,10,10,10,0,0,0,4,0,10,10,10,0,0,0,True,E
6373_b867c4e5.jpg,Test,0,0,0,0,0,0,0,0,0,0,0,0,0,0,10,0,0,10,10,0,0,0,10,10,0,10,10,10,0,10,10,10,0,10,10,10,0,10,10,10,0,10,10,10,0,10,10,10,0,10,10,10,0,10,10,10,0,10,10,0,0,10,10,10,True,E
6374_e965d0c4.jpg,Test,0,0,0,0,0,0,0,0,0,0,0,0,0,0,0,0,0,0,0,0,4,4,0,0,0,0,0,0,4,4,0,0,0,0,0,0,4,4,0,0,0,0,0,0,4,4,0,0,0,0,0,0,4,4,0,0,0,0,0,0,4,4,0,0,True,E
6375_8ee35c18.jpg,Test,0,0,0,0,0,0,0,0,0,0,0,0,0,0,0,0,4,0,5,5,0,0,0,0,4,0,5,5,0,10,0,0,4,4,5,5,0,10,10,0,4,4,5,5,0,10,10,0,4,4,5,5,0,10,10,0,4,0,0,5,0,10,0,0,True,E
6376_dc47c122.jpg,Test,0,0,0,0,0,0,4,4,4,4,4,4,0,0,4,4,4,4,4,4,0,0,4,4,4,4,4,4,0,0,4,4,4,4,4,4,0,0,4,4,4,4,4,4,0,0,4,4,4,4,4,4,0,0,4,4,0,0,4,4,0,0,4,4,True,E
6377_0ce5724a.jpg,Test,0,0,0,0,0,0,0,0,0,0,0,0,0,0,0,0,0,0,0,0,10,10,0,0,0,0,0,0,10,10,10,0,0,0,0,0,10,10,10,0,0,0,0,0,10,10,10,0,0,0,0,0,10,10,10,0,0,0,0,0,10,10,10,0,True,E
6378_93312ac5.jpg,Test,0,0,0,0,0,0,0,0,0,0,0,0,0,0,0,0,0,0,10,10,0,0,0,0,0,0,10,10,0,0,0,0,0,0,10,10,0,0,0,0,0,0,10,10,0,0,0,0,0,0,10,10,0,0,0,0,0,0,0,10,0,0,0,0,True,E
6379_59055184.jpg,Test,0,0,0,0,0,0,0,0,0,0,0,0,0,0,0,0,0,4,4,4,4,0,0,0,0,4,4,4,4,0,0,0,0,4,4,4,4,0,0,0,0,4,4,4,4,0,0,0,0,4,4,4,4,0,0,0,0,4,4,4,0,0,0,0,True,E
6380_303c8d86.jpg,Test,0,0,0,0,0,0,0,0,0,0,0,4,4,0,0,0,0,0,4,4,4,0,0,0,0,0,4,4,4,0,0,0,0,0,4,4,4,0,0,0,0,0,4,4,4,0,0,0,0,0,4,4,4,0,0,0,0,0,0,4,4,0,0,0,True,E
6381_ee097176.jpg,Test,0,0,0,0,0,0,0,0,0,0,0,0,0,0,0,0,0,0,0,4,4,4,0,0,0,0,0,4,4,4,0,0,0,0,0,4,4,4,0,0,0,0,0,4,4,4,0,0,0,0,0,4,4,4,0,0,0,0,0,4,4,4,0,0,True,E
6382_3082d7b6.jpg,Test,0,0,0,0,0,0,0,0,0,0,0,0,10,10,10,10,0,4,4,4,10,10,10,10,0,4,4,4,10,10,10,10,0,4,4,4,10,10,10,10,0,4,4,4,10,10,10,10,0,4,4,4,10,10,10,10,0,4,4,4,0,10,10,10,True,E
6383_b94e1d25.jpg,Test,4,4,4,4,0,0,0,0,4,4,4,0,0,0,0,0,4,4,4,0,0,0,0,0,4,4,4,0,0,0,0,0,4,4,4,0,0,0,0,2,4,4,4,0,0,0,0,0,4,4,4,0,0,0,0,0,4,4,4,0,0,0,0,0,True,E
6384_2983dd03.jpg,Test,0,0,0,0,0,0,0,0,0,0,0,0,4,4,0,0,10,10,0,0,4,4,0,0,10,10,0,0,4,4,0,0,10,10,0,0,4,4,0,0,10,10,0,0,4,4,0,0,10,10,0,0,4,4,0,0,0,10,0,0,4,0,0,0,True,E
6385_c4b23ba6.jpg,Test,0,0,0,0,0,0,0,0,0,0,4,4,0,0,0,0,0,4,4,4,4,0,0,0,0,4,4,4,4,0,0,0,0,4,4,4,4,0,0,0,0,4,4,4,4,0,0,0,0,4,4,4,4,0,0,0,0,0,4,4,0,0,0,0,True,E
6386_2bc6c1c3.jpg,Test,0,0,0,0,0,0,0,0,0,0,0,0,0,0,0,0,0,0,0,0,0,0,0,0,0,0,0,0,0,0,0,0,0,0,0,0,0,0,0,0,0,0,0,0,0,0,0,0,0,0,0,0,0,0,0,0,0,0,0,0,0,0,0,0,True,E
6387_b6e032f1.jpg,Test,0,0,0,0,0,0,0,0,0,0,4,4,0,0,0,0,0,0,4,4,0,0,0,0,0,0,4,4,0,0,0,0,0,0,4,4,0,0,0,0,0,0,4,4,0,0,0,0,0,0,4,4,0,0,0,0,0,0,4,4,0,0,0,0,True,E
6388_d1c819f5.jpg,Test,0,0,0,0,0,0,0,0,0,0,0,0,0,0,0,0,0,0,0,0,0,0,0,0,0,0,0,0,0,0,0,0,0,0,0,0,0,0,0,0,0,0,0,0,0,0,0,0,0,0,0,0,0,0,0,0,0,0,0,0,0,0,0,0,True,E
6389_48b51452.jpg,Test,0,0,0,0,0,0,0,0,0,0,0,0,0,0,0,0,0,0,0,0,0,0,0,0,0,0,0,0,0,0,0,0,0,0,0,0,0,0,0,0,0,0,0,0,0,0,0,0,0,0,0,0,0,0,0,0,0,0,0,0,0,0,0,0,True,E
6390_3e06d928.jpg,Test,0,0,0,0,0,0,0,0,0,0,0,0,0,0,0,0,0,0,0,0,0,0,0,0,0,0,0,0,0,0,0,0,0,0,0,0,0,0,0,0,0,0,0,0,0,0,0,0,0,0,0,0,0,0,0,0,0,0,0,0,0,0,0,0,True,E
6391_2701e506.jpg,Test,0,0,0,0,0,0,0,0,0,0,0,0,0,0,0,0,0,0,0,0,0,0,0,0,0,0,0,0,0,0,0,0,0,0,0,0,0,0,0,0,0,0,0,0,0,0,0,0,0,0,0,0,0,0,0,0,0,0,0,0,0,0,0,0,True,E
6392_813687b4.jpg,Test,0,0,0,0,0,0,0,0,0,10,10,10,10,10,10,0,0,10,10,10,10,10,10,0,0,10,10,10,10,10,10,0,0,10,10,10,10,10,10,0,0,10,10,10,10,10,10,0,0,10,10,10,10,10,10,0,0,10,10,10,10,10,10,0,True,E
6393_badfb16f.jpg,Test,0,0,0,0,0,0,0,0,0,0,0,0,0,0,0,0,0,0,0,0,0,0,0,0,0,0,0,0,0,0,0,0,0,0,0,0,0,0,0,0,0,0,0,0,0,0,0,0,0,0,0,0,0,0,0,0,0,0,0,0,0,0,0,0,True,E
6394_5304d3b4.jpg,Test,0,0,0,0,0,0,0,0,0,0,0,0,0,0,0,0,0,0,0,0,0,0,0,0,0,0,0,0,0,0,0,0,0,0,0,0,0,0,0,0,0,0,0,0,0,0,0,0,0,0,0,0,0,0,0,0,0,0,0,0,0,0,0,0,True,E
6395_7599423d.jpg,Test,0,0,0,0,0,0,0,0,0,0,0,0,0,0,0,0,0,0,0,0,0,0,0,0,0,0,0,0,0,0,0,0,0,0,0,0,0,0,0,0,0,0,0,0,0,0,0,0,0,0,0,0,0,0,0,0,0,0,0,0,0,0,0,0,True,E
6396_337548ae.jpg,Test,0,0,0,0,0,0,0,0,0,0,0,0,0,0,0,0,0,0,0,0,0,0,0,0,0,0,0,0,0,0,0,0,0,0,0,0,0,0,0,0,0,0,0,0,0,0,0,0,0,0,0,0,0,0,0,0,0,0,0,0,0,0,0,0,True,E
6397_6ea13cb1.jpg,Test,0,0,0,0,0,0,0,0,0,0,0,0,0,0,0,0,0,0,0,0,0,0,0,0,0,0,0,0,0,0,0,0,0,0,0,0,0,0,0,0,0,0,0,0,0,0,0,0,0,0,0,0,0,0,0,0,0,0,0,0,0,0,0,0,True,E
6398_7fbad16f.jpg,Test,0,0,0,0,0,0,0,0,0,0,0,0,0,0,0,0,0,0,0,0,0,0,0,0,0,0,0,0,0,0,0,0,0,0,0,0,0,0,0,0,0,0,0,0,0,0,0,0,0,0,0,0,0,0,0,0,0,0,0,0,0,0,0,0,True,E
6399_68647f37.jpg,Test,0,0,0,0,0,0,0,0,0,0,0,0,0,0,0,0,0,0,0,0,10,0,0,0,0,0,0,10,10,10,0,0,0,4,0,10,10,10,4,0,4,4,0,10,10,10,4,0,4,4,0,10,10,10,4,0,0,4,0,0,10,10,4,0,True,E
6400_da4c44b3.jpg,Test,0,0,0,0,0,0,0,0,0,0,0,0,0,0,0,0,0,0,0,0,0,0,0,0,0,0,0,0,0,0,0,0,0,0,0,0,0,0,0,0,0,0,0,0,0,0,0,0,0,0,0,0,0,0,0,0,0,0,0,0,0,0,0,0,True,E
6401_ce08be11.jpg,Test,0,0,0,0,4,4,0,0,0,4,4,4,4,4,0,0,0,4,4,4,4,4,0,0,0,4,4,4,4,4,0,0,0,4,4,4,4,4,0,0,0,4,4,4,4,4,0,0,0,4,4,4,4,4,0,0,0,4,4,4,4,4,0,0,True,E
6402_9e8f4678.jpg,Test,0,0,0,0,0,0,0,0,0,0,0,0,0,0,0,0,0,0,0,0,0,0,0,0,0,0,0,0,0,0,0,0,0,0,0,0,0,0,0,0,0,0,0,0,0,0,0,0,0,0,0,0,0,0,0,0,0,0,0,0,0,0,0,0,True,E
6403_2e031ccf.jpg,Test,0,0,0,0,0,0,0,0,0,0,0,0,0,0,0,0,0,0,0,0,0,0,0,0,0,0,0,0,0,0,0,0,0,0,0,0,0,0,0,0,0,0,0,0,0,0,0,0,0,0,0,0,0,0,0,0,0,0,0,0,0,0,0,0,True,E
6404_bd9c19ce.jpg,Test,0,0,0,0,10,10,0,0,0,0,0,0,10,10,0,0,0,0,0,0,10,10,0,0,0,0,0,0,10,10,0,0,0,0,0,0,10,10,0,0,0,0,0,0,10,10,0,0,0,0,0,0,10,10,0,0,0,0,0,0,10,10,0,0,True,E
6405_ab6eaab0.jpg,Test,0,0,0,0,0,0,0,0,0,0,0,0,0,0,0,0,0,0,0,10,10,10,0,0,0,0,0,10,10,10,0,0,0,0,0,10,10,10,0,0,0,0,0,10,10,10,0,0,0,0,0,10,10,10,0,0,0,0,0,0,10,0,0,0,True,E
6406_2052ced5.jpg,Test,0,0,10,0,0,0,0,0,0,10,10,10,10,10,0,0,0,10,10,10,10,10,0,0,0,10,10,10,10,10,0,0,0,10,10,10,10,10,0,0,0,10,10,10,10,10,0,0,0,10,10,10,10,10,0,0,0,0,0,0,0,0,0,0,True,E
6407_b69b2150.jpg,Test,0,0,0,0,0,0,0,0,0,0,0,0,0,0,0,0,0,0,0,0,0,0,0,0,0,0,0,0,0,0,0,0,0,0,0,0,0,0,0,0,0,7,7,7,7,0,0,0,0,7,7,7,7,0,0,0,0,0,0,0,0,0,0,0,True,E
6408_9e0caccf.jpg,Test,0,0,0,0,0,0,0,0,0,0,4,4,4,0,0,0,0,0,4,4,4,0,0,0,0,0,4,4,4,0,0,0,0,0,4,4,4,0,0,0,0,0,4,4,4,0,0,0,0,0,4,4,4,0,0,0,0,0,4,4,4,0,0,0,True,E
6409_8e558f7a.jpg,Test,0,0,0,0,0,0,0,0,0,0,0,4,4,4,0,0,0,0,0,4,4,4,0,0,0,0,0,4,4,4,0,0,0,0,0,4,4,4,0,0,0,0,0,4,4,4,0,0,0,0,0,4,4,4,0,0,0,0,0,4,4,4,0,0,True,E
6410_f1cfc59e.jpg,Test,0,0,0,0,0,0,0,0,0,0,10,10,4,4,0,0,0,0,10,10,4,4,0,0,0,0,10,10,4,4,0,0,0,0,10,10,4,4,0,0,0,0,10,10,4,4,0,0,0,0,10,10,4,4,0,0,0,0,10,10,4,4,0,0,True,E
6411_6decd884.jpg,Test,0,0,0,0,0,0,0,0,0,0,0,0,0,0,0,0,0,0,0,0,0,0,0,0,0,0,0,0,0,0,0,0,0,0,0,0,0,0,0,0,0,0,0,0,0,0,0,0,0,0,0,0,0,0,0,0,0,0,0,0,0,0,0,0,True,E
6412_80a30bdd.jpg,Test,0,0,0,0,10,10,0,0,0,0,0,0,10,10,0,0,0,0,0,0,10,10,0,0,0,0,0,0,10,10,10,0,0,0,0,0,10,10,10,0,0,0,0,0,10,0,0,0,0,0,0,0,0,0,0,0,0,0,0,0,0,0,0,0,True,E
6413_5dc5ab1f.jpg,Test,0,0,0,0,0,0,0,0,0,0,0,0,0,0,0,0,0,0,0,0,0,0,0,0,0,0,0,0,0,0,0,0,0,0,0,0,0,0,0,0,0,0,0,0,0,0,0,0,0,0,0,0,0,0,0,0,0,0,0,0,0,0,0,0,True,E
6414_161b8ab0.jpg,Test,0,0,0,0,0,0,0,0,0,0,0,0,0,0,0,0,0,0,0,0,0,0,0,0,0,0,0,0,0,0,0,0,0,0,0,0,0,0,0,0,0,0,0,0,0,0,0,0,0,0,0,0,0,0,0,0,0,0,0,0,0,0,0,0,True,E
6415_ace0a056.jpg,Test,0,0,0,0,0,0,0,0,0,0,0,0,0,0,0,0,0,0,0,0,0,0,0,0,0,0,0,0,0,0,0,0,0,0,0,0,0,0,0,0,0,0,0,0,0,0,0,0,0,0,0,0,0,0,0,0,0,0,0,0,0,0,0,0,True,E
6416_62bcc981.jpg,Test,0,0,0,0,0,0,0,0,0,10,10,10,0,0,4,0,0,10,10,10,0,4,4,0,0,10,10,10,0,4,4,0,0,10,10,10,0,4,4,0,0,10,10,10,0,4,4,0,0,10,10,10,0,4,4,0,0,10,10,10,0,4,4,0,True,E
6417_65820d27.jpg,Test,0,4,4,4,4,0,0,0,0,4,4,4,4,0,0,0,0,4,4,4,4,0,0,0,0,4,4,4,4,0,0,0,0,4,4,4,4,0,0,0,0,4,4,4,4,0,0,0,0,4,4,4,4,0,0,0,0,4,4,4,4,0,0,0,True,E
6418_a9b5958c.jpg,Test,0,0,0,0,0,0,0,0,0,0,0,4,4,4,4,0,0,0,0,4,4,4,4,0,0,0,0,4,4,4,4,0,0,0,0,4,4,4,4,0,0,0,0,4,4,4,4,0,0,0,0,4,4,4,4,0,0,0,0,4,4,4,4,0,True,E
6419_a06a259b.jpg,Test,0,0,0,0,0,0,0,0,0,0,0,0,10,10,4,4,0,0,0,0,10,10,4,4,0,0,0,0,10,10,4,4,0,0,0,0,10,10,4,4,0,0,0,0,10,10,4,4,0,0,0,0,10,10,4,4,0,0,0,0,10,10,0,0,True,E
6420_bcca710c.jpg,Test,0,0,0,0,0,0,0,0,0,0,0,0,0,0,0,0,0,0,0,0,0,0,0,0,0,0,0,0,0,0,0,0,0,0,0,0,0,0,0,0,0,0,0,0,0,0,0,0,0,0,0,0,0,0,0,0,0,0,0,0,0,0,0,0,True,E
6421_77b8207a.jpg,Test,0,0,0,0,0,0,0,0,0,0,0,0,0,0,0,0,0,0,0,0,0,0,0,0,0,0,0,0,0,0,0,0,0,0,0,0,0,0,0,0,0,0,0,0,0,0,0,0,0,0,0,0,0,0,0,0,0,0,0,0,0,0,0,0,True,E
6422_14e9be95.jpg,Test,0,0,0,0,0,0,0,0,0,0,0,0,0,0,0,0,0,0,0,0,0,0,0,0,0,0,4,4,10,10,0,0,0,0,4,4,10,10,0,0,0,0,4,4,10,10,0,0,0,0,4,4,10,10,0,0,0,0,0,4,10,0,0,0,True,E
6423_504da893.jpg,Test,0,0,0,0,0,0,0,0,0,0,0,0,0,0,0,0,0,0,0,0,0,0,0,0,0,0,0,0,0,0,0,0,0,0,0,0,0,0,0,0,0,0,0,0,0,0,0,0,0,0,0,0,0,0,0,0,0,0,0,0,0,0,0,0,True,E
6424_c427be96.jpg,Test,0,0,0,0,0,0,0,0,0,0,0,0,0,0,0,0,0,0,0,0,0,0,0,0,0,0,0,0,0,0,0,0,0,0,0,0,0,0,0,0,0,0,0,0,0,0,0,0,0,0,0,0,0,0,0,0,0,0,0,0,0,0,0,0,True,E
6425_e2c40247.jpg,Test,0,0,0,0,0,0,0,0,0,0,4,4,4,4,0,0,0,0,4,4,4,4,0,0,0,0,4,4,4,4,0,0,0,0,4,4,4,4,0,0,0,0,4,4,4,4,0,0,0,0,4,4,4,4,0,0,0,0,4,4,4,4,0,0,True,E
6426_7245b8ca.jpg,Test,0,0,0,0,0,0,10,0,0,0,10,10,10,10,10,0,0,10,10,10,10,10,10,0,0,10,10,10,10,10,10,0,0,10,10,10,10,10,10,0,0,10,10,10,10,10,10,0,0,10,10,10,10,10,10,0,0,10,10,10,10,10,0,0,True,E
6427_4dd6de4a.jpg,Test,0,0,0,0,0,0,0,0,0,10,10,10,10,10,0,0,0,10,10,10,10,10,0,0,0,10,10,10,10,10,0,0,0,10,10,10,10,10,0,0,0,10,10,10,10,10,0,0,0,10,10,10,10,10,0,0,0,0,10,10,10,10,0,0,True,E
6428_8ef34c09.jpg,Test,0,0,0,0,0,0,0,0,0,0,0,0,0,0,0,0,0,0,0,0,0,0,0,0,0,0,0,0,0,0,0,0,0,0,0,0,0,0,0,0,0,0,0,0,0,0,0,0,0,0,0,0,0,0,0,0,0,0,0,0,0,0,0,0,True,E
6429_90a6edbc.jpg,Test,0,0,0,0,0,0,0,0,0,0,0,0,0,0,0,0,0,0,0,0,0,0,0,0,0,0,0,0,0,0,0,0,0,0,0,0,0,0,0,0,0,0,0,0,0,0,0,0,0,0,0,0,0,0,0,0,0,0,0,0,0,0,0,0,True,E
6430_033d6367.jpg,Test,0,0,0,0,0,0,0,0,0,0,10,10,0,0,0,0,0,10,10,10,0,0,4,0,0,10,10,10,0,4,4,0,0,10,10,10,0,4,4,0,0,10,10,10,0,4,4,0,0,10,10,10,0,4,4,0,0,0,10,10,0,0,4,0,True,E
6431_e69ff9f6.jpg,Test,0,0,0,0,0,0,0,0,0,0,0,0,0,0,0,0,0,0,0,0,0,0,0,0,0,0,0,0,0,0,0,0,0,0,0,0,0,0,0,0,0,0,0,0,0,0,0,0,0,0,0,0,0,0,0,0,0,0,0,0,0,0,0,0,True,E
6432_ce03d1d9.jpg,Test,0,0,0,0,0,0,0,0,0,0,0,0,0,0,0,0,0,0,0,0,10,10,0,0,0,0,4,4,10,10,0,0,0,0,4,4,10,10,0,0,0,0,4,4,10,10,0,0,0,0,4,4,10,10,0,0,0,0,4,4,10,10,0,0,True,E
6433_22b38bea.jpg,Test,0,0,0,0,0,0,0,0,0,0,0,10,10,10,10,0,0,0,0,10,10,10,10,0,0,0,0,10,10,10,10,0,0,0,0,10,10,10,10,0,0,0,0,10,10,10,10,0,0,0,0,10,10,10,10,0,0,0,0,10,10,10,10,0,True,E
6434_fe9f37cb.jpg,Test,0,0,0,0,0,0,0,0,0,10,10,10,0,0,0,0,0,10,10,10,10,0,0,0,0,10,10,10,10,4,0,0,0,10,10,10,10,4,0,0,0,10,10,10,10,4,0,0,0,10,10,10,10,4,0,0,0,10,10,10,0,4,0,0,True,E
6435_4693b920.jpg,Test,0,0,0,0,0,0,0,0,0,0,0,0,0,0,0,0,0,0,0,0,0,0,0,0,0,0,0,0,0,0,0,0,0,0,0,0,0,0,0,0,0,0,0,0,0,0,0,0,0,0,0,0,0,0,0,0,0,0,0,0,0,0,0,0,True,E
6436_6a3a3afb.jpg,Test,0,0,0,0,0,0,0,0,0,0,0,0,0,0,0,0,0,0,0,0,0,0,0,0,0,0,0,0,0,0,0,0,0,0,0,0,0,0,0,0,0,0,0,0,0,0,0,0,0,0,0,0,0,0,0,0,0,0,0,0,0,0,0,0,True,E
6437_66b9bd20.jpg,Test,0,0,0,0,0,0,0,0,0,0,10,10,10,10,0,0,0,0,10,10,10,10,0,0,0,0,10,10,10,10,0,0,0,0,10,10,10,10,0,0,0,0,10,10,10,10,0,0,0,0,10,10,10,10,0,0,0,0,10,10,10,10,0,0,True,E
6438_d9f911fd.jpg,Test,0,0,0,0,0,0,0,0,0,0,0,0,0,0,0,0,0,0,0,0,0,0,0,0,0,0,0,0,0,0,0,0,0,0,0,0,0,0,0,0,0,0,0,0,0,0,0,0,0,0,0,0,0,0,0,0,0,0,0,0,0,0,0,0,True,E
6439_51005ac7.jpg,Test,0,0,0,0,0,0,0,0,0,0,0,0,0,0,0,0,0,0,0,0,0,0,0,0,0,0,0,0,0,0,0,0,0,0,0,0,0,0,0,0,0,0,0,0,0,0,0,0,0,0,0,0,0,0,0,0,0,0,0,0,0,0,0,0,True,E
6440_30818ab3.jpg,Test,0,0,0,0,0,0,0,0,10,10,0,0,0,0,0,0,10,10,0,0,0,0,0,0,10,10,0,0,4,4,4,0,10,10,0,0,4,4,4,0,10,10,0,0,4,4,4,0,10,10,0,0,4,4,4,0,10,10,0,0,0,4,4,0,True,E
6441_376fd21c.jpg,Test,0,0,0,0,0,0,0,0,0,0,0,0,0,0,0,0,0,0,0,0,0,0,0,0,0,0,0,0,0,0,0,0,0,0,0,0,0,0,0,0,0,0,0,0,0,0,0,0,0,0,0,0,0,0,0,0,0,0,0,0,0,0,0,0,True,E
6442_8412d0da.jpg,Test,4,4,4,0,0,0,0,0,4,4,4,0,0,0,0,0,4,4,4,0,0,0,0,0,4,4,4,0,0,0,0,0,4,4,4,0,0,0,0,0,4,4,4,0,0,0,0,0,4,4,4,0,0,0,0,0,4,4,4,0,0,0,0,0,True,E
6443_9b4a68c7.jpg,Test,0,0,0,0,0,0,0,0,0,0,0,0,0,0,0,0,0,0,0,0,0,0,0,0,0,0,0,0,0,0,0,0,0,0,0,0,0,0,0,0,0,0,0,0,0,0,0,0,0,0,0,0,0,0,0,0,0,0,0,0,0,0,0,0,True,E
6444_24c5030c.jpg,Test,0,0,0,0,0,0,0,0,0,0,4,4,4,4,0,0,0,0,4,4,4,4,0,0,0,0,4,4,4,4,0,0,0,0,4,4,4,4,0,0,0,0,4,4,4,4,0,0,0,0,4,4,4,4,0,0,0,0,4,4,4,4,0,0,True,E
6445_d7e2627b.jpg,Test,0,0,0,0,0,0,0,0,0,0,4,4,0,10,10,10,0,0,4,4,4,10,10,10,0,0,4,4,4,10,10,10,0,0,4,4,4,10,10,10,0,0,4,4,4,10,10,10,0,0,4,4,4,10,10,10,0,0,4,4,4,10,10,10,True,E
6446_6b45a422.jpg,Test,0,0,0,0,0,0,0,0,0,0,0,0,0,0,0,0,0,0,0,0,0,0,0,0,0,0,0,0,0,0,0,0,0,0,0,0,0,0,0,0,0,0,0,0,0,0,0,0,0,0,0,0,0,0,0,0,0,0,0,0,0,0,0,0,True,E
6447_f6eb9bc5.jpg,Test,0,0,0,0,0,0,0,0,0,0,0,0,0,0,0,0,0,0,0,0,0,0,0,0,0,0,0,0,0,0,0,0,0,0,0,0,0,0,0,0,0,0,0,0,0,0,0,0,0,0,0,0,0,0,0,0,0,0,0,0,0,0,0,0,True,E
6448_aeb1a15e.jpg,Test,0,0,0,10,10,0,0,0,0,0,0,10,10,0,0,0,0,0,10,10,10,0,0,0,0,0,10,10,10,0,0,0,0,0,10,10,10,0,0,0,0,0,10,10,10,0,0,0,0,0,10,10,10,0,0,0,0,0,0,10,10,0,0,0,True,E
6449_1338f26b.jpg,Test,0,0,0,0,0,0,0,0,0,0,4,4,0,0,0,0,0,0,4,4,0,4,4,4,0,0,4,4,0,4,4,4,0,0,4,4,0,4,4,4,0,0,4,4,0,4,4,4,0,0,4,4,0,4,4,4,0,0,4,4,0,4,4,4,True,E
6450_6720f8d1.jpg,Test,4,4,4,0,0,10,10,10,4,4,4,10,10,10,10,10,4,4,4,10,10,10,10,10,4,4,4,10,10,10,10,10,4,4,4,10,10,10,10,10,4,4,4,10,10,10,10,10,4,4,4,10,10,10,10,10,4,4,4,0,10,10,10,10,True,E
6451_21d075ba.jpg,Test,0,0,0,0,0,0,0,0,0,0,0,0,0,0,0,0,4,4,4,4,4,4,0,0,4,4,4,4,4,4,0,0,4,4,4,4,0,4,4,4,0,4,4,4,0,0,0,0,0,0,0,0,0,0,0,0,0,0,0,0,0,0,0,0,True,E
6452_819c27f7.jpg,Test,0,0,0,0,0,0,0,0,0,0,0,0,0,0,0,0,0,4,4,4,4,0,0,0,0,4,4,4,4,0,0,0,0,4,4,4,4,0,0,0,0,4,4,4,4,0,0,0,0,4,4,4,4,0,0,0,0,4,4,4,4,0,0,0,True,E
6453_7889a04c.jpg,Test,0,0,0,0,0,0,0,0,0,10,10,10,10,0,0,0,0,10,10,10,4,4,0,0,0,10,10,10,4,4,0,0,0,10,10,10,4,4,0,0,0,10,10,10,4,4,0,0,0,10,10,10,4,4,0,0,0,10,10,10,4,4,0,0,True,E
6454_89b7e3fe.jpg,Test,0,0,0,0,0,0,0,0,0,0,0,0,0,0,0,0,0,10,10,10,10,10,10,0,0,10,10,10,10,10,10,0,0,10,10,10,10,10,10,0,0,10,10,10,10,10,10,0,0,10,10,10,10,10,10,0,0,10,10,10,10,0,10,0,True,E
6455_14c29dea.jpg,Test,0,0,0,0,0,0,0,0,0,0,0,10,10,10,0,0,0,0,0,10,10,10,0,0,0,0,0,10,10,10,0,0,0,0,0,10,10,10,0,0,0,0,0,10,10,10,0,0,0,0,0,10,10,10,0,0,0,0,0,10,10,10,0,0,True,E
6456_3c0faef1.jpg,Test,0,0,0,0,0,0,0,0,0,0,0,0,10,10,0,0,0,4,4,0,10,10,0,0,0,4,4,0,10,10,0,0,0,4,4,0,10,10,0,0,0,4,4,0,10,10,0,0,0,4,4,0,10,10,0,0,0,4,4,0,10,10,0,0,True,E
6457_04847fe7.jpg,Test,0,0,0,0,0,0,0,0,0,0,0,0,0,0,0,0,0,0,0,0,0,0,0,0,0,0,0,0,0,0,0,0,0,0,0,0,0,0,0,0,0,0,0,0,0,0,0,0,0,0,0,0,0,0,0,0,0,0,0,0,0,0,0,0,True,E
6458_e9725f67.jpg,Test,0,0,10,10,0,0,0,0,0,0,10,10,10,0,0,0,0,0,10,10,10,0,0,0,0,0,10,10,10,0,0,0,0,0,10,10,10,0,0,0,0,0,10,10,10,0,0,0,0,0,10,10,10,0,0,0,0,0,10,10,0,0,0,0,True,E
6459_c5f73835.jpg,Test,0,0,0,0,0,0,0,0,0,0,0,4,0,0,0,0,0,0,4,4,4,0,0,0,0,0,4,4,4,0,0,0,0,0,4,4,4,0,0,0,0,0,4,4,4,0,0,0,0,0,4,4,4,0,0,0,0,0,4,4,4,0,0,0,True,E
6460_fd1f8c09.jpg,Test,0,0,0,0,0,0,0,0,0,0,4,4,4,0,0,0,0,0,4,4,4,0,0,0,0,0,4,4,4,0,0,0,0,0,4,4,4,0,0,0,0,0,4,4,4,0,0,0,0,0,4,4,4,0,0,0,0,0,4,4,4,0,0,0,True,E
6461_3b411259.jpg,Test,0,4,4,0,4,4,0,0,0,4,4,4,4,4,4,0,0,4,4,4,4,4,4,0,0,4,4,4,4,4,4,0,0,4,4,4,4,4,4,0,0,4,4,4,4,4,4,0,0,4,4,4,4,4,4,0,0,4,4,4,4,4,4,0,True,E
6462_d3ffd361.jpg,Test,0,0,0,0,0,0,0,0,0,0,0,0,0,0,0,0,0,0,4,4,4,0,0,0,10,10,10,4,4,0,0,0,10,10,10,4,4,0,0,0,10,10,10,4,4,0,0,0,10,10,10,4,4,0,0,0,0,0,0,4,0,0,0,0,True,E
6463_6ff44843.jpg,Test,0,0,0,0,0,0,0,0,0,0,0,0,0,0,0,0,0,10,10,10,0,0,4,4,0,10,10,10,0,0,4,4,0,10,10,10,0,0,4,4,0,10,10,10,0,0,4,4,0,10,10,10,0,0,4,4,0,0,0,0,0,0,4,4,True,E
6464_5e8d37bf.jpg,Test,0,0,0,0,0,0,0,0,0,10,10,10,4,4,0,0,10,10,10,10,4,4,0,0,10,10,10,10,4,4,0,0,10,10,10,10,4,4,0,0,10,10,10,10,4,4,0,0,10,10,10,10,4,4,0,0,0,0,10,0,4,4,0,0,True,E
6465_0bc69955.jpg,Test,0,0,0,0,0,0,0,0,0,0,0,0,0,0,0,0,0,0,4,4,4,0,0,0,0,0,4,4,4,0,0,0,0,0,4,4,4,0,0,0,0,0,4,4,4,0,0,0,0,0,4,4,4,0,0,0,0,0,4,4,4,0,0,0,True,E
6466_7046ecd7.jpg,Test,0,0,0,0,0,0,0,0,0,0,0,2,0,0,0,0,0,0,0,2,2,0,0,0,0,0,10,10,10,0,0,0,2,2,10,10,10,0,0,0,10,10,10,10,10,0,0,0,2,10,10,10,0,0,0,0,2,0,0,0,0,0,0,0,True,E
6467_54de0fac.jpg,Test,0,0,0,0,0,0,0,0,0,0,4,4,4,4,0,0,0,0,4,4,4,4,0,0,0,0,4,4,4,4,0,0,0,0,4,4,4,4,0,0,0,0,4,4,4,4,0,0,0,0,4,4,4,4,0,0,0,0,4,4,4,0,0,0,True,E
6468_dad12805.jpg,Test,0,0,0,0,0,0,0,0,0,0,0,0,0,0,0,0,0,0,4,4,4,4,0,0,0,0,4,4,4,4,0,0,0,0,4,4,4,4,0,0,0,0,4,4,4,4,0,0,0,0,4,4,4,4,0,0,0,0,4,4,4,4,0,0,True,E
6469_bcd6246f.jpg,Test,0,0,0,0,0,0,0,0,0,0,4,4,0,0,0,0,0,0,4,4,0,0,0,0,0,0,4,4,0,0,0,0,0,0,4,4,0,0,0,0,0,0,4,4,0,0,0,0,0,0,4,4,0,0,0,0,0,0,4,4,0,0,0,0,True,E
6470_63989108.jpg,Test,0,0,0,0,0,0,0,0,0,0,0,0,0,0,0,0,0,0,0,0,0,0,0,0,0,0,0,0,0,0,0,0,0,0,0,0,0,0,0,0,0,0,0,0,0,0,0,0,0,0,0,0,0,0,0,0,0,0,0,0,0,0,0,0,True,E
6471_6a3a3afb.jpg,Test,0,0,0,0,0,0,0,0,0,0,0,0,0,0,0,0,0,0,0,0,0,0,0,0,0,0,0,0,0,0,0,0,0,0,0,0,0,0,0,0,0,0,0,0,0,0,0,0,0,0,0,0,0,0,0,0,0,0,0,0,0,0,0,0,True,E
6472_0e63144a.jpg,Test,0,0,0,0,0,0,0,0,0,4,4,4,0,0,0,0,0,4,4,4,4,4,4,4,0,4,4,4,4,4,4,4,0,4,4,4,4,4,4,4,0,4,4,4,4,4,4,4,0,4,4,4,4,4,4,4,0,4,4,4,4,4,4,4,True,E
6473_1bb80607.jpg,Test,0,0,0,0,0,0,0,0,0,0,10,10,10,10,0,0,0,0,10,10,10,10,0,0,0,0,10,10,10,10,0,0,0,0,10,10,10,10,0,0,0,0,10,10,10,10,0,0,0,0,10,10,10,10,0,0,0,0,10,10,10,10,0,0,True,E
6474_59082ce7.jpg,Test,0,0,0,0,0,0,0,0,0,0,0,0,0,0,0,0,0,0,0,0,0,0,0,0,0,0,0,0,0,0,0,0,0,0,0,0,0,0,0,0,0,0,0,0,0,0,0,0,0,0,0,0,0,0,0,0,0,0,0,0,0,0,0,0,True,E
6475_4971694a.jpg,Test,0,0,0,0,0,0,0,0,0,0,0,0,0,0,0,0,0,0,0,10,10,0,0,0,0,0,0,10,10,4,0,0,0,0,0,10,10,4,0,0,0,0,0,10,10,4,0,0,0,0,0,10,10,4,0,0,0,0,0,10,10,4,0,0,True,E
6476_509f3582.jpg,Test,0,0,0,0,0,0,0,0,0,0,0,0,0,4,0,0,10,10,0,0,0,4,0,0,10,10,0,0,0,4,0,0,10,10,0,0,0,4,0,0,10,10,0,0,0,4,0,0,10,10,0,0,0,4,0,0,10,10,0,0,0,4,0,0,True,E
6477_87e96c5f.jpg,Test,0,0,0,0,0,0,0,0,0,0,0,0,10,10,10,10,0,0,0,0,10,10,10,10,0,0,0,0,10,10,10,10,0,0,0,0,10,10,10,10,0,0,0,0,10,10,10,10,0,0,0,0,10,10,10,10,0,0,0,0,10,10,10,10,True,E
6478_a7226b03.jpg,Test,0,10,10,10,10,10,10,10,0,10,10,10,10,10,10,10,0,10,10,10,10,10,10,10,0,10,10,10,10,10,10,10,0,10,10,10,10,10,10,10,0,10,10,10,10,10,10,10,0,10,10,10,10,10,10,10,0,0,10,10,10,10,10,10,True,E
6479_68b6dd9f.jpg,Test,0,0,0,0,0,0,0,0,0,0,0,0,0,0,0,0,0,0,10,10,0,0,0,0,0,0,10,10,0,0,0,0,0,0,10,10,0,0,0,0,0,0,10,10,0,0,0,0,0,0,10,10,0,0,0,0,0,0,10,10,0,0,0,0,True,E
6480_76a463f1.jpg,Test,0,0,0,0,0,0,0,0,0,0,0,4,4,4,0,0,0,0,0,4,4,4,0,0,0,0,0,4,4,4,0,0,0,0,0,4,4,4,0,0,0,0,0,4,4,4,0,0,0,0,0,4,4,4,0,0,0,0,0,4,4,4,0,0,True,E
6481_36239996.jpg,Test,0,0,0,0,0,0,0,0,0,0,0,0,0,0,0,0,0,0,0,0,0,0,0,0,0,0,0,0,0,0,0,0,0,0,0,0,0,0,0,0,0,0,0,0,0,0,0,0,0,0,0,0,0,0,0,0,0,0,0,0,0,0,0,0,True,E
6482_81c3b119.jpg,Test,0,0,0,0,0,0,0,0,0,0,0,0,0,0,0,0,10,10,10,0,0,4,4,4,10,10,10,0,0,4,4,4,10,10,10,0,0,4,4,4,10,10,10,0,0,4,4,4,10,10,10,0,0,4,4,4,10,10,10,0,0,4,4,4,True,E
6483_2689e8f6.jpg,Test,0,0,0,0,0,0,0,0,0,0,0,0,0,10,10,10,10,10,10,10,10,10,10,10,10,10,10,10,10,10,10,10,10,10,10,10,10,10,10,10,10,10,10,10,10,10,10,10,10,10,10,10,10,10,10,10,10,10,10,10,10,10,10,10,True,E
6484_a5fefb30.jpg,Test,0,0,0,0,0,0,0,0,0,0,0,0,0,0,0,0,0,0,0,0,10,10,10,0,0,4,4,0,10,10,10,0,0,4,4,0,10,10,10,0,0,4,4,0,10,10,10,0,0,4,4,0,10,10,10,0,0,4,4,0,10,10,10,0,True,E
6485_c95ba4b6.jpg,Test,0,4,4,4,4,4,4,0,4,4,4,4,4,4,4,4,4,4,4,4,4,4,4,4,0,4,4,4,4,4,4,4,0,4,4,4,4,4,4,4,0,4,4,4,4,4,4,4,0,4,4,4,4,4,4,4,0,4,4,4,4,4,4,4,True,E
6486_69a44938.jpg,Test,0,0,4,4,4,4,4,0,0,0,4,4,4,4,4,0,0,0,4,4,4,4,4,0,0,0,4,4,4,4,4,0,0,0,4,4,4,4,4,0,0,0,4,4,4,4,4,0,0,0,4,4,4,4,4,0,0,0,4,4,4,4,4,0,True,E
6487_f81e084d.jpg,Test,0,0,0,0,0,0,0,0,0,0,0,0,0,0,0,0,0,0,0,0,0,0,0,0,0,0,0,0,0,0,0,0,0,0,0,0,0,0,0,0,0,0,0,0,0,0,0,0,0,0,0,0,0,0,0,0,0,0,0,0,0,0,0,0,True,E
6488_b68497b0.jpg,Test,0,0,0,0,0,0,0,0,0,0,0,4,4,4,0,0,0,0,0,4,4,4,0,0,0,0,0,4,4,4,0,0,0,0,0,4,4,4,0,0,0,0,0,4,4,4,0,0,0,0,0,4,4,4,0,0,0,0,0,4,4,4,0,0,True,E
6489_1bd32c55.jpg,Test,0,0,0,0,0,0,0,0,0,0,0,0,0,0,0,0,0,0,0,0,0,0,0,0,0,0,0,0,0,0,0,0,0,0,0,0,0,0,0,0,0,0,0,0,0,0,0,0,0,0,0,0,0,0,0,0,0,0,0,0,0,0,0,0,True,E
6490_1f3da55d.jpg,Test,0,0,0,0,0,0,0,0,0,0,0,0,0,0,0,0,0,0,0,10,10,10,0,0,0,0,4,10,10,10,0,0,0,0,4,10,10,10,0,0,0,0,4,10,10,10,0,0,0,0,4,10,10,10,0,0,0,0,0,0,0,0,0,0,True,E
6491_1c2a8476.jpg,Test,0,0,0,0,0,0,0,0,0,0,0,0,0,0,0,0,0,0,0,0,0,0,0,0,0,0,0,0,0,0,0,0,0,0,0,0,0,0,0,0,0,0,0,0,0,0,0,0,0,0,0,0,0,0,0,0,0,0,0,0,0,0,0,0,True,E
6492_ecbb5873.jpg,Test,0,0,0,0,0,0,0,0,0,4,4,0,4,4,0,0,0,4,4,4,4,4,0,0,0,4,4,4,4,4,0,0,0,4,4,4,4,4,0,0,0,4,4,4,4,4,0,0,0,4,4,4,4,4,0,0,0,4,4,4,4,4,0,0,True,E
6493_29d0fc26.jpg,Test,0,0,0,0,0,0,0,0,0,0,0,0,0,0,0,0,0,0,0,0,0,0,0,0,0,0,0,10,10,0,0,0,0,0,0,10,10,0,0,0,0,0,0,10,10,0,0,0,0,0,0,10,10,0,0,0,0,0,0,10,10,0,0,0,True,E
6494_726c0a25.jpg,Test,5,5,5,0,0,0,0,0,5,10,0,0,10,0,10,10,0,10,10,10,10,10,10,10,10,10,10,10,10,10,10,10,10,10,0,10,10,10,10,10,0,10,0,0,10,10,10,10,10,10,0,10,10,10,10,10,10,10,10,5,0,10,10,10,True,E
6495_6bf32196.jpg,Test,0,0,0,0,0,0,0,0,0,0,10,10,0,10,0,0,0,0,10,10,10,10,0,0,0,0,10,10,10,10,0,0,0,0,10,10,10,10,0,0,0,0,10,10,10,10,0,0,0,0,10,10,10,10,0,0,0,0,10,10,10,10,0,0,True,E
6496_419090b1.jpg,Test,0,0,0,0,0,0,0,0,0,0,0,0,0,0,0,0,0,0,0,0,0,0,0,0,0,0,0,0,0,0,0,0,0,0,0,0,0,0,0,0,0,0,0,0,0,0,0,0,0,0,0,0,0,0,0,0,0,0,0,0,0,0,0,0,True,E
6497_47632720.jpg,Test,0,0,0,0,0,0,0,0,0,0,0,0,0,0,0,0,0,10,10,10,10,0,0,0,0,10,10,10,10,0,0,0,0,10,10,10,10,0,0,0,0,10,10,10,10,0,0,0,0,10,10,10,10,0,0,0,0,0,10,10,10,0,0,0,True,E
6498_51a4debf.jpg,Test,0,0,0,0,0,0,0,0,0,0,0,10,10,10,10,0,0,10,10,10,10,10,10,0,0,10,10,10,10,10,10,0,0,10,10,10,10,10,10,0,0,10,10,10,10,10,10,0,0,10,10,10,10,10,10,0,0,10,10,0,0,0,0,0,True,E
6499_617cdf9b.jpg,Test,0,0,0,0,0,0,0,0,0,0,0,0,0,0,0,0,0,0,10,10,0,0,0,0,0,0,10,10,0,0,0,0,0,0,10,10,0,0,0,0,0,0,10,10,0,0,0,0,0,0,10,10,0,0,0,0,0,0,10,10,0,0,0,0,True,E
6500_eae3d665.jpg,Test,0,0,0,0,0,0,0,0,0,10,10,10,10,10,0,0,0,10,10,10,10,10,0,0,0,10,10,10,10,10,0,0,0,10,10,10,10,10,0,0,0,10,10,10,10,10,0,0,0,10,10,10,10,10,0,0,0,0,10,10,10,10,0,0,True,E
6501_a5502c84.jpg,Test,0,0,0,10,10,0,0,0,0,0,0,10,10,0,0,0,0,0,0,10,10,10,0,0,0,10,10,10,10,10,10,10,0,10,10,10,10,10,10,10,0,10,10,10,10,10,10,10,0,10,10,10,10,10,10,10,0,10,10,10,10,10,10,10,True,E
6502_cfe1fd08.jpg,Test,0,0,0,0,0,0,0,0,0,0,0,0,0,0,0,0,0,0,0,0,0,0,0,0,0,0,0,0,0,0,0,0,0,0,0,0,0,0,0,0,0,0,0,0,0,0,0,0,0,0,0,0,0,0,0,0,0,0,0,0,0,0,0,0,True,E
6503_01dcff2d.jpg,Test,0,0,0,0,0,0,0,0,0,0,0,0,10,10,0,0,6,6,10,10,10,10,10,10,6,6,10,10,10,10,10,10,6,6,10,10,10,10,10,10,6,6,10,10,10,10,10,10,6,6,10,10,10,10,10,10,6,6,0,10,10,10,10,10,True,E
6504_77e248ed.jpg,Test,0,0,0,0,0,0,0,0,0,0,0,0,0,0,0,0,0,0,0,0,4,0,0,0,0,0,0,4,4,0,0,0,10,10,0,10,4,0,0,0,10,10,10,4,4,0,0,0,10,10,10,4,4,0,0,0,10,10,0,0,4,0,0,0,True,E
6505_644dcf01.jpg,Test,0,0,0,0,0,0,0,4,0,0,0,0,4,4,0,4,0,0,0,0,4,4,0,4,0,0,0,0,4,4,0,0,0,0,0,0,4,4,0,0,0,0,0,0,4,4,0,0,0,0,0,0,4,4,0,0,0,0,0,0,4,4,0,0,True,E
6506_482078d9.jpg,Test,0,0,0,0,0,0,0,0,0,0,0,0,0,0,0,0,0,0,0,0,0,0,0,0,0,0,0,0,0,0,0,0,0,0,0,0,0,0,0,0,0,0,0,0,0,0,0,0,0,0,0,0,0,0,0,0,0,0,0,0,0,0,0,0,True,E
6507_ae1b804c.jpg,Test,0,0,0,0,0,0,0,0,0,0,0,10,10,10,10,10,0,0,0,10,10,10,10,10,0,0,0,10,10,10,10,10,0,0,0,10,10,10,10,10,0,0,0,10,10,10,10,10,0,0,0,10,10,10,10,10,0,0,0,10,10,10,10,10,True,E
6508_dadb61e9.jpg,Test,0,0,0,0,0,0,0,0,0,0,4,4,4,4,0,0,0,0,4,4,4,4,0,0,0,0,4,4,4,4,0,0,0,0,4,4,4,4,0,0,0,0,4,4,4,4,0,0,0,0,4,4,4,4,0,0,0,0,4,0,4,4,0,0,True,E
6509_6caf67c9.jpg,Test,0,0,0,0,0,0,0,0,0,0,0,0,0,0,0,0,0,0,0,0,0,0,0,0,0,0,0,0,0,0,0,0,0,0,0,0,0,0,0,0,0,0,0,0,0,0,0,0,0,0,0,0,0,0,0,0,0,0,0,0,0,0,0,0,True,E
6510_d441bf7d.jpg,Test,0,0,0,0,0,0,0,0,0,0,0,0,10,10,10,0,0,0,0,0,10,10,10,0,0,0,0,0,10,10,10,0,0,0,0,0,10,10,10,0,0,0,0,0,10,10,10,0,0,0,0,0,10,10,10,0,0,0,0,0,0,10,0,0,True,E
6511_77bd0820.jpg,Test,0,0,0,0,0,0,0,0,0,0,0,0,0,0,0,0,0,0,0,4,4,0,10,10,10,10,10,4,4,0,10,10,10,10,10,4,4,0,10,10,10,10,10,4,4,0,10,10,10,10,10,4,4,0,10,10,10,10,10,4,4,0,0,0,True,E
6512_17969028.jpg,Test,0,0,0,0,0,0,0,0,0,0,0,0,0,0,0,0,0,0,0,0,0,0,0,0,0,0,0,0,0,0,0,0,0,0,0,0,0,0,0,0,0,0,0,0,0,0,0,0,0,0,0,0,0,0,0,0,0,0,0,0,0,0,0,0,True,E
6513_08cdd648.jpg,Test,0,0,0,0,0,0,0,0,0,0,0,0,0,0,0,0,0,0,0,0,0,0,0,0,0,0,0,0,0,0,0,0,0,0,0,0,0,0,0,0,0,0,0,0,0,0,0,0,0,0,0,0,0,0,0,0,0,0,0,0,0,0,0,0,True,E
6514_ea71f252.jpg,Test,0,0,0,0,0,0,0,0,0,0,0,0,0,0,0,0,0,0,10,10,10,4,4,0,0,0,10,10,10,4,4,0,0,0,10,10,10,4,4,0,0,0,10,10,10,4,4,0,0,0,10,10,10,4,4,0,0,0,10,10,10,4,4,0,True,E
6515_8a2bd660.jpg,Test,0,0,0,0,0,0,0,0,0,0,0,0,0,0,0,0,0,0,0,10,10,0,0,0,0,4,4,10,10,0,0,0,0,4,4,10,10,0,0,0,0,4,4,10,10,0,0,0,0,4,4,10,10,0,0,0,0,4,4,10,10,0,0,0,True,E
6516_b755ddcb.jpg,Test,0,0,0,0,0,0,0,0,0,0,0,0,0,0,0,0,0,0,0,0,0,0,0,0,0,0,0,0,0,0,0,0,0,0,0,0,0,0,0,0,0,0,0,0,0,0,0,0,0,0,0,0,0,0,0,0,0,0,0,0,0,0,0,0,True,E
6517_3009f05f.jpg,Test,0,0,0,8,8,8,0,0,0,3,3,8,8,8,0,0,8,3,3,8,8,8,0,0,8,3,3,8,8,8,0,0,8,3,3,8,8,8,0,0,8,3,3,8,8,8,0,0,8,3,3,8,8,8,0,0,0,3,3,3,0,0,0,0,True,E
6518_835f2f90.jpg,Test,0,0,0,0,0,0,0,0,0,0,0,0,0,0,0,0,3,3,3,3,0,0,0,0,3,3,3,3,0,8,8,0,3,3,3,3,0,8,8,0,3,3,3,3,0,8,8,0,3,3,3,3,0,8,8,0,3,3,3,0,0,0,8,0,True,E
6519_27cc6f61.jpg,Test,3,3,3,0,0,0,0,0,3,3,3,0,0,3,3,3,3,3,3,0,0,3,3,3,3,3,3,0,0,3,3,3,3,3,3,0,0,3,3,3,3,3,3,0,0,3,3,3,3,3,3,0,0,3,3,3,3,3,3,0,0,3,3,3,True,E
6520_78054102.jpg,Test,0,0,8,8,0,3,3,0,0,0,8,8,3,3,3,0,0,0,8,8,3,3,3,0,0,0,8,8,3,3,3,0,0,0,8,8,3,3,3,0,0,0,8,8,3,3,3,0,0,0,8,8,3,3,3,0,0,0,0,0,0,3,3,0,True,E
6521_f09abd6b.jpg,Test,0,0,0,0,0,0,0,0,0,0,3,3,3,8,3,3,0,0,3,3,3,8,3,3,0,0,3,3,3,8,3,3,0,0,3,3,3,8,3,3,0,0,3,3,3,8,3,3,0,0,3,3,3,8,3,3,0,0,0,0,0,0,3,3,True,E
6522_e6cf821b.jpg,Test,0,0,0,0,0,0,0,0,0,0,8,8,8,0,0,0,0,3,3,8,8,0,0,0,0,3,3,8,8,0,0,0,0,3,8,8,8,0,0,0,0,3,8,8,8,0,0,0,0,3,8,8,8,0,0,0,0,3,8,8,8,0,0,0,True,E
6523_18d6769a.jpg,Test,0,0,0,0,0,0,0,0,0,0,0,0,0,0,0,0,0,0,0,0,0,0,0,0,0,0,0,0,0,0,0,0,0,0,0,0,0,0,0,0,0,0,0,0,0,0,0,0,0,0,0,0,0,0,0,0,0,0,0,0,0,0,0,0,True,E
6524_2e4718f1.jpg,Test,0,0,0,0,0,0,0,0,0,8,8,0,3,0,0,0,8,8,8,0,3,0,0,0,8,8,8,0,3,0,0,0,8,8,8,0,3,0,0,0,8,8,8,0,3,0,0,0,8,8,8,0,0,0,0,0,0,8,8,0,0,0,0,0,True,E
6525_d6fb1f09.jpg,Test,0,0,0,0,0,0,0,0,0,3,3,3,3,3,3,0,0,3,3,3,3,3,3,3,0,3,3,3,3,3,3,3,0,3,3,3,3,3,3,3,0,3,3,3,3,3,3,3,0,3,3,3,3,3,3,3,0,3,3,3,3,3,3,3,True,E
6526_d1a7abd3.jpg,Test,0,0,0,0,0,0,0,0,0,0,8,8,0,0,0,0,0,0,0,8,8,0,0,0,0,0,0,8,8,8,0,0,0,0,0,8,8,8,0,0,0,0,0,8,8,8,0,0,0,0,0,0,0,8,0,0,0,0,0,0,0,0,0,0,True,E
6527_87fb16c6.jpg,Test,0,0,0,0,0,0,0,0,0,0,0,0,0,0,0,0,0,0,0,0,0,3,0,0,0,0,0,0,3,3,0,0,0,0,0,0,3,3,0,0,0,0,0,0,3,3,0,0,0,0,0,0,3,3,0,0,0,0,0,3,3,3,0,0,True,E
6528_d88bcf0f.jpg,Test,0,0,0,0,0,0,0,0,0,0,0,0,0,0,0,0,8,8,0,3,3,8,0,0,8,8,0,3,3,8,8,0,8,8,0,3,3,8,8,0,8,8,0,3,3,3,8,0,8,8,0,3,3,3,8,0,8,8,0,3,3,3,0,0,True,E
6529_05d9c2ea.jpg,Test,0,0,0,0,0,0,0,0,3,3,3,3,0,3,3,3,3,3,3,3,3,3,3,3,3,3,3,3,3,3,3,3,3,3,3,3,3,3,3,3,3,3,3,3,3,3,3,3,3,3,3,3,3,3,3,3,3,3,3,3,3,3,3,3,True,E
6530_881b0236.jpg,Test,0,0,0,0,0,0,0,0,0,0,0,0,0,0,0,0,0,0,0,0,0,0,0,0,0,0,0,0,0,0,0,0,0,0,0,0,0,0,0,0,0,0,0,0,0,0,0,0,0,0,0,0,0,0,0,0,0,0,0,0,0,0,0,0,True,E
6531_28b7787f.jpg,Test,0,0,0,0,0,0,0,0,0,0,0,8,8,0,0,0,0,0,0,8,8,0,0,0,0,0,0,8,8,0,0,0,0,0,0,8,8,0,0,0,0,0,0,8,8,0,0,0,0,0,0,8,8,0,0,0,0,0,0,8,8,0,0,0,True,E
6532_f4188d0d.jpg,Test,0,0,0,0,0,0,0,0,0,0,0,0,0,0,0,0,0,8,0,0,0,0,8,0,0,8,8,3,8,3,8,0,0,8,8,3,8,3,8,0,0,8,8,3,3,3,8,0,0,8,8,3,3,3,8,0,0,0,0,0,0,0,0,0,True,E
6533_4f4b3863.jpg,Test,0,0,0,3,8,0,0,0,0,0,3,3,8,8,0,0,0,0,3,3,8,8,0,0,0,0,3,3,8,8,0,0,0,0,3,3,8,8,0,0,0,0,3,3,8,8,0,0,0,0,3,3,8,8,0,0,0,0,0,3,8,0,0,0,True,E
6534_dbf4fe81.jpg,Test,0,0,0,0,0,0,0,0,0,0,0,0,0,0,0,0,0,0,3,3,3,0,0,0,3,3,3,3,3,3,3,0,3,3,3,3,3,3,3,0,3,3,3,3,3,3,3,0,3,3,3,3,3,3,3,0,3,3,3,3,3,3,3,0,True,E
6535_2a699ec3.jpg,Test,0,3,3,3,3,0,0,0,8,3,3,3,3,0,0,0,8,3,3,3,3,3,3,0,8,3,3,3,3,3,3,0,8,3,3,3,3,3,3,3,8,3,3,3,3,3,3,3,8,3,3,3,3,3,3,0,8,3,3,3,3,3,0,0,True,E
6536_3009f05f.jpg,Test,0,0,0,8,8,8,0,0,0,3,3,8,8,8,0,0,8,3,3,8,8,8,0,0,8,3,3,8,8,8,0,0,8,3,3,8,8,8,0,0,8,3,3,8,8,8,0,0,8,3,3,8,8,8,0,0,0,3,3,3,0,0,0,0,True,E
6537_e574e69d.jpg,Test,0,0,3,3,0,0,0,0,0,0,3,3,8,8,8,0,0,0,3,3,8,8,8,0,0,0,3,3,8,8,8,0,0,0,3,3,8,8,8,0,0,0,3,3,8,8,8,0,0,0,3,3,8,8,8,0,0,0,3,3,8,8,8,0,True,E
6538_a0c87feb.jpg,Test,0,0,0,3,3,8,0,0,0,0,0,3,3,8,8,0,0,0,0,3,3,8,8,0,0,0,0,3,3,8,8,0,0,0,0,3,3,8,8,0,0,0,0,3,3,8,8,0,0,0,0,3,3,8,8,0,0,0,0,3,3,0,0,0,True,E
6539_77ff9d13.jpg,Test,0,0,0,0,0,0,0,0,0,0,0,0,0,0,0,0,0,0,0,0,0,0,0,0,0,0,0,0,0,0,0,0,0,0,0,0,0,0,0,0,0,0,0,0,0,0,0,0,0,0,0,0,0,0,0,0,0,0,0,0,0,0,0,0,True,E
6693_33bc2cdd.jpg,Test,0,0,0,0,0,0,0,0,0,0,1,1,1,1,0,0,0,0,1,1,1,1,0,0,0,0,1,1,1,1,0,0,0,0,1,1,1,1,0,0,0,0,1,1,1,1,0,0,0,0,1,1,1,1,0,0,0,0,1,1,1,1,0,0,True,E
6694_377001f8.jpg,Test,0,0,0,0,0,0,0,0,0,0,0,0,0,0,0,0,0,0,0,0,0,0,0,0,0,0,0,0,0,0,0,0,0,0,0,0,0,0,0,0,0,0,0,0,0,0,0,0,0,0,0,0,0,0,0,0,0,0,0,0,0,0,0,0,True,E
6695_4391bb2e.jpg,Test,0,0,0,0,0,0,0,0,0,0,0,0,0,0,0,0,0,0,0,1,0,0,0,0,0,0,1,1,0,0,0,0,0,0,1,1,0,0,0,0,0,0,1,1,0,0,0,0,0,0,1,1,0,0,0,0,0,0,0,0,0,0,0,0,True,E
6696_be38c3c5.jpg,Test,0,0,0,0,0,0,0,0,0,0,0,0,0,0,0,0,0,0,0,0,0,0,0,0,0,0,0,0,0,0,0,0,0,0,0,0,0,0,0,0,0,0,0,0,0,0,0,0,0,0,0,0,0,0,0,0,0,0,0,0,0,0,0,0,True,E
6697_54012c3d.jpg,Test,0,0,0,0,0,0,0,0,0,6,6,6,6,0,0,0,6,6,6,6,6,6,6,0,6,6,6,6,6,6,6,0,6,6,6,6,6,6,6,0,6,6,6,6,6,6,6,0,6,6,6,6,6,6,6,0,6,6,6,6,6,6,6,0,True,E
6698_27b4bbbe.jpg,Test,0,0,0,0,0,0,0,0,0,0,0,0,0,0,0,0,0,0,0,0,0,0,0,0,0,0,0,0,0,0,0,0,0,0,0,0,0,0,0,0,0,0,0,0,0,0,0,0,0,0,0,0,0,0,0,0,0,0,0,0,0,0,0,0,True,E
6699_ca82ef17.jpg,Test,0,0,0,0,0,0,0,0,0,0,0,0,0,0,0,0,0,0,0,0,0,0,0,0,0,0,0,0,0,0,0,0,0,0,0,0,0,0,0,0,0,0,0,0,0,0,0,0,0,0,0,0,0,0,0,0,0,0,0,0,0,0,0,0,True,E
6700_320db729.jpg,Test,0,0,0,0,0,0,0,0,0,0,0,0,0,0,0,0,0,0,0,0,0,0,0,0,0,0,0,0,0,0,0,0,0,0,0,0,0,0,0,0,0,0,0,0,0,0,0,0,0,0,0,0,0,0,0,0,0,0,0,0,0,0,0,0,True,E
6701_cacb03e3.jpg,Test,0,0,0,0,0,0,0,0,0,1,1,0,0,0,0,0,0,1,1,0,0,0,0,0,0,1,1,0,6,6,6,0,0,1,1,0,6,6,6,0,0,1,1,0,6,6,6,0,0,1,1,6,6,6,6,0,0,1,1,6,6,6,6,0,True,E
0001_06fce5df.jpg,Test,0,0,1,0,0,0,0,0,0,0,1,0,3,3,0,0,0,0,1,0,3,3,0,0,0,0,1,0,3,3,0,0,0,0,1,0,3,3,0,0,0,0,1,0,3,3,0,0,0,0,1,0,0,0,0,0,0,0,0,0,0,0,0,0,True,M
0001_bf9fb834.jpg,Test,0,0,0,0,0,0,0,0,0,0,0,6,6,0,0,0,0,0,6,6,0,0,0,0,0,0,6,6,0,0,0,0,0,0,6,6,0,0,0,0,0,0,6,6,6,0,0,0,0,0,6,6,0,0,0,0,0,0,0,0,0,0,0,0,True,M
0002_43e277e1.jpg,Test,0,0,0,0,0,0,0,0,0,0,0,0,0,0,0,0,0,0,0,3,0,0,0,0,0,0,3,3,0,0,0,0,0,0,3,3,0,0,0,0,0,0,3,3,0,0,0,0,0,3,3,3,0,0,0,0,0,0,0,0,0,0,0,0,True,M
0002_fc5e1efc.jpg,Test,0,0,0,0,0,0,0,0,0,0,6,6,0,0,2,0,0,6,6,6,0,0,2,2,0,6,6,6,6,0,2,2,0,0,6,6,6,0,2,2,0,0,6,6,6,2,0,0,0,0,6,6,6,0,0,0,0,0,0,0,0,0,0,0,True,M
3366_5b57d198.jpg,Test,0,0,0,0,0,0,0,0,0,0,0,6,6,0,6,0,10,0,0,6,0,0,6,0,10,0,0,6,0,0,6,6,10,0,0,6,0,0,6,6,10,0,6,6,0,0,6,6,10,0,6,6,0,0,6,6,0,0,0,0,0,0,0,0,True,P
3367_aaa05976.jpg,Test,0,0,0,0,0,0,0,0,0,0,0,0,0,6,0,0,0,0,6,6,6,10,10,0,0,0,6,6,0,10,10,0,0,0,6,6,0,10,10,0,0,0,6,6,0,10,10,0,0,0,6,6,0,10,10,0,0,0,0,0,0,0,0,0,True,P
3368_81e155f8.jpg,Test,0,0,0,0,0,0,0,0,0,0,0,0,0,0,0,0,0,0,10,10,0,0,0,0,0,0,10,10,0,0,0,0,0,0,10,10,0,0,0,0,0,0,10,0,0,0,0,0,0,0,10,0,0,0,0,0,0,0,0,0,0,0,0,0,True,P
3369_7fa79ea2.jpg,Test,0,0,0,0,0,0,0,0,0,0,0,0,0,0,0,0,0,0,0,0,0,0,0,0,0,0,0,0,0,0,0,0,0,0,0,0,0,0,0,0,0,0,0,0,0,0,0,0,0,0,0,0,0,0,0,0,0,0,0,0,0,0,0,0,True,P
3370_090bc37e.jpg,Test,0,0,0,0,0,0,0,0,0,0,0,0,0,0,0,0,0,0,0,0,0,0,0,0,0,0,0,0,0,0,0,0,0,0,0,0,0,0,0,0,0,0,0,0,0,0,0,0,0,0,0,0,0,0,0,0,0,0,0,0,0,0,0,0,True,P
3371_5bcadf9e.jpg,Test,0,0,0,0,0,0,0,0,0,0,0,0,0,0,0,0,0,0,0,0,6,6,0,0,0,0,0,0,6,6,0,0,0,0,0,6,6,0,0,0,0,0,0,6,6,0,0,0,0,0,0,6,6,0,0,0,0,0,0,6,6,0,0,0,True,P
3372_c1b0f82c.jpg,Test,0,0,0,0,0,0,0,0,0,0,0,0,0,0,0,0,0,0,0,0,0,0,0,0,0,0,0,0,0,0,0,0,0,0,0,0,0,0,0,0,0,0,0,0,0,0,0,0,0,0,0,0,0,0,0,0,0,0,0,0,0,0,0,0,True,P
3373_4716a1d2.jpg,Test,0,0,0,0,0,0,0,0,0,0,0,0,0,10,0,0,0,0,6,6,0,10,10,0,0,0,6,6,0,10,10,0,0,0,6,0,0,10,10,0,0,0,6,0,0,10,10,0,0,0,6,0,0,10,10,0,0,0,6,0,0,10,10,0,True,P
3374_0246f387.jpg,Test,0,0,0,0,0,0,0,0,0,0,0,0,0,0,0,0,0,0,0,0,0,0,0,0,0,0,0,0,0,0,0,0,0,0,0,0,0,0,0,0,0,0,0,0,0,0,0,0,0,0,0,0,0,0,0,0,0,0,0,0,0,0,0,0,True,P
3375_477727b8.jpg,Test,0,0,0,0,0,0,0,0,0,0,0,0,0,0,0,0,0,0,0,0,0,0,0,0,0,0,0,0,0,0,0,0,0,0,0,0,0,0,0,0,0,0,0,0,0,0,0,0,0,0,0,0,0,0,0,0,0,0,0,0,0,0,0,0,True,P
3376_49f2cb97.jpg,Test,0,0,0,0,0,0,0,0,0,0,0,10,10,0,0,0,0,0,6,6,10,0,0,0,0,0,6,6,10,10,0,0,0,0,6,6,10,10,0,0,0,0,6,6,10,10,0,0,0,0,6,6,10,10,0,0,0,0,6,6,10,10,0,0,True,P
3377_09a29a30.jpg,Test,0,0,0,0,0,0,0,0,0,0,0,0,0,0,10,0,0,0,0,6,6,10,10,0,0,0,0,6,6,10,10,0,0,0,0,6,6,10,10,0,0,0,0,6,6,10,10,0,0,0,0,6,6,10,10,0,0,0,0,0,0,0,0,0,True,P
3378_ed80ea90.jpg,Test,0,0,0,0,0,0,0,0,0,0,0,0,6,0,0,0,6,6,0,6,6,6,6,6,6,6,0,6,6,6,6,6,6,6,0,6,6,6,6,6,6,6,0,6,6,6,6,6,6,6,0,6,6,6,6,6,6,6,0,6,6,6,6,6,True,P
3379_df3b7595.jpg,Test,0,0,0,0,0,0,0,0,6,6,0,6,0,0,0,0,6,6,0,6,6,0,6,0,6,6,0,6,6,6,6,0,6,6,0,6,6,6,6,0,6,6,0,6,6,6,6,0,6,6,0,6,6,6,6,0,0,0,0,0,0,0,0,0,True,P
3380_c2005c9b.jpg,Test,0,0,0,0,0,0,0,0,0,0,0,0,0,0,0,0,0,0,10,10,6,6,0,0,0,0,10,10,6,6,0,0,0,0,10,6,6,0,0,0,0,0,10,6,6,0,0,0,0,0,10,6,6,0,0,0,0,0,10,6,6,0,0,0,True,P
3381_326854be.jpg,Test,0,0,0,0,0,0,0,0,0,0,0,0,0,0,0,0,0,0,0,0,0,0,0,0,0,0,0,0,0,0,0,0,0,0,0,0,0,0,0,0,0,0,0,0,0,0,0,0,0,0,0,0,0,0,0,0,0,0,0,0,0,0,0,0,True,P
3382_965128f3.jpg,Test,0,0,0,6,0,0,0,0,0,0,0,6,6,0,0,0,0,0,6,6,6,0,0,0,0,0,0,6,6,0,0,0,0,0,0,6,6,0,0,0,0,0,0,6,0,0,0,0,0,0,0,6,0,0,0,0,0,0,0,6,0,0,0,0,True,P
3383_552924c9.jpg,Test,0,0,0,0,0,0,0,0,0,0,0,0,0,0,0,0,0,0,0,0,0,0,0,0,0,0,0,0,0,0,0,0,0,0,0,0,0,0,0,0,0,0,0,0,0,0,0,0,0,0,0,0,0,0,0,0,0,0,0,0,0,0,0,0,True,P
3384_e8778ae3.jpg,Test,0,0,0,0,0,0,0,0,0,0,0,0,0,0,0,0,0,0,0,0,0,0,0,0,0,0,0,0,0,0,0,0,0,0,0,0,0,0,0,0,0,0,0,0,0,0,0,0,0,0,0,0,0,0,0,0,0,0,0,0,0,0,0,0,True,P
3385_1bbcfd17.jpg,Test,0,0,6,6,0,0,0,0,0,0,6,6,6,6,0,0,0,0,6,6,6,6,6,0,0,0,6,6,6,6,0,0,0,0,6,6,6,6,0,0,0,0,6,6,0,0,0,0,0,0,6,6,0,0,0,0,0,0,0,0,0,0,0,0,True,P
3386_e5e51d69.jpg,Test,0,0,0,0,0,0,0,0,0,0,0,0,0,0,0,0,0,0,0,0,0,0,0,0,0,0,0,0,0,0,0,0,0,0,0,0,0,0,0,0,0,0,0,0,0,0,0,0,0,0,0,0,0,0,0,0,0,0,0,0,0,0,0,0,True,P
3387_a4037495.jpg,Test,0,0,0,0,0,0,0,0,0,0,0,0,0,0,0,0,0,0,0,6,0,0,0,0,0,0,0,6,6,0,0,0,0,0,0,6,6,0,0,0,0,0,0,6,6,0,0,0,0,0,0,6,6,0,0,0,0,0,0,6,0,0,0,0,True,P
3388_24cf2b29.jpg,Test,0,0,0,0,0,0,0,0,0,0,0,0,0,0,0,0,0,0,0,6,6,0,0,0,0,0,0,6,6,0,0,0,0,0,6,6,0,0,0,0,0,0,0,6,0,0,0,0,0,0,0,6,0,0,0,0,0,0,0,0,0,0,0,0,True,P
3389_8e8e41eb.jpg,Test,0,0,0,0,0,0,0,0,10,10,0,0,0,0,0,0,10,10,0,0,6,0,0,10,10,10,0,6,6,0,10,10,10,10,0,6,6,0,10,10,10,10,0,6,6,0,10,10,0,0,0,6,6,0,0,10,0,0,0,0,0,0,0,0,True,P
3390_d5c30f90.jpg,Test,0,0,0,0,0,0,0,0,0,6,6,6,6,6,6,0,0,6,6,6,6,6,6,6,0,6,6,6,6,6,6,6,0,6,6,6,6,6,6,6,0,6,6,6,6,6,6,6,0,6,6,6,6,6,6,6,0,0,0,0,0,0,0,0,True,P
3391_4c6e549a.jpg,Test,0,0,0,0,0,0,0,0,0,0,10,10,0,6,0,0,0,10,10,10,10,6,0,0,0,10,10,10,10,6,0,0,0,10,10,10,10,6,0,0,0,10,10,10,10,6,0,0,0,0,10,10,10,6,0,0,0,0,0,0,0,0,0,0,True,P
3392_16b969bc.jpg,Test,0,0,0,0,0,0,0,0,0,0,6,0,0,6,0,0,0,6,6,6,0,6,6,0,0,6,6,0,0,6,6,0,0,6,6,0,0,6,6,0,0,6,6,0,0,6,6,0,0,6,6,0,0,6,6,0,0,6,6,0,0,6,6,0,True,P
3393_93f03ae6.jpg,Test,0,0,0,0,0,0,0,0,0,6,6,0,6,0,0,0,0,6,6,6,6,0,0,0,0,6,6,6,6,0,0,0,0,6,6,6,6,0,0,0,0,6,6,6,6,0,0,0,0,6,6,6,6,0,0,0,0,6,6,6,6,0,0,0,True,P
3394_7879348c.jpg,Test,0,0,0,0,0,0,0,0,0,0,6,6,6,6,0,0,0,0,6,6,6,6,0,0,0,0,6,6,6,6,0,0,0,0,6,6,6,6,0,0,0,0,6,6,6,6,0,0,0,0,6,6,6,6,0,0,0,0,0,0,0,0,0,0,True,P
3395_e8d3549d.jpg,Test,0,10,0,0,0,0,0,0,0,10,10,0,6,6,0,0,0,10,10,0,6,6,10,10,0,10,10,0,6,6,10,10,0,10,10,0,6,6,10,10,0,10,10,0,6,6,10,10,0,10,10,0,6,6,10,10,0,10,10,0,6,6,0,0,True,P
3396_7fbb02d0.jpg,Test,0,0,0,10,0,0,0,0,0,0,0,10,6,6,6,0,6,6,0,10,10,6,6,0,6,6,0,10,10,6,6,0,6,6,0,10,10,6,6,0,6,6,0,10,10,6,6,0,6,6,0,10,10,6,6,0,0,0,0,10,9,0,0,0,True,P
3397_5581397b.jpg,Test,0,0,0,0,0,0,0,0,0,0,0,0,6,0,0,0,0,0,0,6,6,6,0,0,0,0,0,6,6,6,0,0,0,0,0,6,6,6,0,0,0,0,0,6,6,6,0,0,0,0,0,6,6,6,0,0,0,0,0,6,6,6,0,0,True,P
3398_6e6bd809.jpg,Test,0,0,0,0,0,0,0,0,0,0,0,0,0,10,0,0,0,6,6,0,0,10,0,0,0,6,6,0,0,10,0,0,0,6,6,0,10,10,10,0,0,6,6,0,10,0,10,0,0,6,6,2,10,0,10,0,0,0,0,0,0,0,0,0,True,P
3399_09552619.jpg,Test,0,0,0,0,0,0,0,0,0,0,0,0,10,0,0,0,0,10,0,10,10,0,0,0,0,10,0,10,10,0,0,0,0,10,0,10,10,0,0,0,0,10,0,10,10,0,0,0,0,0,0,10,10,0,0,0,0,0,0,0,0,0,0,0,True,P
3400_89aab647.jpg,Test,0,0,0,0,0,0,0,0,0,0,0,0,0,0,0,0,0,0,0,0,0,0,0,0,0,0,0,0,6,6,0,0,0,0,0,0,6,6,0,0,0,0,0,0,6,6,0,0,0,0,0,0,6,6,0,0,0,0,0,0,6,6,0,0,True,P
3401_1afd861a.jpg,Test,0,0,0,0,0,0,0,0,0,0,0,0,0,10,0,0,0,0,0,0,6,10,0,0,0,0,0,0,6,6,0,0,0,0,0,0,6,6,0,0,0,0,0,0,6,6,0,0,0,0,0,0,6,6,6,0,0,0,0,0,0,0,0,0,True,P
3402_8944ccab.jpg,Test,0,0,0,0,0,0,0,0,0,0,0,0,0,0,0,2,0,0,0,2,0,0,0,0,0,0,0,2,2,0,0,0,0,0,0,0,2,0,0,0,0,0,0,0,2,0,0,0,0,0,0,0,0,0,0,0,0,0,0,0,0,0,0,0,True,P
3403_a8105951.jpg,Test,0,0,0,0,0,0,0,0,0,0,0,0,0,0,0,0,0,0,0,10,0,6,6,0,0,0,0,10,0,6,6,0,0,0,0,10,0,6,6,0,0,0,0,10,0,6,6,0,0,0,0,10,0,6,6,0,0,0,0,0,0,0,0,0,True,P
3404_dffc853d.jpg,Test,0,0,0,0,0,0,0,0,0,0,0,0,0,0,0,0,0,0,0,0,0,0,0,0,0,0,0,0,0,0,0,0,0,0,0,0,0,0,0,0,0,0,0,0,0,0,0,0,0,0,0,0,0,0,0,0,0,0,0,0,0,0,0,0,True,P
3405_59539dad.jpg,Test,0,0,0,0,0,0,0,0,0,0,0,6,6,6,6,0,0,10,0,6,6,6,6,0,0,10,0,6,6,6,6,0,10,10,0,0,6,6,6,0,10,10,0,0,6,6,6,0,0,0,0,0,6,6,6,0,0,0,0,0,0,0,0,0,True,P
3406_76630902.jpg,Test,0,0,0,0,0,0,0,0,0,0,0,0,6,0,0,0,6,10,6,10,6,6,0,0,6,10,6,10,6,6,0,6,6,10,6,10,6,6,0,6,6,10,6,10,6,6,0,0,6,10,6,0,6,0,0,0,0,0,0,0,0,0,0,0,True,P
3407_de49bd98.jpg,Test,0,0,0,0,0,0,0,0,0,0,0,0,0,0,0,0,0,0,0,0,6,6,0,0,10,10,0,0,6,6,0,0,10,10,0,6,6,0,0,0,10,10,6,6,6,0,0,0,0,0,0,0,0,0,0,0,0,0,0,0,0,0,0,0,True,P
3408_b378acea.jpg,Test,0,0,0,0,0,0,0,0,0,0,0,0,0,0,0,0,0,0,0,0,0,0,0,0,0,0,0,0,0,0,0,0,0,0,0,0,0,0,0,0,0,0,0,0,0,0,0,0,0,0,0,0,0,0,0,0,0,0,0,0,0,0,0,0,True,P
3409_de961361.jpg,Test,0,0,0,0,0,0,0,0,0,0,0,0,0,0,0,0,0,0,0,6,6,0,0,0,0,0,0,6,6,0,0,0,0,0,0,6,6,0,0,0,0,0,0,6,6,0,0,0,0,0,0,6,0,0,0,0,0,0,0,0,0,0,0,0,True,P
3410_2e015e99.jpg,Test,0,0,0,0,0,0,0,0,0,0,0,0,0,0,0,0,0,0,0,0,0,0,0,0,0,0,0,0,0,0,0,0,0,0,0,0,0,0,0,0,0,0,0,0,0,0,0,0,0,0,0,0,0,0,0,0,0,0,0,0,0,0,0,0,True,P
3411_4f8b5bc6.jpg,Test,0,0,0,0,0,0,0,0,0,0,0,6,6,6,0,0,0,0,6,6,6,6,0,0,0,0,6,6,6,6,0,0,0,0,6,6,6,6,0,0,0,0,0,6,6,6,0,0,0,0,0,6,6,6,0,0,0,0,0,6,6,6,0,0,True,P
3412_c12c9ee3.jpg,Test,0,0,0,0,0,0,0,0,0,0,0,0,6,0,0,0,0,0,0,0,6,6,0,0,0,0,0,0,6,6,0,0,0,0,0,0,6,6,0,0,0,0,0,0,6,6,0,0,0,0,0,0,6,6,0,0,0,0,0,0,0,0,0,0,True,P
3413_a90c2e95.jpg,Test,0,0,0,0,0,0,0,0,6,6,6,6,6,6,2,2,6,6,6,6,6,6,0,2,6,6,6,6,6,6,0,2,6,6,6,6,6,6,2,2,6,6,6,6,6,6,0,2,6,6,6,6,6,6,0,2,0,0,0,0,0,0,0,0,True,P
3414_a5b83d31.jpg,Test,0,0,0,0,0,0,0,0,6,10,6,6,6,6,0,0,10,10,6,6,6,6,6,0,10,10,6,6,6,6,6,0,10,10,6,6,6,6,0,0,0,0,6,6,6,6,0,0,0,0,6,6,6,6,0,0,0,0,0,0,0,0,0,0,True,P
3415_597621e6.jpg,Test,0,0,0,0,0,0,0,0,0,0,0,0,0,0,0,0,0,0,0,0,0,0,0,0,0,0,0,0,0,0,0,0,0,0,0,0,0,0,0,0,0,0,0,0,0,0,0,0,0,0,0,0,0,0,0,0,0,0,0,0,0,0,0,0,True,P
3416_2be6fb46.jpg,Test,0,0,0,0,0,0,0,0,0,0,0,0,0,0,0,0,0,0,0,6,6,6,0,0,0,0,0,6,0,6,0,0,0,0,0,0,6,0,0,0,0,0,0,0,6,0,0,0,0,0,0,0,6,0,0,0,0,0,0,0,0,0,0,0,True,P
3417_8c8ee709.jpg,Test,0,0,0,0,0,0,0,0,0,0,0,6,0,0,0,0,0,0,0,6,6,0,0,0,0,0,0,6,6,0,0,0,0,0,0,6,6,0,0,0,0,0,0,6,0,0,0,0,0,0,0,6,0,0,0,0,0,0,0,0,0,0,0,0,True,P
3418_777afa0b.jpg,Test,0,0,0,0,0,0,0,0,0,0,0,0,0,0,0,0,0,0,0,0,0,0,0,0,0,0,0,0,0,0,0,0,0,0,0,0,0,0,0,0,0,0,0,0,0,0,0,0,0,0,0,0,0,0,0,0,0,0,0,0,0,0,0,0,True,P
3419_4fc50e38.jpg,Test,0,0,0,0,0,0,0,0,0,0,0,0,0,0,0,0,0,0,0,6,6,0,0,0,0,0,0,6,6,0,0,0,0,0,0,0,6,0,0,0,0,0,0,0,6,6,0,0,0,0,0,0,6,6,0,0,0,0,0,0,6,6,0,0,True,P
3420_9f03a3e7.jpg,Test,0,0,0,0,0,0,0,0,0,0,6,0,0,0,6,0,0,0,6,0,0,0,6,0,0,6,6,0,0,0,6,0,0,6,6,0,0,0,6,0,0,6,6,0,0,0,6,0,0,6,6,0,0,0,6,0,0,0,0,0,0,0,0,0,True,P
3421_f32f5ddd.jpg,Test,0,0,0,0,0,0,0,0,0,0,0,0,0,0,0,0,0,0,0,0,0,0,0,6,0,0,0,0,0,0,6,6,0,0,10,10,0,0,0,6,0,0,10,10,0,0,0,6,0,0,10,0,10,0,0,6,0,0,0,0,0,0,0,0,True,P
3422_8e2c1e0e.jpg,Test,0,0,0,0,0,0,0,0,0,0,6,6,6,0,0,0,0,0,6,6,6,0,10,0,0,0,6,6,6,10,10,0,0,0,6,6,6,10,10,0,0,0,6,6,6,6,10,0,0,0,6,6,6,6,10,0,0,0,6,6,0,0,0,0,True,P
3423_b3c8712e.jpg,Test,0,0,0,0,0,0,0,0,0,0,0,6,6,0,0,0,6,6,0,6,6,6,0,0,6,6,6,6,6,6,0,0,6,6,6,6,6,6,0,0,6,6,6,6,6,6,0,0,6,6,6,6,6,6,0,0,6,6,6,6,6,6,0,0,True,P
3424_04f6fce2.jpg,Test,0,0,0,0,0,0,0,0,0,0,6,6,0,0,0,0,0,0,6,6,0,0,0,0,0,0,6,6,0,0,0,0,0,0,0,6,0,0,0,0,0,0,0,6,0,0,0,0,0,0,0,6,0,0,0,0,0,0,0,0,0,0,0,0,True,P
3425_441fc901.jpg,Test,0,0,0,0,0,0,0,0,0,0,0,6,0,0,0,0,0,0,0,6,6,0,0,0,0,0,0,6,6,0,6,0,0,0,0,6,6,0,6,6,0,0,0,6,6,0,6,6,0,0,0,6,6,0,6,6,0,0,0,6,6,0,0,0,True,P
3426_e1476539.jpg,Test,0,0,0,0,0,0,0,0,0,0,0,0,0,0,0,0,0,0,0,10,0,0,0,0,0,0,10,10,0,0,0,0,0,0,10,10,0,0,0,0,0,0,0,10,0,0,0,0,0,0,0,10,0,0,0,0,0,0,0,10,0,0,0,0,True,P
3427_33b888c0.jpg,Test,0,0,0,0,0,0,0,0,0,0,0,0,0,0,0,0,0,0,0,0,0,0,0,0,0,0,0,0,0,0,0,0,0,0,0,0,0,0,0,0,0,0,0,0,0,0,0,0,0,0,0,0,0,0,0,0,0,0,0,0,0,0,0,0,True,P
3428_4a5e0dd7.jpg,Test,0,0,0,0,0,0,0,0,0,0,0,0,0,0,0,0,0,0,0,9,0,0,0,0,0,0,0,9,0,0,0,0,0,0,0,9,9,0,0,0,0,0,0,9,9,0,0,0,0,0,0,9,9,0,0,0,0,0,0,9,0,0,0,0,True,P
3429_af507a08.jpg,Test,0,0,0,0,0,0,0,0,0,0,0,0,0,0,0,0,0,0,0,6,6,6,0,0,0,0,6,6,6,6,0,0,0,0,6,6,6,6,0,0,0,0,0,6,6,6,0,0,0,0,0,6,6,6,0,0,0,0,0,6,6,6,0,0,True,P
3430_08bfe97c.jpg,Test,0,0,0,0,0,0,0,0,0,0,0,0,0,0,0,0,0,10,10,6,10,6,0,6,0,10,10,6,10,6,0,6,0,10,10,6,10,6,0,6,0,10,10,6,10,6,0,6,0,10,10,6,10,6,0,6,0,0,0,0,0,0,0,0,True,P
3431_dbdf797e.jpg,Test,0,0,0,0,0,0,0,0,0,0,0,0,10,0,0,0,0,0,0,10,10,0,0,0,0,0,0,10,10,0,0,0,0,0,0,10,10,0,0,0,0,0,0,10,10,0,0,0,0,0,0,10,10,0,0,0,0,0,0,10,10,0,0,0,True,P
3432_7f1a8100.jpg,Test,0,0,0,0,0,0,0,0,0,0,0,0,0,0,0,0,0,10,10,10,10,0,10,10,0,10,10,10,10,10,10,10,0,10,10,10,10,0,10,10,0,10,10,10,10,0,10,10,0,10,10,10,10,0,10,10,0,0,0,0,0,0,0,0,True,P
3433_de6a973c.jpg,Test,0,0,0,0,0,0,0,0,0,0,6,0,6,0,0,0,0,6,6,0,6,6,0,0,0,6,6,0,6,6,0,0,0,6,6,0,6,6,0,0,0,6,6,0,6,6,0,0,0,6,6,0,6,0,0,0,0,0,0,0,0,0,0,0,True,P
3434_a9465003.jpg,Test,0,0,0,0,0,0,0,0,0,0,0,0,0,0,0,0,0,0,0,6,6,0,6,6,0,6,6,6,6,6,6,6,0,6,6,6,6,6,6,6,0,6,6,6,6,6,6,6,0,6,6,6,6,6,6,6,0,6,6,6,6,6,6,6,True,P
3435_d28e3500.jpg,Test,0,0,0,0,0,0,0,0,0,0,0,6,6,0,0,0,0,0,0,6,6,0,0,0,0,0,0,0,6,0,0,0,0,0,0,0,6,0,0,0,0,0,0,0,6,0,0,0,0,0,0,0,6,0,0,0,0,0,0,0,0,0,0,0,True,P
3436_a90cdfef.jpg,Test,0,0,0,0,0,0,0,0,0,0,10,10,0,0,6,6,0,0,10,10,0,0,6,6,0,0,10,10,0,0,6,6,0,0,10,10,0,0,6,6,0,0,10,10,0,0,6,6,0,0,0,10,0,0,6,6,0,0,0,0,0,0,0,0,True,P
3437_b8facedd.jpg,Test,0,0,0,0,0,0,0,0,0,0,0,0,10,10,0,0,0,0,0,0,10,10,0,0,6,6,0,0,10,10,0,0,6,6,0,10,10,0,0,0,6,6,0,10,10,0,0,0,6,6,0,10,10,0,0,0,0,0,0,0,0,0,0,0,True,P
3438_4ac6a7df.jpg,Test,0,0,0,0,0,0,0,0,0,0,0,0,0,0,0,0,0,0,0,0,0,0,0,0,0,0,0,0,0,0,0,0,0,0,0,0,0,0,0,0,0,0,0,0,0,0,0,0,0,0,0,0,0,0,0,0,0,0,0,0,0,0,0,0,True,P
3439_21e315ac.jpg,Test,0,0,0,0,0,0,0,0,0,0,0,0,0,10,0,0,0,0,0,0,0,0,10,0,0,0,0,0,0,10,10,0,0,0,0,0,0,0,10,0,0,0,0,0,0,0,10,0,0,0,0,0,0,10,10,0,0,0,0,0,0,10,10,0,True,P
3440_e77ea11b.jpg,Test,0,0,0,0,0,0,0,0,0,0,0,10,10,10,0,0,0,6,6,10,10,10,0,0,0,6,6,10,10,10,0,0,0,6,6,10,10,10,0,0,0,6,6,10,10,10,0,0,0,6,6,10,10,10,0,0,0,6,6,10,10,10,0,0,True,P
3441_fe04124c.jpg,Test,0,0,0,0,0,0,0,0,0,0,0,0,0,6,0,0,0,0,0,0,6,6,0,0,0,0,0,0,6,6,0,0,0,0,0,0,6,6,0,0,0,0,0,0,6,6,0,0,0,0,0,0,6,6,0,0,0,0,0,0,0,6,0,0,True,P
3442_5a76ac5a.jpg,Test,0,0,0,0,0,0,0,0,0,0,0,0,0,0,0,0,0,0,0,0,0,0,0,0,0,0,0,0,0,0,0,0,0,0,0,0,0,0,0,0,0,0,0,0,0,0,0,0,0,0,0,0,0,0,0,0,0,0,0,0,0,0,0,0,True,P
3443_a2366529.jpg,Test,0,0,0,0,0,0,0,0,0,0,0,0,0,0,0,0,0,0,0,6,6,0,0,0,0,0,0,6,6,0,0,0,0,0,0,6,6,0,0,0,0,0,0,6,6,0,0,0,0,0,0,6,6,0,0,0,0,0,0,6,6,0,0,0,True,P
3444_b7e89b28.jpg,Test,0,0,0,0,0,0,0,0,0,0,0,0,6,6,6,0,0,0,0,0,6,6,6,0,0,0,0,6,6,6,6,0,0,0,0,6,6,6,6,0,0,0,0,6,6,6,6,0,0,0,0,0,6,6,6,0,0,0,0,0,0,0,0,0,True,P
3445_40d77f65.jpg,Test,0,6,6,6,6,0,0,0,0,6,6,6,6,6,6,0,0,6,6,6,6,6,6,0,0,6,6,6,6,6,6,0,0,6,6,6,6,6,6,0,0,6,6,6,6,6,6,0,0,6,6,6,6,6,6,0,0,6,6,6,6,0,0,0,True,P
3446_be5c477a.jpg,Test,0,0,0,0,0,0,0,0,0,0,0,6,6,6,0,0,0,0,0,6,6,6,0,0,0,0,10,6,6,6,0,0,0,0,10,6,6,6,0,0,0,0,10,6,6,6,0,0,0,0,10,6,6,6,0,0,0,0,6,6,6,6,0,0,True,P
3447_556db5c5.jpg,Test,0,0,0,0,0,0,0,0,0,0,0,0,0,0,0,0,0,0,0,0,0,0,0,0,0,0,0,0,0,0,0,0,0,0,0,0,0,0,0,0,0,0,0,0,0,0,0,0,0,0,0,0,0,0,0,0,0,0,0,0,0,0,0,0,True,P
3448_72fcf70e.jpg,Test,0,0,0,0,0,0,0,0,0,0,0,6,6,6,0,0,0,0,0,6,6,6,0,0,0,0,0,6,6,6,0,0,0,0,0,6,6,6,0,0,0,0,0,6,6,6,0,0,0,0,0,6,6,6,0,0,0,0,0,6,6,0,0,0,True,P
3449_24d78cbf.jpg,Test,0,0,0,0,0,0,0,0,0,0,10,10,0,0,0,0,0,0,10,10,6,6,0,0,0,0,10,10,6,6,0,0,0,0,10,10,6,6,0,0,0,0,10,10,6,6,0,0,0,0,10,10,6,6,0,0,0,0,0,0,6,0,0,0,True,P
3450_80b1dc0c.jpg,Test,0,0,0,0,0,6,6,0,6,6,6,6,6,6,6,6,6,6,6,6,6,6,6,6,6,6,6,6,6,6,6,6,6,6,6,6,6,6,6,6,6,6,6,6,6,6,6,6,6,6,6,6,6,6,6,6,6,6,6,6,6,6,6,6,True,P
3451_769b7809.jpg,Test,0,0,0,0,0,0,0,0,0,0,10,0,6,6,6,0,0,0,10,10,6,6,6,0,0,0,10,10,6,6,6,0,0,10,10,10,6,6,6,0,0,10,10,10,6,6,6,0,0,10,10,10,6,6,6,0,0,10,10,0,0,6,6,0,True,P
3452_173c163b.jpg,Test,0,0,0,6,6,0,0,0,0,0,6,6,6,0,0,0,0,0,6,6,6,0,0,0,0,0,6,6,6,0,0,0,0,0,6,6,6,0,0,0,0,0,6,6,6,0,0,0,0,0,6,6,6,0,0,0,0,0,6,6,6,0,0,0,True,P
3453_bc6fe238.jpg,Test,0,0,0,0,0,0,0,0,0,0,6,6,6,6,0,0,0,0,6,6,6,6,0,0,0,0,6,6,6,6,0,0,0,0,6,6,6,6,0,0,0,0,6,6,6,6,0,0,0,0,6,6,6,6,0,0,0,0,6,6,6,6,0,0,True,P
3454_ac460eef.jpg,Test,0,0,0,0,0,0,0,0,6,6,6,6,6,6,0,0,6,6,6,6,6,6,6,0,6,6,6,6,6,6,6,6,6,6,6,6,6,6,6,6,6,6,6,6,6,6,6,6,6,6,6,6,6,6,6,6,6,6,6,6,6,6,6,6,True,P
3455_bec511a6.jpg,Test,0,0,0,0,0,0,0,0,0,0,0,0,0,0,0,0,0,0,0,0,0,0,0,0,0,0,0,0,0,0,0,0,0,0,0,0,0,0,0,0,0,0,0,0,0,0,0,0,0,0,0,0,0,0,0,0,0,0,0,0,0,0,0,0,True,P
3456_df047379.jpg,Test,0,0,0,0,0,0,0,0,0,0,6,0,0,0,0,0,0,6,6,6,6,6,6,6,0,6,6,6,6,6,6,6,0,6,6,6,6,6,6,6,0,6,6,6,6,6,6,6,0,6,6,6,6,0,6,6,0,0,0,0,0,0,0,0,True,P
3457_a8ee5432.jpg,Test,0,0,0,6,6,0,0,0,0,0,0,6,6,0,0,0,0,0,0,6,6,0,0,0,0,0,0,6,6,0,0,0,0,0,0,6,6,0,0,0,0,0,0,6,6,0,0,0,0,0,0,6,6,0,0,0,0,0,0,6,6,0,0,0,True,P
3458_09f591e3.jpg,Test,0,0,0,0,6,6,0,0,0,0,0,0,6,6,0,0,0,0,0,0,6,6,0,0,0,0,6,6,6,6,0,0,0,0,6,6,6,6,0,0,0,0,6,6,6,6,0,0,0,0,6,6,6,6,0,0,0,0,0,0,6,6,0,0,True,P
3459_e564192d.jpg,Test,0,0,0,0,0,0,0,0,0,0,6,6,6,0,0,0,0,0,6,6,6,0,0,0,0,0,6,6,6,0,0,0,0,0,6,6,6,0,0,0,0,0,6,6,6,0,0,0,0,0,6,6,6,0,0,0,0,0,6,6,6,0,0,0,True,P
3460_e08fd4eb.jpg,Test,0,0,0,0,0,0,0,0,0,0,0,0,0,0,0,0,0,0,0,0,0,0,0,0,0,0,0,0,0,0,0,0,0,0,0,0,0,0,0,0,0,0,0,0,0,0,0,0,0,0,0,0,0,0,0,0,0,0,0,0,0,0,0,0,True,P
3461_4fea36cb.jpg,Test,0,0,6,6,6,6,0,0,0,0,6,6,6,6,0,0,0,0,6,6,6,6,0,0,0,0,6,6,6,6,0,0,0,0,6,6,6,6,0,0,0,0,6,6,6,6,0,0,0,0,6,6,6,6,0,0,0,0,0,0,0,0,0,0,True,P
3462_e07fd1c2.jpg,Test,0,0,0,0,0,0,0,0,0,0,0,0,0,0,0,0,0,6,6,6,0,0,0,0,0,6,6,6,0,0,0,0,0,6,6,6,0,0,0,0,0,6,6,6,0,0,0,0,0,6,6,6,0,0,0,0,0,6,6,6,0,0,0,0,True,P
3463_d928db59.jpg,Test,0,0,0,0,0,0,0,0,0,0,0,6,6,0,0,0,0,0,0,6,6,0,0,0,0,0,0,6,6,0,0,0,0,0,0,6,6,0,0,0,0,0,0,6,6,0,0,0,0,0,0,6,6,0,0,0,0,0,0,0,0,0,0,0,True,P
3465_5100643a.jpg,Test,0,0,0,0,0,0,0,0,0,0,0,0,0,0,0,0,0,0,10,10,0,10,0,0,0,0,10,10,0,10,0,0,0,0,10,10,0,10,0,0,0,0,10,10,0,10,0,0,0,0,10,10,0,10,0,0,0,0,0,0,0,0,0,0,True,P
3466_88cdac7b.jpg,Test,0,0,0,0,0,0,0,0,0,0,6,6,0,0,0,0,6,0,6,6,6,10,10,10,6,0,6,6,6,10,10,10,6,0,6,6,6,10,10,10,6,0,6,6,0,10,10,10,6,0,6,6,0,0,0,0,0,0,0,0,0,0,0,0,True,P
3467_d4d0ffd3.jpg,Test,0,0,0,0,0,0,0,0,0,0,0,0,0,0,0,0,0,0,0,0,0,0,0,0,0,0,0,0,0,0,0,0,0,0,0,0,0,0,0,0,0,0,0,0,0,0,0,0,0,0,0,0,0,0,0,0,0,0,0,0,0,0,0,0,True,P
3468_663a4ae3.jpg,Test,0,0,0,0,0,0,0,0,0,6,6,6,6,6,6,6,0,6,6,6,6,6,6,6,0,6,6,6,6,6,6,6,0,6,6,6,6,6,6,6,0,6,6,6,6,6,6,6,0,6,6,6,6,6,6,6,0,0,0,0,0,0,0,0,True,P
3469_babe0ef8.jpg,Test,0,0,0,0,0,0,0,0,0,0,0,0,0,0,0,0,0,0,0,0,0,0,0,0,0,0,0,0,0,0,0,0,0,0,0,0,0,0,0,0,0,0,0,0,0,0,0,0,0,0,0,0,0,0,0,0,0,0,0,0,0,0,0,0,True,P
3470_938b70fb.jpg,Test,0,0,0,0,0,0,0,0,0,0,0,0,0,0,0,0,0,0,0,0,0,0,0,0,0,0,0,0,0,0,0,0,0,0,0,0,0,0,0,0,0,0,0,0,0,0,0,0,0,0,0,0,0,0,0,0,0,0,0,0,0,0,0,0,True,P
3471_ba310548.jpg,Test,0,0,0,0,0,0,0,0,0,0,0,0,0,0,0,0,0,0,0,0,6,0,0,0,0,0,0,6,6,0,0,0,0,0,0,6,6,0,0,0,0,0,0,6,6,0,0,0,0,0,0,6,6,0,0,0,0,0,0,6,6,0,0,0,True,P
3472_d52dfd2f.jpg,Test,0,0,0,0,0,0,0,0,0,0,0,0,6,10,0,0,0,0,0,6,6,10,0,0,0,0,0,6,6,10,0,0,0,0,0,0,6,10,0,0,0,0,0,6,6,10,0,0,0,0,0,6,6,10,0,0,0,0,0,0,0,0,0,0,True,P
3473_d8c81b7c.jpg,Test,0,0,0,0,0,0,0,0,0,0,0,0,0,0,0,0,0,10,10,10,10,10,10,10,0,10,10,10,10,10,10,10,0,10,10,10,10,10,10,10,0,10,10,10,10,10,10,10,0,10,10,10,10,10,10,10,0,10,10,10,10,10,10,10,True,P
3474_745f3b35.jpg,Test,0,0,0,0,0,0,0,0,0,6,6,6,6,0,6,6,0,6,6,6,6,0,6,6,0,6,6,6,6,0,6,6,0,6,6,6,6,0,6,6,0,6,6,6,6,0,6,6,0,6,6,0,0,0,0,0,0,6,6,0,0,0,0,0,True,P
3475_b3a72650.jpg,Test,0,0,0,0,0,0,0,0,0,0,0,0,0,0,0,0,0,0,6,6,0,6,6,0,0,6,6,6,0,6,6,0,0,6,6,6,0,6,6,0,0,0,6,6,0,6,6,0,0,6,6,6,0,6,6,0,0,6,6,6,0,6,6,0,True,P
3476_74d4e4bb.jpg,Test,0,0,0,0,0,0,0,0,0,0,0,0,0,0,0,0,0,0,0,0,0,0,0,0,0,0,0,0,0,0,0,0,0,0,0,0,0,0,0,0,0,0,0,0,0,0,0,0,0,0,0,0,0,0,0,0,0,0,0,0,0,0,0,0,True,P
3477_94832af7.jpg,Test,0,0,0,0,0,0,0,0,0,0,0,0,0,0,0,0,10,0,6,0,10,6,6,6,10,0,6,6,10,6,6,6,10,0,6,6,10,6,6,6,10,0,6,6,0,6,0,0,10,0,6,6,0,0,0,0,0,0,0,0,0,0,0,0,True,P
3478_511d239a.jpg,Test,0,0,0,0,0,0,0,0,0,6,0,6,6,6,6,0,0,6,0,6,6,6,6,0,0,6,0,6,6,6,6,0,0,6,0,6,6,6,6,0,0,6,0,6,6,6,6,0,0,6,0,6,6,6,6,0,0,0,0,0,0,0,0,0,True,P
3479_4f7a6976.jpg,Test,0,0,0,0,0,0,0,0,0,0,0,0,6,0,0,0,6,0,0,6,6,6,0,0,6,0,0,6,6,6,0,0,6,0,0,6,6,6,0,0,6,0,0,6,6,6,0,0,6,0,0,6,6,6,0,0,0,0,0,0,0,0,0,0,True,P
3480_97cbf15a.jpg,Test,0,0,10,10,0,0,0,0,0,0,10,10,6,6,0,0,0,10,10,10,6,6,0,0,0,10,10,10,6,6,6,0,0,10,10,10,6,6,6,0,0,10,10,10,6,6,6,0,0,10,10,10,6,6,6,0,0,10,10,10,6,6,6,0,True,P
3481_295c5855.jpg,Test,0,0,0,0,0,0,0,0,0,0,0,0,0,0,0,0,0,6,6,0,6,6,0,0,0,6,6,6,6,6,6,0,0,6,0,6,6,6,6,0,0,6,6,0,6,6,0,0,0,6,6,0,6,6,0,0,0,6,6,0,6,6,0,0,True,P
3482_429e6c9e.jpg,Test,0,0,0,0,0,0,0,0,0,0,0,0,0,0,0,0,0,0,0,10,10,0,0,0,0,0,0,10,10,0,0,0,0,0,0,10,10,0,0,0,0,0,0,10,10,0,0,0,0,0,0,10,10,0,0,0,0,0,0,0,0,0,0,0,True,P
3483_88adef29.jpg,Test,0,0,0,0,0,0,0,0,0,0,0,0,0,0,0,0,0,0,0,0,6,6,0,0,0,0,0,0,6,6,6,0,0,0,0,0,0,6,6,0,0,0,0,0,0,6,6,0,0,0,0,0,0,6,6,0,0,0,0,0,6,6,0,0,True,P
3484_403d1cdf.jpg,Test,0,0,0,0,0,0,0,0,0,0,0,0,0,0,0,0,0,0,0,0,0,0,0,0,0,0,0,0,0,0,0,0,0,0,0,0,0,0,0,0,0,0,0,0,0,0,0,0,0,0,0,0,0,0,0,0,0,0,0,0,0,0,0,0,True,P
3485_3fc9c270.jpg,Test,0,0,0,0,0,0,0,0,0,0,10,10,10,10,0,0,0,10,10,10,10,0,0,0,0,10,10,10,10,10,10,0,0,10,10,10,10,10,10,0,0,10,10,10,10,10,10,0,0,10,10,10,10,10,10,0,0,0,0,0,0,0,0,0,True,P
3486_b2a62f5b.jpg,Test,0,0,0,0,0,0,0,0,0,0,6,0,0,0,0,0,0,6,6,6,6,0,0,0,0,0,6,6,6,0,0,0,0,0,6,6,6,0,0,0,0,0,6,6,6,0,0,0,0,0,6,6,6,0,0,0,0,0,0,0,0,0,0,0,True,P
3487_79350980.jpg,Test,0,0,0,0,0,0,0,0,0,0,6,6,0,6,6,0,0,0,6,6,0,6,6,0,0,0,6,6,0,6,6,0,0,0,6,6,0,6,6,0,0,0,6,6,0,6,6,0,0,0,6,6,0,6,6,0,0,0,0,0,0,0,0,0,True,P
3488_bedf477b.jpg,Test,0,0,0,0,0,0,0,0,0,0,0,0,0,0,0,0,0,0,0,10,10,6,0,0,0,0,0,10,10,6,0,0,0,0,0,10,10,6,0,0,0,0,0,10,10,6,0,0,0,0,0,10,10,6,0,0,0,0,0,10,10,6,0,0,True,P
3489_f3cb8d45.jpg,Test,0,0,0,0,10,0,0,0,10,0,0,10,10,10,10,10,10,10,10,10,10,10,10,10,10,10,10,10,10,10,10,10,10,10,10,10,10,10,10,10,10,10,10,10,10,10,10,10,10,10,10,10,10,10,0,10,0,0,0,0,0,0,0,0,True,P
3490_27029ac1.jpg,Test,0,0,0,0,0,0,0,0,0,6,0,0,0,10,0,0,0,6,6,0,0,10,0,0,6,6,6,0,10,10,10,0,6,6,6,0,10,10,10,0,0,6,6,0,10,10,10,0,0,6,6,0,10,10,10,0,0,6,6,0,10,10,10,0,True,P
3491_3b54c25b.jpg,Test,0,0,0,0,0,0,0,0,0,0,0,0,0,0,0,0,0,0,0,0,0,0,0,0,0,0,0,0,0,0,0,0,0,0,0,0,0,0,0,0,0,0,0,0,0,0,0,0,0,0,0,0,0,0,0,0,0,0,0,0,0,0,0,0,True,P
3492_500ee36e.jpg,Test,0,0,0,0,0,0,0,0,0,0,0,6,6,0,0,0,0,0,0,6,6,0,0,0,0,0,0,6,6,0,0,0,0,0,0,6,6,0,0,0,0,0,0,6,6,0,0,0,0,0,0,6,6,0,0,0,0,0,0,6,0,0,0,0,True,P
3493_22e93b96.jpg,Test,0,0,0,0,0,0,0,0,0,0,0,0,0,0,0,0,0,0,0,0,0,0,0,0,0,0,0,0,0,0,0,0,0,0,0,0,0,0,0,0,0,0,0,0,0,0,0,0,0,0,0,0,0,0,0,0,0,0,0,0,0,0,0,0,True,P
3494_4fae75e0.jpg,Test,0,0,0,0,0,0,0,0,0,0,0,0,0,0,0,0,0,0,10,10,0,0,0,0,0,0,10,10,0,6,6,0,0,0,10,10,0,6,6,6,0,0,10,10,10,6,6,6,0,0,10,10,10,6,6,6,0,0,10,10,0,6,6,6,True,P
3495_f62f3575.jpg,Test,0,0,0,0,0,0,0,0,0,0,0,0,0,0,0,0,0,0,0,6,6,0,0,0,0,0,0,6,6,0,6,0,0,0,0,6,6,0,6,0,0,0,0,6,6,0,6,0,0,0,0,6,6,0,6,0,0,0,0,0,0,0,0,0,True,P
3496_98676136.jpg,Test,0,0,0,0,0,0,0,0,0,0,0,0,0,0,0,0,0,0,0,6,6,10,0,0,0,0,0,6,6,10,0,0,0,0,0,6,6,10,0,0,0,0,0,6,6,10,0,0,0,0,0,6,6,10,0,0,0,0,0,0,0,0,0,0,True,P
3497_34c04785.jpg,Test,0,0,0,0,0,0,0,0,0,0,0,0,6,0,0,0,0,0,0,0,6,6,0,0,0,0,0,0,6,6,0,0,0,0,0,0,6,6,0,0,0,0,0,0,6,6,0,0,0,0,0,0,6,6,0,0,0,0,0,0,0,0,0,0,True,P
3498_2ec9fdd6.jpg,Test,0,0,0,0,0,0,0,0,0,0,0,0,10,10,10,0,0,0,0,0,10,10,10,0,6,6,0,0,10,10,10,0,6,6,0,0,10,10,0,0,6,6,0,0,10,10,0,0,6,6,0,0,0,10,10,0,0,0,0,0,0,0,0,0,True,P
3499_e163d932.jpg,Test,0,0,0,0,0,0,0,0,0,0,0,0,0,0,0,0,0,0,0,0,0,0,0,0,0,0,0,0,0,0,0,0,0,0,0,10,10,0,0,0,0,0,0,10,10,10,0,0,0,0,0,0,0,0,0,0,0,0,0,0,0,0,0,0,True,P
3500_fa63f5a3.jpg,Test,0,0,0,0,0,0,0,0,0,0,0,0,0,0,0,0,0,0,0,0,0,0,0,0,0,0,0,0,0,0,0,0,0,0,0,0,0,0,0,0,0,0,0,0,0,0,0,0,0,0,0,0,0,0,0,0,0,0,0,0,0,0,0,0,True,P
3501_0660d205.jpg,Test,0,0,0,0,0,0,0,0,0,0,0,0,0,0,0,0,0,0,0,6,6,6,0,0,0,0,6,6,6,6,0,0,0,0,6,6,6,6,0,0,0,0,6,6,6,6,0,0,0,0,6,6,6,6,0,0,0,0,6,6,6,6,0,0,True,P
3502_aaa05976.jpg,Test,0,0,0,0,0,0,0,0,0,0,0,0,0,0,0,0,0,0,6,6,0,10,10,0,0,0,6,6,0,10,10,0,0,0,6,6,0,10,10,0,0,0,6,6,0,10,10,0,0,0,6,6,0,10,10,0,0,0,0,0,0,0,0,0,True,P
3503_18328ede.jpg,Test,0,0,0,0,0,0,0,0,0,0,0,0,0,0,0,0,0,0,0,0,0,0,0,0,0,0,0,0,0,0,0,0,0,0,0,0,0,0,0,0,0,0,0,0,0,0,0,0,0,0,0,0,0,0,0,0,0,0,0,0,0,0,0,0,True,P
3504_81df2722.jpg,Test,0,0,0,0,0,0,0,0,0,0,0,6,6,0,0,0,0,0,0,6,6,0,0,0,0,0,0,6,6,0,0,0,0,0,0,6,6,0,0,0,0,0,0,6,6,0,0,0,0,0,0,6,6,0,0,0,0,0,0,0,0,0,0,0,True,P
3505_13fb7d07.jpg,Test,0,0,0,0,0,0,0,0,0,0,0,0,0,0,0,0,0,0,0,0,0,0,0,0,0,0,0,6,6,0,0,0,0,0,0,6,6,0,0,0,0,0,0,6,6,6,0,0,0,0,0,6,6,6,0,0,0,0,0,6,6,6,0,0,True,P
3506_ce8c5ee8.jpg,Test,0,0,0,0,0,0,0,0,0,0,0,0,0,0,0,0,0,0,0,0,0,0,0,0,0,0,0,0,10,0,0,0,0,0,10,10,10,0,0,0,0,0,0,0,0,0,0,0,0,0,0,0,0,0,0,0,0,0,0,0,0,0,0,0,True,P
3507_5db53e5e.jpg,Test,0,0,0,0,0,0,0,0,0,6,6,0,6,6,0,0,6,6,6,0,6,6,0,0,6,6,6,0,6,6,0,0,6,6,6,0,6,6,0,0,6,6,6,0,6,6,0,0,6,6,6,0,6,6,0,0,0,0,0,0,0,0,0,0,True,P
3508_795ff7ba.jpg,Test,0,0,0,0,0,0,0,0,0,0,0,0,0,0,0,0,0,0,0,0,0,0,0,0,0,0,0,0,0,0,0,0,0,0,0,0,0,0,0,0,0,0,0,0,0,0,0,0,0,0,0,0,0,0,0,0,0,0,0,0,0,0,0,0,True,P
3509_0ec59658.jpg,Test,0,0,0,0,0,0,0,0,0,0,0,0,0,0,0,0,0,0,0,0,0,0,0,0,0,0,0,0,0,0,0,0,0,0,0,0,0,0,0,0,0,0,0,0,0,0,0,0,0,0,0,0,0,0,0,0,0,0,0,0,0,0,0,0,True,P
3510_c2be008b.jpg,Test,0,0,0,0,0,0,0,0,0,0,6,6,0,6,6,0,0,0,6,6,0,6,6,0,0,0,6,6,0,6,6,0,0,0,6,6,0,6,6,0,0,0,6,6,0,6,6,0,0,0,6,6,0,6,6,0,0,0,0,0,0,0,0,0,True,P
3511_56cc6674.jpg,Test,0,0,0,0,0,0,0,0,0,0,10,10,0,0,0,0,0,0,10,10,0,0,0,0,0,0,10,10,0,0,0,0,0,0,10,10,0,0,0,0,0,0,10,10,0,0,0,0,0,0,10,10,0,0,0,0,0,0,0,0,0,0,0,0,True,P
3512_e8d99f66.jpg,Test,0,0,0,0,0,0,0,0,0,0,0,0,0,0,0,0,0,0,10,10,0,0,0,0,0,0,10,10,10,10,0,0,0,0,10,10,10,10,0,0,0,0,10,10,10,10,0,0,0,0,10,10,10,10,0,0,0,0,0,0,0,0,0,0,True,P
3513_9bf44b02.jpg,Test,0,0,0,0,0,0,0,0,0,0,0,0,0,0,0,0,0,0,0,0,0,0,0,0,0,0,0,0,0,0,0,0,0,0,0,0,0,0,0,0,0,0,0,0,0,0,0,0,0,0,0,0,0,0,0,0,0,0,0,0,0,0,0,0,True,P
3514_5d3ed2a5.jpg,Test,0,0,0,0,0,0,0,0,0,0,0,0,0,0,0,0,0,0,0,0,0,0,0,0,0,0,10,10,6,0,0,0,0,0,10,10,6,0,0,0,0,0,10,10,6,0,0,0,0,0,10,10,6,0,0,0,0,0,0,0,0,0,0,0,True,P
3515_d02f0bf8.jpg,Test,0,0,0,0,0,0,0,0,0,0,0,0,6,0,0,0,0,0,0,6,6,0,0,0,0,0,0,6,6,0,0,0,0,0,0,6,6,0,0,0,0,0,0,6,6,0,0,0,0,0,0,6,6,0,0,0,0,0,0,6,6,0,0,0,True,P
3516_182367b5.jpg,Test,0,0,0,0,0,0,0,0,0,0,10,0,0,0,0,0,0,10,10,10,10,10,0,0,0,10,10,10,10,10,0,0,0,0,10,0,0,10,0,0,0,0,10,0,10,10,0,0,0,0,10,0,0,10,10,0,0,0,0,0,0,0,0,0,True,P
3517_8f0f7eae.jpg,Test,0,0,0,0,0,0,0,0,0,0,0,6,6,6,0,0,6,6,6,6,6,6,0,0,6,6,6,6,6,6,0,0,6,6,6,6,6,6,0,0,0,6,6,6,6,6,0,0,0,6,6,6,6,6,0,0,0,0,6,6,0,6,0,0,True,P
3518_c274c5df.jpg,Test,0,0,0,0,0,0,0,0,0,0,0,5,0,5,0,0,0,0,5,5,0,5,5,0,0,0,5,5,0,5,5,0,0,0,5,5,0,5,5,0,0,0,0,5,0,5,0,0,0,0,0,5,0,5,0,0,0,0,0,5,0,0,0,0,True,P
3519_10c10d9c.jpg,Test,0,0,0,0,0,0,0,0,0,0,0,0,0,0,0,0,0,8,0,5,5,0,0,0,8,8,0,5,5,0,0,0,8,8,0,5,5,0,0,0,8,8,0,5,5,0,0,0,8,8,0,5,5,0,0,0,0,0,0,0,0,0,0,0,True,P
3520_eed203ef.jpg,Test,0,0,0,0,0,0,0,0,0,0,5,0,0,0,0,0,0,0,5,5,0,0,0,0,0,0,5,5,0,0,0,0,0,0,5,5,0,0,0,0,0,0,5,5,0,0,0,0,0,0,5,5,0,0,0,0,0,0,0,0,0,0,0,0,True,P
3521_6d5932f2.jpg,Test,0,0,0,0,0,0,0,0,0,0,0,0,0,0,0,0,0,0,0,0,0,0,0,0,0,0,0,0,0,0,0,0,0,0,0,0,0,0,0,0,0,0,0,0,0,0,0,0,0,0,0,0,0,0,0,0,0,0,0,0,0,0,0,0,True,P
3522_87a2f5fa.jpg,Test,0,0,0,0,0,0,0,0,0,0,0,0,0,0,0,0,0,0,0,0,0,0,0,0,0,8,0,5,5,0,0,0,8,8,0,5,5,0,0,0,8,8,0,5,5,0,0,0,8,8,0,5,5,0,0,0,0,0,0,0,0,0,0,0,True,P
3523_7a6b8570.jpg,Test,0,0,0,0,0,0,0,0,0,0,0,0,0,0,0,0,0,5,5,5,0,0,0,0,0,5,5,5,0,0,0,0,0,5,5,5,5,5,0,0,5,5,5,5,5,5,5,5,0,5,5,5,5,0,0,0,0,5,5,5,5,5,0,0,True,P
3524_1ecee74a.jpg,Test,0,0,0,0,0,0,0,0,0,0,0,0,0,0,0,0,0,0,5,0,8,8,5,0,0,5,5,0,8,8,5,6,0,5,5,0,8,8,5,6,0,5,5,0,8,8,5,6,0,5,5,0,8,8,5,6,0,0,0,0,0,0,0,0,True,P
3525_4706ccb8.jpg,Test,0,0,0,0,0,0,0,0,0,0,0,0,0,0,0,0,0,0,5,0,0,5,0,0,0,5,5,6,5,5,0,0,0,5,5,6,5,6,0,0,0,5,5,6,5,0,0,0,0,5,5,6,5,0,0,0,0,0,0,0,0,0,0,0,True,P
3526_a4d7e728.jpg,Test,0,0,0,0,0,0,0,0,5,0,0,0,0,0,0,0,5,0,5,5,0,5,0,0,5,0,5,5,0,5,5,0,5,0,5,0,5,5,0,0,5,0,5,5,5,5,0,0,5,0,0,5,5,5,0,0,5,0,5,5,5,0,0,0,True,P
3527_e74b5f6a.jpg,Test,0,0,0,0,0,0,0,0,0,0,0,0,0,0,0,0,0,8,8,8,8,5,5,0,0,8,8,8,8,5,5,0,0,8,8,8,8,5,5,0,0,8,8,8,8,5,5,0,0,8,8,8,8,5,5,0,0,0,0,0,0,5,5,0,True,P
3528_be628123.jpg,Test,0,0,0,0,0,0,0,0,0,0,0,0,0,0,0,0,0,0,0,0,0,0,0,0,0,0,0,0,0,0,0,0,0,0,0,0,0,0,0,0,0,0,0,0,0,0,0,0,0,0,0,0,0,0,0,0,0,0,0,0,0,0,0,0,True,P
3529_51855590.jpg,Test,0,0,0,0,0,0,0,0,0,0,0,0,0,0,0,0,0,0,0,0,0,0,0,0,0,0,0,5,0,0,0,0,0,0,5,5,0,0,0,0,0,0,5,5,0,0,0,0,0,0,5,5,0,0,0,0,0,0,0,0,0,0,0,0,True,P
3530_75a0b6ad.jpg,Test,0,0,0,0,0,0,0,0,0,0,0,0,0,0,0,0,0,0,0,0,0,0,0,0,0,0,0,0,8,0,0,0,0,0,0,8,8,8,0,0,0,0,8,8,0,8,0,0,0,0,8,8,0,0,0,0,0,0,0,0,0,0,0,0,True,P
3531_445338c1.jpg,Test,0,0,0,0,0,0,0,0,0,0,0,0,0,0,0,0,0,0,0,0,0,0,0,0,0,0,0,0,0,0,0,0,0,0,0,0,0,0,0,0,0,0,0,0,0,0,0,0,0,0,0,0,0,0,0,0,0,0,0,0,0,0,0,0,True,P
3532_15a2039d.jpg,Test,0,0,0,0,0,0,0,0,0,0,8,8,0,0,0,0,0,0,8,8,0,0,0,0,0,0,8,8,0,0,0,0,0,0,8,8,0,0,0,0,0,0,8,8,0,0,0,0,0,0,8,8,0,0,0,0,0,0,0,0,0,0,0,0,True,P
3533_0d908fa6.jpg,Test,0,0,0,0,0,0,0,0,0,0,0,0,0,0,0,0,0,0,0,0,0,0,5,5,0,0,0,0,0,0,5,5,0,0,0,5,5,0,5,5,0,0,0,5,5,0,5,5,0,0,0,5,5,0,0,0,0,0,0,0,0,0,0,0,True,P
3534_db6519df.jpg,Test,0,0,0,0,0,0,0,0,0,8,8,0,0,8,0,0,0,8,8,0,0,8,8,0,0,8,8,0,0,8,8,0,0,8,8,0,0,8,8,0,0,8,8,0,8,8,8,0,0,8,8,0,0,8,8,0,0,0,0,0,0,0,0,0,True,P
3535_1ef908e1.jpg,Test,0,0,0,0,0,0,0,0,0,0,0,0,0,0,0,0,0,0,5,0,8,8,8,0,0,0,5,0,0,8,8,0,0,5,5,0,0,8,8,0,0,5,5,0,8,8,8,0,0,5,5,0,8,8,8,0,0,0,0,0,0,0,0,0,True,P
3536_a334c8ad.jpg,Test,0,0,0,0,0,0,0,0,0,0,5,8,8,0,0,0,0,5,5,8,8,0,0,0,0,5,5,8,8,8,0,0,0,5,5,8,8,8,0,0,0,5,5,8,8,0,0,0,0,5,5,8,8,0,0,0,0,5,5,8,8,0,0,0,True,P
3537_66c33808.jpg,Test,0,0,0,0,0,0,0,0,0,0,0,0,0,0,0,0,0,0,0,0,0,0,0,0,0,0,0,0,0,0,0,0,0,0,0,0,0,0,0,0,0,0,0,0,0,0,0,0,0,0,0,0,0,0,0,0,0,0,0,0,0,0,0,0,True,P
3538_c743e7b0.jpg,Test,0,0,0,0,0,0,0,0,0,0,0,0,0,0,0,0,0,0,8,0,8,8,8,8,0,0,8,0,8,8,8,8,0,0,8,0,8,8,8,8,0,0,8,8,8,8,8,8,0,0,8,8,8,0,8,8,0,0,0,0,0,0,0,0,True,P
3539_1129b89c.jpg,Test,0,0,0,0,0,0,0,0,0,0,5,5,0,0,5,0,0,5,5,5,5,0,5,0,0,5,5,5,5,0,5,0,0,5,5,5,5,0,5,0,0,5,5,5,5,0,5,0,0,5,5,5,5,0,5,5,0,0,0,0,0,0,0,0,True,P
3540_96c91734.jpg,Test,0,0,0,0,0,0,0,0,5,0,0,8,8,8,0,8,5,0,8,8,8,8,0,8,5,0,8,8,8,8,0,8,5,0,8,8,8,8,0,8,5,0,8,8,8,8,0,8,5,0,8,8,8,8,0,8,0,0,0,0,0,0,0,0,True,P
3541_ba0d38fa.jpg,Test,0,0,0,0,0,0,0,0,0,0,0,8,0,0,0,0,5,5,0,8,0,0,0,0,5,5,0,8,0,0,0,0,5,5,0,8,0,0,0,0,5,5,0,8,0,0,0,0,5,5,0,0,0,0,0,0,5,5,0,0,0,0,0,0,True,P
3542_2598e68c.jpg,Test,0,0,0,0,0,0,0,0,0,0,0,0,0,0,0,0,0,0,0,0,0,0,0,0,0,0,0,0,0,0,0,0,0,0,0,0,8,0,0,0,0,0,0,8,8,8,8,0,0,0,0,0,0,8,0,0,0,0,0,0,0,0,0,0,True,P
3543_e4db0174.jpg,Test,0,0,0,0,0,0,0,0,0,0,0,0,0,0,0,0,0,0,0,0,5,0,0,0,0,0,0,0,5,0,0,0,0,0,0,0,5,0,0,0,0,0,0,0,5,0,0,0,0,0,0,0,5,0,0,0,0,0,0,0,0,0,0,0,True,P
3544_66a934a8.jpg,Test,0,0,0,0,0,0,0,0,0,0,0,0,0,0,0,0,0,0,0,8,8,0,0,0,0,0,0,8,8,0,0,0,0,0,0,8,8,0,0,0,0,0,0,8,8,0,0,0,0,0,0,8,8,0,0,0,0,0,0,0,0,0,0,0,True,P
3545_8c7500ea.jpg,Test,0,0,0,0,0,0,0,0,0,0,0,0,0,0,0,0,0,0,8,8,8,8,0,0,0,0,8,8,8,8,0,0,0,0,8,8,8,8,0,0,0,0,8,8,8,8,0,0,0,0,8,8,8,8,0,0,0,0,0,0,0,0,0,0,True,P
3546_7c6476b3.jpg,Test,0,0,0,0,0,0,0,0,0,0,0,0,0,0,0,0,0,0,0,0,0,0,0,0,0,0,0,0,0,0,0,0,0,0,0,0,0,0,0,0,0,0,0,0,0,0,0,0,0,0,0,0,0,0,0,0,0,0,0,0,0,0,0,0,True,P
3547_57c3c6a6.jpg,Test,0,0,0,0,0,0,0,0,0,0,0,0,0,0,0,0,0,0,0,5,0,0,0,0,0,0,0,5,0,8,0,0,0,0,0,5,0,8,0,0,0,0,0,5,5,8,0,0,0,0,0,5,5,8,0,0,0,0,0,0,0,0,0,0,True,P
3548_571c5051.jpg,Test,0,0,0,0,0,0,0,0,0,0,5,0,0,8,0,0,0,0,5,0,0,8,0,0,0,0,5,0,0,8,0,0,0,0,5,5,0,8,0,0,0,0,5,5,0,8,0,0,0,0,5,5,0,0,0,0,0,0,0,0,0,0,0,0,True,P
3549_12215cf4.jpg,Test,0,0,0,0,0,0,0,0,0,0,0,0,0,0,0,0,0,0,0,0,0,0,0,0,0,0,0,0,0,0,0,0,0,0,5,5,0,0,0,0,0,0,0,5,5,5,5,0,0,5,0,5,5,5,5,0,0,5,0,5,5,5,5,0,True,P
3550_82be5182.jpg,Test,0,0,0,0,0,0,0,0,0,0,0,0,0,0,0,0,0,5,0,0,0,0,0,0,0,5,0,8,8,8,0,0,5,5,0,8,8,8,0,0,5,5,0,8,8,8,0,0,5,5,0,0,8,8,0,0,0,0,0,0,0,0,0,0,True,P
3551_de433fb2.jpg,Test,0,0,0,0,0,0,0,0,0,0,0,0,0,0,0,0,0,0,0,0,0,0,0,0,5,5,0,0,0,8,8,8,5,5,0,0,0,8,8,8,5,5,0,0,0,0,8,8,5,5,0,0,0,0,8,8,5,5,0,0,0,0,8,8,True,P
3552_f70eeb85.jpg,Test,0,0,0,0,0,0,0,0,0,0,0,6,6,0,0,0,0,0,0,6,6,0,0,0,0,0,0,6,6,0,0,0,0,0,0,6,6,0,0,0,0,0,0,6,6,0,0,0,0,0,0,0,6,0,0,0,0,0,0,0,0,0,0,0,True,P
3553_42f0c97b.jpg,Test,0,0,0,0,0,0,0,0,0,0,8,0,0,0,0,0,0,0,8,5,0,0,0,0,0,0,8,5,0,0,0,0,0,0,8,5,0,0,0,0,0,0,8,5,0,0,0,0,0,8,8,8,0,0,0,0,0,0,0,0,0,0,0,0,True,P
3554_74ba2268.jpg,Test,0,0,0,0,0,0,0,0,0,0,0,0,0,0,0,0,0,0,0,0,0,0,0,0,0,0,0,0,0,0,0,0,0,0,0,0,0,0,0,0,0,0,0,0,0,0,0,0,0,0,0,0,0,0,0,0,0,0,0,0,0,0,0,0,True,P
3555_d6b35204.jpg,Test,0,0,0,0,0,0,0,0,0,8,8,5,5,0,0,0,0,8,8,5,5,0,0,0,0,8,8,5,5,0,0,0,0,8,8,5,5,0,0,0,0,8,8,5,5,0,0,0,0,8,8,5,5,0,0,0,0,0,0,0,0,0,0,0,True,P
3556_4a53aeb9.jpg,Test,0,0,0,0,0,0,0,0,0,0,0,0,0,0,0,0,0,0,0,0,0,0,0,0,0,0,5,5,5,0,0,0,0,0,5,5,5,0,0,0,0,0,5,5,5,0,0,0,0,0,5,5,5,0,0,0,0,0,0,0,0,0,0,0,True,P
3557_deb77ccf.jpg,Test,0,0,0,0,0,0,0,0,0,0,0,0,0,0,0,0,0,0,0,0,0,0,0,0,0,0,0,0,0,0,0,0,0,0,0,5,0,8,0,0,0,0,0,5,0,8,0,0,0,0,0,5,0,8,0,0,0,0,0,0,0,0,0,0,True,P
3558_1c9ad3de.jpg,Test,0,0,0,0,0,0,0,0,0,0,0,0,0,0,0,0,0,5,5,5,5,5,0,0,0,5,5,5,5,5,0,0,0,5,5,5,5,5,0,0,0,6,5,5,5,5,0,0,0,5,5,5,5,5,5,0,0,0,0,0,0,0,0,0,True,P
3559_fa7fd82a.jpg,Test,0,0,0,0,0,0,0,0,0,0,0,0,0,0,0,0,5,8,0,0,5,0,5,0,5,8,0,5,5,5,5,0,5,8,0,5,5,5,5,0,5,8,0,5,5,5,5,0,5,8,0,5,5,5,5,0,0,0,0,0,0,0,0,0,True,P
3560_d7e5e374.jpg,Test,0,0,0,0,0,0,0,0,0,0,0,0,0,0,0,0,0,0,0,5,5,5,0,0,0,0,0,5,5,5,5,0,0,5,5,5,5,5,5,0,0,5,5,5,5,5,5,0,0,0,5,5,5,5,5,0,0,0,5,5,5,5,5,0,True,P
3561_12b04925.jpg,Test,0,0,0,0,0,0,0,0,0,0,0,0,5,0,0,0,5,0,0,5,8,0,0,0,5,0,0,5,8,0,0,0,5,0,0,8,8,0,0,0,5,0,0,8,8,0,0,0,5,0,0,8,8,0,0,0,0,0,0,0,0,0,0,0,True,P
3562_a9949fc5.jpg,Test,0,0,0,0,0,0,0,0,0,0,0,0,0,0,0,0,8,8,0,0,0,5,5,0,8,8,0,5,5,5,5,0,8,8,0,5,5,5,5,0,8,8,0,5,5,5,5,0,8,8,0,5,5,5,5,6,0,0,0,0,0,0,0,0,True,P
3563_7b9cc66d.jpg,Test,0,0,0,0,0,0,0,8,0,0,0,0,0,0,0,8,0,0,5,5,0,8,0,8,0,0,5,5,8,8,8,8,0,0,0,5,0,8,0,8,0,0,5,5,0,8,0,8,0,0,0,5,0,8,8,8,0,0,0,0,0,0,0,0,True,P
3564_9956f6ae.jpg,Test,0,0,0,0,0,0,0,0,0,0,5,0,0,0,0,0,0,0,5,0,0,0,0,0,0,0,5,0,0,0,0,0,0,0,5,5,0,0,0,0,0,0,5,5,0,0,0,0,0,0,5,5,5,0,0,0,0,0,0,0,0,0,0,0,True,P
3565_7865cfed.jpg,Test,0,0,0,0,0,0,0,0,0,0,0,0,0,0,0,0,0,0,0,0,0,0,0,0,0,0,0,0,5,0,0,0,0,0,0,0,5,0,0,0,0,0,0,0,5,0,0,0,0,0,0,5,5,0,0,0,0,0,0,5,5,0,0,0,True,P
3566_83d07c8b.jpg,Test,0,0,0,0,0,0,0,0,0,0,0,0,0,0,0,0,0,0,0,0,0,0,0,0,0,0,0,0,0,0,0,0,0,0,0,0,0,0,0,0,0,0,0,0,0,0,0,0,0,0,0,0,0,0,0,0,0,0,0,0,0,0,0,0,True,P
3567_de4d572f.jpg,Test,0,0,0,0,0,0,0,0,0,0,0,0,0,0,0,0,0,0,8,8,8,0,0,0,0,0,8,8,8,8,0,0,0,0,8,8,8,0,0,0,0,0,8,8,8,0,0,0,0,0,0,8,8,8,0,0,0,0,0,0,0,0,0,0,True,P
3568_53976bd1.jpg,Test,0,0,0,0,0,0,0,0,0,0,0,0,0,0,0,0,0,0,0,0,0,0,8,8,0,0,5,5,0,0,8,8,5,5,5,0,0,0,8,8,0,5,5,0,0,0,8,8,0,0,5,0,0,0,8,8,0,0,0,0,0,0,0,0,True,P
3569_7053090a.jpg,Test,0,0,0,0,0,0,0,0,0,0,0,0,0,0,0,0,0,0,0,0,0,0,0,0,0,0,0,0,0,0,0,0,0,0,0,0,0,0,0,0,0,0,0,0,0,0,0,0,0,0,0,0,0,0,0,0,0,0,0,0,0,0,0,0,True,P
3570_98edc54f.jpg,Test,0,0,0,0,0,0,0,0,0,0,0,0,5,0,0,0,0,8,0,0,5,5,0,0,8,8,0,0,5,5,0,0,8,8,0,0,5,5,5,0,8,8,0,0,5,0,5,0,8,8,0,0,5,0,5,0,0,0,0,0,0,0,0,0,True,P
3571_227a6d7c.jpg,Test,0,0,0,0,0,0,0,0,0,0,0,0,0,0,0,0,0,0,0,0,8,0,0,0,0,0,0,8,8,0,5,5,0,0,0,8,8,0,5,5,0,0,0,0,8,0,5,0,0,0,0,0,8,0,5,0,0,0,0,0,0,0,0,0,True,P
3572_1ecd6555.jpg,Test,0,0,0,0,0,0,0,0,0,0,8,8,0,0,0,0,0,0,8,8,0,0,0,0,5,5,8,8,0,0,0,0,5,5,8,8,8,0,0,0,5,5,0,8,8,0,0,0,0,0,0,8,8,0,0,0,0,0,0,0,0,0,0,0,True,P
3573_270c033d.jpg,Test,0,0,0,0,0,0,0,0,0,0,0,0,0,0,0,0,0,0,5,5,5,0,0,0,0,0,0,5,5,0,0,0,0,0,0,5,5,0,0,0,0,0,0,5,5,0,0,0,0,0,0,5,0,0,0,0,0,0,0,5,0,0,0,0,True,P
3574_3aceca50.jpg,Test,0,0,0,0,0,0,0,0,0,0,0,0,0,0,0,0,0,0,5,0,0,0,0,0,0,5,5,0,0,0,0,0,0,5,5,0,0,0,0,0,0,0,5,0,0,8,8,0,0,0,5,0,8,8,8,0,0,0,0,0,0,0,0,0,True,P
3575_23229a94.jpg,Test,0,0,0,0,0,0,0,0,0,0,0,8,8,0,0,0,0,0,0,8,8,0,0,0,0,0,0,8,8,0,0,0,0,0,0,8,8,0,0,0,0,0,0,8,8,0,0,0,0,0,0,8,8,0,0,0,0,0,0,0,0,0,0,0,True,P
3576_f2fdaaab.jpg,Test,0,0,0,0,0,0,0,0,0,0,0,0,0,0,0,0,0,0,0,0,0,0,0,0,0,0,0,5,0,0,0,0,0,0,5,5,0,0,0,0,0,0,0,5,0,0,0,0,0,0,5,5,0,0,0,0,0,0,0,0,0,0,0,0,True,P
3577_9329cbaa.jpg,Test,0,0,0,5,0,0,0,0,0,0,0,5,0,0,0,0,0,0,0,5,0,0,0,0,0,0,0,5,5,0,0,0,0,0,0,5,5,0,0,0,0,0,5,5,5,0,0,0,0,0,5,5,5,0,0,0,0,0,0,0,0,0,0,0,True,P
3578_cad71767.jpg,Test,0,0,0,0,0,0,0,0,0,0,0,0,0,0,0,0,0,0,0,0,0,0,0,0,0,0,0,0,0,0,0,0,0,0,0,0,0,0,0,0,0,0,5,8,8,0,0,0,0,0,5,8,8,0,0,0,0,0,0,8,8,0,0,0,True,P
3579_99b1b2a4.jpg,Test,0,0,0,0,0,0,0,0,0,0,0,0,0,0,0,0,0,0,0,8,8,0,0,0,0,0,0,8,8,0,0,0,0,0,8,8,8,0,0,0,0,8,8,8,8,0,0,0,0,8,8,8,0,0,0,0,0,8,8,8,0,0,0,0,True,P
3580_528845bc.jpg,Test,0,0,0,0,0,0,0,0,0,0,0,0,0,0,0,0,0,0,0,0,0,0,5,5,0,0,0,5,5,5,5,5,0,0,0,5,5,5,5,5,0,0,0,5,5,5,5,5,0,0,0,5,5,0,5,5,0,0,0,5,5,5,5,5,True,P
3581_de6ceedc.jpg,Test,0,0,0,0,0,0,0,0,0,0,0,0,0,0,0,0,0,0,0,0,0,0,0,0,0,0,0,8,8,0,0,0,0,0,0,8,8,0,0,0,0,0,0,8,8,0,0,0,0,0,0,8,8,0,0,0,0,0,0,8,8,0,0,0,True,P
3582_7a972b32.jpg,Test,0,0,0,0,0,0,0,0,0,0,0,0,0,0,0,0,0,0,0,0,0,0,0,0,0,0,0,0,0,0,0,0,0,0,0,0,0,0,0,0,0,0,0,0,0,0,0,0,0,0,0,0,0,0,0,0,0,0,0,0,0,0,0,0,True,P
3583_79bda9db.jpg,Test,0,0,0,0,0,0,0,0,0,0,0,0,0,0,0,0,0,0,0,0,0,0,0,0,0,0,0,0,0,0,0,0,0,0,0,0,0,0,0,0,0,0,0,0,0,0,0,0,0,0,0,0,0,0,0,0,0,0,0,0,0,0,0,0,True,P
3584_23a3a8b5.jpg,Test,0,0,0,0,0,0,0,0,0,0,8,8,8,8,8,0,0,0,8,8,8,8,8,0,0,0,8,8,8,8,8,0,0,0,8,8,8,8,8,0,0,0,8,8,8,8,8,0,0,0,8,8,8,8,8,0,0,0,0,0,0,0,0,0,True,P
3585_805b3ad7.jpg,Test,0,0,0,0,0,0,0,0,0,0,0,0,0,0,0,0,0,8,0,5,5,0,0,0,0,8,0,5,5,0,0,0,0,8,0,5,5,0,0,0,0,8,5,5,5,0,0,0,0,8,5,5,5,0,0,0,0,0,0,0,0,0,0,0,True,P
3586_25cecead.jpg,Test,0,0,0,0,0,0,0,0,8,8,0,0,0,0,0,0,8,8,8,0,0,0,0,0,8,8,8,0,5,5,0,0,8,8,8,0,5,5,0,0,8,8,8,0,5,5,5,0,8,8,8,0,0,5,0,0,0,0,0,0,0,0,0,0,True,P
3587_68044599.jpg,Test,0,0,0,0,0,0,0,0,0,0,0,0,0,0,0,0,0,0,0,5,5,0,0,0,0,0,0,5,5,0,0,0,0,0,5,5,0,0,0,0,0,0,5,5,0,0,0,0,0,0,5,5,0,0,0,0,0,0,0,0,0,0,0,0,True,P
3588_b1fe8762.jpg,Test,0,0,0,0,0,0,0,0,0,0,0,0,0,0,0,0,0,0,0,8,0,0,0,0,0,0,0,8,0,0,0,0,0,0,0,8,0,0,0,0,0,0,0,8,0,0,0,0,0,0,0,8,0,0,0,0,0,0,0,8,0,0,0,0,True,P
3589_798da43c.jpg,Test,0,0,0,0,0,0,0,0,0,0,0,0,0,0,0,0,0,0,0,0,0,0,0,0,0,5,5,5,0,0,0,0,0,5,5,5,0,0,0,0,0,5,5,5,0,0,0,0,0,5,5,5,0,0,0,0,0,0,0,0,0,0,0,0,True,P
3590_1e20af6f.jpg,Test,0,0,0,0,0,0,0,0,0,0,0,5,5,0,0,0,0,0,0,0,5,5,0,0,0,0,0,0,5,5,0,0,0,0,0,5,5,5,0,0,0,0,0,0,5,5,0,0,0,0,0,0,5,5,0,0,0,0,0,0,0,0,0,0,True,P
3591_80f553fe.jpg,Test,0,0,0,0,0,0,0,0,0,0,0,0,0,0,0,0,0,0,0,8,8,0,0,0,0,0,0,8,8,0,0,0,0,0,0,8,0,0,0,0,0,0,0,8,8,0,0,0,0,0,0,8,0,0,0,0,0,0,0,0,0,0,0,0,True,P
3592_003b84f4.jpg,Test,0,0,0,0,0,0,0,0,0,0,0,0,0,0,0,0,0,5,0,8,0,0,0,0,0,5,0,8,8,0,0,0,0,5,0,8,8,0,0,0,0,5,0,8,8,0,0,0,0,5,0,8,8,0,0,0,0,0,0,0,0,0,0,0,True,P
3593_d8bdd0e7.jpg,Test,0,0,0,0,0,0,0,0,0,0,0,0,0,0,0,0,0,8,8,0,0,5,0,0,0,8,0,0,0,5,0,0,0,8,0,0,0,5,0,0,0,8,0,0,0,5,0,0,0,8,0,0,0,5,0,0,0,0,0,0,0,0,0,0,True,P
3594_522d6391.jpg,Test,0,0,0,0,0,0,0,0,0,0,0,0,0,0,0,0,0,0,0,0,0,0,0,0,0,0,0,0,0,0,0,0,0,0,0,0,0,0,0,0,0,0,0,0,0,0,0,0,0,0,0,0,0,0,0,0,0,0,0,0,0,0,0,0,True,P
3595_91f50080.jpg,Test,0,0,0,0,0,0,0,0,0,0,0,0,0,0,0,0,0,0,0,5,0,0,0,0,0,0,5,5,5,5,0,0,0,0,5,5,5,5,0,0,0,0,5,5,5,5,0,0,0,0,5,5,5,5,0,0,0,0,0,5,0,0,0,0,True,P
3596_8d83789e.jpg,Test,0,0,0,0,0,0,0,0,0,0,0,0,0,0,0,0,0,0,0,8,8,0,0,0,0,0,0,8,0,0,0,0,0,0,0,8,0,0,0,0,0,0,0,8,0,0,0,0,0,0,8,8,0,0,0,0,0,0,0,0,0,0,0,0,True,P
3597_d7e5e374.jpg,Test,0,0,0,0,0,0,0,0,0,0,0,0,0,0,0,0,0,0,0,0,0,0,0,0,0,0,0,0,0,0,0,0,0,0,0,0,0,0,0,0,0,0,0,0,0,0,0,0,0,0,0,0,0,0,0,0,0,0,0,0,0,0,0,0,True,P
3598_9f301afc.jpg,Test,0,0,0,0,0,0,0,0,0,0,0,0,0,0,0,0,0,8,8,8,8,8,8,0,0,8,8,8,8,8,8,0,0,8,8,0,8,8,8,0,0,8,8,0,8,8,8,0,0,8,8,0,8,8,8,0,0,0,0,0,0,0,0,0,True,P
3599_c76f1750.jpg,Test,0,0,0,0,0,0,0,0,0,0,0,8,0,0,0,0,0,5,0,8,8,0,0,0,5,5,0,0,8,0,0,0,5,5,0,0,8,8,0,0,5,5,0,8,8,8,0,0,5,5,0,8,8,8,0,0,0,0,0,0,0,0,0,0,True,P
3600_befd21f7.jpg,Test,0,0,0,0,0,0,0,0,0,0,0,0,0,0,0,0,0,0,0,0,0,5,0,0,0,8,0,0,5,5,0,0,8,8,0,0,5,5,0,0,8,8,8,0,5,5,0,0,8,8,0,5,5,5,0,0,0,0,0,0,0,0,0,0,True,P
3601_bf276d28.jpg,Test,0,0,0,0,0,0,0,0,0,0,0,0,0,0,0,0,0,5,5,0,0,0,0,0,0,5,5,0,0,0,0,0,0,5,5,5,0,0,0,0,0,5,0,5,0,0,0,0,0,5,0,5,0,0,0,0,0,0,0,0,0,0,0,0,True,P
3602_89dec967.jpg,Test,0,0,0,0,0,0,0,0,0,0,0,0,0,0,0,0,0,0,0,6,5,8,8,0,0,5,0,6,5,8,8,0,5,5,0,6,5,8,8,0,5,5,0,6,8,8,8,0,5,5,0,0,8,8,8,0,0,0,0,0,0,0,0,0,True,P
3603_5d7a7f1b.jpg,Test,0,0,0,0,0,0,0,0,0,0,0,0,0,0,0,0,0,0,0,8,8,0,0,0,0,5,5,8,8,0,0,0,0,5,5,8,8,0,0,0,0,5,5,8,8,0,0,0,0,5,5,8,8,0,0,0,0,0,0,0,0,0,0,0,True,P
3604_a6f3cf86.jpg,Test,0,0,0,0,0,0,0,0,0,0,0,0,0,0,0,0,0,0,0,0,8,0,0,0,0,0,0,8,8,0,0,0,0,0,0,8,8,0,0,0,0,0,0,8,8,0,0,0,0,0,0,8,8,0,0,0,0,0,0,0,0,0,0,0,True,P
3605_e2876d71.jpg,Test,0,0,0,0,0,0,0,0,0,0,0,5,0,0,8,0,0,0,5,5,0,8,8,0,0,0,5,5,0,8,8,0,0,0,5,5,0,8,8,0,0,0,5,5,0,8,8,0,0,0,5,5,0,0,8,0,0,0,0,0,0,0,0,0,True,P
3606_97c2d850.jpg,Test,0,0,0,0,0,0,0,0,0,0,0,0,0,0,0,0,0,5,0,0,0,8,0,0,5,5,0,0,8,8,0,0,5,5,0,0,8,8,0,0,5,5,0,0,8,8,0,0,0,0,0,0,0,0,0,0,0,0,0,0,0,0,0,0,True,P
3607_fd85cf55.jpg,Test,0,0,0,0,0,0,0,0,0,0,0,0,0,0,0,0,0,0,0,0,5,0,0,0,0,0,0,5,5,0,0,0,0,0,0,5,5,0,0,0,0,0,0,0,5,0,0,0,0,0,0,5,5,0,0,0,0,0,0,0,0,0,0,0,True,P
3608_addb01ee.jpg,Test,0,0,0,0,0,0,0,0,0,0,0,0,0,0,5,0,0,0,8,0,0,0,5,0,0,0,8,8,0,0,5,0,0,0,8,8,0,0,5,0,0,0,8,8,0,0,5,0,0,0,8,8,0,0,5,0,0,0,0,0,0,0,0,0,True,P
3609_a2866b83.jpg,Test,0,0,0,0,0,0,0,0,0,0,0,0,0,0,0,0,0,0,5,5,5,5,0,0,0,5,5,5,0,5,0,0,0,5,5,5,0,5,0,0,0,5,5,5,0,5,0,0,0,5,5,5,0,5,0,0,0,0,0,0,0,0,0,0,True,P
3610_c1490997.jpg,Test,0,0,0,0,0,0,0,0,0,0,0,0,0,0,0,0,0,0,0,0,8,0,0,0,0,0,0,8,8,0,0,0,0,0,0,8,8,0,0,0,0,0,0,8,8,0,0,0,0,0,0,8,8,0,0,0,0,0,0,0,0,0,0,0,True,P
3611_7169cdc7.jpg,Test,0,0,0,0,0,0,0,0,0,0,0,0,8,8,0,0,0,0,0,0,8,8,0,0,0,0,0,8,8,0,0,0,0,0,0,8,8,0,0,0,0,0,0,8,0,0,0,0,0,0,0,0,0,0,0,0,0,0,0,0,0,0,0,0,True,P
3612_0b1fb1f7.jpg,Test,0,0,0,0,0,0,0,0,0,0,0,0,0,0,0,0,0,0,0,0,0,0,0,0,0,0,0,0,0,0,0,0,0,0,0,0,0,0,0,0,0,0,0,0,0,0,0,0,0,0,0,0,0,0,0,0,0,0,0,0,0,0,0,0,True,P
3613_592f6bd2.jpg,Test,0,0,0,0,0,0,0,0,0,0,0,0,0,0,0,0,0,0,5,5,0,0,0,8,0,5,5,0,0,0,0,8,0,5,5,0,0,0,0,8,0,5,5,0,0,0,0,8,0,5,5,0,0,0,0,8,0,0,0,0,0,0,0,0,True,P
3614_6b823776.jpg,Test,0,0,0,0,0,0,0,0,0,0,0,0,0,0,0,0,0,0,0,0,0,0,0,0,0,0,0,8,8,0,0,0,0,0,0,8,8,0,0,0,0,0,0,8,8,0,0,0,0,0,0,8,8,0,0,0,0,0,0,0,0,0,0,0,True,P
3615_a5601567.jpg,Test,0,0,0,0,0,0,0,0,0,0,0,8,8,0,0,0,0,0,0,8,8,0,0,0,0,0,0,0,8,0,0,0,0,0,0,0,8,0,0,0,0,0,0,0,8,0,0,0,0,0,0,0,8,8,0,0,0,0,0,0,0,0,0,0,True,P
3616_854696b2.jpg,Test,0,0,0,0,0,0,0,0,0,0,0,0,0,0,0,0,0,0,0,5,0,0,0,0,5,0,0,5,5,5,5,5,5,0,0,5,5,5,5,5,5,5,0,5,5,5,5,5,5,5,0,5,5,5,5,5,5,5,0,0,5,5,5,5,True,P
3617_e3022511.jpg,Test,0,0,0,0,0,0,0,0,0,0,0,0,0,0,0,0,0,5,5,5,5,0,0,0,0,5,5,5,5,0,5,5,0,5,5,5,5,0,5,5,5,5,5,5,5,0,5,5,5,5,5,5,5,0,5,0,0,0,0,0,0,0,0,0,True,P
3618_dee6a602.jpg,Test,0,0,0,0,0,0,0,0,0,5,0,0,0,0,0,0,5,5,5,5,5,5,5,5,5,5,5,5,5,0,5,5,5,5,5,5,5,0,0,5,5,5,5,5,5,0,0,0,5,5,5,5,5,0,0,0,5,5,5,5,5,0,0,0,True,P
3619_98314467.jpg,Test,0,0,0,0,0,0,0,0,0,0,0,8,0,0,0,0,0,0,8,8,0,0,0,0,0,0,8,8,0,0,0,0,0,0,8,8,0,0,0,0,0,0,8,8,0,0,0,0,0,0,8,8,0,0,0,0,0,0,0,0,0,0,0,0,True,P
3620_87aebf89.jpg,Test,0,0,0,0,0,0,0,0,0,0,0,0,0,0,0,0,0,0,0,5,0,0,0,0,0,0,0,5,5,0,0,0,0,0,0,5,5,0,0,0,0,0,0,5,5,0,0,0,0,0,0,5,5,5,0,0,0,0,0,0,0,0,0,0,True,P
3621_337d99af.jpg,Test,0,0,0,0,0,0,0,0,0,0,0,0,0,8,0,0,0,0,0,0,0,8,0,0,0,0,0,0,0,8,0,0,0,0,0,0,8,8,0,0,0,0,0,0,8,8,0,0,0,0,0,0,8,8,8,0,0,0,0,0,0,0,0,0,True,P
3622_3cf1f182.jpg,Test,0,0,0,0,0,0,0,0,0,0,0,0,0,0,0,0,0,0,0,0,0,0,0,0,0,0,0,0,0,0,0,0,0,0,0,0,0,0,0,0,0,0,0,0,0,0,0,0,0,0,0,0,0,0,0,0,0,0,0,0,0,0,0,0,True,P
3623_9a3499db.jpg,Test,0,0,0,0,0,0,0,0,0,0,0,0,0,0,0,0,0,0,0,0,0,0,0,0,0,0,0,0,0,0,0,0,0,0,0,0,0,0,0,0,0,0,0,0,0,0,0,0,0,0,0,0,0,0,0,0,0,0,0,0,0,0,0,0,True,P
3624_5d4852f2.jpg,Test,0,0,0,0,0,0,0,0,0,0,0,0,0,0,0,0,0,0,0,0,0,0,0,0,0,0,0,0,5,0,0,0,0,0,0,0,5,5,0,0,0,0,0,0,5,5,0,0,0,0,0,0,5,5,0,0,0,0,0,0,5,5,0,0,True,P
3625_c77ee447.jpg,Test,0,0,0,0,0,0,0,0,0,0,0,0,0,0,0,0,0,0,0,8,8,0,0,0,0,0,0,8,8,0,0,0,0,0,0,8,8,0,0,0,0,0,0,8,8,0,0,0,0,0,0,0,8,0,0,0,0,0,0,0,0,0,0,0,True,P
3626_c0ac007d.jpg,Test,0,0,0,0,0,0,0,0,0,0,0,0,0,0,0,0,0,0,0,0,0,0,0,0,0,0,0,0,0,0,0,0,0,0,0,0,0,0,0,0,0,0,0,0,0,0,0,0,0,0,0,0,0,0,0,0,0,0,0,0,0,0,0,0,True,P
3627_481747ef.jpg,Test,0,0,0,0,0,0,0,0,0,0,0,0,0,0,0,0,0,0,0,0,0,0,0,0,0,0,0,0,0,0,0,0,0,0,0,0,5,0,0,0,0,0,0,0,5,5,0,0,0,0,0,0,5,5,0,0,0,0,0,0,0,0,0,0,True,P
3628_be10397c.jpg,Test,0,0,0,0,0,0,0,0,0,0,0,0,0,0,0,0,0,0,0,0,0,0,0,0,0,0,0,0,0,0,0,0,0,0,0,0,5,0,0,0,0,0,0,0,5,0,0,0,0,0,0,0,5,0,0,0,0,0,0,5,5,0,0,0,True,P
3629_77e9e847.jpg,Test,0,0,0,0,0,0,0,0,0,0,0,8,8,0,0,0,0,0,0,8,8,0,0,0,0,0,0,8,8,0,0,0,0,0,0,8,8,0,0,0,0,0,0,8,8,0,0,0,0,0,0,8,8,0,0,0,0,0,0,0,0,0,0,0,True,P
3630_6cc8b3c8.jpg,Test,0,0,0,0,0,0,0,0,0,8,0,8,0,0,0,0,0,8,8,8,0,0,0,0,0,8,8,0,0,0,0,0,0,8,8,0,0,0,0,0,0,8,8,0,0,0,0,0,0,8,8,0,0,0,0,0,0,0,8,0,0,0,0,0,True,P
3631_71f7cfda.jpg,Test,0,0,0,0,0,0,0,0,0,0,0,0,0,0,0,0,0,0,0,0,0,0,0,0,0,0,0,0,0,0,0,0,0,0,0,0,0,0,0,0,0,0,0,0,0,0,0,0,0,0,0,0,0,0,0,0,0,0,0,0,0,0,0,0,True,P
3632_20c11951.jpg,Test,0,0,0,0,0,0,0,0,0,0,0,0,0,0,0,0,0,8,0,0,0,5,0,0,0,8,0,0,0,5,0,0,0,8,0,0,0,5,0,0,0,8,8,0,0,5,0,0,0,8,8,0,0,5,0,0,0,0,0,0,0,0,0,0,True,P
3633_8378557a.jpg,Test,0,0,0,0,0,0,0,0,0,0,0,0,0,9,9,0,0,0,9,0,9,9,9,0,0,9,9,9,9,9,9,0,0,9,9,9,9,9,9,9,0,9,9,9,9,9,9,9,0,9,9,9,9,9,9,9,0,9,9,9,9,9,9,9,True,P
3634_8704349f.jpg,Test,0,0,0,0,0,0,0,0,0,0,0,0,0,0,0,0,0,0,7,7,0,0,0,0,0,7,7,7,0,0,0,0,0,7,7,7,0,0,0,0,0,7,7,7,0,0,0,0,0,7,7,7,0,0,0,0,0,0,0,0,0,0,0,0,True,P
3635_d631ca36.jpg,Test,0,0,0,0,0,0,0,0,0,0,7,0,0,0,0,0,0,0,7,0,0,9,0,0,0,7,7,0,9,9,9,0,0,7,7,0,0,9,0,0,0,7,7,0,0,9,0,0,0,7,7,0,0,9,0,0,0,7,7,0,0,9,0,0,True,P
3636_aedf4248.jpg,Test,0,0,0,0,0,0,0,0,0,0,0,0,0,0,0,0,0,9,0,0,0,0,0,0,0,9,0,0,0,0,0,0,0,9,9,0,0,0,0,0,0,9,9,0,0,0,0,0,0,9,9,0,0,0,0,0,0,0,0,0,0,0,0,0,True,P
3637_16297f82.jpg,Test,0,0,0,0,0,0,0,0,0,0,0,0,0,0,0,0,0,9,9,9,9,0,0,0,0,9,9,9,9,9,9,9,0,9,9,9,9,9,9,9,0,9,9,9,9,9,9,9,0,9,9,9,9,9,9,9,0,0,0,0,0,0,0,0,True,P
3638_0a3e9bb4.jpg,Test,0,0,0,0,0,0,0,0,0,0,0,0,0,9,0,0,0,0,9,0,0,9,0,0,0,0,9,0,9,9,0,0,0,9,9,9,9,9,0,0,0,9,9,9,9,9,0,0,0,9,9,9,9,9,0,0,0,9,9,9,9,9,0,0,True,P
3639_8e48c87f.jpg,Test,0,0,0,0,0,0,0,0,0,0,0,0,0,0,0,0,0,0,0,0,0,0,0,0,0,0,0,0,0,0,0,0,0,0,0,0,0,0,0,0,0,0,0,0,0,0,0,0,0,0,0,0,0,0,0,0,0,0,0,0,0,0,0,0,True,P
3640_d7c9c545.jpg,Test,0,0,0,0,0,0,0,0,0,0,0,0,0,0,0,0,0,7,0,0,9,9,0,0,0,7,0,0,9,9,0,0,0,7,0,0,9,9,0,0,7,7,0,0,9,9,0,0,7,7,0,0,9,9,0,0,0,0,0,0,0,0,0,0,True,P
3641_4329128b.jpg,Test,0,0,0,0,0,0,0,0,0,0,0,0,0,0,0,0,0,0,0,0,9,0,0,0,0,0,0,9,9,0,0,0,0,0,9,9,9,0,0,0,0,0,9,9,0,0,0,0,0,0,9,9,0,0,0,0,0,0,0,0,0,0,0,0,True,P
3642_2842b22e.jpg,Test,0,0,0,0,0,0,0,0,0,0,0,9,0,0,0,0,0,0,0,9,0,0,0,0,0,0,0,9,0,0,0,0,0,0,0,9,0,0,0,0,0,0,0,9,9,0,0,0,0,0,0,9,9,0,0,0,0,0,0,0,0,0,0,0,True,P
3643_b477e64f.jpg,Test,0,0,0,0,9,0,0,0,0,0,0,9,9,0,0,0,0,0,0,0,0,0,0,0,0,0,9,9,9,9,0,0,0,0,9,9,9,9,0,0,0,0,9,9,9,9,0,0,0,0,9,9,9,9,0,0,0,0,9,9,9,9,0,0,True,P
3644_4635f308.jpg,Test,0,0,0,0,0,0,0,0,0,0,0,0,0,0,0,0,0,0,0,0,7,7,0,0,0,0,0,0,7,7,0,0,0,0,0,0,7,0,0,0,0,0,0,0,7,0,0,0,0,0,0,0,7,0,0,0,0,0,0,0,0,0,0,0,True,P
3645_8a6a3639.jpg,Test,0,0,0,0,0,0,0,0,0,0,9,9,0,0,0,0,0,0,9,9,0,0,0,0,0,0,9,9,0,0,0,0,0,0,9,9,0,0,0,0,0,0,9,9,0,0,0,0,0,0,9,9,0,0,0,0,0,0,0,0,0,0,0,0,True,P
3646_33fabed0.jpg,Test,0,0,0,0,0,0,0,0,0,0,0,0,0,0,0,0,0,0,0,0,0,7,7,0,0,0,0,0,0,7,7,0,0,0,0,0,0,7,7,0,0,0,0,0,0,7,7,0,0,0,0,0,0,7,7,0,0,0,0,0,0,0,0,0,True,P
3647_5d69fa39.jpg,Test,0,0,0,0,0,0,0,0,0,0,9,0,0,7,0,0,0,9,9,0,0,7,0,0,0,9,9,0,0,7,0,0,0,9,9,0,7,7,7,0,0,9,9,7,7,7,0,0,0,0,9,0,0,7,0,0,0,0,0,0,0,0,0,0,True,P
3648_ae4181cc.jpg,Test,0,0,0,0,0,0,0,0,0,0,0,0,0,0,0,0,0,0,0,9,0,0,0,0,0,0,0,9,0,0,0,0,0,0,0,9,0,0,0,0,0,0,0,9,0,0,0,0,0,0,0,9,0,0,0,0,0,0,0,9,0,0,0,0,True,P
3649_6c024937.jpg,Test,0,0,0,0,0,0,0,0,0,0,0,0,0,0,0,0,0,0,0,0,0,0,0,0,0,0,0,0,0,0,0,0,0,0,0,0,0,0,0,0,0,0,0,0,0,0,0,0,0,0,0,0,0,0,0,0,0,0,0,0,0,0,0,0,True,P
3650_a7292282.jpg,Test,0,0,0,0,0,0,0,0,0,0,0,0,0,0,0,0,0,0,9,0,0,0,0,0,0,0,9,0,0,0,0,0,0,0,9,0,0,0,0,0,0,9,9,9,0,0,0,0,0,9,0,9,0,0,0,0,0,0,0,0,0,0,0,0,True,P
3651_7a7ce22e.jpg,Test,0,0,0,0,0,0,0,0,0,0,0,0,0,0,0,0,0,0,0,0,9,0,0,0,0,0,0,9,9,0,0,0,0,9,9,9,9,0,0,0,0,0,9,9,0,0,0,0,0,0,0,9,0,0,0,0,0,0,0,0,0,0,0,0,True,P
3652_4635f308.jpg,Test,0,0,0,0,0,0,0,0,0,0,0,0,0,0,0,0,0,0,0,0,7,0,0,0,0,0,0,0,7,7,0,0,0,0,0,0,7,0,0,0,0,0,0,0,7,0,0,0,0,0,0,0,7,0,0,0,0,0,0,0,7,0,0,0,True,P
3653_494d96f0.jpg,Test,0,0,0,0,0,0,0,0,0,0,0,0,0,0,0,0,0,0,0,0,0,0,0,0,9,9,9,9,0,9,9,0,9,9,9,9,0,9,9,0,9,9,9,9,0,9,9,0,9,9,9,9,9,9,9,0,0,0,0,0,0,0,0,0,True,P
3654_ff5cbb0d.jpg,Test,0,0,0,0,0,0,0,0,0,0,0,0,0,0,0,0,0,0,9,0,0,0,0,0,0,9,9,9,0,0,0,0,0,0,9,9,0,0,0,0,0,0,9,9,0,0,0,0,0,0,9,9,0,0,0,0,0,0,9,9,0,0,0,0,True,P
3655_f2ed5022.jpg,Test,0,0,0,0,0,0,0,0,0,0,0,0,0,0,0,0,0,0,0,7,7,0,0,0,0,0,0,7,7,0,0,0,0,0,0,7,7,0,0,0,0,0,7,7,0,0,0,0,0,0,0,7,0,0,0,0,0,0,0,0,0,0,0,0,True,P
3656_2de9e2bc.jpg,Test,0,0,0,0,0,0,0,0,0,0,9,0,0,0,0,0,0,9,9,0,0,0,0,0,0,9,9,0,0,0,0,0,0,9,9,0,0,0,0,0,0,9,9,0,0,0,0,0,0,0,9,9,0,0,0,0,0,0,9,9,0,0,0,0,True,P
3657_7268005d.jpg,Test,0,0,0,0,0,0,0,0,0,0,0,0,0,0,0,0,0,0,0,0,0,0,0,0,0,0,0,0,0,0,0,0,0,0,0,0,0,0,0,0,0,0,0,0,0,0,0,0,0,0,0,0,0,0,0,0,0,0,0,0,0,0,0,0,True,P
3658_0e182cc8.jpg,Test,0,0,0,0,0,0,0,0,0,0,0,0,0,0,0,0,0,0,0,0,0,0,0,0,0,0,0,0,0,0,0,0,0,0,0,0,0,0,0,0,0,0,0,0,0,0,0,0,0,0,0,0,0,0,0,0,0,0,0,0,0,0,0,0,True,P
3659_1164b38e.jpg,Test,0,0,0,0,0,0,0,0,0,0,0,0,0,0,0,0,0,0,9,9,9,0,0,0,0,0,9,9,9,0,0,0,0,0,9,9,9,0,0,0,0,0,9,9,9,0,0,0,0,0,9,9,9,0,0,0,0,0,9,9,9,0,0,0,True,P
3660_1de273ea.jpg,Test,0,0,0,0,0,0,0,0,7,7,0,0,0,0,0,0,7,7,0,7,7,7,0,0,7,7,0,7,7,7,0,0,7,7,0,7,7,0,0,0,7,7,0,7,7,0,0,0,7,7,0,7,7,0,0,0,7,7,0,7,7,0,0,0,True,P
3661_e46c1f4c.jpg,Test,0,0,0,0,0,0,0,0,0,0,0,0,0,0,0,0,0,0,0,7,0,0,0,0,0,0,7,7,0,0,0,0,0,0,7,7,0,0,0,0,0,0,7,7,0,0,0,0,0,0,7,7,0,0,0,0,0,0,0,0,0,0,0,0,True,P
3662_65f98afc.jpg,Test,0,0,0,0,0,0,0,2,0,0,0,0,0,0,0,2,0,0,0,0,9,0,0,0,0,0,0,0,9,0,0,0,7,7,0,0,9,0,0,0,7,7,0,0,9,0,0,0,7,7,0,9,9,0,0,0,0,0,0,0,0,0,0,0,True,P
3663_1c787cfa.jpg,Test,0,0,0,0,0,0,0,0,0,0,0,0,0,0,0,0,0,0,0,0,0,0,0,0,0,0,7,7,7,7,0,0,0,0,7,7,7,7,0,0,0,0,0,7,7,0,0,0,0,0,0,0,0,0,0,0,0,0,0,0,0,0,0,0,True,P
3664_e721fac4.jpg,Test,0,0,0,0,0,0,0,0,0,0,0,0,9,0,0,0,0,0,0,0,9,0,0,0,0,0,0,0,9,0,0,0,0,0,0,0,9,9,0,0,0,0,0,9,9,9,0,0,0,0,0,0,9,0,9,0,0,0,0,0,0,0,0,0,True,P
3665_92e3c5b7.jpg,Test,0,0,0,0,0,0,0,0,0,0,0,9,0,0,0,0,0,0,9,9,0,0,0,0,0,0,9,9,9,9,0,0,0,0,9,9,9,9,0,0,0,0,9,9,9,9,0,0,0,0,9,9,9,0,0,0,0,0,9,9,9,0,0,0,True,P
3666_8692f85a.jpg,Test,0,0,0,0,0,0,0,0,0,0,0,0,0,0,0,0,0,0,0,0,0,0,0,0,0,0,0,9,9,0,0,0,0,0,9,9,0,0,0,0,0,9,9,9,0,0,0,0,0,0,0,9,0,0,0,0,0,0,0,0,0,0,0,0,True,P
3667_5a8ba28d.jpg,Test,0,0,0,0,0,0,0,0,0,0,0,0,0,0,0,0,0,0,0,0,0,0,9,0,0,0,7,7,9,0,9,0,0,0,7,7,9,0,9,0,0,0,7,7,9,0,9,0,0,0,7,7,9,0,9,9,0,0,0,0,0,0,0,0,True,P
3668_c2063211.jpg,Test,0,0,0,0,0,0,0,0,0,0,0,0,0,0,0,0,0,0,0,0,0,0,0,0,0,0,0,0,0,0,0,0,0,0,0,9,9,0,0,0,0,0,0,9,9,0,0,0,0,0,0,9,9,0,0,0,0,0,0,0,0,0,0,0,True,P
3669_9079b8a6.jpg,Test,0,0,0,0,0,0,0,0,0,0,0,0,0,0,0,0,0,0,0,0,0,0,0,0,0,9,0,0,7,0,0,0,0,9,0,0,7,7,0,0,0,9,9,0,7,7,0,0,0,9,9,0,7,7,0,0,0,0,0,0,0,0,0,0,True,P
3670_349527b8.jpg,Test,0,0,0,0,0,0,0,0,0,0,0,0,0,0,0,0,0,9,0,9,0,9,9,0,0,9,9,9,9,9,9,9,0,9,9,9,9,9,9,9,0,9,9,9,9,9,9,9,0,9,9,0,9,9,9,9,0,0,0,0,0,0,0,0,True,P
3671_5b59a526.jpg,Test,0,0,0,0,0,0,0,0,0,0,0,0,0,0,0,0,0,0,0,0,0,0,0,0,0,0,0,0,0,0,0,0,0,0,0,0,0,0,0,0,0,0,0,0,0,0,0,0,0,0,0,0,0,0,0,0,0,0,0,0,0,0,0,0,True,P
3672_edbc3b98.jpg,Test,0,0,0,0,0,0,0,0,0,0,0,0,0,0,0,0,9,9,9,9,9,9,0,9,9,9,9,9,9,9,9,9,9,9,9,9,9,9,9,9,9,9,9,9,9,9,9,9,0,0,0,0,0,0,0,0,0,0,0,0,0,0,0,0,True,P
3673_5a8ba28d.jpg,Test,0,0,0,0,0,0,0,0,0,0,0,0,0,0,0,0,0,0,7,7,0,0,9,0,0,0,7,7,9,0,9,0,0,0,7,7,9,0,9,0,0,0,7,7,9,0,9,0,0,0,7,7,9,0,9,9,0,0,0,0,0,0,0,0,True,P
3674_750ce46b.jpg,Test,0,0,0,0,0,0,0,0,0,0,0,0,0,0,0,0,0,0,9,9,0,9,9,0,0,9,9,9,9,9,9,0,0,9,9,9,9,9,9,0,0,9,9,9,9,9,9,0,0,9,9,9,9,9,9,0,0,0,0,0,0,0,0,0,True,P
3675_699a68b8.jpg,Test,0,0,0,0,0,0,0,0,0,0,0,9,9,0,0,0,0,0,0,9,9,0,0,0,0,0,0,9,0,0,0,0,0,0,9,9,9,0,0,0,0,9,9,9,0,0,0,0,0,9,0,9,0,0,0,0,0,0,0,0,0,0,0,0,True,P
3676_e08d97b3.jpg,Test,0,0,0,0,0,0,0,0,0,9,0,0,0,0,0,0,9,9,0,0,7,0,0,0,9,9,0,7,7,0,0,0,9,9,0,7,7,0,0,0,9,9,0,7,7,0,0,0,0,9,0,7,7,0,0,0,0,0,0,0,0,0,0,0,True,P
3677_71398bd6.jpg,Test,0,0,0,0,0,0,0,0,0,0,0,0,0,0,0,0,0,9,9,9,0,7,7,0,0,0,9,9,0,7,7,0,0,0,9,9,0,7,7,0,0,0,9,9,9,7,7,0,0,9,9,0,9,9,7,0,0,0,9,0,0,0,0,0,True,P
3678_faff9749.jpg,Test,0,0,0,0,0,0,0,0,0,0,0,0,0,0,0,0,0,0,9,9,0,0,0,0,0,0,9,9,0,0,0,0,0,0,9,9,0,0,0,0,0,0,9,9,0,0,0,0,0,0,9,9,0,0,0,0,0,0,0,0,0,0,0,0,True,P
3679_c74220f3.jpg,Test,0,0,0,0,0,0,0,0,0,0,0,0,0,0,0,0,0,0,0,0,0,0,0,0,0,0,0,0,0,0,0,0,0,0,0,0,0,0,0,0,0,0,0,0,0,0,0,0,0,0,0,0,0,0,0,0,0,0,0,0,0,0,0,0,True,P
3680_b01d1878.jpg,Test,0,0,0,0,0,0,0,0,0,0,7,0,0,0,0,0,0,0,7,0,0,9,0,0,0,7,7,7,9,9,9,0,0,7,7,0,9,9,9,0,0,7,7,0,9,9,9,0,0,7,7,0,0,9,9,0,0,7,7,0,0,9,9,0,True,P
3681_948f0bd5.jpg,Test,0,0,0,0,0,0,0,0,0,0,0,0,0,0,0,0,0,0,0,0,0,7,7,0,0,7,0,7,7,7,7,0,0,7,0,7,7,7,7,0,0,7,0,7,7,7,7,0,0,7,7,7,7,7,7,0,0,7,7,7,7,7,7,0,True,P
3682_500f7752.jpg,Test,0,0,0,0,0,0,0,0,0,0,0,0,0,0,0,0,0,0,0,0,0,0,0,0,0,7,7,0,0,9,0,0,0,7,7,0,0,9,0,0,0,7,7,0,9,9,9,0,0,7,7,0,9,9,0,0,0,0,0,0,0,0,0,0,True,P
3683_153dea7c.jpg,Test,0,0,0,0,0,0,0,0,0,0,0,7,0,0,0,0,0,0,0,7,7,0,0,0,0,0,7,7,7,7,0,0,0,0,7,0,7,7,7,0,0,0,0,0,7,7,7,0,0,0,0,0,7,0,0,0,0,0,0,0,0,0,0,0,True,P
3684_2ed874c3.jpg,Test,0,0,0,0,0,0,0,0,0,0,0,4,0,0,0,0,0,0,7,7,0,0,0,0,0,0,7,7,0,0,0,0,0,0,7,7,0,0,0,0,0,0,7,7,0,0,0,0,0,0,7,7,0,0,0,0,0,0,0,4,0,0,0,0,True,P
3685_97326c39.jpg,Test,0,0,0,0,0,0,0,0,0,0,0,0,0,0,0,0,0,9,9,9,0,0,0,0,0,9,9,9,0,0,0,0,0,9,9,9,0,0,0,0,0,9,9,9,0,0,0,0,0,9,9,9,0,0,0,0,0,9,9,9,0,0,0,0,True,P
3686_9395356c.jpg,Test,0,0,0,0,0,0,0,0,0,0,0,0,0,0,0,0,0,0,7,7,7,7,0,0,0,0,7,7,7,7,0,0,0,0,7,7,7,7,0,0,0,0,7,7,7,7,0,0,0,0,7,7,7,0,0,0,0,0,0,0,0,0,0,0,True,P
3687_df71243c.jpg,Test,0,0,0,0,0,0,0,0,0,0,0,0,0,0,0,0,9,9,9,9,9,9,9,9,9,9,9,9,9,9,9,9,9,9,9,9,9,9,9,9,9,9,9,9,9,9,9,9,9,9,9,9,9,9,9,9,9,9,9,9,9,9,9,9,True,P
3688_a78c8437.jpg,Test,0,0,0,0,0,0,0,0,0,0,0,0,0,0,0,0,7,9,9,9,9,0,9,0,7,9,9,9,9,9,9,0,7,9,9,9,9,9,9,0,7,9,9,9,9,9,9,0,7,9,9,9,9,9,9,9,7,9,9,9,9,9,9,9,True,P
3689_a6831684.jpg,Test,0,0,9,0,0,0,0,0,0,9,9,0,9,0,0,0,0,9,9,0,9,0,0,0,0,9,9,0,9,9,0,0,0,9,9,0,9,9,0,0,0,9,9,9,9,9,0,0,0,9,9,9,9,9,0,0,0,0,0,0,0,0,0,0,True,P
3690_3cf6d5a1.jpg,Test,0,0,0,0,0,0,0,0,0,0,0,0,0,0,0,0,0,0,0,0,0,0,0,0,0,9,9,0,0,0,0,0,0,9,9,0,0,0,0,0,0,9,9,0,0,0,0,0,0,0,9,0,0,0,0,0,0,0,9,9,0,0,0,0,True,P
3691_971fb90d.jpg,Test,0,0,0,0,0,0,0,0,0,0,0,0,0,0,0,0,0,9,0,0,7,0,0,0,0,9,0,0,7,0,0,0,0,9,0,0,7,0,0,0,0,9,0,0,7,0,0,0,0,9,0,0,7,0,0,0,0,9,0,0,0,0,0,0,True,P
3692_1ff25916.jpg,Test,0,0,0,0,0,0,0,0,0,0,0,0,0,0,0,0,0,0,0,7,7,0,0,0,0,0,0,7,7,0,0,0,0,0,0,0,7,0,0,0,0,0,0,0,7,0,0,0,0,0,0,0,7,0,0,0,0,0,0,0,0,0,0,0,True,P
3693_a0a0a21a.jpg,Test,0,0,0,0,0,0,0,0,0,0,0,9,0,0,0,0,0,0,0,9,0,0,0,0,0,0,0,9,0,0,0,0,0,0,0,9,0,0,0,0,0,0,9,9,9,0,0,0,0,0,9,9,0,0,0,0,0,0,0,0,0,0,0,0,True,P
3694_16297f82.jpg,Test,0,0,0,0,0,0,0,0,0,0,0,0,0,0,0,0,0,9,9,9,9,9,9,9,0,9,9,9,9,9,9,9,0,9,9,9,9,9,9,9,0,9,9,9,9,9,9,9,0,9,9,9,9,9,9,9,0,0,0,0,0,0,0,0,True,P
3695_e81236f8.jpg,Test,0,0,0,0,0,0,0,0,0,0,0,0,0,0,0,0,0,0,0,0,0,0,0,0,0,0,0,0,0,0,0,0,0,0,0,0,0,0,0,0,0,0,0,0,0,0,0,0,0,0,0,0,0,0,0,0,0,0,0,0,0,0,0,0,True,P
3696_91445d1a.jpg,Test,0,0,0,0,0,0,0,0,0,0,0,0,0,0,0,0,0,0,0,0,0,0,0,0,0,0,0,9,9,0,0,0,0,0,0,9,9,9,0,0,0,0,0,9,9,9,0,0,0,0,0,9,9,9,0,0,0,0,0,0,0,0,0,0,True,P
3697_3aba7970.jpg,Test,0,0,0,0,0,0,0,0,0,0,9,0,0,0,0,0,0,0,9,0,0,0,0,0,0,0,9,0,0,0,0,0,0,0,9,0,0,0,0,0,0,9,9,9,0,0,0,0,0,9,9,9,0,0,0,0,0,0,0,0,0,0,0,0,True,P
3698_1a1ca8b4.jpg,Test,0,0,0,0,0,0,0,0,0,0,9,0,0,0,0,0,0,0,9,9,9,0,0,0,0,0,9,9,9,9,0,0,0,0,9,9,9,9,0,0,0,0,9,9,9,9,0,0,0,0,9,9,9,9,0,0,0,0,9,9,9,9,0,0,True,P
3699_74409a38.jpg,Test,0,0,0,0,0,0,0,0,0,0,0,0,0,0,0,0,0,0,0,0,7,0,0,0,0,0,0,0,7,0,0,0,0,0,0,0,7,0,0,0,0,0,0,0,7,0,0,0,0,0,0,0,7,7,0,0,0,0,0,0,0,0,0,0,True,P
3700_c45f3993.jpg,Test,0,0,0,0,0,0,0,0,0,0,0,0,0,0,0,0,0,0,0,0,0,0,0,0,0,0,0,9,0,0,0,0,0,0,0,9,0,0,0,0,0,0,0,9,9,0,0,0,0,0,0,9,9,0,0,0,0,0,0,9,9,0,0,0,True,P
3701_3c8911b5.jpg,Test,0,0,0,0,0,0,0,0,0,0,0,0,0,0,0,0,0,0,9,9,9,9,0,0,0,0,9,9,9,9,0,0,0,0,9,9,9,9,0,0,0,0,9,9,9,9,0,0,0,0,9,0,9,9,0,0,0,0,0,0,0,0,0,0,True,P
3702_50d202d9.jpg,Test,0,0,0,0,0,0,0,0,0,0,0,9,9,0,0,0,0,0,0,9,9,0,0,0,0,0,0,9,9,0,0,0,0,0,0,9,9,0,0,0,0,0,0,9,9,0,0,0,0,0,0,9,9,0,0,0,0,0,0,0,0,0,0,0,True,P
3703_bedec607.jpg,Test,0,0,0,0,0,0,0,0,0,0,0,0,0,0,0,0,0,0,0,0,0,0,0,0,0,0,0,0,0,0,0,0,0,0,0,0,0,0,0,0,0,0,0,0,0,0,0,0,0,0,0,0,0,0,0,0,0,0,0,0,0,0,0,0,True,P
3704_1ff25916.jpg,Test,0,0,0,0,0,0,0,0,0,0,0,0,0,0,0,0,0,0,0,7,7,0,0,0,0,0,0,7,7,0,0,0,0,0,0,0,7,0,0,0,0,0,0,0,7,0,0,0,0,0,0,0,7,0,0,0,0,0,0,0,0,0,0,0,True,P
3705_779a7130.jpg,Test,0,0,0,0,0,0,0,0,9,9,9,0,9,0,0,0,0,9,0,0,9,9,0,0,0,9,7,0,9,9,0,0,0,9,7,0,9,9,0,0,0,9,7,0,9,9,9,0,0,0,0,0,9,0,9,0,0,0,0,0,0,0,0,0,True,P
3706_43f7a53e.jpg,Test,0,0,0,0,0,0,0,0,0,0,0,0,0,0,0,0,0,0,0,0,0,0,0,0,0,0,0,0,0,0,0,0,0,0,0,0,0,0,0,0,0,0,0,0,0,0,0,0,0,0,0,0,0,0,0,0,0,0,0,0,0,0,0,0,True,P
3707_c17663f7.jpg,Test,0,0,0,0,0,0,0,0,0,0,0,9,9,9,0,0,0,0,0,9,9,9,0,0,0,0,0,9,9,9,0,0,0,0,0,9,9,9,0,0,0,0,0,9,9,9,0,0,0,0,0,9,9,9,0,0,0,0,0,9,0,9,0,0,True,P
3708_fda5560e.jpg,Test,0,0,0,0,0,0,0,0,0,0,9,0,0,0,0,0,0,0,9,0,0,0,0,0,0,0,9,9,0,0,0,0,0,0,9,9,0,0,0,0,0,0,9,9,0,0,0,0,0,0,9,9,0,0,0,0,0,0,0,0,0,0,0,0,True,P
3709_e45a8353.jpg,Test,0,0,0,0,0,0,0,0,0,0,0,0,0,0,0,7,9,9,0,7,7,0,7,7,9,9,0,7,7,0,7,7,9,9,0,7,7,7,7,7,9,9,0,7,7,7,7,7,9,9,0,7,7,0,7,7,9,9,0,7,7,0,7,7,True,P
3710_4ac19631.jpg,Test,0,0,0,0,0,0,0,0,0,0,0,0,0,0,0,0,0,9,9,0,0,0,0,0,0,9,9,0,0,0,0,0,0,9,9,0,0,0,0,0,0,0,9,9,0,0,0,0,0,9,9,9,0,0,0,0,0,0,0,0,0,0,0,0,True,P
3711_ef9594d7.jpg,Test,0,0,0,0,0,0,0,0,0,0,0,9,9,0,0,0,0,0,0,9,9,9,0,0,0,0,0,0,9,9,0,0,0,0,0,0,9,9,0,0,0,0,0,0,9,9,0,0,0,0,0,9,9,9,0,0,0,0,0,0,0,0,0,0,True,P
3712_039ceb20.jpg,Test,0,0,0,0,0,0,0,0,0,0,0,0,0,0,0,0,0,0,0,7,0,0,0,0,0,7,7,7,7,0,0,0,0,7,7,7,7,0,0,0,0,7,7,7,7,0,0,0,0,0,7,7,7,0,0,0,0,0,0,0,0,0,0,0,True,P
3713_4452d11c.jpg,Test,0,0,0,0,0,0,0,0,0,0,0,0,0,0,0,0,0,0,0,0,9,9,0,0,0,7,7,0,0,9,0,0,0,7,7,0,0,9,9,0,0,7,7,7,9,9,9,0,0,7,0,7,0,9,9,0,0,0,0,0,0,0,0,0,True,P
3714_98c4916b.jpg,Test,0,0,0,0,0,0,0,0,0,0,0,0,0,0,0,0,9,9,9,9,0,9,9,9,9,9,9,9,0,9,9,9,9,9,9,9,0,9,9,9,9,9,9,9,0,9,9,9,9,9,9,9,0,9,9,9,0,9,9,9,9,9,9,9,True,P
3715_5506a693.jpg,Test,0,0,0,0,0,0,0,0,0,0,0,9,0,0,0,0,0,0,0,9,0,0,0,0,0,0,0,9,0,0,0,0,0,0,0,9,0,0,0,0,0,0,0,9,9,0,0,0,0,0,0,9,9,0,0,0,0,0,0,0,0,0,0,0,True,P
3716_4e24e5c2.jpg,Test,0,0,0,0,0,0,0,0,0,0,0,0,0,0,0,0,0,0,0,0,0,0,0,0,0,0,0,0,0,0,0,0,0,0,0,0,0,0,0,0,0,0,0,0,0,0,0,0,0,0,0,0,0,0,0,0,0,0,0,0,0,0,0,0,True,P
3717_1908d708.jpg,Test,0,0,0,0,0,0,0,0,0,0,0,9,9,0,0,0,0,0,0,0,0,0,0,0,0,0,0,0,0,0,0,0,0,0,9,9,9,9,0,0,0,0,9,9,9,9,0,0,0,0,9,9,9,9,9,0,0,0,9,9,9,0,0,0,True,P
3718_a6ed4c70.jpg,Test,0,0,0,0,0,0,0,0,0,9,0,9,9,0,9,0,0,9,9,9,9,9,9,9,0,9,9,9,9,9,9,9,0,9,9,9,9,9,9,9,0,9,9,9,9,9,9,9,0,9,9,9,9,9,9,9,0,0,0,0,0,0,0,0,True,P
3719_08af8289.jpg,Test,0,0,0,0,0,0,0,0,0,0,0,0,7,0,0,0,0,0,0,0,7,7,0,0,0,0,0,0,7,0,0,0,0,0,0,7,7,0,0,0,0,0,0,7,7,0,0,0,0,0,0,7,7,0,0,0,0,0,0,0,0,0,0,0,True,P
3720_8378557a.jpg,Test,0,0,0,0,0,0,0,0,0,0,0,9,0,9,9,0,0,0,9,9,9,0,9,0,0,9,9,9,9,9,9,9,0,9,9,9,9,9,9,9,0,9,9,9,9,9,9,9,0,9,9,9,9,9,9,9,0,9,9,9,9,9,9,9,True,P
3721_bd457ea4.jpg,Test,0,0,0,0,0,0,0,0,0,9,0,0,0,0,0,0,0,9,9,0,0,0,0,0,0,0,9,0,0,0,0,0,0,0,9,9,0,0,0,0,0,0,9,9,0,0,0,0,0,0,9,9,0,0,0,0,0,0,0,0,0,0,0,0,True,P
3722_a32a330c.jpg,Test,0,0,0,0,7,0,0,0,0,0,0,0,7,0,0,0,0,0,9,0,7,9,9,0,0,9,9,0,7,9,9,0,0,9,9,7,7,9,9,0,0,9,9,7,7,0,9,0,0,9,0,7,7,0,9,0,0,0,0,0,0,0,0,0,True,P
3723_24135ca0.jpg,Test,0,0,0,0,0,0,0,0,0,0,0,0,0,0,0,0,0,0,0,0,0,0,0,0,0,0,0,0,0,0,0,0,0,0,0,0,0,0,0,0,0,0,0,0,0,0,0,0,0,0,0,0,0,0,0,0,0,0,0,0,0,0,0,0,True,P
3724_8de3a0ee.jpg,Test,0,0,0,0,0,0,0,0,0,0,0,0,0,0,0,0,0,0,0,0,0,0,0,0,0,0,0,0,0,0,0,0,0,0,0,0,0,0,0,0,0,0,0,0,0,0,0,0,0,0,0,0,0,0,0,0,0,0,0,0,0,0,0,0,True,P
3725_1ae6c586.jpg,Test,0,0,0,0,0,0,0,0,0,0,0,7,0,0,0,0,0,0,0,7,0,0,0,0,0,0,7,0,9,9,0,0,0,0,7,7,9,9,0,0,0,0,7,7,9,9,0,0,0,0,7,7,9,9,0,0,0,0,7,7,9,9,0,0,True,P
3726_c107b7a9.jpg,Test,0,0,0,0,0,0,0,0,0,0,0,0,0,0,0,0,0,0,0,9,0,0,0,0,0,0,0,9,9,0,0,0,0,0,0,9,9,0,0,0,0,0,0,9,9,0,0,0,0,0,0,9,9,0,0,0,0,0,0,0,9,0,0,0,True,P
3727_e17a1219.jpg,Test,0,0,0,0,0,0,0,0,0,0,0,0,0,0,9,0,0,0,0,0,9,9,0,0,0,0,9,0,9,9,9,0,0,0,9,9,9,9,9,0,0,0,9,9,9,9,9,0,0,0,9,9,9,9,9,0,0,0,9,9,9,9,9,0,True,P
3728_6b271a73.jpg,Test,0,0,0,0,0,0,0,0,0,0,0,0,0,0,0,0,0,0,0,0,0,0,0,0,0,0,0,0,0,0,0,0,0,0,0,0,0,0,0,0,0,0,0,0,0,0,0,0,0,0,0,0,0,0,0,0,0,0,0,0,0,0,0,0,True,P
3729_bd455d69.jpg,Test,0,0,0,0,0,0,0,0,0,0,0,0,0,0,0,0,0,0,9,9,7,0,0,0,0,0,9,9,7,0,0,0,0,0,9,9,7,0,0,0,0,9,9,9,7,0,0,0,0,9,9,9,7,0,0,0,0,0,0,0,0,0,0,0,True,P
3730_9742e896.jpg,Test,0,0,0,0,0,0,0,0,9,9,0,0,9,9,0,0,9,0,0,0,9,9,0,0,9,0,0,0,9,9,9,0,9,9,9,9,9,9,9,0,9,9,9,0,9,9,9,0,9,9,9,0,9,9,9,0,9,9,9,0,9,9,9,0,True,P
3731_6fa6d22f.jpg,Test,0,0,0,0,0,0,0,0,0,0,0,0,0,0,0,0,0,0,0,0,9,0,0,0,7,7,0,0,9,9,0,0,7,7,0,0,9,9,0,0,7,7,0,0,9,9,0,0,7,7,0,0,9,9,0,0,0,0,0,0,0,0,0,0,True,P
3732_a039c0f5.jpg,Test,0,0,0,0,0,0,0,0,0,0,0,0,9,0,0,0,0,0,9,9,9,0,0,0,0,0,9,9,9,0,0,0,0,0,9,9,9,0,0,0,0,0,0,9,9,0,0,0,0,0,0,9,9,0,0,0,0,0,0,0,0,0,0,0,True,P
3733_8814d624.jpg,Test,0,0,0,0,0,0,0,0,0,0,0,0,0,2,0,0,0,0,0,0,4,2,2,0,0,0,4,4,4,2,2,2,0,4,4,4,4,2,2,2,0,4,4,0,4,2,2,2,0,4,4,0,4,2,2,2,0,0,4,0,4,2,2,2,True,P
3734_d72c05b5.jpg,Test,0,0,0,0,0,0,0,0,0,0,0,0,0,0,0,0,0,0,0,0,0,0,0,0,0,0,0,0,0,0,0,0,0,0,0,0,0,0,0,0,0,0,0,0,0,0,0,0,0,0,0,0,0,0,0,0,0,0,0,0,0,0,0,0,True,P
3735_9d02604a.jpg,Test,0,0,0,0,0,0,0,0,0,0,0,0,0,0,0,0,0,0,0,0,0,0,0,0,0,0,0,0,0,0,0,0,0,0,0,0,0,0,0,0,0,0,0,0,0,0,0,0,0,0,0,0,0,0,0,0,0,0,0,0,0,0,0,0,True,P
3736_4f995ab9.jpg,Test,0,0,0,0,0,0,0,0,0,0,0,0,0,0,0,0,0,0,0,0,0,0,0,0,0,0,0,0,0,0,0,0,0,0,0,0,0,0,0,0,0,0,0,0,0,0,0,0,0,0,0,0,0,0,0,0,0,0,0,0,0,0,0,0,True,P
3737_a162d2a7.jpg,Test,0,0,0,0,0,0,0,0,0,0,0,4,0,0,0,0,0,0,4,4,0,0,0,0,0,0,4,4,0,0,0,0,0,0,4,4,0,0,0,0,0,0,4,0,4,0,0,0,0,0,4,0,4,0,0,0,0,0,0,0,0,0,0,0,True,P
3738_c78faccb.jpg,Test,0,0,0,0,0,0,0,0,0,0,0,0,0,0,0,0,0,2,2,0,0,0,0,0,0,2,2,2,0,4,0,0,0,0,2,2,4,4,0,0,0,2,2,2,4,4,0,0,0,2,2,2,4,4,0,0,0,0,0,0,0,0,0,0,True,P
3739_e25412e0.jpg,Test,0,0,0,0,0,0,0,0,0,0,0,0,0,0,0,0,0,0,2,2,0,0,0,0,0,0,2,2,0,4,0,0,0,0,2,0,0,4,4,0,0,0,2,0,0,4,4,0,0,0,2,0,0,4,4,0,0,0,0,0,0,0,0,0,True,P
3740_ff213f7b.jpg,Test,0,0,0,0,0,0,0,0,0,0,0,0,0,0,0,0,0,0,0,0,0,0,0,0,0,0,0,0,0,0,0,0,0,0,0,0,0,0,0,0,0,0,0,0,0,0,0,0,0,0,0,0,0,0,0,0,0,0,0,0,0,0,0,0,True,P
3741_6f75add6.jpg,Test,0,0,0,0,0,0,0,0,0,0,0,4,0,0,0,0,0,0,4,4,4,0,0,0,0,0,4,4,4,0,0,0,0,0,4,4,4,0,0,0,0,0,4,4,4,0,0,0,0,0,4,4,0,0,0,0,0,0,0,0,0,0,0,0,True,P
3742_82079deb.jpg,Test,0,0,0,0,0,0,0,0,0,0,0,0,0,0,0,0,0,0,0,0,2,2,0,0,0,0,0,4,2,2,0,0,0,0,0,4,2,2,0,0,0,0,4,4,2,2,0,0,0,0,4,0,2,2,0,0,0,0,4,0,0,0,0,0,True,P
3743_3438186c.jpg,Test,0,0,0,0,0,0,0,0,0,0,0,0,0,0,0,0,0,0,0,4,0,0,0,0,0,0,0,4,4,0,0,0,0,0,0,4,4,0,0,0,0,0,0,4,4,0,0,0,0,0,0,4,4,0,0,0,0,0,0,0,0,0,0,0,True,P
3744_15fec7bf.jpg,Test,0,0,0,0,0,0,0,0,0,0,0,2,0,0,0,0,0,0,2,2,0,0,0,0,0,0,2,2,0,0,0,0,0,0,2,2,0,0,0,0,0,0,2,2,0,0,0,0,0,0,2,2,0,0,0,0,0,0,0,0,0,0,0,0,True,P
3745_f37df099.jpg,Test,0,0,0,0,0,0,0,0,0,0,0,0,0,0,0,0,0,0,0,0,0,0,0,0,0,0,0,0,0,0,0,0,0,0,0,0,0,0,0,0,0,0,0,0,0,0,0,0,0,0,0,0,0,0,0,0,0,0,0,0,0,0,0,0,True,P
3746_2953abd9.jpg,Test,0,0,0,0,0,0,0,0,0,0,0,0,0,0,0,0,0,0,0,0,0,0,0,0,0,0,0,0,0,0,0,0,0,0,0,0,0,0,0,0,0,0,0,0,0,0,0,0,0,0,0,0,0,0,0,0,0,0,0,0,0,0,0,0,True,P
3747_026b556b.jpg,Test,0,0,0,0,0,0,0,0,0,0,2,6,2,2,0,0,0,0,2,2,2,2,0,0,0,0,2,2,2,2,0,0,0,0,2,2,2,2,0,0,0,0,2,2,2,2,0,0,0,0,2,2,2,2,0,0,0,0,2,2,2,2,0,0,True,P
3748_219ae2a2.jpg,Test,0,0,0,0,0,0,0,0,0,0,0,0,0,4,0,0,0,2,0,0,4,4,0,0,0,2,6,0,4,4,0,0,0,2,6,0,4,4,0,0,0,2,6,0,4,4,0,0,0,2,6,0,4,4,0,0,0,2,0,0,0,4,0,0,True,P
3749_9514dc01.jpg,Test,0,0,0,0,0,0,0,0,0,0,0,0,0,0,0,0,0,2,0,0,4,4,0,0,0,2,0,0,4,4,0,0,2,2,0,0,0,4,0,0,0,2,0,0,0,4,0,0,2,2,0,0,0,0,0,0,0,0,0,0,0,0,0,0,True,P
3750_3a66c629.jpg,Test,0,0,0,0,0,0,0,0,0,0,0,0,0,0,0,0,0,0,0,0,0,0,0,0,0,0,0,0,0,0,0,0,0,0,0,0,0,0,0,0,0,0,0,0,0,0,0,0,0,0,0,0,0,0,0,0,0,0,0,0,0,0,0,0,True,P
3751_da23ccbc.jpg,Test,0,0,0,0,0,0,0,0,0,0,0,0,0,0,0,0,0,0,0,0,0,0,0,0,0,0,0,0,0,0,0,0,0,0,0,0,0,0,0,0,0,0,0,0,0,0,0,0,0,0,0,0,0,0,0,0,0,0,0,0,0,0,0,0,True,P
3752_11395058.jpg,Test,0,0,0,0,0,0,0,0,4,0,0,0,0,0,0,0,4,4,4,2,0,2,4,4,4,4,4,2,0,2,4,4,4,4,4,2,0,2,4,4,4,4,4,2,0,2,4,4,4,4,4,2,0,2,4,4,4,4,4,2,0,2,0,0,True,P
3753_176f3108.jpg,Test,0,0,0,0,0,0,0,0,0,0,0,0,0,0,0,0,0,0,0,0,2,0,0,0,0,0,4,0,2,0,0,0,0,4,4,0,2,0,0,0,0,4,4,0,2,0,0,0,0,4,4,0,2,0,0,0,0,0,0,0,0,0,0,0,True,P
3754_3b145f6b.jpg,Test,0,0,0,0,0,0,0,0,0,0,0,0,0,0,0,0,0,0,0,0,0,0,0,0,0,0,4,4,0,0,0,0,0,0,4,4,0,0,0,0,0,0,4,4,0,0,0,0,0,0,4,4,0,0,0,0,0,0,0,0,0,0,0,0,True,P
3755_c4042b6d.jpg,Test,0,0,0,0,0,0,0,0,0,0,0,0,0,0,0,0,0,0,0,0,0,0,0,0,0,0,4,4,0,0,0,0,0,0,4,0,0,0,0,0,0,0,4,0,0,0,0,0,0,4,4,0,0,0,0,0,0,0,0,0,0,0,0,0,True,P
3756_dd4b8aba.jpg,Test,0,0,0,0,0,0,0,0,0,0,0,0,0,0,0,0,0,0,0,0,0,0,0,0,0,0,0,0,0,0,0,0,0,0,0,0,0,0,0,0,0,0,0,0,0,0,0,0,0,0,0,0,0,0,0,0,0,0,0,0,0,0,0,0,True,P
3757_f764d0be.jpg,Test,0,0,0,0,0,0,0,0,0,0,0,0,0,0,0,0,0,0,0,0,0,0,0,0,0,0,0,0,0,0,0,0,0,0,0,0,0,0,0,0,0,0,0,0,0,0,0,0,0,0,0,0,0,0,0,0,0,0,0,0,0,0,0,0,True,P
3758_ae141d73.jpg,Test,0,0,0,0,0,0,0,0,0,0,0,0,0,0,0,0,0,0,0,2,2,2,0,0,0,0,0,2,2,2,0,0,0,0,0,2,2,2,0,0,0,0,0,2,2,2,0,0,0,0,0,2,2,2,0,0,0,0,0,0,0,0,0,0,True,P
3759_06fa8a86.jpg,Test,0,0,0,0,0,0,0,0,0,0,0,0,0,2,0,0,0,0,0,0,0,2,0,0,0,0,0,0,0,2,0,0,0,0,0,0,0,2,0,0,0,0,0,0,0,2,2,0,0,0,0,0,2,2,2,0,0,0,0,0,0,0,0,0,True,P
3760_81375a1f.jpg,Test,0,0,0,0,0,0,0,0,0,0,0,0,0,0,0,0,0,2,2,2,0,0,0,0,0,0,2,2,0,0,0,0,0,0,0,2,0,0,0,0,0,0,0,2,0,0,0,0,0,0,0,2,0,0,0,0,0,0,0,0,0,0,0,0,True,P
3761_f48987b5.jpg,Test,0,0,0,0,0,0,0,0,2,0,0,2,0,0,0,0,2,2,0,2,2,2,2,0,0,2,0,2,2,2,2,0,0,2,0,2,2,2,2,0,0,2,0,2,2,0,0,0,0,0,0,2,0,0,0,0,0,0,0,0,0,0,0,0,True,P
3762_7fb7b392.jpg,Test,0,0,0,0,0,0,0,0,0,0,0,0,0,0,0,0,0,0,0,0,0,0,0,0,0,0,0,0,0,0,0,0,0,0,0,0,0,0,0,0,0,0,0,0,0,0,0,0,0,0,0,0,0,0,0,0,0,0,0,0,0,0,0,0,True,P
3763_0720fc32.jpg,Test,0,0,0,0,0,0,0,0,0,0,0,0,0,0,0,0,0,0,0,0,0,0,0,0,0,0,0,0,0,0,0,0,0,0,0,0,0,0,0,0,0,0,2,0,0,0,0,0,0,0,2,0,0,0,0,0,0,2,2,0,0,0,0,0,True,P
3764_e98c6a0b.jpg,Test,0,0,0,0,0,0,0,0,0,0,0,0,0,0,0,0,0,2,0,0,0,0,0,0,0,2,2,2,2,2,0,0,0,2,2,2,2,0,0,0,0,2,2,2,0,2,2,0,0,2,2,2,0,2,2,0,0,0,2,2,0,2,2,0,True,P
3765_5bb006ee.jpg,Test,0,0,0,0,0,0,0,0,0,0,0,0,0,0,0,0,0,0,0,0,2,2,0,0,0,0,0,0,2,2,0,0,0,0,0,0,2,2,0,0,0,0,0,0,0,0,0,0,0,0,0,0,0,0,0,0,0,0,0,0,0,0,0,0,True,P
3766_0e00a923.jpg,Test,0,0,0,0,0,0,0,0,0,0,0,0,0,0,0,0,0,2,2,2,0,2,2,2,0,2,2,2,0,2,2,2,0,2,2,2,0,2,0,2,0,2,2,2,0,2,2,2,0,2,2,2,0,2,0,2,0,0,0,0,0,0,0,0,True,P
3767_bc0e24f8.jpg,Test,0,0,0,0,0,0,0,0,0,0,0,0,0,0,0,0,0,0,0,0,0,2,0,0,0,0,2,2,0,2,0,0,0,0,2,2,0,2,0,0,0,0,2,2,0,2,0,0,0,0,2,2,2,2,0,0,0,0,2,2,2,2,0,0,True,P
3768_4818c5a7.jpg,Test,2,2,2,2,6,6,0,0,2,2,2,2,6,2,6,2,2,2,2,2,2,2,2,2,2,2,2,2,2,2,2,2,2,2,2,2,2,2,2,2,2,2,2,2,2,2,2,2,2,2,2,2,6,2,6,0,0,2,2,2,6,0,0,0,True,P
3769_fe61a28a.jpg,Test,0,0,0,0,0,0,0,0,0,0,2,2,2,0,0,0,0,0,2,2,2,2,0,0,0,0,2,2,2,2,0,0,0,0,2,2,2,2,0,0,0,0,2,2,2,2,0,0,0,0,2,2,2,2,0,0,0,0,0,0,2,0,0,0,True,P
3770_9edf91e5.jpg,Test,0,0,0,0,0,0,0,0,0,0,0,0,0,0,0,0,0,0,0,2,2,0,0,0,0,0,0,2,2,0,0,0,0,0,0,2,0,0,0,0,0,0,0,2,0,0,0,0,0,0,0,2,0,0,0,0,0,0,0,2,0,0,0,0,True,P
3771_d05919a5.jpg,Test,0,0,0,0,0,0,0,0,0,0,0,0,0,0,0,0,0,0,0,0,0,0,0,0,0,0,0,0,0,0,0,0,0,0,0,0,0,0,0,0,0,0,0,0,0,0,0,0,0,0,0,0,0,0,0,0,0,0,0,0,0,0,0,0,True,P
3772_54af77b7.jpg,Test,0,0,0,0,0,0,0,0,0,0,0,0,0,0,0,0,0,0,0,0,0,0,0,0,0,0,0,0,0,0,0,0,0,0,0,0,0,0,0,0,0,0,0,0,0,0,0,0,0,0,0,0,0,0,0,0,0,0,0,0,0,0,0,0,True,P
3773_8bb85671.jpg,Test,0,0,0,0,0,0,0,0,0,0,0,0,0,0,0,0,0,0,2,2,0,0,0,0,0,0,2,2,0,0,0,0,0,0,2,2,0,0,0,0,0,0,2,2,0,0,0,0,0,0,2,2,0,0,0,0,0,0,0,0,0,0,0,0,True,P
3774_c44b5822.jpg,Test,0,0,0,0,0,0,0,0,0,0,0,0,0,0,0,0,0,0,0,0,0,2,0,0,0,0,0,0,0,2,0,0,0,0,0,0,0,2,0,0,0,0,0,0,0,2,0,0,0,0,0,0,0,2,2,0,0,0,0,0,0,0,2,0,True,P
3775_963195bf.jpg,Test,0,0,0,2,2,2,2,2,0,0,0,0,0,0,0,2,0,0,0,0,0,2,0,2,0,0,0,0,0,0,2,2,0,0,0,0,0,2,2,2,0,0,0,0,0,0,2,2,0,0,0,0,0,0,2,2,0,0,0,0,0,0,0,2,True,P
3776_2a2fed44.jpg,Test,0,0,0,0,0,0,0,0,0,0,0,0,0,0,0,0,0,0,0,0,0,0,0,0,0,0,0,0,0,0,0,0,0,0,0,0,2,0,0,0,0,0,0,0,2,0,0,0,0,0,0,2,2,0,0,0,0,0,0,2,2,0,0,0,True,P
3777_03629d05.jpg,Test,0,0,0,0,0,0,0,0,0,0,0,0,0,0,0,0,0,0,0,0,0,0,0,0,0,0,4,4,0,0,0,0,0,0,4,4,0,0,0,0,0,0,4,4,0,0,0,0,0,0,4,4,0,0,0,0,0,0,0,0,0,0,0,0,True,P
3778_1c11eed4.jpg,Test,0,0,0,0,0,0,0,0,0,0,0,0,0,2,0,0,0,0,0,0,2,0,0,0,0,0,0,0,2,2,0,0,0,0,0,4,2,2,0,0,0,0,4,4,4,2,0,0,0,0,0,4,4,2,0,0,0,0,0,0,0,0,0,0,True,P
3779_710f1cbd.jpg,Test,0,0,0,0,0,0,0,0,0,0,0,0,0,0,0,0,0,0,0,0,0,0,0,0,0,0,0,0,0,0,0,0,0,0,0,0,0,0,0,0,0,0,0,0,0,0,0,0,0,0,0,0,0,0,0,0,0,0,0,0,0,0,0,0,True,P
3780_1cb35242.jpg,Test,0,0,0,0,0,0,0,0,0,0,0,0,0,0,0,0,0,2,2,2,2,2,0,0,2,2,2,2,2,2,0,0,2,2,2,2,2,2,2,0,0,2,2,2,2,2,2,0,0,2,2,2,2,2,2,0,0,0,2,2,2,2,2,0,True,P
3781_5b7df12e.jpg,Test,0,0,0,0,0,0,0,0,0,0,4,4,0,0,0,0,0,0,4,4,0,0,0,0,0,0,4,4,4,0,0,0,0,0,4,4,4,0,0,0,0,0,4,4,4,0,0,0,0,0,4,4,4,0,0,0,0,0,0,0,0,0,0,0,True,P
3782_0f9dadd6.jpg,Test,0,0,0,0,0,0,0,0,0,0,0,0,0,0,0,0,0,0,0,0,0,0,0,0,0,0,2,2,0,0,0,0,0,0,0,2,0,2,0,0,0,0,0,2,0,2,0,0,0,0,0,2,0,2,0,0,0,0,0,0,0,0,0,0,True,P
3783_93d38269.jpg,Test,0,0,0,0,0,0,0,0,0,0,0,0,2,0,0,0,0,0,0,0,2,0,0,0,0,0,4,0,2,0,0,0,0,0,4,2,2,0,0,0,0,0,4,2,2,0,0,0,0,0,4,2,2,2,0,0,0,0,0,0,0,0,0,0,True,P
3784_3770d4f6.jpg,Test,0,0,0,0,0,0,0,0,0,0,0,0,0,0,0,0,0,0,0,0,0,0,0,0,0,0,2,2,2,2,0,0,0,0,2,2,2,2,0,0,0,0,2,2,2,2,0,0,0,0,0,2,2,0,0,0,0,0,0,0,0,0,0,0,True,P
3785_3d5731e0.jpg,Test,0,0,0,0,0,0,0,0,0,0,0,0,0,0,0,0,0,0,0,0,4,4,4,0,0,0,0,0,4,4,4,0,0,0,0,0,4,4,0,0,0,0,0,0,0,4,4,0,0,0,0,0,0,4,4,0,0,0,0,0,0,4,4,0,True,P
3786_4070063d.jpg,Test,0,0,0,0,0,0,0,0,0,0,4,0,0,0,0,0,0,0,4,0,0,0,0,0,0,0,4,4,0,0,0,0,0,0,4,4,0,0,0,0,0,0,4,4,4,0,0,0,0,4,4,0,4,0,0,0,0,0,0,0,0,0,0,0,True,P
3787_244649c1.jpg,Test,0,0,0,0,0,0,0,0,0,0,0,0,0,0,0,0,0,0,0,2,2,0,0,0,0,0,0,2,2,0,0,0,0,0,0,2,2,0,0,0,0,0,0,2,2,0,0,0,0,0,0,2,2,0,0,0,0,0,0,0,0,0,0,0,True,P
3788_f49424e3.jpg,Test,0,0,0,0,0,0,0,0,0,0,0,0,0,0,0,0,0,0,0,0,0,0,0,0,0,0,0,0,0,0,0,0,0,0,0,0,0,0,0,0,0,0,0,0,0,0,0,0,0,0,0,0,0,0,0,0,0,0,0,0,0,0,0,0,True,P
3789_d2705413.jpg,Test,0,0,0,0,0,0,0,0,0,0,0,0,0,0,0,0,0,0,4,0,0,0,0,0,0,0,4,4,0,4,0,0,0,0,4,4,4,4,0,0,0,0,4,4,4,4,0,0,0,0,4,4,4,4,0,0,0,0,4,4,4,4,0,0,True,P
3790_37d43eac.jpg,Test,0,0,0,0,0,0,0,0,0,0,0,0,0,0,0,0,0,0,0,0,4,0,0,0,0,0,0,0,4,0,0,0,0,0,0,0,4,0,0,0,0,0,0,0,4,0,0,0,0,0,0,0,4,4,0,0,0,0,0,0,0,0,0,0,True,P
3791_0980f5c4.jpg,Test,0,0,0,0,0,0,0,0,0,0,0,0,0,0,0,0,0,0,0,0,0,0,0,0,0,0,0,0,0,0,0,0,0,0,0,0,0,0,0,0,0,0,0,0,0,0,0,0,0,0,0,0,0,0,0,0,0,0,0,0,0,0,0,0,True,P
3792_fafaf66e.jpg,Test,0,0,0,0,0,0,0,0,0,0,2,2,0,0,4,0,0,2,2,2,0,4,4,0,0,2,2,2,0,4,4,0,0,2,2,2,0,4,4,4,0,0,2,2,0,4,4,4,0,0,2,2,0,4,4,4,0,0,0,0,0,0,0,0,True,P
3793_236d796b.jpg,Test,0,0,0,0,0,0,0,0,0,0,0,4,4,0,0,0,0,0,4,4,4,0,0,0,0,0,4,4,4,0,0,0,0,0,4,4,4,0,0,0,0,0,4,4,4,0,0,0,0,0,0,0,0,0,0,0,0,0,0,0,0,0,0,0,True,P
3794_283be5af.jpg,Test,0,0,0,0,0,0,0,0,0,0,0,0,0,0,0,0,0,0,0,2,2,0,0,0,0,0,0,2,2,0,0,0,0,0,0,2,2,0,0,0,0,0,0,2,2,0,0,0,0,0,0,2,2,0,0,0,0,0,0,2,2,0,0,0,True,P
3795_fd4a881f.jpg,Test,0,0,0,0,0,0,0,0,0,0,0,0,0,0,0,0,0,0,0,0,0,0,0,0,0,0,0,0,0,0,0,0,0,0,0,0,0,0,0,0,0,0,0,0,0,0,0,0,0,0,0,0,0,0,0,0,0,0,0,0,0,0,0,0,True,P
3796_c5a33477.jpg,Test,0,0,0,0,0,0,0,0,0,0,0,0,0,0,0,0,0,0,0,0,0,0,0,0,0,0,0,0,0,0,0,0,0,0,0,0,0,0,0,0,0,0,0,0,0,0,0,0,0,0,0,0,0,0,0,0,0,0,0,0,0,0,0,0,True,P
3797_0af1f3d9.jpg,Test,0,0,0,0,0,0,0,0,0,0,2,2,2,0,0,0,0,2,2,2,2,0,0,0,0,2,2,2,2,2,0,0,0,2,2,2,2,2,0,0,0,2,2,2,2,2,0,0,0,2,2,2,2,2,0,0,0,0,0,0,0,0,0,0,True,P
3798_f84b492b.jpg,Test,0,0,0,0,0,0,0,0,0,0,0,0,0,0,0,0,0,0,0,4,0,0,0,0,0,0,4,4,0,0,0,0,0,4,4,0,0,0,0,0,0,4,4,0,0,0,0,0,0,0,4,0,0,0,0,0,0,0,0,0,0,0,0,0,True,P
3799_1e399287.jpg,Test,0,0,0,0,0,0,0,0,0,0,0,0,0,0,0,0,0,0,4,4,0,4,0,0,0,0,4,4,4,4,0,0,0,0,4,4,4,4,0,0,0,0,4,4,4,4,0,0,0,0,4,4,4,4,0,0,0,0,4,4,4,4,0,0,True,P
3800_26b1514c.jpg,Test,0,0,0,0,0,0,0,0,0,0,0,0,0,0,0,0,0,0,0,2,2,0,0,0,0,4,0,2,2,0,0,0,4,4,0,2,2,0,0,0,4,4,4,2,2,0,0,0,4,4,4,2,2,2,0,0,0,0,0,0,0,0,0,0,True,P
3801_a8d589f9.jpg,Test,0,0,0,0,0,0,0,0,0,0,0,0,0,0,0,0,0,0,0,0,0,0,0,0,0,0,0,0,0,0,0,0,0,0,0,0,0,0,0,0,0,0,0,0,0,0,0,0,0,0,0,0,0,0,0,0,0,0,0,0,0,0,0,0,True,P
3802_b9850058.jpg,Test,0,0,0,0,0,0,0,0,0,0,0,4,0,0,0,0,0,0,0,4,0,0,0,0,0,0,0,4,0,0,0,0,0,0,0,4,0,4,0,0,0,0,0,4,0,4,0,0,0,0,0,4,0,4,0,0,0,0,0,0,0,0,0,0,True,P
3803_c2501dc7.jpg,Test,0,0,0,0,0,0,0,0,0,0,0,0,0,0,0,0,0,0,0,0,0,0,0,0,0,0,0,0,0,0,0,0,0,0,0,0,0,0,0,0,0,0,0,0,0,0,0,0,0,0,0,0,0,0,0,0,0,0,0,0,0,0,0,0,True,P
3804_4798bb6e.jpg,Test,0,0,0,0,0,0,0,0,0,0,0,0,2,0,0,0,0,0,0,2,2,0,0,0,0,0,0,2,2,0,0,0,0,0,4,2,2,0,0,0,0,0,4,2,2,0,0,0,0,0,4,2,2,0,0,0,0,0,0,0,0,0,0,0,True,P
3805_46b434fc.jpg,Test,0,0,0,0,0,0,0,0,0,0,0,0,0,0,0,0,0,0,0,0,4,0,0,0,0,0,0,0,4,4,0,0,0,0,0,0,4,4,0,0,0,0,0,0,4,4,0,0,0,0,0,0,4,4,0,0,0,0,0,0,0,0,0,0,True,P
3806_aa4c9c9b.jpg,Test,0,0,0,0,0,0,0,0,0,0,0,0,0,0,0,0,0,0,0,0,0,0,0,0,0,0,0,0,0,0,0,0,0,0,0,0,0,0,0,0,0,0,0,0,0,0,0,0,0,0,0,0,0,0,0,0,0,0,0,0,0,0,0,0,True,P
3807_3b107d5d.jpg,Test,0,0,0,0,0,0,0,0,0,0,0,0,0,0,0,0,0,0,0,0,0,2,0,0,0,0,2,0,0,2,0,0,0,0,2,0,0,2,0,0,0,0,2,0,0,2,0,0,0,0,2,0,0,2,0,0,0,0,2,0,0,2,0,0,True,P
3808_1df2186a.jpg,Test,0,0,0,0,0,0,0,0,0,0,0,0,0,0,0,0,0,0,2,2,0,0,0,4,0,0,2,2,0,0,0,4,0,0,2,2,0,0,0,4,0,0,2,2,0,0,0,4,0,0,2,0,0,0,0,4,0,0,0,0,0,0,0,4,True,P
3809_3e8dcb89.jpg,Test,0,0,0,0,0,0,0,0,0,0,0,0,0,0,0,0,0,0,0,0,0,2,0,0,0,0,0,0,2,2,0,0,0,0,0,0,2,2,0,0,0,0,0,0,2,2,0,0,0,0,0,0,2,2,0,0,0,0,0,0,0,0,0,0,True,P
3810_348aaf99.jpg,Test,0,0,0,0,0,0,0,0,0,0,0,0,0,0,0,0,0,0,2,2,2,0,2,0,0,0,2,2,2,0,2,2,0,0,2,2,2,0,2,0,0,0,2,2,2,0,2,0,0,0,2,2,2,2,2,0,0,0,0,0,2,0,0,0,True,P
3811_ec50c44b.jpg,Test,0,0,0,0,0,0,0,0,0,0,0,0,0,0,0,0,0,0,0,0,0,0,0,0,0,0,0,0,0,0,0,0,0,0,0,0,0,0,0,0,0,0,0,0,0,0,0,0,0,0,0,0,0,0,0,0,0,0,0,0,0,0,0,0,True,P
3812_dcdc342e.jpg,Test,0,0,0,0,0,0,0,0,0,0,0,0,0,0,0,0,0,0,2,2,0,0,0,0,0,0,2,2,0,0,0,0,0,0,2,2,0,0,0,0,0,2,2,2,0,0,0,0,0,2,0,2,0,0,0,0,0,0,0,0,0,0,0,0,True,P
3813_181805a8.jpg,Test,0,0,0,0,0,0,0,0,0,0,0,0,0,0,0,0,0,0,0,0,2,2,0,0,0,0,0,0,2,2,0,0,0,0,0,0,2,2,0,0,0,0,0,0,2,2,0,0,0,0,0,0,2,2,0,0,0,0,0,0,0,0,0,0,True,P
3814_dbf93078.jpg,Test,0,0,0,0,0,0,0,0,0,0,0,0,0,0,0,0,0,0,0,0,0,0,0,0,0,0,0,0,0,0,0,0,0,0,0,0,0,0,0,0,0,0,0,0,0,0,0,0,0,0,0,0,0,0,0,0,0,0,0,0,0,0,0,0,True,P
3815_52c1c32e.jpg,Test,0,0,0,0,0,0,0,0,0,0,0,0,0,0,0,0,0,0,0,0,0,0,0,0,0,0,0,0,0,0,0,0,0,0,0,0,0,0,0,0,0,0,0,0,0,0,0,0,0,0,0,0,0,0,0,0,0,0,0,0,0,0,0,0,True,P
3816_2fb9548a.jpg,Test,0,0,0,0,0,0,0,0,0,0,0,0,0,0,0,0,0,4,4,0,0,2,0,0,0,4,4,0,0,2,0,0,0,4,4,0,0,2,0,0,0,4,4,0,0,2,0,0,0,4,4,0,0,2,0,0,0,0,0,0,0,0,0,0,True,P
3817_518ebf7c.jpg,Test,0,0,0,0,0,0,0,0,0,0,0,0,0,0,0,0,0,0,0,4,4,0,0,0,0,0,0,4,4,0,0,0,0,0,0,4,4,0,0,0,0,0,0,4,4,0,0,0,0,0,0,4,4,0,0,0,0,0,0,0,4,0,0,0,True,P
3818_712bdcff.jpg,Test,0,0,0,0,0,0,6,6,0,0,0,0,2,2,6,6,0,0,0,0,2,2,6,6,0,0,0,0,2,2,6,6,0,0,0,0,2,2,6,6,0,0,0,0,2,2,6,6,0,0,0,0,2,2,2,6,0,0,0,0,2,2,2,0,True,P
3819_f3b5ce41.jpg,Test,0,0,0,0,0,0,0,0,0,0,0,0,0,0,0,4,0,2,2,4,2,4,0,4,0,2,2,4,2,4,0,4,0,2,2,4,2,4,0,4,0,2,2,4,2,4,0,4,2,2,0,0,0,0,0,0,2,0,0,0,0,0,0,0,True,P
3820_c252dc15.jpg,Test,0,0,0,0,0,0,0,0,0,0,0,0,0,4,0,0,0,0,0,4,4,4,0,0,0,0,4,4,4,4,0,0,0,0,4,4,4,4,0,0,0,4,4,0,4,4,0,0,0,0,4,0,4,4,0,0,0,0,0,0,0,0,0,0,True,P
3821_518db497.jpg,Test,0,0,0,0,0,0,0,0,0,0,0,0,0,0,0,0,0,0,0,0,0,4,0,0,0,0,0,0,4,4,0,0,0,0,2,0,4,0,0,0,0,0,2,0,4,0,0,0,0,0,2,4,4,0,0,0,0,0,0,0,0,0,0,0,True,P
3822_51523936.jpg,Test,0,0,0,0,0,0,0,0,0,0,0,0,0,0,0,0,0,0,0,0,0,0,0,0,0,0,0,0,0,0,0,0,0,0,0,0,0,0,0,0,0,0,0,0,0,0,0,0,0,0,0,0,0,0,0,0,0,0,0,0,0,0,0,0,True,P
3823_acb0467c.jpg,Test,0,0,0,0,0,0,0,0,0,0,0,0,0,0,0,0,0,0,0,0,2,0,0,0,0,0,0,2,2,0,0,0,0,0,0,2,2,2,0,0,0,0,0,2,2,2,0,0,0,0,2,2,2,2,0,0,0,0,2,2,2,2,0,0,True,P
3824_bba0f807.jpg,Test,0,0,0,0,0,0,0,0,0,0,2,0,0,0,0,0,0,2,2,2,0,2,2,0,0,2,2,2,0,2,2,0,0,2,2,2,0,2,2,0,0,2,2,2,0,2,2,0,0,2,2,2,0,2,2,0,0,0,0,0,0,0,0,0,True,P
3825_e16e22a9.jpg,Test,0,0,0,0,0,0,0,0,0,0,0,0,0,0,0,0,0,0,0,0,0,0,2,0,0,0,0,0,0,2,2,0,0,0,0,0,0,2,2,0,0,0,0,0,0,0,2,0,0,0,0,0,0,0,2,0,0,0,0,0,0,0,2,0,True,P
3826_bd0d2394.jpg,Test,0,0,0,0,0,0,0,0,0,0,2,2,2,2,6,2,0,2,2,2,2,2,6,2,0,2,2,2,2,2,6,2,0,2,2,2,2,2,6,2,0,2,2,2,2,2,6,6,0,2,2,2,2,2,0,0,0,0,0,0,0,0,0,0,True,P
3827_0fc194f4.jpg,Test,0,0,0,0,0,0,0,0,0,0,0,0,0,0,0,0,0,0,2,2,0,0,0,0,0,2,2,2,0,0,0,0,0,0,2,2,0,0,0,0,0,0,2,2,0,0,0,0,0,0,2,0,2,0,0,0,0,0,0,0,0,0,0,0,True,P
3828_05d1a630.jpg,Test,0,0,0,0,0,0,0,0,0,0,0,0,0,2,0,0,0,0,0,0,0,2,2,4,0,0,0,0,0,2,2,4,0,0,0,0,0,2,2,4,0,0,0,0,0,2,2,4,0,0,0,0,2,2,2,4,0,0,0,0,0,0,0,4,True,P
3829_f71e87cc.jpg,Test,0,0,0,0,0,0,0,0,0,0,0,0,0,0,0,0,0,0,0,0,0,0,0,0,0,0,0,0,0,0,0,0,0,0,0,0,0,0,0,0,0,0,0,0,0,0,0,0,0,0,0,0,0,0,0,0,0,0,0,0,0,0,0,0,True,P
3830_0dae3469.jpg,Test,0,0,0,0,0,0,0,0,0,0,0,0,0,0,0,0,0,0,0,0,0,0,0,0,0,0,0,0,0,0,0,0,0,0,0,0,0,0,0,0,0,0,0,0,0,0,0,0,0,0,0,0,0,0,0,0,0,0,0,0,0,0,0,0,True,P
3831_676ff906.jpg,Test,0,0,0,0,0,0,0,0,0,0,0,0,0,0,0,0,0,4,4,0,0,4,4,0,4,4,4,4,4,4,4,0,4,4,4,0,0,4,0,0,4,4,4,0,0,4,0,0,4,4,4,0,0,4,4,0,4,4,0,0,0,4,4,0,True,P
3832_85225cc2.jpg,Test,0,0,0,0,0,0,0,0,0,0,0,0,0,0,0,0,0,0,0,0,0,0,0,0,0,0,0,0,0,0,0,0,0,0,0,0,0,0,0,0,0,0,0,0,0,0,0,0,0,0,0,0,0,0,0,0,0,0,0,0,0,0,0,0,True,P
3833_e4a51990.jpg,Test,0,0,0,0,0,0,0,0,0,0,0,0,0,0,0,0,0,0,4,2,2,0,0,0,0,4,4,2,2,0,0,0,0,4,4,2,2,0,0,0,0,4,0,2,2,0,0,0,0,4,4,2,2,2,0,0,0,4,4,0,0,0,0,0,True,P
3834_1ea2975f.jpg,Test,0,0,0,0,0,0,0,0,0,0,2,2,2,0,0,0,0,0,2,2,2,0,0,0,0,0,2,2,2,0,0,0,0,0,2,2,2,0,0,0,0,0,2,2,2,0,0,0,0,0,2,2,2,0,0,0,0,0,0,0,0,0,0,0,True,P
3835_b52bb537.jpg,Test,0,0,0,0,0,0,0,0,0,0,0,0,0,0,0,0,0,0,0,0,0,0,0,0,0,0,0,0,0,0,0,0,0,0,0,0,0,0,0,0,0,0,0,0,0,0,0,0,0,0,0,0,0,0,0,0,0,0,0,0,0,0,0,0,True,P
3836_65b93594.jpg,Test,0,0,0,0,0,0,0,0,0,0,0,0,0,0,0,0,0,0,0,0,0,0,0,0,0,0,0,0,0,0,0,0,0,0,0,0,0,0,0,0,0,0,0,0,0,0,0,0,0,0,0,0,0,0,0,0,0,0,0,0,0,0,0,0,True,P
3837_713ba28f.jpg,Test,0,0,0,0,0,0,0,0,0,0,0,0,0,0,0,0,0,2,2,0,0,2,4,0,0,2,2,0,0,2,4,0,0,2,2,0,0,2,4,0,0,2,2,0,0,2,4,0,0,0,0,0,0,0,4,0,0,0,0,0,0,0,0,0,True,P
3838_09477e8c.jpg,Test,0,0,0,0,0,0,0,0,0,0,0,0,0,0,0,0,0,0,0,0,0,0,0,0,0,0,0,0,0,0,0,0,0,0,0,0,0,0,0,0,0,0,0,0,0,0,0,0,0,0,0,0,0,0,0,0,0,0,0,0,0,0,0,0,True,P
3839_d7400b03.jpg,Test,0,0,0,0,0,0,0,0,0,0,0,0,0,0,0,0,0,0,2,2,0,0,0,0,0,2,2,2,0,2,0,0,0,2,2,0,2,2,0,0,0,2,2,0,0,2,0,0,0,0,0,0,0,2,0,0,0,0,0,0,0,0,0,0,True,P
3840_d3f57ffc.jpg,Test,0,0,0,0,0,0,0,0,0,0,0,0,0,0,0,0,0,0,0,0,2,2,0,0,0,0,0,2,2,2,0,0,0,0,0,2,0,2,0,0,0,0,0,2,2,2,0,0,0,0,0,2,2,2,0,0,0,0,0,0,0,0,0,0,True,P
3841_e694be36.jpg,Test,0,0,0,0,0,0,0,0,0,0,0,0,0,0,0,0,0,0,0,0,0,0,0,0,0,0,0,4,0,2,0,0,0,0,4,4,2,2,0,0,0,0,4,4,2,2,0,0,0,0,4,4,2,2,0,0,0,0,4,0,0,0,0,0,True,P
3842_3d6b5eb6.jpg,Test,0,0,0,0,0,0,0,0,0,0,0,0,0,0,0,0,0,4,4,4,0,0,0,0,0,4,4,0,0,0,0,0,0,4,4,0,0,0,0,0,0,4,4,0,0,0,0,0,0,4,4,0,0,0,0,0,0,0,0,0,0,0,0,0,True,P
3843_bd126d98.jpg,Test,0,0,0,0,0,0,0,0,0,0,0,0,0,0,0,0,0,0,4,0,0,2,0,0,0,0,4,0,2,2,0,0,0,4,4,0,2,2,0,0,0,4,4,0,2,2,0,0,0,4,4,0,2,2,0,0,0,0,0,0,0,0,0,0,True,P
3844_b6a6ac7b.jpg,Test,0,0,0,0,0,0,0,0,0,0,0,0,0,0,0,0,0,0,0,0,0,0,0,0,0,0,4,0,0,0,0,0,0,0,4,0,0,0,0,0,0,0,4,4,0,0,0,0,0,0,4,4,0,0,0,0,0,0,0,0,0,0,0,0,True,P
3845_75cfd0fe.jpg,Test,0,0,0,0,0,0,0,0,0,0,0,0,0,0,0,0,0,0,4,4,0,0,0,0,0,0,4,0,0,0,0,0,0,0,4,0,0,0,0,0,0,0,4,0,0,0,0,0,0,0,4,4,0,0,0,0,0,0,0,0,0,0,0,0,True,P
3846_f86fcf74.jpg,Test,0,0,0,0,0,0,0,0,0,0,0,0,0,0,0,0,0,0,0,0,0,0,0,0,0,0,0,0,0,0,0,0,0,0,0,0,0,0,0,0,0,0,0,0,0,0,0,0,0,0,0,0,0,0,0,0,0,0,0,0,0,0,0,0,True,P
3847_e337e6be.jpg,Test,0,0,0,0,0,0,0,0,0,0,0,0,0,0,0,0,0,0,0,0,0,0,0,0,0,0,0,0,0,0,0,0,0,0,0,0,0,0,0,0,0,0,0,0,0,0,0,0,0,0,0,0,0,0,0,0,0,0,0,0,0,0,0,0,True,P
3848_48ebe57e.jpg,Test,0,0,0,0,0,0,0,0,0,0,0,0,0,0,0,0,0,0,0,0,0,0,0,0,0,0,0,0,0,0,0,0,0,0,0,0,0,0,0,0,0,0,0,0,0,0,0,0,0,0,0,0,0,0,0,0,0,0,0,0,0,0,0,0,True,P
3849_632aaabc.jpg,Test,0,0,0,0,0,0,0,0,0,0,0,0,0,0,0,0,0,0,0,0,0,0,0,0,0,0,0,0,0,0,0,0,0,0,0,0,0,0,0,0,0,0,0,0,0,0,0,0,0,0,0,0,0,0,0,0,0,0,0,0,0,0,0,0,True,P
3850_80d0b2fd.jpg,Test,0,0,0,0,0,0,0,0,0,0,0,0,0,4,0,0,0,0,4,4,4,4,0,0,0,0,4,4,4,4,0,0,0,0,4,4,4,4,0,0,0,4,4,4,4,4,0,0,0,0,4,4,4,4,0,0,0,0,0,0,0,0,0,0,True,P
3851_5aa15ac8.jpg,Test,0,0,0,0,0,0,0,0,0,0,4,2,0,0,0,0,0,0,4,2,0,0,0,0,0,0,4,2,0,0,0,0,0,0,4,2,0,0,0,0,0,0,4,2,0,0,0,0,0,0,4,2,0,0,0,0,0,0,0,0,0,0,0,0,True,P
3852_247086e8.jpg,Test,0,0,0,0,0,0,0,0,0,0,0,0,0,0,0,0,0,4,4,0,4,2,2,0,0,4,4,4,4,2,2,0,0,4,4,0,4,0,2,0,0,4,0,0,4,0,2,0,0,4,0,0,4,2,2,0,0,0,0,0,0,0,0,0,True,P
3853_ea40a323.jpg,Test,0,0,0,0,0,0,0,0,0,0,0,0,0,0,0,0,0,0,2,4,4,0,0,0,0,0,2,4,4,2,0,0,0,0,2,4,0,2,0,0,0,2,2,4,4,2,0,0,0,2,4,4,4,2,0,0,0,0,0,0,0,0,0,0,True,P
3854_ec14454e.jpg,Test,0,0,0,0,0,0,0,0,0,0,0,0,0,0,0,0,0,0,0,0,2,2,0,0,0,0,0,0,2,2,0,0,0,0,0,0,0,2,0,0,0,0,0,0,0,2,0,0,0,0,0,0,0,2,0,0,0,0,0,0,0,2,0,0,True,P
3855_efd27f85.jpg,Test,0,0,0,0,0,0,0,0,0,0,0,0,0,0,0,0,0,0,0,0,0,2,0,0,0,0,0,0,0,2,0,0,0,0,0,0,0,2,0,0,0,0,0,0,2,2,2,0,0,0,0,0,2,0,0,0,0,0,0,0,0,0,0,0,True,P
3856_d46bccd0.jpg,Test,0,0,0,0,0,0,0,0,0,0,2,0,2,2,2,2,0,0,2,0,2,2,2,2,0,0,2,2,2,2,2,2,0,0,2,2,2,2,2,2,0,0,2,2,2,2,2,2,0,0,2,2,2,2,2,2,0,0,0,0,0,0,2,2,True,P
3857_63f6c602.jpg,Test,0,0,0,0,0,0,0,0,0,0,1,0,1,1,0,0,0,0,1,0,1,0,0,0,0,1,1,1,1,1,0,0,0,1,1,1,1,1,1,0,0,1,1,1,1,1,1,0,0,1,1,1,1,1,1,0,0,1,1,1,1,1,0,0,True,P
4756_0a9183e7.jpg,Test,0,0,0,0,0,0,0,0,0,0,0,10,10,10,0,0,0,2,2,10,10,10,10,10,0,2,2,10,10,10,10,10,0,2,2,10,10,10,10,10,0,2,2,10,10,10,10,10,0,2,2,10,10,10,10,10,0,2,2,10,0,10,0,0,True,P
4757_fdfb8365.jpg,Test,0,0,0,0,0,0,0,0,0,0,0,0,0,0,0,0,0,0,0,0,0,0,0,0,0,0,0,0,0,0,0,0,0,0,0,0,0,0,0,0,0,0,0,0,0,0,0,0,0,0,0,0,0,0,0,0,0,0,0,0,0,0,0,0,True,P
4758_6ac5906c.jpg,Test,0,0,10,10,0,0,0,0,0,10,10,10,2,2,0,0,0,10,10,10,2,2,0,0,0,10,10,10,2,2,0,0,0,10,10,10,2,2,0,0,0,10,10,10,2,2,0,0,0,10,10,10,2,2,0,0,0,10,10,10,2,2,0,0,True,P
4759_08b0e83c.jpg,Test,0,10,10,0,0,0,0,0,0,10,10,0,2,2,2,0,0,10,10,0,2,2,2,0,0,10,10,0,2,2,2,0,0,10,10,0,2,2,2,2,0,10,10,0,2,2,2,2,0,10,10,0,2,2,2,2,0,10,0,0,2,2,2,0,True,P
4760_42059e21.jpg,Test,0,0,0,0,0,3,0,0,0,0,0,0,3,3,3,0,0,0,0,0,3,3,3,0,0,0,0,6,3,3,3,0,0,0,0,6,3,3,3,0,0,0,0,6,3,3,3,0,0,0,0,6,3,3,3,0,0,0,0,6,3,3,0,0,True,P
4795_d482f557.jpg,Test,0,0,0,0,0,0,0,0,0,0,0,0,0,0,0,0,0,0,0,0,0,0,0,0,0,0,3,3,0,0,0,0,0,0,3,3,0,0,0,0,0,0,3,3,0,0,0,0,0,0,3,3,0,0,0,0,0,0,3,3,0,0,0,0,True,P
4845_0485c731.jpg,Test,0,0,0,0,0,0,0,0,0,0,0,0,0,0,0,0,0,0,0,3,3,0,0,0,0,0,0,3,3,0,0,0,0,0,0,3,3,0,0,0,0,0,0,3,3,0,0,0,0,0,0,3,3,0,0,0,0,0,0,3,3,0,0,0,True,P
4859_56167c1f.jpg,Test,0,0,0,0,0,0,0,0,0,0,6,6,6,0,0,0,0,0,6,6,6,6,0,0,0,0,6,6,6,6,0,0,0,0,6,6,6,6,0,0,0,0,6,6,6,6,0,0,0,0,6,6,6,6,0,0,0,0,6,6,6,0,0,0,True,P
4892_aacf327c.jpg,Test,0,0,0,0,0,0,0,0,0,0,0,0,0,0,0,0,0,0,0,0,0,0,0,0,0,0,0,0,4,4,0,0,0,0,0,0,4,4,0,0,0,0,0,0,4,4,0,0,0,0,0,0,4,4,0,0,0,0,0,0,4,4,0,0,True,P
4896_64909a63.jpg,Test,0,0,0,0,0,0,0,0,0,0,0,0,0,9,9,0,0,0,0,0,0,9,9,0,0,0,0,0,0,9,9,0,0,0,0,0,0,9,9,0,0,0,0,0,0,9,9,0,0,0,0,0,0,9,9,0,0,0,0,0,0,9,9,0,True,P
4898_f6297877.jpg,Test,0,0,0,0,0,0,0,0,0,0,0,0,0,9,9,0,0,0,4,4,0,9,9,0,0,0,4,0,0,9,9,0,0,0,4,0,0,9,9,0,0,0,4,0,0,9,9,0,0,0,4,0,0,9,9,0,0,0,4,4,0,9,0,0,True,P
4899_55c858ac.jpg,Test,0,0,0,0,0,0,0,0,0,0,0,0,0,9,9,0,0,0,4,0,0,9,9,9,0,0,4,4,0,9,9,9,0,4,4,0,0,9,9,9,0,4,4,0,0,9,9,9,0,4,4,0,0,9,9,9,0,4,4,0,0,9,9,9,True,P
5051_66d2932a.jpg,Test,0,0,0,0,0,0,0,0,0,0,9,9,0,9,0,0,0,0,9,9,0,9,0,0,0,0,9,9,0,9,0,0,0,0,9,9,0,9,0,0,0,0,9,9,0,9,0,0,0,0,9,9,0,9,0,0,0,0,9,9,0,9,0,0,True,P
5054_9c7a0c9d.jpg,Test,0,0,0,0,0,0,0,0,0,4,4,4,4,4,0,0,0,4,4,4,4,4,0,0,0,4,4,4,4,4,0,0,0,4,4,4,4,4,0,0,0,4,4,4,4,4,0,0,0,4,4,4,4,4,0,0,0,0,4,4,4,4,0,0,True,P
5057_4e9adfa7.jpg,Test,0,0,0,0,0,0,0,0,0,0,0,0,0,0,0,0,0,0,0,0,0,0,0,0,0,0,0,8,8,0,0,0,0,0,0,8,8,0,0,0,0,0,0,8,8,0,0,0,0,0,0,8,8,0,0,0,0,0,0,8,8,0,0,0,True,P
5060_40a5dc4d.jpg,Test,0,0,0,0,0,0,0,0,0,0,0,0,0,0,0,0,0,0,1,1,0,0,0,0,0,0,1,1,0,0,8,8,0,8,1,1,0,0,8,8,0,8,1,1,0,0,8,8,0,8,1,1,0,0,8,8,0,0,0,0,0,0,0,0,True,P
5061_e17c475c.jpg,Test,0,0,0,0,0,0,0,0,0,0,0,8,8,0,0,0,0,0,8,8,8,0,0,0,0,0,8,8,8,0,0,0,0,0,8,8,8,0,0,0,0,0,0,8,8,0,0,0,0,0,0,8,8,0,0,0,0,0,0,8,8,0,0,0,True,P
5062_66361eeb.jpg,Test,0,0,0,0,0,0,0,0,0,0,0,0,0,0,0,0,0,0,0,0,8,0,0,0,0,0,0,8,8,0,0,0,0,0,0,8,8,0,0,0,0,8,8,8,8,8,0,0,0,8,8,0,8,8,8,0,0,0,0,0,0,0,0,0,True,P
5063_d1c8d795.jpg,Test,0,0,0,0,0,0,0,0,0,0,0,0,0,0,0,0,0,0,1,1,0,0,0,0,8,8,8,1,0,0,0,0,8,8,8,1,0,0,0,0,0,8,8,1,0,0,0,0,0,8,8,1,0,0,0,0,0,8,0,1,0,0,0,0,True,P
5064_081cf42c.jpg,Test,0,0,0,0,0,0,0,0,0,0,0,0,0,0,0,0,0,0,8,8,0,0,0,0,0,8,8,8,0,0,0,0,0,8,8,8,0,0,0,0,0,8,8,8,0,0,0,0,0,8,8,8,0,0,0,0,0,0,0,0,0,0,0,0,True,P
5065_b8671d9a.jpg,Test,0,0,0,8,8,0,0,0,0,0,0,8,8,0,0,0,0,0,0,1,1,0,0,0,0,0,0,1,1,0,0,0,0,0,0,1,1,0,0,0,0,0,0,1,1,0,0,0,0,0,0,1,1,0,0,0,0,0,0,1,1,0,0,0,True,P
5066_41ed0e4d.jpg,Test,0,0,0,0,0,0,0,0,0,8,8,0,0,1,1,0,8,8,8,0,0,1,1,0,8,8,8,0,0,1,1,0,8,8,8,8,0,1,1,0,8,8,8,0,1,1,1,0,8,8,8,0,0,1,1,0,8,8,8,0,0,1,1,0,True,P
5081_d16996b1.jpg,Test,0,0,0,0,0,0,0,0,0,0,0,0,0,0,0,0,0,1,1,1,0,0,0,0,0,1,1,1,0,0,0,0,0,1,1,1,0,0,0,0,0,1,1,1,0,0,0,0,0,1,1,1,0,0,0,0,0,1,1,1,0,0,0,0,True,P
5082_386b1709.jpg,Test,0,0,0,0,0,0,0,0,0,0,0,0,0,0,0,0,0,0,0,0,0,0,0,0,0,0,0,0,8,8,8,8,0,0,0,0,8,8,8,8,0,0,0,0,8,8,8,8,0,0,0,0,8,8,8,8,0,0,0,0,8,8,8,8,True,P
5096_61377ef5.jpg,Test,0,0,0,0,0,0,0,0,0,0,0,1,1,0,0,0,0,0,0,1,1,0,0,0,0,8,8,1,1,0,0,0,0,8,8,1,1,0,0,0,0,8,8,1,1,0,0,0,0,8,8,1,1,0,0,0,0,8,8,1,1,0,0,0,True,P
5130_03e6b02a.jpg,Test,0,0,0,0,0,0,8,0,0,0,0,0,1,8,8,8,0,0,0,0,1,1,8,8,0,0,0,0,1,1,8,8,0,0,0,0,1,1,8,8,0,0,0,0,1,1,8,8,0,0,1,1,1,1,8,8,0,0,1,1,1,0,0,0,True,P
5141_6940f7a0.jpg,Test,0,0,0,0,0,0,0,0,0,8,8,8,8,8,0,0,0,8,8,8,8,8,0,0,0,8,8,8,8,8,0,0,0,8,8,8,8,8,0,0,0,8,8,8,8,8,0,0,0,8,8,8,8,8,0,0,0,8,8,8,8,8,0,0,True,P
5153_ec17a4bb.jpg,Test,0,0,0,0,0,0,0,0,0,0,8,8,8,8,0,0,0,0,8,8,8,8,0,0,0,0,8,8,8,8,0,0,0,0,8,8,8,8,0,0,0,0,8,8,8,8,0,0,0,0,8,8,8,8,0,0,0,0,0,8,8,0,0,0,True,P
5285_c321b5c6.jpg,Test,0,0,5,5,5,0,0,0,0,0,5,5,5,0,0,0,0,0,5,5,5,0,0,0,0,0,5,5,5,0,0,0,0,0,5,5,5,0,0,0,0,0,5,5,5,0,0,0,0,0,5,5,5,0,0,0,0,0,5,5,5,0,0,0,True,P
5297_1173ab15.jpg,Test,0,0,0,0,0,0,0,0,0,7,7,0,7,7,0,0,0,7,7,0,7,7,0,0,0,7,7,0,7,7,0,0,0,7,7,0,7,7,0,0,0,7,7,0,7,7,0,0,0,7,7,0,7,7,0,0,0,7,7,0,0,0,0,0,True,P
5362_d64bb56a.jpg,Test,0,0,0,0,0,0,0,0,0,0,0,0,0,0,0,0,0,3,3,0,0,0,0,0,0,3,3,3,0,0,0,0,0,3,3,3,0,0,0,0,0,3,3,3,0,0,0,0,0,3,3,3,0,0,0,0,0,3,3,3,0,0,0,0,True,P
5363_86fe4c3c.jpg,Test,0,0,0,0,0,0,0,0,0,0,4,4,4,0,0,0,0,0,4,4,4,0,0,0,0,0,4,4,4,0,0,0,0,0,4,4,4,0,0,0,0,0,4,4,4,0,0,0,0,0,4,4,4,0,0,0,0,0,4,4,4,0,0,0,True,P
5364_ebe45f08.jpg,Test,0,0,0,0,0,0,0,0,0,0,0,0,0,0,0,0,0,0,0,0,0,0,0,0,0,0,0,0,0,0,0,0,0,0,0,0,0,0,0,0,0,0,0,0,0,0,0,0,0,0,0,0,0,0,0,0,0,0,0,0,0,0,0,0,True,P
5365_df858000.jpg,Test,0,0,0,0,0,0,0,0,0,0,0,0,0,0,0,0,0,0,0,3,3,3,0,0,0,0,0,3,3,3,0,0,0,0,0,3,3,3,0,0,0,0,0,3,3,3,0,0,0,0,0,3,3,3,0,0,0,0,0,0,0,0,0,0,True,P
1366_a4b2aafe.jpg,Test,0,0,0,0,0,0,0,0,0,0,0,0,0,0,0,0,0,0,0,8,8,8,0,0,0,0,0,8,8,8,0,0,0,0,0,8,8,8,0,0,0,0,0,8,8,8,0,0,0,0,0,8,8,8,0,0,0,0,0,0,0,0,0,0,True,S
1367_0a5848b3.jpg,Test,0,0,0,0,0,0,0,0,0,0,0,2,0,0,0,0,0,0,0,2,2,2,2,2,2,2,2,2,2,2,2,0,2,2,2,2,2,2,2,2,0,0,2,2,2,2,2,0,0,0,2,2,0,2,2,0,0,0,2,2,2,2,2,0,True,S
1368_812ffcae.jpg,Test,0,0,8,8,8,0,0,0,0,8,8,8,0,8,8,0,0,8,8,0,0,8,8,0,8,8,8,8,0,8,8,0,8,8,8,8,8,8,8,8,8,8,8,8,8,8,8,8,8,8,8,8,8,8,8,8,8,8,8,0,0,8,8,8,True,S
1369_d8df7486.jpg,Test,0,0,0,0,0,0,0,0,0,0,0,0,8,8,0,0,8,8,8,8,8,8,8,0,8,8,8,8,8,8,8,0,8,8,8,8,8,8,8,0,8,8,8,8,8,8,8,0,8,8,8,8,8,8,8,0,0,8,8,8,8,8,8,0,True,S
1370_d8c823dd.jpg,Test,0,0,0,0,0,0,0,0,0,0,0,0,0,0,0,0,0,0,0,0,0,0,0,0,0,0,0,0,0,0,0,0,0,0,8,8,0,0,0,0,2,0,8,8,0,0,0,0,0,0,8,8,0,0,0,0,0,0,8,8,0,0,0,0,True,S
1371_2a95d1ed.jpg,Test,0,0,0,0,0,0,0,0,0,0,0,0,0,0,0,0,0,0,0,0,0,0,0,0,0,0,0,0,0,0,0,0,0,0,0,0,0,0,0,0,0,0,0,0,0,0,0,0,0,0,0,0,0,0,0,0,0,0,0,0,0,0,0,0,True,S
1372_865b9239.jpg,Test,0,0,0,0,0,0,0,0,0,8,8,8,8,8,8,0,0,8,8,8,8,8,8,0,0,8,8,8,8,8,8,0,0,8,8,8,8,8,8,0,0,8,8,8,8,8,8,0,0,8,8,8,8,8,8,8,0,0,0,8,0,0,0,0,True,S
1373_2c77a586.jpg,Test,0,0,0,0,0,0,0,0,0,0,0,0,0,0,0,0,0,0,0,0,8,0,0,0,0,0,0,0,8,8,0,0,0,0,0,0,8,8,0,0,0,0,0,0,8,8,0,0,0,0,0,0,8,8,0,0,0,0,0,0,8,8,0,0,True,S
1374_d0b519ed.jpg,Test,0,0,0,0,0,0,0,0,0,0,0,0,0,0,0,0,0,0,0,0,0,0,0,0,0,2,2,2,0,0,0,0,0,8,2,2,0,0,0,0,0,2,2,8,0,0,0,0,0,2,2,8,0,0,0,0,0,2,0,0,0,0,0,0,True,S
1375_597d2f30.jpg,Test,0,0,0,0,8,8,0,0,0,0,8,8,8,8,0,0,0,0,8,8,8,8,0,0,0,0,8,8,8,8,0,0,0,0,8,8,8,8,0,0,0,0,8,8,8,8,0,0,0,0,8,8,8,8,0,0,0,0,8,8,8,8,0,0,True,S
1376_e9f5fada.jpg,Test,0,0,0,0,0,0,0,0,0,0,0,0,0,0,0,0,0,0,0,0,0,0,0,0,0,0,0,0,0,0,0,0,0,0,2,2,0,0,0,0,0,0,2,2,0,0,0,0,0,0,2,2,0,0,0,0,0,0,0,0,0,0,0,0,True,S
1377_75f964d7.jpg,Test,0,0,0,0,0,0,0,0,0,0,0,0,0,0,0,0,0,0,8,8,8,0,0,0,0,0,8,8,8,0,0,0,0,0,2,8,8,0,0,0,0,0,2,8,8,0,0,0,0,0,2,8,8,0,0,0,0,0,0,8,0,0,0,0,True,S
1378_5dbd68aa.jpg,Test,0,0,0,0,0,0,0,0,0,2,2,0,2,2,2,0,0,2,2,2,2,2,2,0,0,2,2,2,2,2,2,0,0,2,2,2,2,2,2,0,0,2,2,2,2,2,2,0,0,2,2,2,2,2,2,0,0,2,2,2,2,2,2,0,True,S
1379_b9e8e78f.jpg,Test,0,0,0,0,0,0,0,0,0,0,0,0,0,0,0,0,0,0,2,2,2,0,0,0,0,0,2,2,2,0,0,0,0,0,2,2,2,0,0,0,0,0,2,2,2,0,0,0,0,0,2,2,2,0,0,0,0,0,2,2,2,0,0,0,True,S
1380_25978729.jpg,Test,0,0,0,0,0,0,0,0,0,0,0,0,0,0,0,0,8,8,2,2,2,2,2,0,8,8,2,2,2,2,2,0,8,8,2,2,2,2,2,0,8,8,2,2,2,2,2,0,0,0,0,0,0,0,0,0,0,0,0,0,0,0,0,0,True,S
1381_bd2e2f8c.jpg,Test,0,0,0,0,0,0,0,0,0,0,0,0,0,0,0,0,0,0,2,2,0,2,2,2,2,2,2,2,0,2,2,2,2,2,2,2,0,0,2,2,2,2,2,2,0,0,2,2,0,0,2,2,0,0,0,0,0,0,0,0,0,0,0,0,True,S
1382_47e0b33e.jpg,Test,0,0,0,0,0,3,0,0,0,0,0,8,2,2,2,2,0,0,0,0,0,0,0,0,0,0,0,0,0,0,0,0,0,0,2,2,2,2,2,2,0,0,8,8,3,3,0,2,0,0,8,8,0,0,0,2,0,0,0,0,0,0,0,0,True,S
1383_e2855082.jpg,Test,0,0,0,0,0,0,0,0,0,0,0,0,0,8,8,0,0,0,0,0,8,8,8,0,0,0,0,0,0,8,8,0,0,0,0,0,8,8,8,0,0,0,0,0,0,8,8,0,0,0,0,0,0,8,8,0,0,0,0,0,0,0,0,0,True,S
1384_808391a2.jpg,Test,0,0,0,0,0,0,0,0,0,0,0,0,0,0,0,0,0,0,8,8,0,0,0,0,0,0,8,8,0,0,0,0,0,0,8,8,0,0,0,0,0,0,8,8,0,0,0,0,0,0,8,8,0,0,0,0,0,0,0,0,0,0,0,0,True,S
1385_0ed9c905.jpg,Test,0,0,0,0,0,0,0,0,0,0,8,8,0,0,0,0,0,8,8,8,0,0,0,0,0,8,8,0,0,0,0,0,0,8,8,0,0,0,0,0,0,8,8,0,0,0,0,0,0,8,8,4,0,0,0,0,0,8,8,4,0,0,0,0,True,S
1386_17a19415.jpg,Test,0,0,0,0,0,0,0,0,8,0,0,0,0,0,0,0,8,8,8,8,8,8,0,0,8,8,8,8,8,8,0,0,8,8,8,8,8,8,0,0,8,8,8,8,8,8,0,0,8,8,8,8,8,8,0,0,8,8,8,8,0,0,0,0,True,S
1388_35c9cacd.jpg,Test,0,0,0,0,0,0,0,0,8,8,8,0,8,0,0,0,0,0,0,0,0,0,0,0,0,0,0,0,0,0,0,0,0,0,0,0,0,0,0,0,0,0,0,0,0,0,0,0,0,0,0,0,0,0,0,0,0,0,0,0,0,0,0,0,True,S
1389_a0b9a46c.jpg,Test,0,0,0,0,0,0,0,6,0,0,0,0,0,6,6,0,0,0,0,0,0,6,6,0,0,0,0,0,0,6,6,6,0,0,0,0,0,6,6,6,0,0,0,0,0,0,6,0,0,0,0,0,0,0,6,0,0,0,0,0,0,0,6,0,True,S
1390_565f40e7.jpg,Test,8,8,8,0,0,0,0,0,8,8,8,8,6,6,0,0,8,8,8,8,0,6,6,0,8,8,8,8,0,6,6,0,8,8,8,8,0,6,6,0,8,8,8,8,0,6,6,0,0,0,0,0,0,0,0,0,0,0,0,0,0,8,0,0,True,S
1391_265a0101.jpg,Test,0,0,0,0,0,0,0,0,0,0,0,8,0,0,0,0,0,0,8,8,0,8,8,8,0,0,8,8,0,8,8,8,0,0,8,8,0,8,8,8,0,0,8,8,0,8,8,8,0,2,8,0,0,8,8,8,0,2,0,0,0,8,8,8,True,S
1392_adef69ae.jpg,Test,0,0,0,0,0,0,0,0,0,0,0,8,8,0,0,0,0,2,2,10,10,0,0,0,0,2,2,0,0,0,0,0,0,2,2,0,0,0,0,0,0,2,2,8,0,0,0,8,8,2,2,8,0,0,0,0,0,0,0,0,0,0,0,0,True,S
1393_47061b1a.jpg,Test,0,0,0,0,0,0,0,0,0,0,0,0,0,0,0,0,0,0,0,0,0,0,0,0,0,0,0,0,0,0,0,0,0,0,0,0,0,0,0,0,0,0,0,0,0,0,0,0,0,0,0,0,0,0,0,0,0,0,0,0,0,0,0,0,True,S
1394_4e32af08.jpg,Test,0,0,0,0,0,0,0,0,0,0,0,0,0,0,0,0,0,0,0,0,0,2,0,0,0,0,0,0,2,2,0,0,0,0,0,0,2,2,0,0,0,0,0,0,0,2,0,0,0,0,0,0,0,2,2,0,0,0,0,0,0,0,0,0,True,S
1395_0fbd6e28.jpg,Test,0,0,8,8,0,0,0,0,0,0,8,8,8,8,0,0,0,0,8,8,8,8,0,0,0,0,8,8,8,8,0,0,0,0,8,8,8,8,0,0,0,0,8,8,8,8,0,0,0,0,8,8,8,8,0,0,0,0,0,0,0,0,0,0,True,S
1396_c13ad8ed.jpg,Test,0,0,0,0,0,0,0,0,0,0,0,0,0,0,0,0,0,0,2,0,0,0,0,0,0,2,2,0,0,0,0,0,0,2,2,0,0,0,0,0,0,2,2,0,0,0,0,0,0,2,2,0,0,0,0,0,0,0,0,0,0,0,0,0,True,S
1397_06331c88.jpg,Test,0,0,0,0,0,0,0,0,0,0,0,0,0,0,0,0,0,0,0,0,0,0,0,0,0,0,0,0,0,0,0,0,8,8,0,0,0,0,0,0,8,8,0,0,0,0,0,0,8,8,0,0,0,0,0,0,8,8,0,0,0,0,0,0,True,S
1398_43601a60.jpg,Test,0,0,0,0,0,0,0,0,0,0,0,0,0,0,0,0,0,0,0,0,0,0,8,0,0,0,0,0,0,8,8,0,0,0,0,0,0,8,8,0,0,0,0,0,0,8,8,0,0,0,0,0,0,0,8,0,0,0,0,0,0,0,8,0,True,S
1399_4619316a.jpg,Test,0,0,0,0,0,0,0,0,0,0,0,0,2,2,0,0,0,0,2,0,2,2,0,0,0,0,2,2,2,2,0,0,0,0,2,0,0,2,0,0,0,0,2,0,2,2,0,0,0,0,2,0,0,0,0,0,0,0,0,0,0,0,0,0,True,S
1400_e3af6d97.jpg,Test,0,0,0,0,0,0,0,0,0,0,0,0,0,0,0,0,0,0,0,0,0,0,0,0,0,0,8,0,0,0,0,0,0,0,8,8,0,0,0,0,0,0,8,8,0,0,0,0,0,0,8,8,0,0,0,0,0,0,8,8,0,0,0,0,True,S
1401_1ba97f6b.jpg,Test,0,0,0,0,0,0,0,0,0,0,0,0,0,0,0,0,0,0,0,8,0,0,0,0,0,8,8,8,8,8,0,0,0,8,8,8,8,8,0,0,0,8,8,8,8,8,0,0,0,8,8,8,8,0,0,0,0,0,8,8,0,0,0,0,True,S
1402_deee740d.jpg,Test,0,0,0,0,0,0,0,0,0,8,8,8,0,0,0,0,0,8,8,8,0,0,0,0,0,8,8,8,0,0,0,0,8,8,8,8,0,0,0,0,8,8,8,8,0,0,0,0,8,8,8,8,0,0,0,0,8,8,0,0,0,0,0,0,True,S
1403_76d59f86.jpg,Test,0,0,0,0,8,8,0,0,0,0,8,8,8,8,0,0,0,0,8,8,8,8,0,0,0,0,8,8,8,8,0,0,0,0,8,8,8,8,0,0,0,0,8,8,8,8,0,0,0,8,8,8,8,8,0,0,0,0,0,0,0,8,0,0,True,S
1404_a508f9a3.jpg,Test,0,0,0,0,0,0,0,0,0,0,0,0,0,0,0,0,0,0,0,0,0,0,0,0,0,0,0,2,2,0,0,0,0,0,0,2,2,0,0,0,0,0,0,0,0,0,0,0,0,0,0,0,0,0,0,0,0,0,0,0,0,0,0,0,True,S
1405_d88ee88e.jpg,Test,0,0,0,0,0,0,0,0,0,0,0,0,0,0,0,0,0,0,8,8,0,0,0,0,0,0,8,8,0,0,0,0,0,0,8,8,0,0,0,0,0,0,8,8,0,0,0,0,0,0,8,8,0,0,0,0,0,0,8,8,0,0,0,0,True,S
1406_e1488215.jpg,Test,0,0,0,0,0,0,0,0,0,0,0,0,0,0,0,0,0,2,2,2,2,0,0,0,0,2,2,2,2,0,0,0,0,2,2,0,0,0,0,0,0,2,2,0,0,0,0,0,0,2,2,0,0,0,0,0,0,2,2,2,0,0,0,0,True,S
1407_f9502238.jpg,Test,0,0,0,0,0,0,0,0,0,0,0,8,8,8,0,0,0,0,8,8,8,8,0,0,0,0,8,8,8,0,0,0,0,0,8,8,8,0,0,0,0,0,8,8,8,0,0,0,0,0,8,8,8,8,0,0,0,0,0,8,8,0,0,0,True,S
1408_384950ad.jpg,Test,0,0,0,0,0,0,0,0,0,0,0,0,0,0,0,0,0,8,0,8,8,0,8,0,8,8,8,8,8,0,8,0,8,8,8,8,8,0,8,0,8,8,8,8,8,0,8,0,8,8,8,8,8,0,8,0,0,0,0,0,0,0,0,0,True,S
1409_b83c28cb.jpg,Test,0,0,0,0,0,0,0,0,0,0,0,0,0,0,0,0,0,0,0,0,0,0,0,0,0,0,0,0,0,0,0,0,0,0,0,0,0,0,0,0,0,0,0,0,0,0,0,0,0,0,0,0,0,0,0,0,0,0,0,0,0,0,0,0,True,S
1410_2d3f1b5a.jpg,Test,0,0,0,0,0,0,0,0,0,0,0,0,0,2,2,0,0,0,0,0,2,2,2,0,0,2,2,2,2,2,2,0,0,0,2,2,2,2,2,0,0,0,2,2,2,2,2,0,0,0,0,7,7,2,2,0,0,0,0,7,7,2,2,0,True,S
1411_42771397.jpg,Test,0,0,0,0,0,0,0,0,0,0,0,0,0,0,0,0,0,0,0,0,0,0,0,0,0,0,0,0,0,0,0,0,0,0,0,0,0,0,0,0,0,0,0,0,0,0,0,0,0,0,0,0,0,0,0,0,0,0,0,0,0,0,0,0,True,S
1412_b66afcce.jpg,Test,0,0,0,0,0,0,0,0,0,0,0,0,0,0,0,0,0,0,8,8,0,0,0,0,0,0,8,8,0,0,0,0,0,0,8,8,0,0,0,0,0,0,8,8,0,0,0,0,0,0,8,8,0,0,0,0,0,0,0,0,0,0,0,0,True,S
1413_a6a0f1f7.jpg,Test,0,0,0,0,0,0,0,0,0,0,0,0,0,0,0,0,0,0,0,0,0,0,0,0,0,0,0,0,0,0,0,0,0,0,0,0,0,0,0,0,0,0,0,0,0,0,0,0,8,8,8,8,8,0,0,0,0,8,8,8,0,0,0,0,True,S
1415_6b758dcd.jpg,Test,0,0,0,0,0,0,0,0,0,0,0,0,0,0,0,0,0,0,0,0,0,0,0,0,0,0,0,0,0,0,0,0,0,0,0,0,0,0,0,0,0,0,0,0,0,0,0,0,0,8,8,8,8,8,8,8,0,8,8,8,0,0,0,0,True,S
1417_6a9570ee.jpg,Test,0,0,0,0,0,0,0,0,0,0,0,0,0,0,0,0,0,0,0,0,0,0,0,0,0,0,0,0,0,0,0,0,0,0,0,0,0,0,0,0,0,0,0,8,8,0,0,0,0,0,0,8,8,0,0,0,0,0,0,0,0,0,0,0,True,S
1418_996b7656.jpg,Test,0,0,0,0,0,0,0,0,0,0,0,0,0,0,0,0,0,8,0,0,2,0,0,0,0,8,0,0,2,2,2,0,0,8,0,0,2,2,2,0,0,8,0,0,2,2,2,0,0,4,0,0,0,0,0,0,0,0,0,0,0,0,0,0,True,S
1419_0fb3a252.jpg,Test,0,0,0,0,0,0,0,0,0,0,8,8,8,8,0,0,0,0,8,8,8,8,0,0,0,0,8,8,8,8,0,0,0,0,8,8,8,8,0,0,0,0,8,8,8,8,0,0,0,0,8,8,8,8,0,0,0,0,0,0,0,0,0,0,True,S
1420_780d85eb.jpg,Test,0,0,0,0,0,0,0,0,0,0,0,0,0,0,0,0,0,0,0,0,0,0,0,0,0,0,0,0,0,0,0,0,0,8,8,0,0,0,0,0,0,8,8,0,0,0,0,0,0,8,8,0,0,0,0,0,0,8,8,0,0,0,0,0,True,S
1421_57774312.jpg,Test,0,0,0,0,0,0,0,0,0,0,8,8,8,8,0,0,0,0,8,8,8,8,0,0,0,0,8,8,8,8,0,0,0,0,8,8,8,8,0,0,0,0,8,8,8,8,0,0,0,0,8,8,8,8,0,0,0,0,8,0,0,0,0,0,True,S
1422_2e937364.jpg,Test,0,0,0,0,0,0,0,0,0,0,8,8,8,0,0,0,0,0,8,8,8,0,0,0,0,0,8,8,8,0,0,0,0,0,8,8,8,0,0,0,0,8,8,8,8,0,0,0,0,8,8,8,8,0,0,0,0,0,0,0,0,0,0,0,True,S
1423_b5829cc1.jpg,Test,0,0,0,0,0,0,0,0,0,0,0,2,2,0,0,0,0,0,0,0,2,2,0,0,0,0,0,2,2,2,0,0,0,0,0,2,2,0,0,0,0,0,0,0,0,0,0,0,0,0,0,0,0,0,0,0,0,0,0,0,0,0,0,0,True,S
1424_f82f7349.jpg,Test,0,0,0,0,0,0,0,0,0,0,0,0,0,0,0,0,0,0,0,0,0,0,0,0,0,0,0,0,0,0,0,0,0,2,2,2,0,0,0,0,0,2,2,2,2,0,0,0,0,2,2,2,2,0,0,0,0,0,2,0,0,0,0,0,True,S
1425_24fa4821.jpg,Test,0,0,0,0,0,0,0,0,0,0,0,0,0,0,0,0,0,0,0,0,0,0,0,0,0,0,0,0,0,0,0,0,0,0,0,0,0,0,0,0,0,0,0,0,0,0,0,0,0,0,0,0,0,0,0,0,0,0,0,0,0,0,0,0,True,S
1426_7f674c17.jpg,Test,0,0,0,0,0,0,0,0,0,0,8,8,0,0,0,0,0,0,8,8,0,2,0,0,0,0,8,8,0,2,0,0,0,0,8,8,0,2,0,0,0,0,8,8,0,2,0,0,0,0,8,8,0,0,0,0,0,0,8,8,0,0,0,0,True,S
1427_2f4a945b.jpg,Test,0,0,0,0,0,0,0,0,0,8,8,8,0,0,0,0,0,8,8,8,0,0,0,0,0,8,8,8,0,2,2,0,0,8,8,8,0,2,2,0,0,8,8,8,0,2,2,0,0,8,8,8,0,2,2,0,0,0,0,0,0,0,0,0,True,S
1428_c8fe76ef.jpg,Test,0,0,0,0,0,0,0,0,0,0,0,0,0,0,0,0,0,0,0,0,0,0,0,0,0,0,0,0,0,0,0,0,0,0,0,0,0,0,0,0,0,0,0,0,0,0,0,0,0,0,0,0,0,0,0,0,0,0,0,0,0,0,0,0,True,S
1429_005edc36.jpg,Test,0,0,0,0,0,0,0,0,0,0,0,0,0,0,0,0,0,0,0,0,0,0,0,0,0,0,0,0,0,0,0,0,0,0,0,0,0,0,0,0,0,0,0,0,0,0,0,0,8,0,2,0,0,2,2,2,0,0,0,0,0,0,0,0,True,S
1430_fdeeecb3.jpg,Test,0,0,0,0,0,0,0,0,0,0,0,0,0,0,0,0,0,0,8,8,8,0,0,0,0,0,8,8,8,0,0,0,0,0,8,8,8,0,0,0,0,0,8,8,8,0,0,0,0,0,8,8,8,0,0,0,0,0,8,8,8,0,0,0,True,S
1431_24026c25.jpg,Test,0,0,0,0,0,0,0,0,0,0,0,0,0,0,0,0,0,0,0,0,0,8,8,0,0,0,0,0,8,8,8,0,0,0,0,0,8,8,8,0,0,0,0,0,0,8,8,0,0,0,0,0,0,8,8,0,0,0,0,0,0,0,0,0,True,S
1432_d4297857.jpg,Test,0,0,0,0,0,2,0,0,0,0,8,8,2,2,1,0,0,0,8,8,2,2,1,0,0,0,8,8,2,2,1,0,0,0,8,8,2,2,1,0,0,0,8,8,2,2,1,0,0,0,8,8,2,2,1,0,0,0,8,8,2,2,1,0,True,S
1433_d9d86cd5.jpg,Test,0,0,0,0,0,0,0,0,0,0,0,0,0,0,0,0,0,8,8,8,8,8,8,8,0,8,8,8,8,8,8,8,0,8,8,8,8,8,8,8,0,8,8,8,8,8,8,8,0,8,8,8,8,8,8,8,0,8,8,8,8,8,8,8,True,S
1434_e45629c4.jpg,Test,0,0,0,0,0,0,0,0,0,0,8,8,8,0,0,0,0,0,8,8,8,0,0,0,0,0,8,8,8,0,0,0,0,0,8,8,8,0,0,0,0,0,8,8,8,0,0,0,0,0,8,8,8,0,0,0,0,0,0,0,0,0,0,0,True,S
1435_14058bfd.jpg,Test,0,0,0,0,0,0,0,0,0,8,8,8,0,0,0,0,0,8,8,8,0,0,0,0,0,8,8,8,0,0,0,0,0,8,8,8,0,0,0,0,0,8,8,8,0,0,0,0,0,8,8,8,0,0,0,0,0,0,0,0,0,0,0,0,True,S
1436_cd243a55.jpg,Test,0,0,0,0,0,0,0,0,0,8,8,8,8,8,0,0,0,0,8,8,8,8,0,0,0,0,8,8,8,8,0,0,0,0,8,8,8,8,0,0,0,0,8,8,8,8,0,0,0,0,8,8,8,8,0,0,0,0,8,8,8,8,0,0,True,S
1437_89ae95e8.jpg,Test,0,0,0,0,0,0,0,0,0,0,0,0,0,0,0,0,0,0,0,8,8,8,0,0,0,0,0,8,8,8,2,0,0,0,0,8,8,8,2,0,0,0,0,8,8,8,2,0,0,0,0,8,8,8,2,0,0,0,0,8,8,0,0,0,True,S
1438_d57f25d9.jpg,Test,0,0,0,0,0,0,0,0,0,0,0,8,8,8,0,0,0,0,0,8,8,8,0,0,0,0,0,8,8,8,0,0,0,8,0,8,8,8,0,0,0,8,8,8,8,8,0,0,0,0,0,0,0,0,0,0,0,0,0,8,8,0,0,0,True,S
1439_497960b5.jpg,Test,0,0,0,0,0,0,0,0,0,0,0,0,0,0,0,0,0,0,0,0,0,0,0,0,0,0,0,0,0,0,0,0,0,0,0,0,0,0,0,0,0,0,0,0,0,0,0,0,0,0,0,0,0,0,0,0,0,0,0,0,0,0,0,0,True,S
1440_e38ec689.jpg,Test,0,0,0,0,0,0,0,0,0,0,0,0,0,0,0,0,0,8,8,4,0,0,0,0,0,8,8,4,8,8,8,0,0,8,8,4,0,8,8,0,0,8,8,4,0,8,8,0,0,0,8,4,0,8,8,0,0,0,8,4,0,0,0,0,True,S
1441_65cc192e.jpg,Test,0,0,0,0,0,0,0,0,0,0,0,8,8,0,0,0,0,0,8,8,8,0,0,0,0,0,8,8,8,0,0,0,0,0,8,8,8,0,0,0,0,0,8,8,8,0,0,0,0,0,8,8,8,0,0,0,0,0,0,0,0,0,0,0,True,S
1442_7a37ac6e.jpg,Test,0,0,0,0,0,0,0,0,0,0,0,0,0,0,0,0,0,0,0,0,0,0,0,0,0,0,0,0,0,0,0,0,0,0,0,0,8,0,0,0,0,0,0,0,0,0,0,0,0,0,0,0,0,0,0,0,0,0,0,0,0,0,0,0,True,S
1443_ce9d3100.jpg,Test,0,0,0,0,0,0,0,0,0,0,0,0,0,0,0,0,0,0,0,0,0,0,0,0,0,0,2,2,0,0,0,0,0,0,2,2,0,0,0,0,0,0,2,0,0,0,0,0,0,0,0,0,0,0,0,0,0,0,0,0,0,0,0,0,True,S
1444_7e3e51f0.jpg,Test,0,0,0,0,0,0,0,0,0,0,0,0,0,0,0,0,0,0,0,0,0,0,0,0,0,0,0,0,0,0,0,0,0,0,0,0,0,0,0,0,0,0,0,0,0,0,0,0,0,0,0,0,0,0,0,0,0,0,0,0,0,0,0,0,True,S
1445_bf617a5b.jpg,Test,0,0,0,0,0,0,0,0,0,0,2,2,2,0,0,0,0,0,2,2,2,0,0,0,0,0,2,2,2,0,0,0,0,0,2,2,2,0,0,0,0,0,2,2,2,0,0,0,0,0,2,2,2,0,0,0,0,0,2,2,2,0,0,0,True,S
1446_08eb35d1.jpg,Test,0,0,0,0,0,0,0,0,0,0,0,0,0,0,0,0,0,0,8,8,8,0,0,0,0,0,8,8,8,0,8,0,0,0,8,8,8,0,0,0,0,0,8,8,8,0,0,0,0,0,8,8,8,0,0,0,0,0,0,8,0,0,0,0,True,S
1447_4240269c.jpg,Test,0,0,0,0,0,0,0,0,0,0,0,0,0,0,0,0,0,0,0,0,0,0,0,0,0,0,0,0,0,0,0,0,0,0,0,0,0,0,0,0,0,0,0,0,0,0,0,0,0,0,0,0,0,0,0,0,0,0,0,0,0,0,0,0,True,S
1448_f6a29cc7.jpg,Test,0,0,0,0,0,0,0,0,0,0,0,0,0,0,0,0,0,0,0,0,0,0,0,0,0,0,0,0,0,0,0,0,0,0,0,0,0,0,0,0,0,0,0,0,0,0,0,0,0,0,0,0,0,0,0,0,0,0,0,0,0,0,0,0,True,S
1449_55836c41.jpg,Test,0,0,0,0,0,0,0,0,0,0,0,0,0,0,0,0,0,0,0,0,0,0,0,0,0,0,0,2,0,0,0,0,0,0,0,2,0,0,0,0,0,0,2,0,0,0,0,0,0,0,0,0,0,0,0,0,0,0,0,0,0,0,0,0,True,S
1450_018c5190.jpg,Test,0,0,0,0,0,0,0,0,0,0,0,0,0,0,0,0,0,0,0,0,0,0,0,0,0,0,0,0,0,0,0,0,0,0,0,0,0,0,0,0,0,0,0,0,0,0,0,0,0,0,0,0,0,0,0,0,0,0,0,0,0,0,0,0,True,S
1451_d08ad0f8.jpg,Test,0,0,0,0,0,0,0,0,0,0,0,0,0,0,0,0,0,0,0,0,0,0,0,0,0,0,0,0,0,0,0,0,0,0,0,0,0,0,0,0,0,0,0,0,0,0,0,0,0,0,0,0,0,0,0,0,0,0,0,0,0,0,0,0,True,S
1452_d50f5f5f.jpg,Test,0,0,0,0,0,0,0,0,0,0,0,0,0,0,0,0,0,0,0,0,2,0,0,0,0,0,0,8,2,0,0,0,0,0,8,8,2,0,0,0,0,0,8,0,2,0,0,0,0,0,8,0,0,0,0,0,0,0,0,0,0,0,0,0,True,S
1453_52f3acd3.jpg,Test,0,0,0,0,0,0,0,0,0,0,8,8,0,0,0,0,0,0,8,8,0,0,0,0,0,0,8,8,0,0,0,0,0,0,8,8,0,0,0,0,0,0,8,8,0,0,0,0,0,0,8,8,0,0,0,0,0,0,8,0,0,0,0,0,True,S
1454_79bfeac1.jpg,Test,0,0,0,0,0,0,0,0,0,0,0,0,0,2,2,0,0,0,0,0,0,2,0,0,0,0,2,2,2,8,0,0,0,0,0,0,2,8,0,0,0,0,0,0,2,8,0,0,0,0,0,0,0,8,0,0,0,0,0,2,0,0,0,0,True,S
1455_f6d8ac7a.jpg,Test,0,0,0,0,0,0,0,0,2,0,0,0,0,0,0,0,2,2,2,0,0,0,0,0,0,0,2,0,2,2,0,0,0,0,0,0,2,0,0,2,0,0,0,0,0,0,0,0,0,0,0,0,0,0,0,0,0,0,0,0,0,0,0,0,True,S
1456_9592c132.jpg,Test,0,0,0,0,0,0,0,0,0,0,0,0,0,0,0,0,0,0,0,0,0,2,2,0,0,0,0,0,0,2,2,0,0,0,0,0,0,2,2,0,0,0,0,0,0,2,2,0,0,0,0,0,0,2,2,0,0,0,0,0,0,2,2,0,True,S
1457_0af20d2f.jpg,Test,0,0,0,0,0,0,0,0,0,0,0,8,0,0,0,0,0,2,2,8,0,0,0,0,0,2,2,0,0,0,0,0,0,2,2,0,8,8,8,0,0,2,2,0,0,8,8,0,0,2,2,0,0,8,8,0,0,2,2,0,0,8,8,0,True,S
1458_adea1b0f.jpg,Test,0,0,0,0,0,0,0,0,0,0,8,8,8,0,0,0,0,0,8,8,8,0,0,0,0,0,8,8,8,0,0,0,0,0,8,8,8,0,0,0,0,0,8,8,8,0,0,0,0,0,8,8,8,0,0,0,0,0,8,8,0,0,0,0,True,S
1459_8ffdf44f.jpg,Test,0,0,0,0,0,0,0,0,0,0,0,2,0,0,0,0,0,0,0,2,0,0,0,0,0,0,0,2,2,0,0,0,0,2,0,2,2,0,0,0,0,2,0,2,0,0,0,0,0,0,0,2,0,0,0,0,0,0,0,2,0,0,0,0,True,S
1460_749363df.jpg,Test,0,0,0,0,0,0,0,0,0,0,2,0,0,0,0,0,0,0,2,0,0,0,0,0,0,0,2,2,0,0,0,0,0,0,2,2,0,0,0,0,0,0,2,2,0,0,0,0,0,0,0,0,0,0,0,0,0,0,0,0,0,0,0,0,True,S
1461_39fcc75e.jpg,Test,0,0,0,0,0,0,0,0,0,0,0,0,0,0,0,0,0,0,0,0,8,0,0,0,0,0,0,0,8,8,0,0,0,0,0,0,8,8,0,0,0,0,0,0,0,0,0,0,0,0,0,0,0,0,0,0,0,0,0,0,0,0,0,0,True,S
1462_c5fbc490.jpg,Test,0,0,0,0,0,0,0,0,0,0,2,0,0,0,0,0,0,0,0,0,0,0,8,8,0,0,2,2,0,0,8,8,0,0,2,2,0,0,8,8,0,0,2,2,0,0,8,8,0,0,0,0,0,0,8,8,0,0,0,0,0,0,0,0,True,S
1463_2fb9c402.jpg,Test,0,0,0,0,0,0,0,0,0,0,0,0,0,0,0,0,0,0,0,0,0,0,0,0,0,0,0,8,0,0,0,0,8,8,8,8,8,8,8,8,8,8,8,8,8,8,8,8,0,0,0,0,0,0,0,0,0,0,0,0,0,0,0,0,True,S
1464_b9792c4c.jpg,Test,0,0,0,0,0,0,0,0,0,0,0,0,0,0,0,0,0,0,0,2,0,8,8,0,0,2,2,2,0,0,8,0,0,0,0,0,0,0,8,0,0,0,0,0,0,0,8,0,0,0,0,0,0,0,0,0,0,0,0,0,0,0,0,0,True,S
1465_99741932.jpg,Test,0,0,0,0,0,0,0,0,0,0,2,2,0,2,0,0,0,0,2,2,2,2,0,0,0,0,2,2,0,2,0,0,0,0,2,2,0,2,0,0,0,0,2,2,0,2,0,0,0,0,2,2,2,2,0,0,0,0,0,0,0,0,0,0,True,S
1466_ac757b3b.jpg,Test,0,0,0,0,0,0,0,0,0,0,0,0,0,0,0,0,0,0,0,0,0,0,0,0,0,0,0,0,0,0,0,0,0,0,2,2,0,0,0,0,0,0,2,2,0,0,0,0,0,0,0,0,0,0,0,0,0,0,0,0,0,0,0,0,True,S
1467_1df78367.jpg,Test,0,0,0,0,0,0,0,0,0,8,8,8,8,0,0,0,0,8,8,8,8,0,0,0,0,8,8,8,8,0,0,0,0,8,8,8,8,0,0,0,0,8,8,8,8,0,0,0,0,8,8,8,8,0,0,0,0,8,0,8,0,0,0,0,True,S
1468_45188098.jpg,Test,0,0,0,0,0,0,0,0,0,0,0,0,0,0,0,0,0,0,0,2,2,0,0,0,0,0,2,2,2,0,0,0,0,0,0,2,2,0,0,0,0,0,0,2,2,0,0,0,0,0,0,2,0,0,0,0,0,0,0,0,0,0,0,0,True,S
1469_f47a8227.jpg,Test,0,0,0,0,0,0,0,0,0,0,0,0,0,0,0,0,0,0,0,2,2,0,0,0,0,0,0,2,2,0,0,0,0,0,0,2,2,0,0,0,0,0,0,2,2,0,0,0,0,0,0,2,2,0,0,0,0,0,0,0,0,0,0,0,True,S
1470_ffb35e3d.jpg,Test,0,0,0,2,2,2,0,0,0,0,0,0,0,0,0,0,0,0,0,2,2,2,0,0,0,0,0,2,2,2,0,0,0,0,0,2,2,0,0,0,0,0,0,2,0,0,0,0,0,0,0,0,0,0,0,0,0,0,0,0,0,2,0,0,True,S
1471_3e9d3cf5.jpg,Test,0,0,0,0,0,0,0,0,0,0,0,0,0,0,0,0,0,0,2,2,8,8,2,0,2,8,2,8,2,8,2,0,0,8,2,8,0,8,2,0,0,8,2,8,0,8,2,0,0,8,2,8,0,0,2,0,0,0,0,0,0,0,0,0,True,S
1472_c07c5f34.jpg,Test,0,0,0,0,0,0,0,0,8,8,8,8,8,8,8,8,8,8,8,8,8,8,8,8,8,8,8,8,8,8,8,8,8,8,8,8,8,8,8,8,8,8,8,8,8,8,8,8,8,8,8,8,8,8,8,8,8,8,8,0,0,0,0,0,True,S
1473_5c3d7be5.jpg,Test,0,0,0,0,0,0,0,0,0,6,0,0,0,0,0,0,0,6,0,0,0,1,1,0,0,6,0,0,0,1,0,0,0,6,0,0,0,1,1,0,0,6,0,0,0,1,0,0,0,6,0,0,0,1,0,0,0,0,0,0,0,0,0,0,True,S
1474_5752ee5d.jpg,Test,0,0,0,0,0,0,0,0,0,0,0,0,0,0,0,0,0,0,0,1,1,1,0,0,0,0,0,6,1,1,0,0,0,1,6,6,1,1,0,0,0,0,6,1,1,1,0,0,0,0,0,1,1,1,0,0,0,0,1,1,1,0,0,0,True,S
1475_db84b410.jpg,Test,0,0,0,0,0,0,0,0,0,0,0,0,0,0,0,0,0,0,0,1,1,0,0,0,0,0,0,1,1,0,0,0,0,0,0,1,1,0,0,0,0,0,0,1,1,0,0,0,0,0,0,1,1,0,0,0,0,0,0,0,0,0,0,0,True,S
1476_20557154.jpg,Test,0,0,0,0,0,0,0,0,0,1,1,1,1,1,1,0,0,1,1,1,1,1,1,0,0,1,1,1,1,1,1,0,0,1,1,1,1,1,1,0,0,1,1,1,1,1,1,0,0,1,1,1,1,1,1,0,0,1,0,0,0,0,0,0,True,S
1477_12a0b803.jpg,Test,0,0,0,0,0,0,0,0,0,0,0,0,0,0,0,0,0,0,0,0,0,0,0,0,0,0,0,0,0,0,0,0,0,0,0,6,6,6,0,0,0,0,0,0,0,0,0,0,0,0,0,6,6,0,0,0,0,0,0,6,6,0,0,0,True,S
1478_15bcf205.jpg,Test,0,0,0,0,0,0,0,0,0,0,0,0,0,0,0,0,0,0,0,0,0,0,0,0,0,0,1,6,6,6,0,0,0,0,1,1,6,6,0,0,0,0,1,1,6,6,0,0,0,0,1,1,6,6,6,0,0,0,1,6,6,6,0,0,True,S
1479_03f90017.jpg,Test,0,0,0,0,0,1,0,0,0,0,1,1,1,1,0,0,0,1,1,1,1,1,0,0,0,1,1,1,1,1,0,0,0,1,1,1,1,1,0,0,0,1,1,1,1,1,0,0,0,1,1,1,1,1,0,0,0,0,1,1,0,1,0,0,True,S
1480_5bd277b6.jpg,Test,0,0,0,0,0,0,0,0,0,0,0,0,6,6,6,6,0,0,0,6,6,6,6,6,0,0,0,6,6,6,6,6,0,0,1,1,1,6,6,6,0,0,1,1,1,6,6,6,0,0,1,1,6,0,0,6,0,0,0,0,0,0,0,0,True,S
1481_9135c55f.jpg,Test,0,0,0,0,0,0,0,0,0,0,0,6,0,6,0,0,0,0,1,6,6,6,0,0,0,0,6,6,6,6,0,0,0,0,0,6,6,6,0,0,0,0,0,6,6,6,0,0,0,0,0,6,6,6,0,0,0,0,0,6,6,6,0,0,True,S
1482_2ce8362d.jpg,Test,0,0,1,1,1,0,0,0,0,0,1,1,1,0,6,0,0,0,1,1,1,0,6,6,0,0,1,1,1,0,6,6,0,0,1,1,1,0,6,6,0,0,1,1,1,0,6,6,0,0,1,1,1,0,6,6,0,0,0,0,0,0,0,0,True,S
1483_ce1b501b.jpg,Test,0,0,0,0,0,0,0,0,0,0,0,1,1,1,0,0,0,0,0,1,1,1,0,0,0,0,0,1,1,1,0,0,0,0,0,1,1,1,0,0,0,0,0,1,1,1,0,0,0,0,0,1,1,1,0,0,0,0,0,0,0,0,0,0,True,S
1484_130e8766.jpg,Test,0,0,0,0,0,0,0,0,0,1,1,1,6,0,0,0,0,1,1,1,6,0,0,0,0,1,1,1,6,0,0,0,0,1,1,1,6,0,0,0,0,1,1,1,6,0,0,0,0,1,1,1,6,0,0,0,0,0,1,0,0,0,0,0,True,S
1485_910eddb8.jpg,Test,0,0,6,0,0,0,0,0,0,0,6,6,1,1,0,0,0,0,6,6,1,1,0,0,0,0,6,6,1,1,0,0,0,0,6,6,1,1,0,0,0,0,6,6,1,1,0,0,0,0,6,6,1,1,0,0,0,0,0,0,0,0,0,0,True,S
1486_b181ce2f.jpg,Test,0,0,0,0,0,0,0,0,0,1,1,1,1,0,0,0,0,1,1,1,1,1,1,0,0,1,1,1,1,1,1,0,0,1,1,1,1,0,1,0,0,1,1,1,1,1,1,0,0,1,1,1,1,1,1,0,0,0,0,0,0,0,1,0,True,S
1487_de69202d.jpg,Test,0,0,0,6,1,0,0,0,0,0,0,6,1,0,1,0,0,0,0,6,1,0,1,0,0,0,0,1,1,0,1,0,0,0,0,6,1,0,1,0,0,0,0,6,1,0,1,0,0,0,6,6,1,0,1,0,0,0,0,0,1,0,1,0,True,S
1488_ed6849c1.jpg,Test,0,0,0,0,0,0,0,0,0,0,0,0,0,1,1,0,0,0,0,0,0,1,1,0,0,0,0,0,0,1,1,0,0,0,0,0,0,1,1,0,0,0,0,0,0,1,1,0,0,0,0,0,0,1,1,0,0,0,0,0,0,0,0,0,True,S
1489_19e56da1.jpg,Test,0,0,0,0,0,0,0,0,0,0,0,0,0,0,0,0,0,0,0,0,0,1,0,0,0,0,0,0,0,1,1,0,0,0,0,0,0,1,1,0,0,0,0,0,0,0,0,0,0,0,0,0,0,0,0,0,0,0,0,0,0,0,0,0,True,S
1490_e062db51.jpg,Test,0,0,0,0,0,0,0,0,0,0,0,0,0,0,0,0,0,0,0,0,0,6,6,0,0,0,0,0,0,6,6,0,0,0,0,0,0,6,6,0,0,0,0,0,0,6,6,0,0,0,0,0,0,0,0,0,0,0,0,0,0,0,0,0,True,S
1491_0ac9d793.jpg,Test,0,0,0,0,0,0,0,0,0,0,0,0,0,0,0,0,0,0,6,0,1,0,0,0,0,0,6,0,1,0,0,0,0,0,6,0,1,0,0,0,0,0,6,0,1,0,0,0,0,0,6,0,1,0,0,0,0,0,0,0,0,0,0,0,True,S
1492_9798c2b4.jpg,Test,0,0,0,0,0,0,0,0,0,0,0,6,6,6,0,0,0,0,0,6,6,6,0,0,0,0,0,6,6,6,0,0,0,0,0,6,6,6,0,0,0,0,0,6,6,6,0,0,0,0,0,6,6,6,0,0,0,0,0,0,6,6,0,0,True,S
1493_27d4e7dd.jpg,Test,0,0,0,0,0,0,0,0,0,0,0,0,0,0,0,0,0,0,1,1,6,0,0,0,0,0,1,1,6,0,0,0,0,0,1,1,6,0,0,0,0,0,1,1,6,0,0,0,0,0,1,1,6,0,0,0,0,0,0,0,0,0,0,0,True,S
1494_75b3c1b0.jpg,Test,0,0,0,0,0,0,0,0,0,0,6,0,6,0,0,0,0,0,6,0,6,0,0,0,0,0,6,6,6,0,0,0,0,0,6,0,6,0,0,0,0,0,6,0,6,6,0,0,0,0,6,0,6,6,0,0,0,0,6,6,6,0,0,0,True,S
1495_1128e653.jpg,Test,0,0,0,0,0,0,0,0,0,0,0,0,0,1,0,0,0,0,0,0,0,1,0,0,0,0,6,6,0,1,0,0,0,0,6,6,0,1,0,0,0,0,6,6,0,1,0,0,0,0,6,6,0,0,0,0,0,0,0,0,0,0,0,0,True,S
1496_9add8edf.jpg,Test,0,0,0,0,0,0,0,0,0,1,1,0,0,0,0,0,0,1,1,0,1,1,1,0,0,1,1,0,1,1,1,0,0,1,1,0,1,1,1,0,0,1,1,0,1,1,1,0,0,1,1,0,1,1,1,1,0,1,1,0,0,0,0,0,True,S
1497_c7457ede.jpg,Test,0,6,0,6,6,0,0,0,0,6,0,6,6,0,0,0,0,6,0,6,6,0,0,0,0,6,0,6,6,0,0,0,0,6,0,6,6,0,0,0,0,6,0,6,6,0,0,0,0,6,0,6,6,0,0,0,0,6,0,0,0,0,0,0,True,S
1498_e7e146dd.jpg,Test,0,0,0,0,0,0,0,0,0,0,0,6,0,0,0,0,0,0,6,6,0,0,0,0,0,0,6,6,0,0,0,0,0,0,6,6,0,0,0,0,0,0,6,6,0,0,0,0,0,0,6,6,0,0,0,0,0,0,0,0,0,0,0,0,True,S
1499_617cdf8d.jpg,Test,0,0,0,0,0,0,0,0,0,0,0,0,0,0,1,0,0,0,0,1,1,1,1,0,0,0,0,1,1,1,1,0,0,0,0,1,1,1,1,0,0,0,0,1,1,1,1,0,0,0,0,0,0,0,0,0,0,0,0,0,0,0,0,0,True,S
1500_ce27da3e.jpg,Test,0,0,0,0,0,0,0,0,0,0,1,1,1,0,6,0,0,0,1,1,1,6,6,0,0,0,1,1,1,6,6,0,0,0,1,1,1,6,6,0,0,0,1,1,1,6,6,0,0,0,0,0,0,6,6,0,0,0,0,0,0,0,0,0,True,S
1501_c62a9c4b.jpg,Test,0,0,0,0,0,0,0,0,0,0,0,0,0,6,6,0,0,0,0,0,6,6,6,0,0,0,0,0,6,6,6,0,0,0,0,0,6,6,6,0,0,0,0,0,6,6,6,0,0,0,0,0,6,6,6,0,0,0,0,0,0,6,0,0,True,S
1502_1fe67d69.jpg,Test,0,0,0,0,0,0,0,0,0,0,0,0,0,0,0,0,0,0,0,6,6,0,0,0,0,0,0,6,6,0,0,0,0,0,0,6,6,0,0,0,0,0,0,6,6,0,0,0,0,0,0,6,6,0,0,0,0,0,0,0,0,0,0,0,True,S
1503_09a59d64.jpg,Test,0,0,0,0,0,0,0,0,0,0,0,0,0,0,0,0,0,0,0,6,1,0,0,0,0,0,0,6,1,0,0,0,0,0,0,6,1,0,0,0,0,0,0,6,1,0,0,0,0,0,0,0,0,0,0,0,0,0,0,0,0,0,0,0,True,S
1504_53e60f67.jpg,Test,0,0,0,0,0,0,0,0,0,6,6,1,6,6,0,0,6,6,6,1,6,6,0,0,6,6,6,1,6,6,0,0,6,6,6,1,6,6,0,0,6,6,6,1,6,6,0,0,6,6,6,1,6,6,0,0,0,0,0,0,0,0,0,0,True,S
1505_38858b33.jpg,Test,0,0,0,0,0,0,0,0,0,0,0,0,0,0,0,0,0,0,0,0,1,0,0,0,0,0,0,1,1,1,1,0,0,0,0,1,1,1,1,0,0,0,0,1,1,1,1,0,0,0,0,0,0,0,0,0,0,0,0,0,0,0,0,0,True,S
1506_eeef7063.jpg,Test,0,0,0,0,0,0,0,0,0,0,1,1,1,0,0,0,0,0,1,1,1,0,0,0,0,0,1,1,1,0,0,0,0,0,1,1,1,0,0,0,0,0,1,1,1,0,0,0,0,0,1,1,1,0,0,0,0,0,0,0,0,0,0,0,True,S
1507_0cbe369d.jpg,Test,0,0,0,0,0,0,0,0,0,0,6,6,6,0,0,0,0,0,6,6,6,0,0,0,0,0,6,6,6,0,0,0,0,0,6,6,6,0,0,0,0,0,6,6,6,0,0,0,0,0,6,6,6,0,0,0,0,0,6,0,0,0,0,0,True,S
1508_20557154.jpg,Test,0,0,0,0,0,0,0,0,0,1,1,1,1,1,1,0,0,1,1,1,1,1,1,0,0,1,1,1,1,1,1,0,0,1,1,1,1,1,1,0,0,1,1,1,1,1,1,0,0,1,1,1,1,1,1,0,0,1,1,1,1,1,1,0,True,S
1509_c9e54f6f.jpg,Test,0,0,0,0,0,0,0,0,0,0,0,0,1,0,0,0,0,0,0,0,1,0,0,0,0,0,0,1,1,1,0,0,0,0,0,0,1,0,0,0,0,0,0,0,0,0,0,0,0,0,0,0,0,0,0,0,0,0,0,0,0,0,0,0,True,S
1510_7fcb61ca.jpg,Test,0,0,0,0,0,0,0,0,0,0,0,1,1,1,0,0,0,0,0,1,1,1,0,0,0,0,1,1,1,1,0,0,0,0,1,1,1,1,0,0,0,0,1,1,1,1,0,0,0,0,1,1,1,1,0,0,0,0,0,0,0,0,0,0,True,S
1511_5b6b9ed1.jpg,Test,0,0,0,0,0,0,0,0,0,0,0,0,0,0,0,0,0,0,0,0,0,1,1,0,0,0,0,6,6,1,1,0,0,0,0,6,6,1,1,0,0,0,0,6,6,1,1,0,0,0,0,0,0,1,0,0,0,0,0,0,0,0,0,0,True,S
1512_84b21fcf.jpg,Test,0,0,0,0,0,0,0,0,0,0,0,0,0,0,0,0,0,0,0,0,0,1,1,0,0,0,0,6,6,1,1,0,0,0,0,6,6,1,1,0,0,0,0,6,6,1,1,0,0,0,0,0,0,0,1,0,0,0,0,0,0,0,0,0,True,S
1513_387a3089.jpg,Test,0,0,0,0,0,0,0,0,0,0,0,0,0,0,0,0,0,0,0,1,6,6,0,0,0,0,0,1,6,6,0,0,0,0,0,1,6,6,0,0,0,0,0,1,6,6,0,0,0,0,0,1,6,6,0,0,0,0,1,1,0,0,0,0,True,S
1514_232aa306.jpg,Test,0,0,0,0,0,6,0,0,0,6,6,2,6,6,6,6,0,6,6,2,6,6,6,6,0,6,6,2,6,6,6,6,0,6,6,2,6,6,6,6,0,6,6,2,6,6,6,6,0,0,6,0,0,0,0,0,0,0,0,0,0,0,0,0,True,S
1515_33733f12.jpg,Test,0,0,0,0,0,0,0,0,0,0,0,1,1,0,0,0,0,0,0,1,1,0,0,0,0,0,0,1,1,0,0,0,0,0,0,1,1,0,0,0,0,0,0,1,1,0,0,0,0,0,0,1,1,0,0,0,0,0,0,0,0,0,0,0,True,S
1516_3d0d07bc.jpg,Test,0,0,0,0,0,0,0,0,0,0,0,0,0,0,0,0,0,0,0,1,1,0,0,0,0,0,0,1,1,0,0,0,0,0,0,1,1,0,0,0,0,0,0,1,1,0,0,0,0,0,0,1,1,0,0,0,0,0,0,1,0,0,0,0,True,S
1517_cc7aa014.jpg,Test,0,0,0,0,0,0,0,0,0,0,1,6,1,0,0,0,0,1,1,6,1,0,0,0,0,1,1,6,1,0,0,0,0,1,1,6,1,0,0,0,0,1,1,6,1,0,0,0,0,1,1,6,1,0,0,0,0,0,0,0,1,0,0,0,True,S
1518_b903c855.jpg,Test,0,0,0,0,0,0,0,0,0,0,6,0,6,0,0,0,0,0,6,6,6,6,6,0,0,0,6,6,6,6,0,0,0,0,6,6,6,6,6,0,0,0,6,6,6,6,6,0,0,0,0,0,0,0,0,0,0,0,0,0,0,0,0,0,True,S
1519_fd57a788.jpg,Test,0,0,0,0,0,0,0,0,0,0,0,0,0,0,0,0,0,0,0,0,0,0,0,0,0,0,0,6,6,0,0,0,0,0,0,6,6,0,0,0,0,0,0,6,0,0,0,0,0,0,0,0,0,0,0,0,0,0,0,0,0,0,0,0,True,S
1520_d2d32cb3.jpg,Test,0,0,0,0,0,0,0,0,0,0,0,0,0,0,0,0,0,1,1,1,1,1,1,1,1,1,1,1,1,1,1,1,1,1,1,1,1,1,1,1,1,1,1,1,1,1,1,1,1,1,1,1,1,1,1,0,0,0,0,0,0,0,0,0,True,S
1521_275743d4.jpg,Test,0,0,0,0,0,0,0,0,0,0,0,0,1,1,0,0,0,0,0,0,0,1,1,0,0,0,0,0,0,1,1,0,0,0,0,0,0,1,1,0,0,0,0,0,0,1,1,0,0,0,0,0,0,1,1,0,0,0,0,0,0,1,1,0,True,S
1522_adc5a81f.jpg,Test,0,0,0,0,0,0,0,0,0,0,6,6,6,0,0,0,0,0,6,6,6,6,0,0,0,0,6,0,6,6,0,0,0,0,6,6,6,6,0,0,0,0,6,0,6,0,0,0,0,0,6,0,6,0,0,0,0,0,0,0,0,0,0,0,True,S
1523_4fc8c6de.jpg,Test,0,0,0,0,0,0,0,0,0,0,0,6,6,0,0,0,0,0,0,6,6,0,0,0,0,0,0,6,6,0,0,0,0,0,0,6,6,0,0,0,0,0,0,6,6,0,0,0,0,0,0,6,6,0,0,0,0,0,0,0,0,0,0,0,True,S
1524_2b540e7f.jpg,Test,0,0,0,0,0,0,0,0,0,0,6,0,0,1,0,0,0,0,6,6,0,1,1,0,0,0,6,0,0,1,1,0,0,0,6,0,0,1,1,0,0,0,6,0,0,1,0,0,0,0,6,0,0,1,1,0,0,0,0,0,0,0,0,0,True,S
1525_bb4e3e72.jpg,Test,0,0,0,0,0,0,0,0,0,0,0,0,0,0,0,0,0,0,0,1,1,0,0,0,0,0,6,1,1,0,0,0,0,0,6,1,1,0,0,0,0,0,0,1,1,0,0,0,0,6,0,1,1,0,0,0,0,0,6,1,1,0,0,0,True,S
1526_602735b5.jpg,Test,0,0,0,1,1,0,0,0,0,0,0,1,1,1,0,0,0,0,0,1,1,1,0,0,0,0,0,1,1,1,0,0,0,0,0,1,1,1,0,0,0,0,0,1,1,1,0,0,0,0,0,1,1,1,0,0,0,0,0,1,1,0,0,0,True,S
1527_4e5a6b50.jpg,Test,0,0,0,0,0,1,0,0,0,0,1,1,1,1,0,0,0,0,1,1,1,1,0,0,0,0,1,1,1,1,0,0,0,0,1,1,1,1,0,0,0,0,1,1,1,1,0,0,0,0,1,1,1,1,0,0,0,0,0,0,0,0,0,0,True,S
1528_f9f5b1fb.jpg,Test,0,0,0,0,0,0,0,0,0,0,1,1,0,0,0,0,0,0,1,1,6,0,0,0,0,0,1,1,6,0,0,0,0,0,1,1,6,0,0,0,0,0,1,1,6,0,0,0,0,0,1,1,6,0,0,0,0,0,0,0,0,0,0,0,True,S
1529_75378276.jpg,Test,0,0,0,0,0,0,0,0,0,0,1,1,1,1,0,0,0,0,1,1,1,1,1,0,0,1,1,1,1,1,1,0,0,0,1,1,1,1,1,0,0,0,1,1,1,1,1,0,0,1,1,1,1,1,1,0,0,0,0,0,1,1,1,0,True,S
1530_0e590395.jpg,Test,0,0,1,0,0,0,0,0,0,1,1,1,1,1,0,0,0,1,1,1,1,1,0,0,0,1,1,1,1,1,0,0,0,1,1,1,1,1,0,0,0,1,1,1,1,1,0,0,0,1,1,1,1,1,0,0,0,0,0,0,0,0,0,0,True,S
1531_0ca518a0.jpg,Test,0,0,0,0,0,0,0,0,0,0,0,0,1,1,0,0,0,0,0,0,0,1,0,0,0,0,0,0,0,1,0,0,0,0,0,0,0,0,0,0,0,0,0,0,1,1,0,0,0,0,0,0,1,1,0,0,0,0,0,0,0,0,0,0,True,S
1532_a10c3d82.jpg,Test,0,0,0,0,1,1,0,0,0,0,0,0,1,0,0,0,0,0,0,0,1,1,0,0,0,0,0,0,1,1,1,0,0,0,0,0,1,0,0,0,0,0,0,0,0,0,0,0,0,0,0,0,0,0,0,0,0,0,0,0,0,0,0,0,True,S
1533_dec10901.jpg,Test,0,0,0,0,0,0,0,0,0,0,0,1,1,0,0,0,0,6,6,1,1,0,0,0,0,6,6,1,1,0,0,0,0,6,6,1,1,0,0,0,0,6,6,1,1,0,0,0,0,6,6,1,1,0,0,0,0,0,0,0,0,0,0,0,True,S
1534_00f71cf6.jpg,Test,0,0,0,0,0,0,0,0,0,0,1,0,0,0,0,0,0,0,1,1,0,0,0,0,0,0,1,1,1,0,0,0,0,0,1,1,1,0,0,0,0,0,1,1,0,0,0,0,0,0,1,1,0,0,0,0,0,0,1,1,0,0,0,0,True,S
1535_3411879e.jpg,Test,0,0,0,0,0,0,0,0,0,0,0,6,0,0,0,0,0,0,6,6,1,0,0,0,0,0,6,6,1,1,0,0,0,0,6,6,1,1,0,0,0,0,6,6,1,1,0,0,0,0,6,6,1,1,0,0,0,0,0,0,0,0,0,0,True,S
1536_2c5c967e.jpg,Test,0,0,0,0,6,0,0,0,0,0,0,6,6,6,0,0,0,0,0,6,6,6,0,0,0,0,0,6,6,6,0,0,0,0,6,6,6,6,0,0,0,0,0,6,6,6,0,0,0,0,0,6,6,6,0,0,0,0,6,0,0,0,0,0,True,S
1537_4c1407a4.jpg,Test,0,0,0,0,0,0,0,0,0,0,0,1,1,0,0,0,0,0,0,1,1,0,0,0,0,0,0,1,1,0,0,0,0,0,0,1,1,0,0,0,0,0,0,1,1,0,0,0,0,0,0,1,0,0,0,0,0,0,0,0,0,0,0,0,True,S
1538_4f0334b0.jpg,Test,0,0,0,0,0,0,0,0,1,0,0,0,0,6,0,0,1,1,0,1,1,6,0,0,1,1,0,1,1,6,0,0,1,1,0,1,1,6,0,0,1,1,0,1,1,6,0,0,1,0,0,1,1,6,0,0,0,0,0,0,0,0,0,0,True,S
1539_92f069a0.jpg,Test,0,0,0,0,0,0,6,6,0,1,0,0,0,6,6,6,1,1,0,0,0,6,6,6,1,1,0,0,0,6,6,6,1,1,0,0,0,6,6,6,1,1,0,0,0,6,6,6,1,1,0,0,0,6,6,6,1,1,0,0,0,0,0,0,True,S
1540_af495b94.jpg,Test,0,0,0,0,0,0,0,0,0,0,6,0,0,0,0,0,0,6,6,0,1,1,0,0,0,6,6,0,1,1,0,0,0,6,6,0,1,1,0,0,0,6,6,0,1,1,0,0,0,0,0,0,1,1,0,0,0,0,0,0,0,0,0,0,True,S
1541_f465f6d7.jpg,Test,0,0,0,0,0,0,0,0,0,0,0,0,0,0,0,0,0,0,1,0,0,0,0,0,0,0,1,1,0,0,0,0,0,0,1,1,0,0,0,0,0,0,1,1,0,0,0,0,0,0,1,1,0,0,0,0,0,0,1,1,0,0,0,0,True,S
1542_ecfd5bd2.jpg,Test,0,0,0,1,0,0,0,0,0,0,0,1,1,1,0,0,0,0,1,1,1,1,0,0,0,0,1,1,1,1,0,0,0,0,1,1,1,1,0,0,0,0,1,1,1,1,0,0,0,0,1,1,1,1,0,0,0,0,0,0,0,0,0,0,True,S
1543_3b719fc4.jpg,Test,0,0,0,0,0,0,0,0,0,0,6,6,0,0,0,0,0,0,6,6,0,0,0,0,0,0,6,6,0,0,0,0,0,0,6,6,0,0,0,0,0,0,6,6,0,0,0,0,0,0,6,6,0,0,0,0,0,0,0,0,0,0,0,0,True,S
1544_cfd43e88.jpg,Test,0,0,0,0,0,0,0,0,0,0,1,0,6,1,1,0,0,1,1,0,6,1,1,0,0,1,1,0,6,1,0,0,0,1,1,0,6,1,1,0,0,1,1,0,6,1,0,0,0,1,1,0,6,1,0,0,0,0,0,0,0,1,1,0,True,S
1545_459eab09.jpg,Test,0,0,0,0,0,0,0,0,0,0,6,0,0,0,0,0,0,0,6,6,0,0,0,0,0,0,6,6,0,0,0,0,0,0,6,6,0,0,0,0,0,0,6,6,0,0,0,0,0,0,6,0,0,0,0,0,0,0,0,0,0,0,0,0,True,S
1546_f351a9ea.jpg,Test,0,0,0,0,0,0,0,0,0,0,0,0,0,0,0,0,0,0,0,0,1,0,0,0,0,0,1,1,1,0,0,0,0,0,1,1,0,0,0,0,0,0,1,0,0,0,0,0,0,0,1,0,0,0,0,0,0,0,0,0,0,0,0,0,True,S
1547_de61f6c7.jpg,Test,0,0,0,0,0,0,0,0,0,0,0,0,0,0,0,0,0,0,0,6,6,6,6,6,6,6,6,6,6,6,6,6,6,6,6,6,6,6,6,6,6,6,6,6,6,6,6,6,6,6,6,6,0,0,0,0,0,0,0,0,0,0,0,0,True,S
1548_8ccc7873.jpg,Test,0,0,0,0,0,0,0,0,0,0,0,6,6,0,0,0,0,0,0,6,6,0,0,0,0,0,0,6,6,0,0,0,0,0,0,6,6,0,0,0,0,0,0,6,6,0,0,0,0,0,0,0,0,0,0,0,0,0,0,0,0,0,0,0,True,S
1549_5b9bdce1.jpg,Test,0,0,0,0,0,0,0,0,0,0,0,0,0,0,0,0,0,0,0,1,1,0,0,0,0,0,0,1,1,0,0,0,0,0,0,1,1,0,0,0,0,0,0,1,1,0,0,0,0,0,0,0,1,0,0,0,0,0,0,0,0,0,0,0,True,S
1550_5aeca442.jpg,Test,0,0,0,0,1,0,0,0,0,0,0,0,1,0,0,0,0,0,0,0,1,1,0,0,0,0,0,0,1,1,0,0,0,0,0,0,1,1,0,0,0,0,0,0,0,1,0,0,0,0,0,0,0,1,0,0,0,0,0,0,0,0,0,0,True,S
1551_4bf80611.jpg,Test,0,0,0,0,0,0,0,0,0,1,1,1,1,0,1,0,0,1,1,1,1,1,1,1,0,1,1,1,1,1,1,1,0,1,1,1,1,1,1,1,0,1,1,1,1,1,1,1,0,1,1,1,1,1,1,1,0,0,0,0,0,0,0,0,True,S
1552_23e0115d.jpg,Test,0,0,0,0,0,0,0,0,0,0,0,0,1,0,0,0,0,0,1,1,1,1,0,0,0,0,1,1,1,1,0,0,0,0,1,1,1,1,0,0,0,0,1,1,1,1,0,0,0,0,1,1,1,1,0,0,0,0,0,1,1,1,0,0,True,S
1553_cc1133eb.jpg,Test,0,0,0,0,0,0,0,0,0,0,0,0,0,0,0,0,0,0,0,1,6,0,0,0,0,0,0,1,6,6,0,0,0,0,0,1,6,6,0,0,0,0,0,1,6,6,0,0,0,0,0,1,6,6,0,0,0,0,0,1,6,0,0,0,True,S
1554_630f6a4c.jpg,Test,0,0,0,0,0,0,0,0,0,0,0,0,0,0,0,0,0,0,0,1,1,0,0,0,0,0,0,1,1,1,0,0,0,0,0,1,1,1,0,0,0,0,0,1,1,1,0,0,0,0,0,1,1,1,0,0,0,0,0,0,0,0,0,0,True,S
1555_23f62ea7.jpg,Test,0,0,0,0,0,0,0,0,0,0,0,6,6,6,0,0,6,6,0,6,6,6,6,0,0,6,0,6,6,6,6,0,6,6,6,6,6,6,8,6,0,6,6,6,6,6,6,0,0,6,6,6,6,6,6,0,0,0,0,0,0,0,0,0,True,S
1556_7ca4fc94.jpg,Test,0,0,0,0,0,0,0,0,0,1,1,1,0,1,0,0,1,1,1,1,1,1,1,1,1,1,1,1,0,1,1,1,1,0,1,1,1,1,1,1,1,0,1,1,1,1,1,1,0,1,1,1,0,1,1,0,0,0,1,0,0,1,0,0,True,S
1557_3d5aafef.jpg,Test,0,0,0,0,0,0,0,0,0,0,0,1,1,0,0,0,0,0,0,1,1,0,0,0,0,0,0,1,1,0,0,0,0,0,0,1,1,0,0,0,0,0,0,1,1,0,0,0,0,0,0,1,1,0,0,0,0,0,0,1,0,0,0,0,True,S
1558_7654b228.jpg,Test,0,0,0,0,0,0,0,0,0,0,1,0,0,0,0,0,0,1,1,1,1,1,1,0,0,1,1,1,1,1,1,1,1,1,1,1,1,1,1,1,1,1,1,1,1,1,1,1,1,1,1,1,1,1,1,1,0,1,1,1,1,1,1,1,True,S
1559_9c182cb4.jpg,Test,0,0,0,0,0,0,0,0,0,0,0,0,0,0,0,0,0,0,0,1,1,0,0,0,0,0,0,1,1,0,0,0,0,0,0,1,1,0,0,0,0,0,0,1,1,0,0,0,0,0,0,1,1,0,0,0,0,0,0,0,0,0,0,0,True,S
1560_2b1d00d1.jpg,Test,0,0,0,0,0,0,0,0,0,0,0,0,0,0,0,0,0,6,0,0,0,0,0,0,0,6,6,0,0,0,0,0,0,6,6,0,0,0,0,0,0,6,0,0,0,0,0,0,0,0,0,0,0,0,0,0,0,0,0,0,0,0,0,0,True,S
1561_037adff7.jpg,Test,0,0,0,0,0,0,0,0,0,0,0,0,0,0,0,0,0,0,0,0,0,0,0,0,0,0,0,1,1,1,0,0,0,0,0,1,1,1,0,0,0,0,0,0,1,0,0,0,0,0,0,0,1,0,0,0,0,0,0,0,0,0,0,0,True,S
1562_d4afa677.jpg,Test,0,0,0,0,0,0,0,0,0,0,0,0,0,0,0,0,0,0,0,0,6,0,0,0,0,0,0,6,6,0,0,0,0,0,0,6,6,0,0,0,0,0,0,6,6,0,0,0,0,0,0,6,6,0,0,0,0,0,0,0,0,0,0,0,True,S
1563_bf52ea05.jpg,Test,0,0,0,0,0,0,0,0,0,0,1,1,1,0,0,0,0,1,1,1,1,0,0,0,0,0,1,1,1,0,0,0,0,0,1,1,1,0,0,0,0,0,1,1,1,0,0,0,0,0,1,1,1,0,0,0,0,0,0,0,0,0,0,0,True,S
1564_773496a1.jpg,Test,0,0,0,0,0,0,0,0,0,0,0,1,0,1,0,0,0,0,1,1,1,1,1,0,0,0,1,1,1,1,1,0,0,0,1,1,1,1,0,0,0,0,1,1,1,1,0,0,0,0,1,1,1,1,0,0,0,0,0,1,0,0,0,0,True,S
1565_48ec31be.jpg,Test,0,0,0,0,0,0,0,0,0,0,0,0,0,0,0,0,0,0,6,0,1,1,0,0,0,0,6,6,1,1,0,0,0,0,6,6,1,1,0,0,0,0,6,6,1,1,0,0,0,0,6,6,1,1,0,0,0,0,0,0,0,0,0,0,True,S
1567_5f545c65.jpg,Test,0,0,0,0,0,0,0,0,0,0,0,0,0,0,0,0,0,0,0,0,0,0,0,0,0,0,0,0,0,0,0,0,0,0,0,0,0,0,0,0,0,0,0,0,0,0,0,0,0,0,0,0,0,0,0,0,0,0,0,0,0,0,0,0,True,S
1568_d8b59f73.jpg,Test,0,0,0,0,0,0,0,0,0,0,0,6,0,0,0,0,0,0,0,6,6,0,0,0,0,0,0,6,6,0,0,0,0,0,0,6,6,0,0,0,0,0,0,6,6,0,0,0,0,0,0,6,6,0,0,0,0,0,0,0,0,0,0,0,True,S
1569_9028289b.jpg,Test,0,0,0,0,6,0,0,0,0,0,0,1,6,0,0,0,0,0,0,1,6,6,0,0,0,0,0,1,6,0,0,0,0,0,0,1,6,0,0,0,0,0,1,1,6,0,0,0,0,0,1,1,6,0,0,0,0,0,0,0,0,0,0,0,True,S
1570_4973e509.jpg,Test,0,0,0,0,0,0,0,0,0,6,0,6,0,6,0,0,0,0,0,6,6,6,0,0,0,0,0,0,0,6,0,0,0,0,0,0,6,6,0,0,0,6,0,6,6,6,0,0,0,6,0,6,0,6,0,0,0,0,0,0,0,0,0,0,True,S
1571_92475101.jpg,Test,0,0,0,0,0,0,0,0,0,0,0,0,0,0,0,0,0,0,1,1,0,0,0,0,0,0,1,1,0,0,0,0,0,0,1,1,0,0,0,0,0,0,1,1,1,0,0,0,0,0,1,1,1,0,0,0,0,0,0,0,0,0,0,0,True,S
1572_6f79ef1f.jpg,Test,0,0,0,0,0,0,0,0,0,0,0,0,0,0,0,0,0,0,0,1,1,1,0,0,0,0,0,1,1,0,0,0,0,0,0,1,1,1,0,0,0,0,0,1,1,1,0,0,0,0,0,1,1,1,0,0,0,0,0,0,0,0,0,0,True,S
1573_9845b2eb.jpg,Test,0,0,0,0,0,0,0,0,0,0,0,0,0,0,0,0,0,0,0,0,1,1,0,0,0,0,0,0,1,1,1,0,0,0,0,0,1,1,1,0,0,0,0,0,0,0,0,0,0,0,0,0,0,0,0,0,0,0,0,0,0,0,0,0,True,S
1574_e83fb022.jpg,Test,0,0,0,0,0,0,0,0,0,0,0,0,0,0,0,0,0,0,1,0,6,0,0,0,0,0,1,6,6,6,0,0,0,0,1,6,6,6,0,0,0,0,1,6,6,6,0,0,0,0,0,6,6,0,0,0,0,0,0,0,0,0,0,0,True,S
1575_0c59b54f.jpg,Test,0,0,0,0,0,0,0,0,0,0,6,6,6,0,0,0,0,6,6,6,6,6,6,0,0,0,6,6,6,6,6,0,0,0,6,6,6,6,6,0,0,0,6,6,6,6,6,0,0,0,6,6,6,6,6,0,0,0,0,0,0,6,0,0,True,S
1576_0e590395.jpg,Test,0,0,1,0,0,0,0,0,0,1,1,1,1,1,0,0,0,1,1,1,1,1,0,0,0,1,1,1,1,1,0,0,0,1,1,1,1,1,0,0,0,1,1,1,1,1,0,0,0,1,1,1,1,1,0,0,0,0,0,0,0,0,0,0,True,S
1577_bc124932.jpg,Test,0,0,0,0,0,0,0,0,0,0,6,6,6,6,6,0,6,6,6,6,6,6,6,6,6,6,6,6,6,6,6,0,6,6,6,6,6,6,6,6,6,6,6,6,6,6,6,6,6,6,6,6,6,0,6,6,0,0,0,0,0,0,0,0,True,S
1578_0668a47d.jpg,Test,0,0,0,0,0,0,0,0,0,0,0,6,0,0,0,0,0,0,6,6,6,6,0,0,0,0,6,1,6,6,0,0,0,0,1,1,6,6,0,0,0,1,1,6,6,6,0,0,0,0,6,6,0,0,0,0,0,0,0,0,0,0,0,0,True,S
1579_33cf2e9f.jpg,Test,0,0,0,0,0,0,0,0,0,0,1,1,0,0,0,0,0,0,1,1,0,0,0,0,0,0,1,1,0,0,0,0,0,0,1,1,0,0,0,0,0,0,1,1,0,0,0,0,0,0,1,1,0,0,0,0,0,0,0,0,0,0,0,0,True,S
1580_2130b0c3.jpg,Test,0,0,0,0,0,0,0,0,0,0,0,0,0,0,0,0,0,1,1,1,1,0,0,0,0,1,1,1,1,1,0,0,0,1,1,1,1,1,0,0,0,1,1,1,1,1,0,0,0,1,1,1,1,1,0,0,0,0,0,0,0,0,0,0,True,S
1581_aa4a5181.jpg,Test,0,0,0,0,0,0,0,0,0,6,6,0,1,1,0,0,0,6,6,0,1,1,0,0,0,6,6,0,1,1,0,0,0,6,6,0,1,1,0,0,0,6,6,0,1,1,0,0,0,6,6,0,1,1,0,0,0,6,6,6,1,1,0,0,True,S
1582_c982460b.jpg,Test,0,0,0,0,0,0,0,0,0,0,0,0,0,0,0,0,0,0,1,6,6,0,0,0,0,0,1,6,6,0,0,0,0,0,1,6,6,6,0,0,0,0,1,6,6,6,0,0,0,0,1,6,6,6,0,0,0,0,0,0,0,0,0,0,True,S
1583_65e2197d.jpg,Test,0,0,0,0,0,0,0,0,0,0,0,0,0,0,0,0,0,0,0,6,6,6,6,0,0,0,0,6,6,6,6,0,0,0,0,6,6,6,6,0,0,0,0,6,6,6,6,0,0,0,0,6,6,6,6,0,0,0,0,0,0,0,0,0,True,S
1584_216b48df.jpg,Test,0,0,0,0,0,0,0,0,0,0,0,0,0,0,0,0,0,0,0,0,0,0,0,0,0,0,0,0,6,0,0,0,0,0,1,1,0,0,0,0,0,0,1,1,0,0,0,0,0,0,0,0,0,0,0,0,0,0,0,0,0,0,0,0,True,S
1585_94804c56.jpg,Test,0,0,0,0,0,0,0,0,0,0,1,1,0,0,0,0,0,0,1,1,0,0,0,0,0,0,1,1,1,0,0,0,0,0,1,1,1,0,0,0,0,1,1,1,0,0,0,0,0,0,1,1,0,0,0,0,0,0,0,0,0,0,0,0,True,S
1586_4b269c3e.jpg,Test,0,0,0,0,0,0,0,0,0,6,6,0,0,1,0,0,0,6,6,0,1,1,0,0,0,6,6,0,0,1,0,0,0,6,6,0,0,1,0,0,0,6,6,0,0,1,0,0,0,6,6,0,0,1,0,0,0,0,0,0,0,0,0,0,True,S
1587_f6e78b5e.jpg,Test,6,6,0,0,0,0,0,0,6,6,0,1,1,1,0,1,6,6,0,1,1,1,0,1,6,6,0,1,1,1,0,1,6,6,0,1,1,1,0,1,6,6,0,1,1,1,0,1,6,6,0,1,1,1,0,1,0,0,0,0,0,0,0,0,True,S
1588_ce1b501b.jpg,Test,0,0,0,0,0,0,0,0,0,0,0,1,1,1,0,0,0,0,0,1,1,1,0,0,0,0,0,1,1,1,0,0,0,0,0,1,1,1,0,0,0,0,0,1,1,1,0,0,0,0,0,1,1,1,0,0,0,0,0,0,0,0,0,0,True,S
1589_a103e31a.jpg,Test,0,0,0,0,0,0,0,0,0,0,1,1,1,1,0,0,0,0,1,1,1,1,0,0,0,0,1,1,1,1,0,0,0,0,1,1,1,1,0,0,0,0,1,1,1,1,0,0,0,0,1,1,1,1,0,0,0,0,0,0,0,0,0,0,True,S
1590_6d72e643.jpg,Test,0,0,0,0,0,0,0,0,0,4,0,3,3,0,0,0,4,4,0,3,3,0,0,0,4,4,0,3,3,0,0,0,4,4,4,3,3,0,0,0,4,4,4,3,3,0,0,0,4,0,4,3,3,0,0,0,0,0,0,0,0,0,0,0,True,S
1591_9c2963e9.jpg,Test,0,0,0,0,0,0,0,0,0,0,0,3,3,0,0,4,0,3,3,3,3,3,0,4,3,3,3,0,3,3,3,4,3,3,3,3,3,3,3,4,3,3,0,0,3,3,3,4,3,3,3,3,3,3,3,0,0,0,0,0,3,3,0,0,True,S
1592_ba4881c7.jpg,Test,0,0,0,0,0,0,0,0,0,0,0,0,0,0,0,0,0,0,0,3,3,0,0,0,0,0,0,3,3,0,0,0,0,0,0,3,3,0,0,0,0,0,0,3,3,0,0,0,0,0,0,0,0,0,0,0,0,0,0,0,0,0,0,0,True,S
1593_5d8d239c.jpg,Test,0,0,0,0,0,0,0,0,0,0,0,0,0,0,0,0,0,0,3,3,0,0,0,0,0,0,3,3,0,0,0,0,0,0,3,3,0,0,0,0,0,0,3,3,0,0,0,0,0,0,3,3,0,0,0,0,0,0,0,0,0,0,0,0,True,S
1594_53028868.jpg,Test,0,0,0,0,0,0,0,0,0,0,0,0,0,0,0,0,0,0,0,4,0,0,0,0,0,0,0,4,0,0,0,0,0,0,0,4,0,0,0,0,0,0,0,4,0,0,0,0,0,0,0,4,0,0,0,0,0,0,0,0,0,0,0,0,True,S
1595_d692965e.jpg,Test,0,0,0,0,0,0,0,0,0,3,0,0,0,3,3,0,0,3,3,3,3,3,3,0,0,3,0,3,3,3,3,0,0,3,0,3,3,3,3,0,0,3,0,3,0,3,3,0,0,0,0,3,0,3,3,0,0,0,0,0,0,0,0,0,True,S
1596_62c66afa.jpg,Test,0,0,0,0,0,0,0,0,0,0,3,0,4,4,0,0,0,3,3,4,4,4,0,0,0,0,3,4,4,4,0,0,0,0,3,4,4,4,0,0,0,0,3,4,4,4,0,0,0,0,3,4,4,0,0,0,0,0,0,0,0,0,0,0,True,S
1597_fa1d6bf5.jpg,Test,0,0,0,0,0,0,0,0,0,0,0,0,0,0,0,0,0,0,0,0,0,0,0,0,0,0,0,0,0,0,0,0,0,0,0,0,0,0,0,0,0,0,0,0,0,0,0,0,0,0,0,0,0,0,0,0,0,0,0,0,0,0,0,0,True,S
1598_ad8b0200.jpg,Test,0,0,0,0,0,0,0,0,0,0,0,0,4,0,0,0,0,0,0,4,4,0,0,0,0,0,0,4,4,0,0,0,0,0,0,4,4,0,0,0,0,0,0,4,4,0,0,0,0,0,0,4,0,0,0,0,0,0,0,0,0,0,0,0,True,S
1599_35d6c3cd.jpg,Test,0,0,0,0,0,0,0,0,0,0,0,0,0,0,0,0,0,0,0,0,0,0,0,0,0,0,0,0,0,0,0,0,0,0,0,0,0,0,0,0,0,0,0,0,0,0,0,0,0,0,0,0,0,0,0,0,0,0,0,0,0,0,0,0,True,S
1600_062707e9.jpg,Test,0,0,0,0,0,0,0,0,0,0,0,3,3,3,0,0,0,0,0,3,3,3,0,0,0,0,0,3,0,3,0,0,0,0,3,3,0,3,0,0,0,0,0,3,0,3,0,0,0,0,3,3,3,3,0,0,0,0,0,0,0,0,0,0,True,S
1601_33c07ae2.jpg,Test,0,0,0,0,0,0,0,0,0,0,0,0,0,0,0,0,0,0,0,0,0,0,0,0,0,0,0,0,4,0,0,0,0,0,4,4,4,0,0,0,0,0,4,4,4,0,0,0,0,0,0,0,4,0,0,0,0,0,0,0,0,0,0,0,True,S
1602_b563be69.jpg,Test,0,0,0,0,0,0,0,0,0,0,0,0,0,0,0,0,0,0,0,0,0,0,0,0,0,0,0,0,0,0,0,0,0,0,0,0,0,0,0,0,0,0,0,0,0,0,0,0,0,0,0,0,0,0,0,0,0,0,0,0,0,0,0,0,True,S
1603_5a859794.jpg,Test,0,0,0,0,0,0,0,0,0,0,0,0,0,0,0,0,0,0,0,0,0,0,0,0,0,0,3,3,0,0,0,0,0,0,3,3,0,0,0,0,0,0,3,3,0,0,0,0,0,0,3,3,0,0,0,0,0,0,0,0,0,0,0,0,True,S
1604_72b84c39.jpg,Test,0,0,0,0,0,0,0,0,0,3,3,3,3,0,3,0,3,3,3,3,3,3,3,3,3,3,3,3,3,3,3,3,3,3,3,3,3,3,3,3,3,3,3,3,3,3,3,3,3,3,3,3,3,3,3,3,3,3,3,3,3,3,3,3,True,S
1605_98333168.jpg,Test,0,0,0,0,3,0,0,0,0,0,0,0,0,0,0,0,0,0,0,0,3,3,0,0,0,0,0,0,3,3,3,0,0,0,0,0,3,3,0,0,0,0,0,0,3,3,0,0,0,0,0,0,3,3,0,0,0,0,0,0,0,0,0,0,True,S
1606_641d5c6d.jpg,Test,0,0,0,0,0,0,0,0,0,0,0,3,3,0,0,0,3,3,0,3,6,0,0,0,3,3,0,3,3,0,0,0,3,3,0,3,3,0,0,0,3,3,0,3,3,0,0,0,0,0,0,6,6,0,0,0,0,0,0,0,0,0,0,0,True,S
1607_01697c6c.jpg,Test,0,0,0,0,0,0,0,0,4,4,4,0,0,0,0,0,4,4,4,0,4,0,4,0,4,4,4,6,4,0,4,0,4,0,0,6,0,0,0,0,0,0,0,6,0,0,0,0,0,0,0,6,0,0,0,0,0,0,0,6,0,0,0,0,True,S
1608_6c513ea6.jpg,Test,0,0,0,0,0,0,0,0,0,0,0,4,3,3,0,0,0,0,4,4,3,3,0,0,0,0,0,4,3,3,0,0,0,0,0,4,3,3,0,0,0,0,0,4,3,3,0,0,0,0,4,4,3,3,0,0,0,0,0,0,0,0,0,0,True,S
1609_e40725d1.jpg,Test,0,0,0,0,0,0,0,0,0,0,0,0,0,0,0,0,0,4,4,4,4,0,4,4,0,4,4,4,4,0,4,4,0,4,4,4,4,0,4,4,0,4,4,4,4,0,4,4,0,4,4,4,4,0,4,4,0,4,4,4,0,0,0,0,True,S
1610_866faedb.jpg,Test,0,0,0,0,0,0,0,0,0,0,0,6,6,0,0,0,0,0,0,6,6,0,0,0,0,0,0,6,6,0,0,0,0,0,0,6,6,0,0,0,0,0,0,6,6,0,0,0,0,0,0,6,6,0,0,0,0,0,0,0,6,0,0,0,True,S
1611_a78da404.jpg,Test,0,0,0,0,0,0,0,0,4,4,0,4,0,4,0,0,4,0,4,4,4,4,0,0,4,0,4,4,4,4,0,0,4,0,4,4,4,4,0,0,4,0,4,4,4,4,0,0,0,0,0,0,0,0,0,0,0,0,0,0,0,0,0,0,True,S
1612_1476cfb1.jpg,Test,0,0,0,0,0,0,0,0,0,0,0,0,0,0,0,0,0,0,0,0,0,3,0,0,0,0,0,0,0,3,3,0,0,0,0,0,0,3,3,0,0,0,0,0,0,3,3,0,0,0,0,0,0,3,3,0,0,0,0,0,0,0,0,0,True,S
1613_4761cf0b.jpg,Test,0,0,0,0,0,0,0,0,0,0,0,0,0,0,3,3,0,0,3,3,0,3,3,3,0,0,3,3,0,3,3,3,0,0,3,3,0,3,3,3,0,0,3,3,0,3,3,0,0,0,0,0,0,0,0,0,0,0,0,0,0,0,0,0,True,S
1614_f909eda0.jpg,Test,0,0,0,6,6,0,0,0,0,0,0,6,6,0,0,0,0,0,0,6,6,0,0,0,0,0,0,6,6,0,0,0,0,0,0,6,6,0,0,0,0,6,0,6,6,0,6,6,0,6,0,6,6,0,6,0,0,0,0,0,0,0,0,0,True,S
1615_3e5bf758.jpg,Test,0,0,0,0,0,0,0,0,0,0,0,0,0,0,0,0,0,2,2,0,0,0,0,0,0,2,2,0,0,0,0,0,0,2,2,0,0,0,0,0,0,2,0,0,0,0,0,0,0,2,0,0,0,0,0,0,0,0,0,0,0,0,0,0,True,S
1616_7ef07f4a.jpg,Test,0,0,0,0,0,0,0,0,0,3,3,3,3,3,0,0,0,3,3,3,3,3,0,0,0,3,3,3,3,3,0,0,0,3,3,3,3,3,0,0,0,3,3,3,3,3,0,0,0,3,3,3,3,3,0,0,0,0,0,3,0,0,0,0,True,S
1617_2f748cb9.jpg,Test,0,0,0,0,0,0,0,0,0,0,3,3,0,0,0,0,0,0,3,3,0,0,0,0,0,0,3,3,0,0,0,0,0,0,3,3,0,0,0,0,0,0,3,3,0,0,0,0,0,0,3,3,0,0,0,0,0,0,0,0,0,0,0,0,True,S
1618_771ea422.jpg,Test,0,0,0,0,0,0,0,0,0,0,0,0,0,0,0,0,0,0,3,3,3,0,0,0,0,0,3,3,3,0,0,0,0,0,3,3,3,3,0,0,0,0,3,3,3,3,3,0,0,0,0,3,3,3,3,0,0,0,0,0,0,0,0,0,True,S
1619_8b5462e0.jpg,Test,0,0,0,0,0,0,0,0,0,0,0,0,4,0,0,0,0,0,0,4,4,0,0,0,0,0,0,0,4,0,0,0,0,0,0,0,4,0,0,0,0,0,0,0,0,0,0,0,0,0,0,0,0,0,0,0,0,0,0,0,0,0,0,0,True,S
1620_365ada3d.jpg,Test,0,0,0,0,0,0,0,0,0,0,0,3,3,3,0,0,0,0,0,3,3,3,0,0,0,0,0,3,3,3,0,0,0,0,0,3,3,3,0,0,0,0,0,3,3,3,0,0,0,0,0,0,0,0,0,0,0,0,0,0,0,0,0,0,True,S
1621_9b4cc895.jpg,Test,0,0,0,0,0,0,0,0,0,0,0,3,3,0,0,0,0,0,0,3,3,0,0,0,0,0,0,3,3,0,3,0,0,0,0,3,3,0,0,0,0,0,0,3,3,0,0,0,0,0,0,3,3,0,0,0,3,0,0,3,3,0,0,0,True,S
1622_37923053.jpg,Test,0,0,0,0,4,0,0,0,0,0,0,0,0,6,0,0,0,0,0,0,3,3,3,3,3,3,3,3,3,3,3,3,3,3,3,3,3,3,3,3,3,3,3,3,3,3,3,3,3,3,3,3,3,3,0,0,0,0,0,0,0,0,0,0,True,S
1623_2a7ffae9.jpg,Test,0,0,0,0,0,0,0,0,0,0,3,0,0,0,0,0,0,0,3,3,3,3,0,0,0,0,3,3,3,3,0,0,0,0,3,3,3,3,0,0,0,0,3,3,3,3,0,0,0,0,0,0,0,0,0,0,0,0,0,0,0,0,0,0,True,S
1624_90453009.jpg,Test,0,0,0,0,0,0,0,0,0,3,3,3,0,0,0,0,0,3,3,3,0,0,0,0,0,3,3,3,0,0,0,0,0,3,3,3,0,0,0,0,0,3,3,3,0,0,0,0,0,3,3,3,0,0,0,0,0,0,0,0,0,0,0,0,True,S
1625_64e6011c.jpg,Test,0,0,0,0,0,0,0,0,0,0,0,0,3,0,0,0,0,0,0,0,3,0,0,0,0,0,0,0,3,0,0,0,0,0,0,0,3,0,0,0,0,0,0,3,3,0,0,0,0,0,0,3,3,3,0,0,0,0,0,0,0,0,0,0,True,S
1626_1919592a.jpg,Test,0,0,0,0,0,0,0,0,0,0,0,0,0,0,0,0,0,4,4,0,0,0,0,0,0,4,4,3,3,3,3,3,3,3,3,3,3,3,3,3,3,3,3,3,3,2,4,0,0,0,0,0,0,0,0,0,0,0,0,0,0,0,0,0,True,S
1627_13a8b525.jpg,Test,0,0,0,0,0,0,0,0,0,0,0,0,0,4,0,0,0,0,0,0,0,4,4,0,0,0,0,0,0,4,4,0,0,0,0,0,0,4,0,4,0,0,0,0,0,4,0,0,0,0,0,0,0,4,4,0,0,0,0,0,0,0,4,0,True,S
1628_3ade7706.jpg,Test,0,0,4,4,4,0,0,0,0,0,4,4,4,0,0,0,0,0,4,4,4,0,0,0,0,0,4,4,4,0,0,0,0,0,4,4,4,0,0,0,0,0,4,4,4,0,0,0,0,0,4,4,4,0,0,0,0,0,0,0,0,0,0,0,True,S
1629_12e35d9b.jpg,Test,0,0,0,0,0,4,4,0,0,0,0,4,0,4,0,0,0,0,4,4,4,0,0,0,0,0,4,4,4,0,0,0,0,0,4,4,4,0,0,0,0,0,4,4,4,0,0,0,0,0,4,4,4,0,0,0,0,0,0,0,0,0,0,0,True,S
1630_0acc5618.jpg,Test,0,0,0,0,0,0,0,0,0,0,0,4,4,0,0,0,0,4,4,4,4,4,4,0,4,4,4,4,4,4,4,0,4,4,4,4,4,4,4,0,4,4,4,4,4,4,4,0,4,4,4,4,4,4,4,0,0,0,0,0,0,0,0,0,True,S
1631_41de7ed0.jpg,Test,0,0,0,0,0,0,0,0,0,0,0,0,0,0,3,0,0,0,4,4,4,0,3,0,0,0,4,4,4,0,3,0,0,0,4,4,4,0,3,0,0,0,4,4,4,3,3,0,0,4,4,4,4,0,3,0,0,0,0,0,0,0,0,0,True,S
1632_1b612524.jpg,Test,0,0,0,0,0,0,0,0,0,0,0,0,4,4,0,0,0,0,0,0,4,4,0,0,0,0,0,0,4,4,0,0,3,3,0,0,4,4,0,0,3,3,3,0,4,4,0,0,3,3,3,0,0,0,0,0,0,0,0,0,0,0,0,0,True,S
1633_18c2f768.jpg,Test,0,0,0,0,0,0,0,0,4,4,0,0,0,0,0,0,4,4,0,4,4,0,3,3,4,4,0,4,4,0,3,3,4,4,0,4,4,0,3,3,4,4,0,4,4,0,3,3,4,4,0,4,4,0,3,3,4,4,0,4,4,0,3,3,True,S
1634_5fb6f765.jpg,Test,0,0,0,0,0,0,0,0,0,3,3,0,0,0,0,0,0,3,3,3,0,0,0,0,0,3,3,3,3,3,3,0,0,3,3,3,3,3,3,3,0,3,3,3,3,3,3,3,0,3,3,3,3,3,3,0,0,3,3,3,3,3,3,0,True,S
1635_35b9781e.jpg,Test,0,0,0,0,0,0,0,0,0,0,3,3,3,3,0,0,0,3,3,3,3,3,0,0,0,0,3,3,3,3,0,0,0,0,3,3,3,3,0,0,0,3,3,3,3,3,0,0,0,3,3,3,3,3,0,0,0,0,3,0,0,0,0,0,True,S
1636_e4e018be.jpg,Test,0,0,0,0,4,0,0,0,0,0,0,4,4,4,0,0,0,0,0,4,4,4,4,0,0,0,0,4,4,4,4,0,0,0,0,4,4,4,4,0,0,0,0,4,4,4,4,0,0,0,0,4,4,4,4,0,0,0,0,0,0,0,0,0,True,S
1637_6d72e643.jpg,Test,0,0,0,0,0,0,0,0,0,4,4,3,3,0,0,0,4,4,4,3,3,0,0,0,4,4,4,3,3,0,0,0,4,4,4,3,3,0,0,0,4,4,4,3,3,0,0,0,4,0,4,0,0,0,0,0,0,0,0,0,0,0,0,0,True,S
1638_a7ac04e7.jpg,Test,0,0,0,0,0,0,0,0,0,3,3,3,3,3,3,0,0,3,3,3,3,3,3,0,0,3,3,3,3,3,3,0,0,3,3,3,3,3,3,0,0,3,3,3,3,3,3,0,0,3,3,3,3,3,3,0,0,0,0,0,0,0,0,0,True,S
1639_4180d2a5.jpg,Test,0,0,0,0,0,0,0,0,0,0,0,4,4,0,0,0,0,0,0,4,4,0,0,0,0,0,0,4,4,0,0,0,0,0,0,4,4,0,0,0,0,0,0,4,4,0,0,0,0,0,0,4,4,0,0,0,0,0,0,0,0,0,0,0,True,S
1640_53d6f495.jpg,Test,0,0,0,0,0,0,0,0,0,0,0,0,0,0,0,0,0,0,0,0,0,0,0,0,4,4,0,4,4,4,0,4,4,4,0,4,4,4,0,4,4,4,4,4,4,4,0,4,4,4,0,0,0,0,0,4,0,0,0,0,0,0,0,0,True,S
1641_8ff330a7.jpg,Test,0,0,0,0,0,0,0,0,0,3,3,3,0,4,4,4,0,3,3,3,0,4,4,4,0,3,3,3,0,4,4,4,0,3,3,3,0,4,4,4,0,3,3,3,0,4,4,4,0,3,3,3,0,4,4,4,0,0,0,0,0,0,0,0,True,S
1642_5518f6b6.jpg,Test,0,0,0,0,0,0,0,0,0,0,0,0,0,0,0,0,0,0,0,3,3,0,0,0,0,0,0,3,3,0,0,0,0,0,0,3,3,0,0,0,0,0,0,3,3,0,0,0,0,0,0,3,3,0,0,0,0,0,0,3,0,0,0,0,True,S
1643_0abda700.jpg,Test,0,0,0,0,0,0,0,0,0,0,0,0,0,0,0,0,0,0,0,0,0,0,0,0,0,0,6,6,4,0,0,0,0,0,6,6,4,0,0,0,0,0,6,6,4,0,0,0,6,0,6,6,4,0,0,0,0,0,0,0,0,0,0,0,True,S
1644_58e5e41f.jpg,Test,0,0,0,0,0,0,0,0,0,0,0,0,0,0,0,0,0,0,4,4,4,4,4,4,0,0,4,0,4,4,4,0,0,0,4,0,4,4,4,0,0,0,4,4,4,4,4,4,0,0,0,0,0,0,0,0,0,0,4,4,4,0,0,4,True,S
1645_fbb500bd.jpg,Test,0,0,0,4,0,4,0,0,3,3,0,4,4,4,0,0,3,3,0,4,4,4,0,0,3,3,0,4,4,4,0,0,3,3,0,4,4,4,0,0,3,3,0,4,4,4,0,0,0,0,0,4,4,4,0,0,0,0,0,0,0,0,0,0,True,S
1646_6ce5fe17.jpg,Test,0,0,0,0,0,0,0,0,0,0,0,0,3,3,0,0,0,0,4,4,3,3,0,0,0,0,4,4,3,3,0,0,0,0,4,4,3,3,0,0,0,0,4,4,3,3,0,0,0,0,4,4,3,3,0,0,0,0,0,0,0,0,0,0,True,S
1647_802d657f.jpg,Test,0,0,0,0,0,0,0,0,0,4,0,4,0,4,4,4,0,4,4,4,4,4,4,4,0,4,4,4,4,4,4,4,0,4,4,4,4,4,4,4,0,4,4,4,4,4,4,4,0,4,0,0,4,4,4,4,0,0,0,4,0,0,0,0,True,S
1648_8b5462e0.jpg,Test,0,0,0,0,0,0,0,0,0,0,0,4,4,0,0,0,0,0,0,4,4,0,0,0,0,0,0,4,4,0,0,0,0,0,0,4,4,0,0,0,0,0,0,4,4,0,0,0,0,0,0,4,4,0,0,0,0,0,0,4,4,0,0,0,True,S
1649_1578b711.jpg,Test,0,0,0,0,0,0,0,0,0,0,0,0,0,0,0,0,0,0,3,3,3,3,3,0,0,0,3,3,3,3,3,0,0,0,3,3,3,3,3,0,0,0,3,3,3,3,3,0,0,0,3,3,3,3,3,0,0,0,0,0,0,0,0,0,True,S
1650_fb748be6.jpg,Test,0,3,0,0,3,0,0,0,3,3,0,0,0,3,0,0,3,3,0,3,3,0,0,0,3,3,0,3,3,0,0,0,3,3,0,3,3,0,0,0,3,3,0,3,0,0,0,0,3,3,3,3,3,0,0,0,0,3,0,0,0,0,0,0,True,S
1651_7355f754.jpg,Test,0,0,0,0,0,0,0,0,0,0,0,0,0,0,0,0,0,0,0,0,0,0,0,0,0,0,0,3,3,3,3,3,3,3,3,3,3,3,3,3,3,3,3,3,3,3,3,0,0,0,0,0,0,0,0,0,0,0,0,0,0,0,0,0,True,S
1652_6f9f5a17.jpg,Test,0,0,0,0,0,0,0,0,3,3,3,3,3,0,0,0,3,3,3,3,3,3,3,3,3,3,3,3,3,3,3,3,3,3,3,3,3,3,3,3,3,3,3,3,3,3,3,3,3,3,3,3,3,3,3,3,0,0,0,0,0,3,3,3,True,S
1653_f86cec53.jpg,Test,0,0,0,0,0,0,0,0,0,0,0,0,0,4,0,0,0,0,0,0,0,4,4,0,0,0,0,0,0,4,4,0,0,0,0,0,0,4,4,4,0,0,0,0,0,4,4,4,0,0,0,0,0,4,4,0,0,0,0,0,0,0,4,0,True,S
1654_d9a380cb.jpg,Test,0,0,0,0,0,0,0,0,0,0,0,0,0,0,0,0,0,4,4,4,4,0,0,0,0,4,4,4,0,0,0,0,0,4,4,4,4,0,0,0,0,4,4,4,4,0,0,0,0,4,4,4,0,0,0,0,0,0,0,0,0,0,0,0,True,S
1655_35e422fd.jpg,Test,0,0,0,0,0,0,0,0,0,0,0,0,0,0,0,0,0,0,0,3,0,0,0,0,0,0,0,3,0,0,0,0,0,0,0,3,0,0,0,0,0,0,0,3,3,0,0,0,0,0,3,3,3,0,0,0,0,0,3,0,3,0,0,0,True,S
1656_cc599ada.jpg,Test,0,0,0,0,0,0,0,0,0,0,0,0,4,0,0,0,0,0,0,0,0,4,0,0,0,0,0,0,4,4,4,0,0,0,0,0,4,4,4,0,0,0,0,0,0,0,0,0,0,0,0,0,4,4,0,0,0,0,0,0,0,0,0,0,True,S
1657_eef5d404.jpg,Test,0,0,0,0,0,0,0,0,0,0,0,0,0,0,0,0,0,0,0,0,4,4,0,0,0,0,0,0,4,4,0,0,0,0,0,0,4,4,0,0,0,0,0,0,4,4,0,0,0,0,0,0,4,4,0,0,0,0,0,0,0,0,0,0,True,S
1658_66973228.jpg,Test,0,4,0,0,0,0,0,0,0,4,4,4,4,0,0,0,0,4,4,4,4,4,0,0,0,4,4,4,4,0,0,0,0,4,4,4,4,0,0,0,0,4,4,4,4,0,0,0,0,4,4,4,4,0,0,0,0,0,0,0,0,0,0,0,True,S
1659_f29c5bdb.jpg,Test,0,0,0,0,0,0,0,0,0,0,0,3,3,0,0,0,0,0,0,3,3,0,0,0,0,0,0,3,3,0,0,0,0,0,0,3,3,0,0,0,0,0,0,3,3,0,0,0,0,0,0,3,3,0,0,0,0,0,0,0,0,0,0,0,True,S
1660_9651668c.jpg,Test,0,0,0,0,0,0,0,0,0,0,4,4,3,3,0,0,0,0,4,4,3,3,0,0,0,0,4,4,4,3,0,0,0,0,4,4,4,4,0,0,0,0,4,4,4,0,0,0,0,0,4,4,4,4,0,0,0,0,4,4,4,4,0,0,True,S
1661_508ac4dc.jpg,Test,0,0,0,0,0,0,0,0,0,0,4,4,4,0,0,0,0,4,4,4,4,3,3,0,0,4,4,4,4,3,3,0,0,0,4,4,4,3,3,0,0,0,4,4,0,3,3,0,0,0,4,4,0,0,0,0,0,0,0,0,0,0,0,0,True,S
1662_d644b70c.jpg,Test,0,0,0,0,0,0,0,0,0,4,0,0,0,0,0,0,0,4,0,0,0,0,0,0,2,4,4,4,0,0,0,0,0,4,4,4,0,0,0,0,0,0,4,4,0,0,0,0,0,0,0,0,0,0,0,0,0,0,0,0,0,0,0,0,True,S
1663_fb925b52.jpg,Test,0,0,0,0,0,0,0,0,0,0,4,4,4,4,4,0,0,0,4,4,4,4,4,0,0,0,4,4,4,4,4,0,0,0,4,4,4,4,4,0,0,0,4,4,4,4,4,0,0,0,0,0,0,0,0,0,0,0,0,0,0,0,0,0,True,S
1664_58841ea8.jpg,Test,0,0,0,0,0,0,0,0,0,0,0,0,0,4,0,0,0,0,3,6,6,4,0,0,0,0,3,3,0,0,0,0,0,0,0,0,0,0,0,0,0,0,0,0,0,0,0,0,0,0,0,0,0,4,0,0,0,0,0,0,0,0,0,0,True,S
1665_6fbd567a.jpg,Test,0,0,0,0,0,0,0,0,0,0,3,3,3,3,3,0,0,0,3,3,3,3,3,0,0,0,3,3,3,3,3,0,0,0,3,3,3,3,3,0,0,0,3,3,3,3,3,0,0,0,0,0,0,0,0,0,0,0,0,0,0,0,0,0,True,S
1666_280d0bd7.jpg,Test,0,0,0,0,0,0,0,0,0,0,0,0,3,3,3,0,0,0,0,0,4,4,4,4,0,0,0,3,3,4,4,4,0,0,0,3,3,4,4,4,0,0,0,3,3,4,4,4,0,0,0,3,4,4,4,4,0,0,0,6,4,4,4,4,True,S
1667_966e0dfe.jpg,Test,0,0,0,0,0,0,0,0,0,0,0,0,0,0,0,0,0,0,3,0,0,0,0,0,0,3,3,3,0,0,0,0,0,3,3,3,0,0,0,0,0,3,3,3,0,0,0,0,0,3,3,3,0,0,0,0,0,0,0,0,0,0,0,0,True,S
1668_281ca1a1.jpg,Test,0,0,0,0,0,0,0,0,0,0,4,4,4,4,0,0,0,0,4,4,4,4,4,0,0,0,4,4,4,4,4,0,0,0,4,4,4,4,4,0,0,0,4,4,4,4,4,0,0,0,4,4,4,4,4,0,0,0,0,0,0,0,0,0,True,S
1669_4a9a4f03.jpg,Test,0,0,0,0,0,4,0,0,0,0,0,4,4,4,0,0,0,0,0,4,4,4,0,0,0,0,0,4,4,4,0,0,0,0,0,4,4,4,0,0,0,0,0,4,4,4,0,0,0,0,0,4,4,4,0,0,0,0,0,0,4,0,0,0,True,S
1670_63c09927.jpg,Test,0,0,0,0,0,0,0,0,0,0,0,0,0,4,0,0,0,0,4,0,4,4,0,0,0,0,4,4,4,4,4,0,0,0,4,4,4,4,4,4,0,0,4,4,4,4,4,4,0,0,4,4,4,4,0,0,0,0,0,0,0,0,0,0,True,S
1671_ac2c7baf.jpg,Test,0,0,0,0,0,0,0,0,0,0,4,4,0,0,0,0,0,0,4,4,4,0,0,0,0,0,4,4,0,0,0,0,0,0,4,4,0,0,0,0,0,0,0,4,4,0,0,0,0,0,0,4,0,0,0,0,0,0,0,0,0,0,0,0,True,S
1672_16b4f428.jpg,Test,0,0,0,0,0,0,0,0,0,0,4,4,3,3,0,0,0,0,4,4,3,3,0,0,0,0,4,4,3,3,3,0,0,0,4,4,3,3,3,0,0,0,4,4,3,3,0,0,0,0,4,4,3,3,0,0,0,0,4,4,3,3,0,0,True,S
1673_a22cf904.jpg,Test,0,0,0,0,0,0,0,0,0,0,0,4,0,0,0,0,0,0,4,4,4,0,0,0,0,0,4,4,3,3,0,0,0,0,4,3,3,3,0,0,0,0,4,3,3,3,0,0,0,0,0,0,0,0,0,0,0,0,0,0,0,0,0,0,True,S
1674_08ccd1e5.jpg,Test,3,3,0,0,0,0,0,0,3,3,0,0,0,0,0,0,3,3,3,3,3,3,3,3,3,3,3,3,3,3,3,3,3,3,3,3,3,3,3,3,3,3,3,0,3,3,3,0,3,3,0,0,3,3,3,0,3,0,0,0,0,0,0,0,True,S
1675_ca7e0ec0.jpg,Test,0,0,0,0,0,0,0,0,0,0,0,0,0,0,0,0,0,0,4,0,0,0,4,0,0,0,4,0,4,4,4,0,0,0,4,0,4,4,4,0,0,0,4,4,4,4,4,0,0,0,0,0,0,0,0,0,0,0,0,0,0,0,0,0,True,S
1676_ed7e831c.jpg,Test,0,0,0,0,0,0,0,0,0,0,0,3,3,3,0,0,0,4,4,0,3,3,0,0,4,4,4,4,3,0,0,0,0,4,4,0,3,0,0,0,0,4,4,0,3,0,0,0,0,4,4,0,0,0,0,0,0,0,0,0,0,0,0,0,True,S
1677_9a0bb745.jpg,Test,0,0,0,0,0,0,0,0,0,0,0,0,0,0,0,0,0,0,0,6,6,0,0,0,0,0,0,6,6,0,0,0,0,0,0,6,6,0,0,0,0,0,0,6,6,0,0,0,0,0,0,6,6,0,0,0,0,0,0,0,0,0,0,0,True,S
1678_79c785da.jpg,Test,0,0,0,0,0,0,0,0,0,0,0,0,0,0,0,0,0,3,3,3,0,0,4,4,0,3,3,3,0,0,4,4,0,0,3,3,0,0,4,4,0,0,3,3,0,0,4,4,0,0,3,3,0,0,4,4,0,0,3,3,0,0,4,4,True,S
1679_696ed9cd.jpg,Test,0,0,0,0,0,0,0,0,0,0,6,0,0,6,6,0,0,4,4,4,4,3,3,3,0,4,4,3,4,3,3,3,0,4,4,3,4,3,3,3,0,4,4,3,4,3,3,3,0,4,0,0,4,6,6,6,0,0,0,0,0,0,0,0,True,S
1680_c88b7c5b.jpg,Test,0,0,0,0,0,0,0,0,0,0,0,4,4,0,0,0,0,0,4,4,4,0,0,0,0,0,4,4,4,0,0,0,0,0,4,4,4,0,0,0,0,4,4,4,4,0,0,0,0,0,0,0,0,0,0,0,0,0,0,0,0,0,0,0,True,S
1681_2a7f9794.jpg,Test,0,0,0,0,0,0,0,0,0,4,4,4,4,0,4,4,4,4,4,4,4,4,4,4,4,4,4,4,4,4,4,4,4,4,4,4,4,4,4,4,4,4,4,4,4,4,4,4,4,4,4,4,4,4,0,0,0,0,0,0,0,0,0,0,True,S
1682_25893217.jpg,Test,0,0,0,0,0,0,0,0,0,0,0,0,0,0,0,0,0,0,0,3,3,0,0,0,0,0,0,3,3,0,0,0,0,0,0,3,3,0,0,0,0,0,0,3,3,0,0,0,0,0,0,3,3,0,0,0,0,0,0,0,0,0,0,0,True,S
1683_03853246.jpg,Test,0,0,0,0,0,4,0,0,0,0,0,4,4,4,0,0,0,0,0,4,4,4,4,0,0,0,0,4,4,4,4,0,0,0,0,4,4,4,4,0,0,0,0,4,4,4,4,0,0,0,0,4,4,4,4,0,0,0,0,4,4,4,4,0,True,S
1684_32e4f2a5.jpg,Test,0,0,0,0,0,0,0,0,0,4,4,0,4,4,0,0,0,4,4,0,4,4,0,0,0,4,4,0,4,4,0,0,0,4,4,0,4,4,0,0,0,4,4,0,4,4,0,0,0,4,4,0,4,4,0,0,0,0,0,0,0,0,0,0,True,S
1685_f4b0cece.jpg,Test,0,0,0,0,0,0,0,0,0,3,3,3,3,0,0,0,0,3,3,3,3,0,0,0,0,3,3,3,3,0,0,0,0,3,3,3,3,0,0,0,0,3,3,3,3,0,0,0,0,3,3,3,3,0,0,0,0,0,0,0,0,0,0,0,True,S
1686_dc0c5a65.jpg,Test,0,0,0,0,0,0,0,0,0,0,0,0,0,0,0,0,0,0,4,4,4,0,0,0,0,0,4,4,4,0,0,0,0,0,4,4,4,0,0,0,0,0,4,4,4,0,0,0,0,0,4,4,4,0,0,0,0,0,0,0,0,0,0,0,True,S
1687_a222f497.jpg,Test,0,3,0,3,3,0,0,0,0,0,0,3,3,0,0,0,0,0,0,3,3,3,0,0,0,0,0,3,3,3,0,0,0,0,0,3,3,3,0,0,0,0,0,3,3,3,0,0,0,0,0,3,3,3,0,0,0,0,0,0,0,0,0,0,True,S
1688_280d0bd7.jpg,Test,0,0,0,0,0,0,0,0,0,0,0,0,4,4,4,0,0,0,0,0,4,4,4,4,0,0,0,3,3,4,4,4,0,0,0,3,3,4,4,4,0,0,0,3,4,4,4,4,0,0,0,3,4,4,4,4,0,0,0,6,4,4,4,4,True,S
1689_4ffb6e04.jpg,Test,0,0,0,0,0,0,0,0,0,0,0,3,3,0,0,0,0,0,0,3,3,0,0,0,0,0,0,3,3,0,0,0,0,0,0,3,3,3,0,0,0,0,0,3,3,0,0,0,0,0,0,3,3,0,0,0,0,0,0,3,0,0,0,0,True,S
1690_b180a38d.jpg,Test,0,0,0,0,0,0,0,0,0,0,0,0,0,0,0,0,0,0,0,3,3,0,0,0,0,0,0,3,3,0,0,0,0,0,0,3,3,0,0,0,0,0,0,3,3,0,0,0,0,0,0,3,3,0,0,0,0,0,0,0,0,0,0,0,True,S
1691_0872e8ab.jpg,Test,0,0,0,0,0,0,0,0,0,0,0,0,0,0,0,0,0,4,4,4,4,0,0,0,0,4,4,4,4,0,0,0,0,4,4,4,4,0,0,0,0,4,4,4,4,0,0,0,0,4,4,4,4,0,0,0,0,0,0,0,0,0,0,0,True,S
1692_d2662bbd.jpg,Test,0,0,0,0,0,0,0,0,0,0,0,0,0,0,0,0,0,0,0,0,0,0,0,0,0,0,3,3,3,3,3,0,0,0,3,3,3,3,3,0,0,0,3,3,3,3,3,0,0,0,3,3,3,3,3,0,0,0,3,3,0,3,0,0,True,S
1693_ba02441a.jpg,Test,0,0,0,0,0,0,0,0,0,0,0,0,0,0,0,0,0,0,0,0,0,0,0,0,0,0,0,4,4,4,0,0,0,0,0,4,4,4,0,0,0,0,0,0,4,4,0,0,0,0,0,0,4,4,0,0,0,0,0,0,4,4,0,0,True,S
1694_a3e3b3af.jpg,Test,0,0,0,0,0,0,0,0,0,0,0,3,3,0,0,0,0,0,0,3,3,0,0,0,0,0,0,3,3,0,0,0,0,0,0,3,3,0,0,0,0,0,0,3,3,0,0,0,0,0,0,0,0,0,0,0,0,0,0,0,0,0,0,0,True,S
1695_9bdfa4fd.jpg,Test,0,0,0,0,0,0,0,0,0,0,0,3,0,0,0,0,0,0,0,3,0,0,0,0,0,0,0,3,3,0,0,0,0,0,0,3,3,0,0,0,0,0,0,3,3,0,0,0,0,0,0,3,3,0,0,0,0,0,0,0,0,0,0,0,True,S
1696_2107d512.jpg,Test,0,0,0,0,0,0,0,0,0,0,0,3,3,0,0,0,0,0,0,3,3,0,0,0,0,0,0,3,3,0,0,0,0,0,0,3,3,0,0,0,0,0,0,3,3,0,0,0,0,0,0,0,0,0,0,0,0,0,0,0,0,0,0,0,True,S
1697_76c7b5ed.jpg,Test,0,0,0,0,0,0,0,0,0,0,0,0,0,0,0,0,0,0,0,0,0,0,0,0,0,0,4,4,4,4,4,0,0,0,4,4,4,4,4,0,0,0,4,4,4,4,4,0,0,0,4,4,4,4,4,0,0,0,0,0,0,0,0,0,True,S
1698_bfcc9a75.jpg,Test,0,0,0,0,0,0,0,0,0,0,0,3,3,0,0,0,0,0,0,3,3,0,0,0,0,0,0,3,3,0,0,0,0,0,0,3,3,0,0,0,0,0,0,3,3,0,0,0,0,0,0,3,3,0,0,0,0,0,0,0,0,0,0,0,True,S
1699_ea220e91.jpg,Test,0,0,0,4,0,0,0,0,0,0,0,4,4,4,0,0,0,0,4,4,4,4,4,0,0,0,4,4,4,4,4,0,0,0,4,4,4,4,4,0,0,0,4,4,4,4,4,0,0,0,4,4,4,4,4,0,0,0,0,0,0,0,4,0,True,S
1700_821647c5.jpg,Test,0,0,0,0,0,0,0,0,0,0,3,3,4,4,0,0,0,0,3,3,4,4,0,0,0,0,3,3,4,4,0,0,0,0,3,3,4,4,0,0,0,0,3,3,4,4,0,0,0,0,3,3,4,4,0,0,0,0,0,0,0,0,0,0,True,S
1701_fba780e7.jpg,Test,0,0,0,0,0,0,0,0,0,0,0,3,3,3,3,0,0,0,0,3,3,3,0,0,0,0,0,3,3,0,0,0,0,0,0,3,3,0,0,0,0,0,0,3,3,3,0,0,0,0,0,3,3,3,0,0,0,0,0,0,0,0,0,0,True,S
1702_950dca7d.jpg,Test,0,0,0,0,0,0,0,0,0,0,0,0,0,4,4,0,0,0,0,0,0,4,4,0,0,0,0,0,0,4,4,0,0,0,0,0,0,4,4,0,0,4,4,4,4,4,4,0,0,4,4,4,4,0,0,4,0,0,0,0,0,0,0,0,True,S
1703_505d9ec9.jpg,Test,0,0,0,0,0,0,0,0,0,3,3,3,3,3,3,0,0,3,6,3,3,3,3,3,0,3,6,3,3,0,3,3,0,3,6,3,3,0,3,0,0,3,3,3,3,0,3,0,0,6,3,3,3,3,3,0,0,0,0,0,0,0,0,0,True,S
1704_144759fa.jpg,Test,0,0,0,0,0,0,0,0,0,4,0,4,4,4,3,0,0,4,4,4,4,4,3,0,0,4,4,4,4,4,3,0,0,4,4,4,4,4,3,0,0,4,4,4,4,4,3,0,0,4,4,4,4,4,3,0,0,0,4,4,4,4,3,0,True,S
1705_dfd18d8e.jpg,Test,0,0,0,0,0,0,0,0,0,0,0,0,0,0,0,0,0,0,0,0,0,4,4,0,0,0,0,0,0,4,4,0,0,0,0,0,0,4,4,0,0,0,0,0,0,4,4,0,0,0,0,0,0,4,4,0,0,0,0,0,0,0,4,0,True,S
1706_662c5a2c.jpg,Test,0,0,0,0,0,0,0,0,0,0,0,3,3,0,0,0,0,0,0,3,3,0,0,0,0,0,0,3,0,0,0,0,0,0,0,3,0,0,0,0,0,0,0,3,0,0,0,0,0,0,0,3,3,0,0,0,0,0,0,3,3,0,0,0,True,S
1707_b3dd4052.jpg,Test,0,0,0,0,0,0,0,0,4,4,0,0,0,0,0,0,4,4,0,4,4,0,3,3,4,4,0,4,4,0,3,3,4,4,0,4,4,0,3,3,4,4,0,4,4,0,3,3,0,0,0,4,4,0,3,3,0,0,0,0,0,0,0,0,True,S
1708_c64bc5b8.jpg,Test,0,0,0,0,0,0,0,0,0,0,0,4,4,0,0,0,0,0,0,4,4,0,4,4,0,0,0,4,4,0,4,4,0,0,0,4,4,0,4,4,0,0,0,4,4,0,4,4,0,0,0,4,4,0,4,4,0,0,0,0,0,0,0,0,True,S
1709_515595a1.jpg,Test,0,0,0,0,0,0,0,0,0,6,6,6,6,6,0,0,0,6,6,6,6,6,6,0,0,6,6,6,6,6,6,0,0,6,6,6,6,6,6,0,0,6,6,6,6,6,6,0,0,6,6,6,6,6,6,0,0,0,0,0,0,0,0,0,True,S
1710_1f013591.jpg,Test,0,0,0,0,0,0,0,0,0,0,0,0,0,0,0,0,0,0,0,0,4,4,0,0,0,0,0,0,4,4,0,0,0,0,0,0,4,0,0,0,0,0,0,0,0,4,0,0,0,0,0,0,0,4,0,0,0,0,0,0,0,0,0,0,True,S
1711_b869e978.jpg,Test,0,0,0,0,0,0,0,0,0,3,3,3,0,0,0,0,0,3,3,3,3,3,0,0,0,3,3,3,3,3,0,0,0,3,3,3,3,3,0,0,0,3,3,3,3,3,0,0,0,3,0,0,0,0,0,0,0,0,0,3,3,0,0,0,True,S
1712_784a6a24.jpg,Test,0,0,0,3,3,0,0,0,0,0,3,3,3,0,0,0,0,0,3,3,3,3,3,0,0,0,3,3,3,3,3,0,0,0,3,3,3,3,3,0,0,0,3,3,3,3,3,0,0,0,3,3,3,3,3,0,0,0,3,3,3,3,3,0,True,S
1713_9c0e23f8.jpg,Test,0,0,0,0,0,0,0,0,0,0,3,3,0,0,0,0,0,0,0,3,3,3,0,0,0,0,0,3,3,3,0,0,0,0,0,3,3,3,0,0,0,0,0,3,3,3,0,0,0,0,0,3,3,3,0,0,0,0,0,3,3,0,0,0,True,S
1714_b9abc5e4.jpg,Test,0,4,0,0,0,0,0,0,4,4,0,0,4,0,0,0,4,4,0,4,4,0,0,0,4,4,0,4,4,0,0,0,4,4,0,4,4,0,0,0,4,4,0,4,0,0,0,0,4,4,4,4,4,0,0,0,0,4,0,4,4,0,0,0,True,S
1715_b7ae1e62.jpg,Test,0,0,0,0,0,0,0,0,0,4,4,4,4,4,4,0,0,4,4,4,4,4,4,0,0,4,4,4,4,4,4,0,0,4,4,4,4,4,4,0,0,4,4,4,4,4,4,0,0,4,4,4,4,4,4,0,0,0,0,0,0,0,0,0,True,S
1716_07024b70.jpg,Test,0,0,0,0,0,0,0,0,0,0,0,3,3,0,0,0,0,0,0,3,3,0,0,0,0,0,0,3,3,0,0,0,0,0,0,3,3,0,0,0,0,0,0,3,3,0,0,0,0,0,0,3,3,0,0,0,0,0,0,0,0,0,0,0,True,S
1717_1b0a369a.jpg,Test,0,0,0,0,0,3,3,3,0,0,3,3,0,3,3,3,0,0,3,3,3,3,3,3,0,0,3,3,3,3,3,3,0,0,3,3,3,3,3,3,0,0,3,3,3,3,3,3,0,0,3,3,3,3,3,3,0,0,0,0,0,0,0,0,True,S
1718_63feb2c5.jpg,Test,0,0,0,0,0,0,0,0,0,0,0,0,0,0,0,0,0,0,7,7,0,0,0,0,0,10,10,7,0,0,0,0,0,10,10,7,0,0,0,0,0,0,10,7,0,0,0,0,0,10,10,7,0,0,0,0,0,0,10,7,0,0,0,0,True,S
1719_c709daf3.jpg,Test,0,0,0,0,0,0,0,0,0,0,10,10,10,0,0,0,0,0,10,10,10,0,0,0,0,0,10,10,10,0,7,7,0,0,10,10,10,0,7,2,0,0,10,10,10,0,7,7,0,0,10,0,10,0,2,2,0,0,0,0,0,0,0,0,True,S
1720_58a86ea7.jpg,Test,0,0,0,7,7,0,0,0,0,0,0,7,7,7,7,0,0,0,0,7,7,7,0,0,0,0,0,7,7,0,0,0,0,0,0,7,7,0,0,0,0,0,0,7,7,0,0,0,0,0,0,7,7,0,0,0,0,0,0,0,0,0,0,0,True,S
1721_5ae3dee4.jpg,Test,0,0,0,0,0,0,0,0,0,0,0,10,10,10,0,0,0,0,0,10,10,10,0,0,0,0,0,10,10,10,0,0,0,0,0,10,10,10,0,0,0,0,0,10,10,10,0,0,0,0,0,10,10,10,0,0,0,0,0,0,10,10,0,0,True,S
1722_e3f02731.jpg,Test,0,0,0,0,0,0,0,0,0,0,0,0,10,0,0,0,0,7,0,10,10,10,0,0,0,7,0,10,10,10,0,0,0,7,0,10,10,10,0,0,0,7,0,10,10,10,0,0,0,7,0,10,10,0,0,0,0,0,0,0,0,0,0,0,True,S
1723_6917230d.jpg,Test,0,0,0,0,0,0,0,0,0,10,10,10,10,0,10,9,0,10,10,10,10,10,10,9,0,10,10,10,10,10,10,9,0,0,10,10,10,10,10,9,0,0,10,10,10,10,10,9,0,0,10,10,10,10,10,9,0,0,0,2,2,0,9,0,True,S
1724_448a2220.jpg,Test,0,0,0,0,0,0,0,0,0,0,0,0,7,7,0,0,0,0,0,7,7,7,0,0,0,0,0,7,7,0,0,0,0,0,0,7,7,0,0,0,0,0,0,7,7,0,0,0,0,0,0,7,7,0,0,0,0,0,0,0,0,0,0,0,True,S
1725_5599c3b5.jpg,Test,0,0,0,0,0,0,0,0,0,0,7,7,0,0,0,0,0,0,10,7,0,0,0,0,0,0,7,7,0,0,0,0,0,0,7,7,0,0,0,0,0,0,7,7,0,0,0,0,0,0,7,7,0,0,0,0,0,0,0,0,0,0,0,0,True,S
1726_d1cf74ef.jpg,Test,0,0,0,2,2,0,0,0,0,0,10,10,10,0,0,0,0,0,10,10,10,0,0,0,0,0,10,10,10,0,0,0,0,0,10,10,10,0,0,0,0,0,10,10,10,0,0,0,0,10,10,10,10,0,0,0,0,0,0,0,0,0,0,0,True,S
1727_42e630e7.jpg,Test,0,0,0,0,0,0,0,0,0,0,10,10,0,7,7,0,0,0,10,10,0,7,7,0,0,0,10,10,0,7,7,0,0,0,10,10,0,7,7,0,0,0,10,10,0,7,7,0,0,0,10,10,0,7,7,0,0,0,0,0,0,7,0,0,True,S
1728_11a77b2e.jpg,Test,0,0,0,0,0,0,0,0,0,0,10,10,0,0,0,0,0,0,10,10,0,0,0,0,0,0,10,7,0,0,0,0,0,0,10,7,0,0,0,0,0,0,10,10,0,0,0,0,0,0,0,0,0,0,0,0,0,0,0,0,0,0,0,0,True,S
1729_f81e48f1.jpg,Test,0,0,0,0,0,0,0,0,0,10,10,10,0,0,0,0,0,10,10,10,0,0,0,0,0,10,10,10,0,0,0,0,0,10,10,10,0,0,0,0,0,10,10,10,0,0,0,0,0,0,10,10,0,0,0,0,0,0,0,0,0,0,0,0,True,S
1730_cfdb7062.jpg,Test,0,0,0,0,0,0,0,0,0,0,0,0,7,7,8,0,0,7,7,7,7,7,10,0,0,7,0,7,7,0,10,0,7,7,7,7,7,7,10,0,7,7,7,7,7,0,10,0,0,7,7,7,7,0,10,0,0,0,0,0,0,0,0,0,True,S
1731_ffde31f2.jpg,Test,0,0,0,0,0,0,0,0,0,10,10,10,0,10,4,0,0,10,10,10,0,10,4,0,0,10,10,10,10,10,4,0,0,10,10,10,10,10,10,0,0,10,10,10,10,10,10,0,0,10,10,10,10,10,10,0,0,10,10,10,4,4,4,0,True,S
1732_e700d9e2.jpg,Test,0,0,0,0,0,0,0,0,0,0,0,7,7,0,0,0,0,0,0,0,7,7,0,0,0,0,7,7,7,7,0,0,0,0,0,7,7,7,0,0,0,0,0,7,7,7,0,0,0,0,0,7,7,7,0,0,0,0,0,0,0,0,0,0,True,S
1733_533e1eba.jpg,Test,0,0,0,0,0,0,0,0,0,0,0,7,7,0,0,0,0,0,0,7,7,0,0,0,0,0,0,7,7,0,0,0,0,0,0,7,7,0,0,0,0,0,0,7,7,7,0,0,0,0,0,7,7,7,0,0,0,0,0,0,7,0,0,0,True,S
1734_fc5b9993.jpg,Test,0,0,0,0,0,0,0,0,0,7,7,2,0,0,0,0,0,7,7,2,0,0,0,0,0,7,7,2,0,0,0,0,0,7,7,2,0,0,0,0,0,7,7,2,0,0,0,0,0,7,7,2,0,0,0,0,0,0,0,0,0,0,0,0,True,S
1735_a76a1700.jpg,Test,0,0,0,0,0,0,0,0,0,0,0,0,10,0,0,0,0,0,0,0,10,10,0,0,0,0,0,0,10,10,0,0,0,0,0,10,10,10,0,0,0,0,0,10,10,10,0,0,0,0,0,0,10,10,0,0,0,0,5,5,0,0,0,0,True,S
1736_0b4de0cb.jpg,Test,0,0,0,0,0,0,0,0,0,0,0,0,10,0,0,0,0,0,2,10,10,0,0,0,0,0,0,10,10,0,0,0,0,0,0,10,2,0,0,0,0,0,0,10,10,0,0,0,0,0,0,10,10,0,0,0,0,0,0,0,0,0,0,0,True,S
1737_fb845b30.jpg,Test,0,0,0,0,0,0,0,0,0,10,10,0,0,7,0,0,0,10,10,0,0,7,0,0,0,10,10,0,0,7,0,0,0,10,0,0,0,7,7,0,0,10,0,0,0,7,0,0,0,10,0,0,0,0,0,0,0,0,0,0,0,0,0,0,True,S
1738_b8e7063f.jpg,Test,0,0,0,0,0,0,0,0,0,0,10,10,0,0,7,7,0,0,10,10,0,0,7,7,0,0,10,10,0,0,7,7,0,0,10,10,0,0,7,7,0,0,10,10,0,0,7,7,0,0,10,10,0,0,7,7,0,0,0,0,0,0,0,0,True,S
1739_a52cd0d6.jpg,Test,0,0,0,0,0,0,0,0,0,0,7,7,0,0,0,0,0,0,7,7,0,0,0,0,0,0,7,7,0,0,0,0,0,0,7,7,0,0,0,0,0,0,7,7,0,0,0,0,0,0,7,7,0,0,0,0,0,0,0,0,0,0,0,0,True,S
1740_bc9c2b95.jpg,Test,0,10,0,0,0,0,0,0,0,10,0,0,7,0,0,0,0,10,0,0,7,0,0,0,0,10,0,0,7,0,0,0,10,10,0,0,7,0,0,0,0,10,0,0,7,0,0,0,0,10,0,0,7,7,7,7,10,10,0,0,10,10,0,0,True,S
1741_68ae88f8.jpg,Test,0,0,0,0,0,0,0,0,0,0,0,0,0,0,0,0,0,0,0,0,0,0,0,0,0,0,0,0,0,0,0,0,0,0,0,0,0,0,0,0,0,0,0,0,0,0,0,0,0,0,0,0,0,0,0,0,0,0,0,0,0,0,0,0,True,S
1742_6d53928a.jpg,Test,0,0,0,0,0,0,0,0,0,7,0,0,7,0,0,7,0,7,0,0,7,0,0,0,0,7,0,0,7,0,0,0,0,7,0,0,7,0,0,0,0,7,0,0,7,7,7,0,0,7,0,0,7,0,7,7,0,0,0,0,0,0,7,7,True,S
1743_83326545.jpg,Test,0,0,0,0,0,0,0,0,0,0,0,0,0,0,0,0,0,0,0,0,0,0,0,0,0,0,0,0,0,0,0,0,0,0,0,10,10,10,10,0,0,0,0,10,10,10,10,0,0,0,0,10,10,10,10,0,0,0,0,10,10,10,10,0,True,S
1744_7835f996.jpg,Test,0,0,0,0,0,0,0,0,0,0,7,7,7,0,0,0,0,0,7,7,7,0,0,0,0,0,7,7,7,0,0,0,0,0,7,7,7,0,0,0,0,0,7,7,7,0,0,0,0,0,7,7,7,0,0,0,0,0,0,0,0,0,0,0,True,S
1745_84ef0f0b.jpg,Test,0,0,0,0,0,0,0,0,0,0,0,0,0,0,0,0,0,0,7,0,0,0,0,0,0,0,7,0,0,0,0,0,0,0,7,0,0,0,0,0,0,0,7,0,0,0,0,0,0,0,7,0,0,0,0,0,0,0,0,0,0,0,0,0,True,S
1746_41c78770.jpg,Test,0,0,0,0,0,0,0,0,10,10,10,10,10,10,10,0,10,10,10,10,10,10,10,0,10,10,10,10,10,10,10,0,10,10,10,10,10,10,10,0,10,10,10,10,10,10,10,0,10,10,0,10,0,0,0,0,0,0,0,0,0,0,0,0,True,S
1747_8407ec12.jpg,Test,0,0,0,0,0,0,0,0,0,0,0,0,0,0,0,0,0,0,0,0,0,0,0,0,0,0,0,0,10,10,0,0,0,0,0,0,10,10,0,0,0,0,0,0,10,10,0,0,0,0,0,0,10,10,0,0,0,0,0,0,10,10,0,0,True,S
1748_72dfe0b8.jpg,Test,0,0,0,0,0,0,0,0,0,0,0,0,0,0,0,0,0,0,10,0,0,2,0,0,0,0,10,0,0,2,0,0,0,0,10,0,0,0,0,0,0,0,10,0,0,0,0,0,0,0,10,0,0,0,0,0,0,0,0,0,0,0,0,0,True,S
1749_2f0d1919.jpg,Test,0,0,0,0,0,0,10,0,0,0,0,0,0,0,10,0,0,0,7,7,0,10,10,10,0,0,7,7,0,10,10,10,0,0,7,7,0,10,10,0,0,0,7,7,0,0,10,10,0,7,0,7,0,0,10,10,0,0,0,0,0,10,10,10,True,S
1750_6c34fd84.jpg,Test,0,0,0,0,0,0,0,0,0,0,7,4,10,10,0,0,0,0,7,4,10,10,0,0,0,0,7,4,10,10,0,0,0,0,7,4,10,10,0,0,0,0,7,4,10,10,0,0,0,0,7,0,10,0,0,0,0,0,0,0,0,0,0,0,True,S
1751_eda78c20.jpg,Test,0,0,0,0,0,10,0,0,0,0,10,0,0,10,7,2,0,0,10,10,0,10,7,2,0,0,10,10,0,10,10,2,0,0,10,0,0,10,7,2,0,0,10,0,0,10,7,7,0,0,10,0,0,0,7,7,0,0,0,0,10,10,10,2,True,S
1752_1c839ef4.jpg,Test,0,0,0,0,0,0,0,0,0,0,0,0,7,7,0,0,0,10,0,0,7,0,0,0,0,10,0,0,7,7,0,0,0,10,0,0,7,7,0,0,0,10,0,0,7,0,0,0,10,10,0,0,0,0,0,0,0,0,0,0,0,0,0,0,True,S
1753_2bbf8bd4.jpg,Test,0,0,0,0,0,0,0,0,0,0,0,7,7,0,0,0,0,0,0,0,7,7,0,0,0,0,0,0,7,7,0,0,0,0,0,0,7,7,0,0,0,0,0,0,7,7,7,0,0,0,0,0,7,7,0,0,0,0,0,0,0,0,0,0,True,S
1754_f8cb5f9a.jpg,Test,0,0,0,0,0,0,0,0,0,0,0,0,0,0,0,0,0,7,7,0,10,0,0,0,0,7,7,0,10,10,0,0,0,7,7,0,10,10,0,0,0,7,7,0,10,10,0,0,0,7,7,0,10,10,0,0,0,7,7,0,0,0,0,0,True,S
1755_539baaf4.jpg,Test,0,0,0,0,0,0,0,0,0,0,7,7,7,7,0,0,0,0,7,7,7,7,0,0,0,0,7,7,7,7,0,0,0,0,7,7,7,7,0,0,0,0,7,7,7,7,0,0,0,0,7,7,7,7,0,0,0,0,0,0,0,0,0,0,True,S
1756_a8988396.jpg,Test,0,0,0,0,0,0,0,0,0,0,10,10,10,0,10,0,2,2,10,10,10,0,10,10,2,2,10,10,10,0,10,0,2,2,10,10,10,0,10,0,2,2,10,10,10,0,10,0,2,2,10,10,10,0,0,0,0,0,0,0,0,0,0,0,True,S
1757_fe03da09.jpg,Test,0,0,0,0,0,0,0,0,0,0,0,0,0,0,0,0,0,0,0,0,0,0,0,0,0,0,0,7,0,10,0,0,0,0,0,7,0,10,0,0,0,0,0,7,7,10,0,0,0,0,0,7,7,10,0,0,0,0,0,0,0,0,0,0,True,S
1758_dcb21e8b.jpg,Test,0,0,0,0,0,0,0,0,0,0,0,10,10,0,0,0,0,0,0,10,10,0,0,0,0,0,0,10,10,0,0,0,0,0,0,0,0,0,0,0,0,0,0,0,0,0,0,0,0,0,0,0,10,0,0,0,0,0,0,0,0,0,0,0,True,S
1759_34b92b00.jpg,Test,0,0,0,0,0,0,0,0,0,0,0,7,7,0,0,0,0,0,0,7,7,0,0,0,0,0,0,7,7,0,0,0,0,0,0,7,7,0,0,0,0,0,0,7,7,0,0,0,0,0,0,7,7,0,0,0,0,0,0,7,7,0,0,0,True,S
1760_9d1566f0.jpg,Test,0,0,0,0,0,0,0,0,0,0,0,0,0,0,0,0,0,0,0,0,10,10,0,0,0,7,0,0,0,10,0,0,0,7,0,0,0,10,10,0,7,7,0,0,0,10,10,0,7,7,0,0,0,10,10,0,0,0,0,0,0,0,0,0,True,S
1761_269ac637.jpg,Test,0,0,0,0,0,0,0,0,0,0,7,7,0,10,10,0,0,0,7,7,0,10,10,0,0,0,7,7,0,10,10,0,0,0,7,7,0,10,10,0,0,0,7,7,0,10,10,0,0,0,7,7,0,10,10,0,0,0,0,0,0,10,0,0,True,S
1762_05848267.jpg,Test,0,0,0,0,0,0,0,0,0,0,10,10,10,10,10,0,0,0,10,10,10,10,10,0,0,0,10,10,10,10,10,0,0,0,10,10,10,10,10,0,0,0,10,10,10,10,10,0,0,0,10,10,10,10,10,0,0,0,0,0,0,0,0,0,True,S
1763_8b5df88a.jpg,Test,0,0,0,0,7,0,0,0,0,0,0,7,7,0,0,0,0,0,0,7,7,0,0,0,0,0,0,7,7,0,0,0,0,0,0,7,7,0,0,0,0,0,0,7,7,0,0,0,0,0,0,7,0,0,0,0,0,0,0,0,0,0,0,0,True,S
1764_667cfd4a.jpg,Test,0,0,0,0,0,0,0,0,0,0,0,0,10,0,0,0,0,0,0,0,10,0,0,0,0,0,0,0,10,10,0,0,0,0,0,0,10,10,0,0,0,0,0,0,10,0,10,0,0,0,0,0,10,10,0,0,0,0,0,0,0,0,0,0,True,S
1765_fd7042ad.jpg,Test,0,0,0,0,0,0,0,0,0,0,0,0,0,0,0,0,0,0,0,0,0,0,0,0,0,0,0,0,0,0,0,0,0,0,0,0,0,0,0,0,0,0,0,0,10,0,0,0,0,0,0,10,10,10,0,0,0,0,0,0,0,0,0,0,True,S
1766_ef624cc1.jpg,Test,0,0,0,0,0,0,0,0,0,0,10,10,10,0,0,0,0,10,10,10,10,0,10,10,10,10,10,10,10,10,10,10,10,10,10,10,10,10,10,0,0,10,10,10,10,10,10,0,0,10,10,10,10,10,10,0,0,10,10,10,10,0,0,0,True,S
1767_c6c1ee7a.jpg,Test,0,0,0,0,0,0,0,0,0,0,0,0,0,0,0,0,0,0,0,0,0,0,0,0,0,0,0,0,0,0,0,0,0,0,0,0,0,0,0,0,0,0,0,0,0,0,0,0,0,0,0,0,0,0,0,0,0,0,0,0,0,0,0,0,True,S
1768_494fc70c.jpg,Test,0,0,0,0,0,0,0,0,0,0,0,7,0,0,0,0,0,7,7,10,7,7,10,0,7,7,7,10,7,7,10,0,7,7,7,10,7,7,10,10,0,7,7,10,7,7,10,10,7,7,7,10,7,0,10,10,0,0,0,0,0,0,0,0,True,S
1769_fab1ddcd.jpg,Test,0,0,0,0,0,0,0,0,0,0,7,7,7,7,0,0,0,0,7,7,7,7,0,0,0,0,7,7,7,7,0,0,0,0,7,7,7,7,0,0,0,0,7,7,7,7,0,0,0,0,7,7,7,7,0,0,0,0,0,0,0,0,0,0,True,S
1770_810fec97.jpg,Test,0,0,0,0,0,0,0,0,0,0,0,0,9,0,0,0,0,9,9,0,9,0,0,0,0,9,9,0,9,0,0,0,0,9,9,0,9,0,0,0,0,9,9,9,9,0,0,0,0,0,0,0,0,0,0,0,0,0,0,0,0,0,0,0,True,S
1771_00fa8c95.jpg,Test,0,0,0,0,0,0,0,0,0,0,0,0,0,0,0,0,0,0,0,0,0,0,0,0,0,0,0,0,0,0,0,0,0,0,0,0,0,0,0,0,0,0,0,0,0,0,0,0,0,0,0,0,0,0,0,0,0,0,0,0,0,0,0,0,True,S
1772_76c77cd3.jpg,Test,0,0,0,0,0,0,0,0,0,0,10,0,0,0,0,0,0,0,10,10,0,0,0,0,0,0,0,10,0,7,7,0,0,0,0,10,0,7,7,0,0,0,0,10,10,7,7,0,0,0,10,10,0,0,7,0,0,0,0,0,0,0,0,0,True,S
1773_fa12d87f.jpg,Test,0,0,0,0,0,0,0,0,0,0,0,0,0,0,0,0,0,0,0,0,0,0,0,0,0,0,0,0,0,0,0,0,0,0,0,0,0,0,0,0,0,0,0,0,0,0,0,0,0,0,0,0,0,0,0,0,0,0,0,0,0,0,0,0,True,S
1774_74ed337b.jpg,Test,0,0,0,7,7,7,0,0,0,0,0,7,7,7,0,0,0,0,0,7,7,7,7,0,0,0,0,0,7,7,7,0,0,0,0,0,7,7,7,0,0,0,0,0,7,7,7,0,0,0,0,0,7,7,0,0,0,0,0,0,7,7,0,0,True,S
1775_85e64c1e.jpg,Test,0,0,0,0,10,10,0,0,0,7,0,0,10,10,0,0,7,7,0,0,10,10,0,0,7,7,0,0,10,10,0,0,7,7,0,0,10,10,0,0,7,7,0,0,10,10,0,0,7,7,0,0,10,10,0,0,0,0,0,0,0,0,0,0,True,S
1776_86a004e7.jpg,Test,0,0,0,0,0,0,0,0,0,0,0,0,0,0,0,0,0,0,0,0,0,0,0,0,0,0,0,0,0,0,0,0,0,0,0,0,7,7,0,0,0,0,0,0,7,7,0,0,0,0,0,0,7,7,0,0,0,0,0,0,0,0,0,0,True,S
1777_9e39b8a1.jpg,Test,0,0,0,0,0,0,0,0,0,0,0,0,0,0,0,0,0,0,0,0,0,0,0,0,7,7,0,7,7,0,7,7,0,0,0,0,0,0,0,7,0,0,0,0,0,0,0,0,0,0,0,0,0,0,0,0,0,0,0,0,0,0,0,0,True,S
1778_0160ec6b.jpg,Test,0,0,0,0,0,0,0,0,0,0,0,0,0,0,0,0,0,0,0,0,0,0,0,0,0,0,0,0,0,0,0,0,0,0,0,0,0,0,0,0,0,0,0,10,10,10,0,0,0,0,0,0,0,0,0,0,0,0,0,0,0,0,0,0,True,S
1779_d139ace3.jpg,Test,0,0,0,0,0,0,0,0,0,0,7,7,7,0,0,0,0,0,7,7,7,0,0,0,0,0,7,7,7,0,0,0,0,0,7,7,7,0,0,0,0,0,7,7,7,0,0,0,0,0,7,7,7,0,0,0,0,0,7,7,7,0,0,0,True,S
1780_b2e1cf4d.jpg,Test,0,0,0,0,0,0,0,0,0,7,7,7,7,7,7,0,0,7,7,7,7,7,7,7,0,7,7,7,7,7,7,7,0,7,7,7,7,7,7,0,0,7,7,7,7,7,7,0,0,7,7,7,7,7,7,0,0,7,7,7,7,7,7,0,True,S
1781_08344307.jpg,Test,0,0,0,0,0,0,0,0,0,0,0,0,0,0,0,0,0,0,0,0,0,0,0,0,7,7,7,7,7,7,7,7,7,7,7,7,7,7,7,7,7,7,7,7,7,7,7,7,7,7,7,7,7,7,7,7,0,0,0,0,0,0,0,0,True,S
1782_d7ac7f21.jpg,Test,0,0,0,0,0,0,0,0,0,0,0,0,0,0,0,0,0,0,7,7,0,0,0,0,0,0,7,7,0,0,0,0,0,0,7,7,0,0,0,0,0,0,7,7,0,0,0,0,0,0,7,7,0,0,0,0,0,0,0,0,0,0,0,0,True,S
1783_09ef44ee.jpg,Test,0,0,0,0,0,0,0,0,7,7,0,0,0,0,0,0,7,7,0,0,0,0,0,0,7,7,0,0,10,10,0,0,7,7,0,10,0,10,0,0,7,7,0,0,0,0,0,0,7,7,0,0,0,0,0,0,0,7,0,0,0,0,0,0,True,S
1784_44487f0b.jpg,Test,0,0,0,0,0,0,0,0,10,10,10,0,10,10,10,0,10,10,10,0,10,10,10,0,10,10,10,0,10,10,10,0,10,10,10,0,10,10,10,0,10,10,10,0,10,10,10,0,10,10,10,0,10,10,10,0,0,0,0,0,10,0,0,0,True,S
1785_e07f7734.jpg,Test,0,0,0,0,0,0,0,0,0,0,0,0,0,0,0,0,0,0,0,0,0,0,0,0,0,0,0,0,0,0,0,0,0,0,0,0,0,0,0,0,0,0,0,0,0,0,0,0,0,0,0,0,0,0,0,0,0,0,0,0,0,0,0,0,True,S
1786_349767b0.jpg,Test,0,0,0,0,0,7,7,0,0,7,7,10,0,7,7,0,0,7,7,10,10,7,7,0,0,7,7,10,10,7,7,0,0,7,7,10,10,7,7,0,0,7,7,10,10,7,7,0,0,7,7,10,10,7,7,0,0,0,0,0,0,0,0,0,True,S
1787_25ea3e68.jpg,Test,0,0,0,0,0,0,0,0,0,7,7,0,0,10,10,0,0,7,7,0,0,10,10,0,0,7,7,0,10,10,10,0,0,7,7,0,10,10,10,0,0,7,7,0,10,10,10,0,0,7,7,0,10,10,10,0,0,7,7,0,10,10,10,0,True,S
1788_0442798c.jpg,Test,0,0,0,0,0,0,0,0,0,0,10,10,10,0,0,0,0,0,10,10,10,9,9,9,0,0,10,10,10,9,9,9,0,0,10,10,10,9,9,9,0,0,10,10,10,9,9,9,0,0,10,10,10,9,9,9,0,0,0,0,10,0,0,0,True,S
1789_2863e702.jpg,Test,0,0,0,0,0,0,0,0,0,0,0,0,0,0,0,0,0,0,0,0,0,0,0,0,0,0,0,0,0,0,0,0,0,0,0,0,0,0,0,0,0,0,10,0,0,0,0,0,0,0,10,10,0,0,0,0,0,0,0,0,0,0,0,0,True,S
1790_e734beee.jpg,Test,0,0,0,0,0,0,0,0,0,0,0,7,7,7,0,0,0,0,0,7,7,7,0,0,0,0,0,7,7,7,0,0,0,0,0,7,7,7,0,0,0,0,0,7,7,7,0,0,0,0,0,7,7,7,0,0,0,0,0,7,7,7,0,0,True,S
1791_44b88cd4.jpg,Test,0,0,0,0,0,0,0,0,0,0,7,7,7,0,0,0,0,0,7,7,7,0,0,0,0,0,7,7,7,0,0,0,0,0,0,7,7,0,0,0,0,0,0,7,7,0,0,0,0,0,0,7,7,0,0,0,0,0,0,7,7,0,0,0,True,S
1792_b3dde3cb.jpg,Test,0,0,10,10,7,0,0,0,0,0,10,10,7,7,0,0,0,0,10,10,7,7,0,0,0,0,10,10,7,7,0,0,0,0,10,10,7,7,0,0,0,0,10,10,7,7,0,0,0,0,10,10,7,7,0,0,0,0,10,10,7,7,0,0,True,S
1793_d0f68945.jpg,Test,0,0,0,0,0,0,0,0,0,0,0,7,7,0,0,0,0,0,0,7,7,0,0,0,0,0,0,7,7,0,0,0,0,0,0,7,7,0,0,0,0,0,0,7,7,0,0,0,0,0,0,7,7,0,0,0,0,0,0,0,0,0,0,0,True,S
1794_4b9b1ad0.jpg,Test,0,0,0,0,0,0,0,0,0,0,0,10,10,10,0,0,0,0,0,10,10,10,0,0,0,0,0,10,10,10,0,0,0,0,0,10,10,10,0,0,0,0,0,10,10,10,0,0,0,0,0,10,10,10,0,0,0,0,0,0,0,0,0,0,True,S
1795_6c217159.jpg,Test,0,0,0,0,0,0,0,0,0,0,0,0,0,0,0,0,0,0,0,0,0,0,0,0,0,0,0,0,0,0,0,0,0,0,0,0,0,0,0,0,0,0,0,0,0,0,0,0,0,0,0,0,0,0,0,0,0,0,0,0,0,0,0,0,True,S
1796_254d979e.jpg,Test,0,0,0,0,0,0,0,0,0,0,0,10,10,10,0,0,0,0,0,10,10,10,0,0,0,0,0,10,10,10,0,0,0,0,0,10,10,10,0,0,0,0,0,10,10,10,0,0,0,0,0,10,10,10,0,0,0,0,0,0,10,10,0,0,True,S
1797_4cdfed49.jpg,Test,0,0,0,0,0,0,0,0,0,0,0,0,0,0,0,0,0,7,7,0,7,7,7,0,7,7,7,0,0,7,7,0,7,7,7,0,0,7,7,0,7,7,7,0,0,7,7,0,7,7,7,0,0,7,7,0,0,7,7,0,0,7,7,0,True,S
1798_fc2a60b9.jpg,Test,0,0,0,0,0,0,0,0,0,0,0,10,10,0,0,0,0,0,10,10,10,0,0,0,0,0,10,10,10,0,0,0,0,0,10,10,10,2,2,0,0,0,10,10,10,2,2,0,0,0,10,10,10,2,2,0,0,0,10,10,10,2,2,0,True,S
1799_b765aa19.jpg,Test,0,0,0,10,0,0,0,0,0,0,10,10,0,7,7,0,0,0,10,10,0,7,7,0,0,0,10,10,0,7,7,0,0,0,10,10,0,7,7,0,0,0,10,10,7,7,7,0,0,0,10,10,7,7,7,0,0,0,0,0,10,0,0,0,True,S
1800_ed899fe9.jpg,Test,0,0,0,0,0,0,0,0,0,0,0,0,0,0,0,0,0,10,10,7,7,0,0,0,0,10,0,7,7,0,0,0,0,10,0,7,7,0,0,0,0,10,0,7,7,0,0,0,0,0,0,0,7,0,0,0,0,0,0,0,0,0,0,0,True,S
1801_03bfb4b2.jpg,Test,0,0,0,0,0,7,0,0,0,7,7,7,7,7,0,0,0,7,7,7,7,7,0,0,0,7,7,7,7,7,0,0,0,7,7,7,7,7,0,0,0,7,7,7,7,7,0,0,0,7,7,7,7,7,0,0,7,7,7,7,7,7,7,7,True,S
1802_1b0b8a84.jpg,Test,0,0,0,0,0,0,0,0,0,0,0,0,0,0,0,0,0,0,0,7,0,0,7,7,0,0,7,7,0,0,7,7,0,7,7,7,0,0,7,7,0,0,7,7,0,0,7,7,0,0,0,0,0,7,7,7,0,0,0,0,0,0,0,0,True,S
1803_429317bb.jpg,Test,0,0,0,0,0,0,0,0,0,0,0,0,0,0,0,0,0,7,7,0,10,10,0,0,0,7,7,0,10,10,0,0,0,7,7,0,10,10,0,0,0,7,7,0,10,10,0,0,0,7,7,0,10,10,0,0,0,0,0,0,0,0,0,0,True,S
1804_50ac817f.jpg,Test,0,0,0,10,10,10,10,0,0,10,10,10,10,10,10,0,0,10,10,10,10,10,10,0,0,10,10,10,10,10,10,0,0,10,10,10,10,10,10,0,0,0,10,10,10,10,10,0,6,6,10,10,10,10,0,0,6,6,10,10,10,10,0,0,True,S
1805_e546fbbb.jpg,Test,0,0,0,0,0,0,0,0,0,0,0,0,0,0,0,0,0,0,10,10,0,0,0,0,0,10,10,10,0,0,0,0,0,10,10,10,0,0,0,0,0,10,10,10,0,0,0,0,0,10,10,10,0,0,0,0,0,10,10,10,0,0,0,0,True,S
1806_24a6ee9d.jpg,Test,0,0,0,0,0,9,9,9,0,0,0,0,0,9,9,9,0,0,0,0,0,9,9,9,0,0,0,0,0,9,9,9,0,0,0,0,0,9,9,9,0,0,0,0,0,9,9,9,0,0,0,0,0,9,9,9,0,0,0,0,0,9,9,9,True,S
1807_cc1d4fcc.jpg,Test,0,0,10,0,0,0,0,0,0,0,10,10,0,10,0,0,0,0,10,10,10,10,0,0,0,0,10,10,10,10,0,0,0,0,10,10,10,10,0,0,0,0,10,10,10,10,0,0,0,0,10,10,10,10,0,0,0,0,0,0,0,0,0,0,True,S
1808_6853fd10.jpg,Test,0,0,0,0,0,0,0,0,0,0,0,0,0,0,0,0,0,0,0,0,0,0,0,0,0,0,0,0,0,0,0,0,0,0,0,0,0,0,0,0,0,0,0,0,0,0,0,0,0,0,0,0,0,0,0,0,0,0,0,0,0,0,0,0,True,S
1809_86d81e40.jpg,Test,0,0,0,0,0,0,0,0,0,0,7,7,7,0,0,0,0,0,7,7,7,0,0,0,0,0,7,7,7,0,0,0,0,0,7,7,7,0,0,0,0,0,7,7,7,0,0,0,0,0,7,7,7,0,0,0,0,0,0,0,0,0,0,0,True,S
1810_d08dc2b3.jpg,Test,0,0,0,0,0,0,0,0,0,0,7,7,10,7,7,0,0,0,7,7,10,7,7,0,0,7,7,7,10,7,7,0,0,0,7,7,10,7,7,0,0,7,7,7,10,7,7,0,0,7,0,7,10,7,7,0,0,0,0,0,0,0,0,0,True,S
1811_c340f14d.jpg,Test,0,0,0,0,0,0,0,0,0,0,7,7,10,0,10,10,0,0,7,7,10,0,10,10,0,0,7,7,10,0,10,10,0,0,7,7,10,0,10,10,0,0,7,7,10,0,10,10,0,0,7,7,10,0,10,10,0,0,10,7,10,0,10,10,True,S
1812_14202b8e.jpg,Test,10,10,10,10,10,10,10,10,10,10,10,10,10,10,10,10,10,10,10,10,10,10,10,10,10,10,10,10,10,10,10,10,10,10,10,10,10,10,10,10,10,10,10,10,10,10,10,10,10,10,10,10,10,10,10,10,10,10,10,10,10,10,10,10,True,S
1813_a6b0590d.jpg,Test,0,0,0,0,0,0,0,0,0,0,0,0,0,0,0,0,0,7,7,0,0,0,7,0,0,7,7,9,9,0,7,9,0,7,7,9,9,0,7,9,0,7,7,9,9,0,7,9,0,7,7,9,9,0,7,9,0,0,0,0,0,0,0,0,True,S
1814_e9fb6d08.jpg,Test,0,0,0,0,0,0,0,0,0,0,0,0,0,0,0,0,0,10,10,10,10,10,0,0,0,10,10,10,10,10,0,0,0,10,10,10,10,10,0,0,0,10,10,10,10,10,0,0,0,10,10,10,10,10,0,0,0,0,0,0,0,0,0,0,True,S
1815_680d45c4.jpg,Test,0,0,0,0,0,0,0,0,0,0,0,0,0,0,0,0,0,0,0,7,0,0,0,0,0,0,7,7,7,0,0,0,0,0,7,7,7,0,0,0,0,0,7,7,7,0,0,0,0,0,7,7,7,0,0,0,0,0,7,7,7,0,0,0,True,S
1816_e14e794c.jpg,Test,0,0,0,0,0,0,0,0,0,0,0,7,7,7,0,0,0,0,0,7,7,7,7,0,0,0,0,7,7,7,7,0,0,0,0,7,7,7,7,0,0,0,0,7,7,7,7,0,0,0,0,7,7,7,7,0,0,0,0,0,0,0,0,0,True,S
1817_37804faa.jpg,Test,0,0,0,0,0,0,0,0,0,0,0,10,10,0,0,0,0,0,0,10,10,0,0,0,0,0,0,10,10,0,0,0,0,0,0,10,10,0,0,0,0,0,0,10,10,0,0,0,0,0,0,10,10,0,0,0,0,0,0,10,10,0,0,0,True,S
1818_60578332.jpg,Test,10,10,10,10,10,10,10,10,10,10,10,10,10,10,10,10,10,10,10,10,10,10,10,10,10,10,10,10,10,10,10,10,10,10,10,10,10,10,10,10,10,10,10,10,10,10,10,10,10,10,10,10,10,10,10,10,10,10,10,10,10,10,10,10,True,S
1819_b2d07f09.jpg,Test,2,2,0,0,10,10,0,0,2,2,0,10,10,10,0,0,2,2,0,10,10,10,0,0,0,0,0,10,10,10,0,0,0,0,0,10,10,10,0,0,0,0,0,10,10,10,0,0,0,0,0,10,10,10,0,0,0,0,0,0,0,0,0,0,True,S
1820_c6097cc9.jpg,Test,0,0,0,0,0,0,0,0,0,0,0,7,7,0,0,0,0,0,0,7,7,0,0,0,0,0,0,7,7,10,10,0,0,0,0,7,7,10,10,0,0,0,0,7,7,10,10,0,0,0,0,7,7,10,10,0,0,0,0,0,7,0,0,0,True,S
1821_f38d8708.jpg,Test,0,0,0,0,0,0,0,0,0,0,0,7,7,7,0,0,0,0,0,7,7,7,0,0,0,0,0,7,7,7,0,0,0,0,0,7,7,7,0,0,0,0,7,7,7,7,0,0,0,0,7,7,7,7,0,0,0,0,0,0,0,0,0,0,True,S
1822_f571e0d5.jpg,Test,0,0,0,0,0,0,0,0,0,0,7,7,7,0,0,0,0,0,7,7,7,0,0,0,0,0,7,7,7,0,0,0,0,0,7,7,7,0,0,0,0,0,7,7,7,0,0,0,0,0,0,0,0,0,0,0,0,0,0,0,0,0,0,0,True,S
1823_bacb2cd9.jpg,Test,0,0,0,0,0,0,0,0,0,0,10,10,10,10,0,0,0,0,10,10,10,10,0,0,0,0,10,10,10,10,0,0,0,0,10,10,10,10,0,0,0,0,10,10,10,10,0,0,0,0,10,10,10,10,0,0,0,0,10,10,10,0,0,0,True,S
1824_8d39f1d1.jpg,Test,0,0,0,0,0,0,0,0,0,0,0,7,7,0,0,0,0,0,0,7,7,0,0,0,0,0,0,7,7,0,0,0,0,0,0,7,7,0,0,0,0,0,0,7,7,0,0,0,0,0,0,7,7,0,0,0,0,0,0,0,0,0,0,0,True,S
1825_9ebbb1b0.jpg,Test,0,0,3,3,0,0,0,0,0,0,3,3,10,0,0,0,0,0,3,3,10,10,10,0,0,0,3,3,10,10,10,0,0,0,3,3,10,10,10,0,0,0,3,3,10,10,10,0,0,0,3,3,10,10,10,0,0,0,3,3,10,10,10,0,True,S
1826_2cf885f8.jpg,Test,0,10,0,0,0,0,0,0,10,10,10,0,10,10,10,0,10,10,10,10,10,10,10,0,10,10,10,10,10,10,10,0,10,10,10,10,10,10,10,0,10,10,10,10,10,10,10,0,10,10,10,10,10,10,10,0,0,10,10,0,0,10,0,0,True,S
1827_1796fc0c.jpg,Test,0,0,0,0,0,0,0,0,0,0,0,0,7,0,0,0,0,0,0,7,7,7,0,0,0,0,0,7,7,7,0,0,0,0,0,7,7,7,0,0,0,0,0,7,7,7,0,0,0,0,0,7,7,7,0,0,0,0,0,0,7,0,0,0,True,S
1828_3750cff6.jpg,Test,0,0,0,0,0,0,0,0,0,0,7,7,0,0,0,0,0,0,7,7,0,0,0,0,0,0,7,7,0,0,0,0,0,0,7,7,0,0,0,0,0,0,7,7,0,0,0,0,0,0,7,7,7,0,0,0,0,0,7,7,7,0,0,0,True,S
1829_456d6788.jpg,Test,0,0,0,0,0,0,0,0,10,10,10,7,10,7,10,10,10,10,10,7,7,7,10,10,10,10,10,7,7,7,10,10,10,10,10,7,7,7,10,10,10,10,10,7,7,7,10,10,10,10,10,7,7,7,10,0,10,10,10,0,10,10,0,0,True,S
1830_ef056761.jpg,Test,0,0,0,0,10,10,0,0,0,7,7,0,10,10,0,0,0,7,0,0,10,10,0,0,0,7,7,0,10,10,10,0,0,7,0,0,10,10,10,0,0,7,0,0,10,10,10,0,0,7,0,0,10,10,10,0,0,7,0,10,10,10,10,0,True,S
1831_ae2f4c0d.jpg,Test,0,0,0,0,0,0,0,0,0,0,0,7,10,0,0,0,0,0,7,7,10,0,0,0,0,0,7,7,10,10,0,0,0,0,7,7,10,10,0,0,0,0,0,7,10,10,0,0,0,0,0,0,0,0,0,0,0,0,0,0,0,0,0,0,True,S
1832_87267128.jpg,Test,0,0,0,0,0,0,0,0,0,0,0,0,0,0,0,0,0,9,9,0,5,5,0,0,0,9,9,0,5,5,0,0,0,9,9,0,5,5,0,0,0,9,9,0,5,5,0,0,0,9,9,0,5,5,0,0,0,9,9,0,0,0,0,0,True,S
1833_dbc977da.jpg,Test,0,0,0,0,0,0,0,0,0,0,9,9,0,0,0,0,0,0,9,9,0,0,0,0,0,0,9,9,0,0,0,0,0,0,9,9,0,0,0,0,0,0,9,9,0,0,0,0,0,0,9,9,0,0,0,0,0,0,0,0,0,0,0,0,True,S
1834_00667c82.jpg,Test,0,0,0,0,0,0,0,0,0,0,0,5,5,0,0,0,0,0,0,5,5,0,0,0,0,0,0,5,5,0,0,0,0,0,0,5,5,0,0,0,0,0,5,5,5,0,0,0,0,0,0,5,5,0,0,0,0,0,0,0,0,0,0,0,True,S
1835_c0c5dc44.jpg,Test,0,0,0,0,0,0,0,0,0,0,0,0,0,0,0,0,5,5,0,0,0,0,0,0,5,5,5,5,0,5,5,5,5,5,5,5,5,5,5,5,0,0,5,5,5,5,5,5,0,0,0,0,5,5,0,0,0,0,0,0,0,0,0,0,True,S
1836_0200ca4d.jpg,Test,0,0,0,0,0,0,0,0,0,0,5,0,0,0,0,0,0,5,0,0,9,9,9,0,0,5,5,9,9,9,9,0,0,5,0,9,9,9,9,0,0,5,5,9,9,9,9,0,0,5,5,9,9,9,9,0,0,0,0,9,9,9,9,0,True,S
1837_a34137f4.jpg,Test,0,0,0,0,0,0,0,0,0,0,0,0,9,0,0,0,0,0,0,9,9,0,0,0,0,0,0,9,9,0,0,0,0,0,0,9,9,0,0,0,0,0,0,9,9,0,0,0,0,0,0,9,9,0,0,0,0,0,0,0,0,0,0,0,True,S
1838_1db052c0.jpg,Test,0,0,0,0,0,0,0,0,0,5,0,0,5,5,5,5,0,5,0,0,5,5,5,0,0,5,0,5,5,5,5,0,0,5,0,0,5,5,5,0,0,0,0,0,5,5,0,0,0,0,0,0,5,5,0,0,0,0,0,0,5,5,5,5,True,S
1839_537f6cb8.jpg,Test,0,0,0,0,0,0,0,0,0,0,0,0,0,0,0,0,0,0,0,0,0,0,0,0,0,0,0,0,0,0,0,0,0,0,0,0,0,0,0,0,0,0,0,0,0,0,0,0,0,0,0,0,0,0,0,0,0,0,0,0,0,0,0,0,True,S
1840_3f91a18a.jpg,Test,0,0,0,0,0,0,0,0,0,5,5,0,9,9,0,0,5,5,5,0,9,9,0,0,5,5,5,5,9,9,0,0,5,5,5,5,9,9,0,0,5,5,5,5,9,9,0,0,5,5,5,5,9,9,0,0,5,5,5,5,9,9,0,0,True,S
1841_77473ee9.jpg,Test,0,0,0,0,0,0,0,0,0,0,0,0,0,0,0,0,0,0,9,9,9,0,0,0,0,0,9,9,0,0,0,0,0,0,9,9,0,0,0,0,0,0,9,9,9,0,0,0,0,0,9,9,9,0,0,0,0,0,0,0,0,0,0,0,True,S
1842_30e53b09.jpg,Test,0,0,0,0,0,0,0,0,0,0,0,0,0,0,0,0,0,0,0,0,0,0,0,0,0,0,0,0,0,0,0,0,0,0,0,0,0,0,0,0,0,0,0,0,0,0,0,0,0,0,0,0,0,0,0,0,0,0,0,0,0,0,0,0,True,S
1843_e990fdf6.jpg,Test,0,0,0,0,0,0,0,0,0,0,0,0,0,0,0,0,0,0,0,0,0,0,0,0,0,0,0,0,0,0,0,0,0,0,9,9,9,9,0,0,0,0,9,9,9,9,0,0,0,9,9,9,9,9,0,0,0,0,9,9,9,9,0,0,True,S
1844_5027523f.jpg,Test,0,0,0,0,0,0,0,0,0,5,5,5,5,0,5,0,0,5,5,5,5,5,5,5,0,5,5,5,5,5,5,5,0,5,5,5,5,5,5,5,0,5,5,5,5,5,5,0,0,5,5,5,5,0,5,5,0,0,0,0,0,0,0,0,True,S
1845_b31efdfc.jpg,Test,0,0,0,0,0,0,0,0,0,0,0,0,0,0,0,0,0,0,0,0,0,0,0,0,0,0,0,0,0,0,0,0,0,0,0,0,0,0,0,0,0,0,0,0,0,0,0,0,0,0,0,0,0,0,0,0,0,0,0,0,0,0,0,0,True,S
1846_f647c7c5.jpg,Test,0,0,0,0,0,0,0,0,0,0,0,0,0,0,0,0,0,0,0,0,0,0,0,0,0,5,5,0,0,0,0,0,0,5,5,0,0,0,0,0,0,5,5,0,0,0,0,0,0,5,5,0,0,0,0,0,0,5,5,0,0,0,0,0,True,S
1847_71a129ee.jpg,Test,0,0,0,0,0,0,0,0,0,0,0,0,0,0,5,5,0,0,0,0,0,0,5,5,0,9,9,9,0,0,5,5,0,0,9,9,0,0,5,5,0,0,0,9,0,0,5,5,0,0,0,0,9,0,5,5,0,0,0,0,0,0,0,0,True,S
1848_c266216d.jpg,Test,0,0,0,0,0,0,0,0,0,0,0,9,0,0,0,0,0,0,9,9,9,0,0,0,0,0,0,9,9,0,0,0,0,0,0,9,9,0,0,0,0,0,0,9,9,0,0,0,0,0,0,9,9,0,0,0,0,0,0,9,9,0,0,0,True,S
1849_13825428.jpg,Test,0,0,0,0,0,0,0,0,0,0,0,0,0,0,0,0,0,0,0,0,0,0,0,0,0,0,0,0,0,0,0,0,0,0,0,0,0,0,0,0,0,0,0,0,0,0,0,0,0,0,0,0,0,0,0,0,0,0,0,0,0,0,0,0,True,S
1850_628076b3.jpg,Test,0,0,0,0,0,0,0,0,0,0,0,0,0,0,0,0,0,0,0,0,0,0,0,0,0,0,0,0,0,0,0,0,0,0,0,0,0,0,0,0,0,0,0,0,0,0,0,0,0,0,0,0,0,0,0,0,0,0,0,0,0,0,0,0,True,S
1851_5447e04c.jpg,Test,0,0,0,0,0,0,0,0,0,0,0,0,0,0,0,0,0,0,0,0,0,0,0,0,0,0,9,9,9,9,0,0,0,0,9,9,9,9,0,0,0,0,9,9,9,9,0,0,0,0,9,9,9,9,0,0,0,0,9,9,9,9,0,0,True,S
1852_d58107d9.jpg,Test,0,0,0,0,0,0,0,0,0,0,0,0,0,0,0,0,0,0,0,5,5,0,0,0,0,0,0,5,5,0,0,0,0,0,0,5,5,0,0,0,0,0,0,5,5,0,0,0,0,0,0,5,5,5,0,0,0,0,0,0,0,0,0,0,True,S
1853_e538a161.jpg,Test,0,0,0,0,0,0,0,0,0,0,0,0,0,0,0,0,0,0,0,9,9,9,9,0,0,0,0,9,9,9,9,0,0,0,0,9,9,9,9,0,0,0,0,9,9,9,9,0,0,0,0,9,9,9,9,0,0,0,0,9,9,9,9,0,True,S
1854_c994e2fc.jpg,Test,0,0,0,0,0,0,0,0,0,0,0,0,0,0,0,0,5,5,5,5,5,5,5,5,5,5,5,5,5,5,5,5,5,5,5,5,5,5,5,5,5,5,5,5,5,5,5,5,0,5,5,0,0,5,5,5,0,0,0,0,0,0,0,0,True,S
1855_9ae62a6e.jpg,Test,0,0,0,0,0,0,0,0,0,0,0,0,0,0,0,0,0,0,0,0,0,5,5,0,0,0,0,0,0,5,5,0,0,0,0,0,0,5,5,0,0,0,0,0,0,5,5,0,0,0,0,0,0,5,5,0,0,0,0,0,0,0,0,0,True,S
1856_6ca2a6cf.jpg,Test,0,0,0,0,0,0,0,0,0,0,0,0,0,0,0,0,0,0,0,0,0,0,0,0,0,0,0,0,0,0,0,0,0,0,0,0,0,0,0,0,0,0,0,0,0,0,0,0,0,0,0,0,0,0,0,0,0,0,0,0,0,0,0,0,True,S
1857_9463038e.jpg,Test,0,0,0,0,0,0,0,0,0,0,0,0,0,0,0,0,0,0,0,0,0,0,0,0,0,0,9,9,9,0,0,0,0,0,9,9,9,0,0,0,0,0,9,9,9,0,0,0,0,0,9,9,9,0,0,0,0,0,9,9,0,0,0,0,True,S
1858_3fe6018c.jpg,Test,0,0,0,0,0,0,0,0,0,0,0,0,0,0,0,0,0,0,0,0,5,0,0,0,0,0,0,0,5,0,0,0,0,0,0,0,5,0,0,0,0,0,0,0,5,5,0,0,0,0,0,0,5,8,0,0,0,0,0,0,5,5,0,0,True,S
1859_2ab9047e.jpg,Test,0,0,0,0,0,0,0,0,0,0,0,9,9,9,0,0,0,0,0,9,9,9,0,0,0,0,0,9,9,9,0,0,0,0,0,9,9,9,0,0,0,0,0,9,9,9,0,0,0,0,0,9,9,9,0,0,0,0,0,0,0,0,0,0,True,S
1860_aa21cfd1.jpg,Test,0,0,0,0,0,0,0,0,0,5,5,5,5,5,0,0,0,5,5,5,5,5,0,0,0,5,5,5,5,5,0,0,0,5,5,5,5,5,5,0,0,5,5,5,5,5,5,0,0,5,5,5,5,5,5,0,0,5,5,5,5,5,5,0,True,S
1861_aa73352a.jpg,Test,0,0,0,0,0,0,0,0,0,0,5,5,5,5,0,0,0,0,5,5,5,5,0,0,0,0,5,5,5,5,0,0,0,0,5,5,5,5,0,0,0,0,5,5,5,5,0,0,0,0,5,5,5,5,0,0,0,0,0,0,0,0,0,0,True,S
1862_3681a15f.jpg,Test,0,0,0,0,0,0,0,0,0,0,9,9,0,0,0,0,0,0,9,9,0,0,0,0,0,0,9,9,0,0,0,0,0,0,9,9,0,0,0,0,0,0,9,9,0,0,0,0,0,0,9,9,0,0,0,0,0,0,0,0,0,0,0,0,True,S
1863_bf8ea9ef.jpg,Test,0,0,0,0,0,0,0,0,0,0,0,0,0,0,0,0,0,0,0,0,0,0,0,0,0,0,0,0,0,0,0,0,0,0,0,0,0,0,0,0,0,0,0,0,0,0,0,0,0,0,0,0,0,0,0,0,0,0,0,0,0,0,0,0,True,S
1864_8f86278f.jpg,Test,0,0,0,0,0,0,0,0,0,0,0,0,0,0,0,0,0,0,0,0,0,0,0,0,0,0,9,9,0,0,0,0,0,0,9,9,0,0,0,0,0,0,9,9,0,0,0,0,0,0,9,9,0,0,0,0,0,0,0,9,0,0,0,0,True,S
1865_1d3f86e4.jpg,Test,0,0,0,0,0,0,0,0,0,0,0,0,5,5,0,0,0,0,0,0,5,5,0,0,0,0,0,0,5,5,0,0,0,0,0,0,5,5,0,0,0,0,0,0,5,5,0,0,0,0,0,0,5,5,0,0,0,0,0,0,5,5,0,0,True,S
1866_42b1699c.jpg,Test,0,0,0,0,0,0,0,0,0,0,0,0,0,9,0,0,0,0,0,0,9,9,0,0,0,0,0,0,9,9,0,0,0,0,0,0,9,9,0,0,0,0,0,0,9,9,0,0,0,0,0,0,9,9,0,0,0,0,0,0,0,0,0,0,True,S
1867_1114c581.jpg,Test,0,0,0,0,0,0,0,0,0,0,0,0,0,0,0,0,0,0,0,0,0,5,5,0,0,0,0,0,0,5,5,0,0,0,0,0,0,5,5,0,0,0,0,0,0,5,5,0,0,0,0,0,0,5,5,0,0,0,0,0,5,5,5,0,True,S
1868_dec06e06.jpg,Test,0,0,0,5,5,0,0,0,0,0,0,5,5,5,0,0,0,5,0,5,5,5,0,0,0,0,0,5,5,5,0,0,0,0,0,5,5,5,0,0,0,0,5,5,5,5,0,0,0,0,5,5,5,5,0,0,0,0,0,0,0,0,0,0,True,S
1869_f751a034.jpg,Test,0,0,0,0,0,0,0,0,0,6,0,0,0,0,0,0,0,5,5,5,5,5,5,5,5,5,5,5,5,5,5,5,5,5,5,5,5,5,5,5,5,5,5,5,5,5,5,5,5,5,5,9,9,9,9,9,0,6,6,10,10,10,0,0,True,S
1870_13a28ba9.jpg,Test,0,0,0,0,0,0,0,0,0,0,0,0,0,0,0,0,0,0,0,0,0,0,0,0,0,0,0,0,0,0,0,0,0,0,0,0,0,0,0,0,0,0,0,0,0,0,0,0,0,0,0,0,0,0,0,0,0,0,0,0,0,0,0,0,True,S
1871_866f3643.jpg,Test,0,0,0,0,0,0,0,0,0,0,0,0,0,0,0,0,0,0,0,0,5,5,0,0,0,0,0,0,5,5,5,0,0,0,0,0,5,5,0,0,0,0,0,0,0,0,0,0,0,0,0,0,0,0,0,0,0,0,0,0,0,0,0,0,True,S
1872_5f3e0f3e.jpg,Test,0,0,0,5,0,0,0,0,0,5,5,5,5,5,0,5,10,10,5,5,5,5,5,5,10,10,5,5,5,5,0,5,10,10,5,5,5,5,5,5,0,5,5,5,5,5,5,5,0,5,5,5,5,5,5,5,0,0,5,5,5,0,0,0,True,S
1873_6f7c5f54.jpg,Test,0,0,0,0,0,0,0,0,0,0,0,0,0,0,0,0,0,0,0,0,9,9,0,0,0,0,0,9,9,9,0,0,0,0,0,9,9,0,0,0,0,0,0,9,9,0,0,0,0,0,0,9,9,9,0,0,0,0,0,9,9,9,0,0,True,S
1874_38cacc47.jpg,Test,0,0,0,0,0,0,0,0,0,0,0,9,9,9,9,0,0,0,9,9,9,9,9,0,0,0,9,9,9,9,9,0,0,0,9,9,9,9,9,0,0,0,9,9,9,9,9,0,0,0,9,9,9,9,9,0,2,0,9,9,9,9,9,0,True,S
1875_e4db4b26.jpg,Test,5,0,0,0,0,0,0,0,0,0,0,0,0,0,0,0,0,5,5,5,5,5,5,5,5,5,5,5,5,5,5,5,5,5,5,5,5,5,5,5,5,5,5,5,5,5,5,5,5,5,5,5,5,5,5,5,5,5,5,5,5,5,5,5,True,S
1876_01198842.jpg,Test,0,0,0,0,0,0,0,0,0,0,0,0,0,0,0,0,0,0,0,0,0,0,0,0,0,0,0,0,0,0,0,0,0,0,0,0,0,0,0,0,0,0,0,0,0,0,0,0,0,0,0,0,0,0,0,0,0,0,0,0,0,0,0,0,True,S
1877_fd82718b.jpg,Test,0,0,0,0,0,0,0,0,0,0,9,9,5,5,0,0,0,0,9,9,5,5,0,0,0,0,9,9,5,5,0,0,0,0,9,9,5,5,0,0,0,0,9,9,5,5,0,0,0,0,9,9,5,5,0,0,0,0,9,9,0,0,0,0,True,S
1878_7bf7285a.jpg,Test,0,0,0,0,0,0,0,0,0,0,0,0,5,0,0,0,0,0,0,5,5,0,0,0,0,0,0,5,5,5,0,0,0,0,0,5,5,5,0,0,0,0,0,5,5,5,0,0,0,0,5,5,5,0,0,0,0,0,0,5,5,0,0,0,True,S
1879_f920fa01.jpg,Test,0,0,0,0,0,0,0,0,0,0,9,9,9,9,0,0,0,0,9,9,9,9,0,0,0,0,9,9,9,9,0,0,0,0,9,9,9,9,0,0,0,0,9,9,9,9,5,5,0,0,9,9,9,9,5,5,0,0,9,9,9,9,5,5,True,S
1880_6aae2516.jpg,Test,0,0,0,0,0,0,0,0,0,0,5,5,5,0,0,0,0,0,5,5,5,5,5,0,0,0,5,5,5,5,5,0,0,5,5,5,5,5,5,0,0,5,5,5,5,5,5,0,0,5,5,5,5,5,5,0,0,0,0,5,5,0,0,0,True,S
1881_9567aaf8.jpg,Test,0,0,0,0,0,0,0,0,0,0,9,9,9,9,0,0,0,0,9,9,9,9,5,5,0,0,9,9,9,9,5,5,0,0,9,9,9,9,5,5,0,0,9,9,9,9,5,5,0,0,9,9,9,9,5,5,0,0,0,0,0,0,0,0,True,S
1882_c786be6e.jpg,Test,0,0,0,0,0,0,0,0,0,0,0,0,0,0,0,0,0,0,0,0,0,0,0,0,0,0,0,0,5,5,0,0,0,9,9,0,5,5,0,0,0,9,9,0,5,5,0,0,0,9,9,0,5,5,0,0,0,9,9,0,5,5,0,0,True,S
1883_c98ce8f8.jpg,Test,0,0,0,0,0,0,0,0,0,0,5,0,0,0,0,0,0,5,5,5,0,0,0,0,0,5,5,5,0,0,0,0,0,5,5,5,0,0,0,0,0,5,5,5,0,0,0,0,0,5,5,5,0,0,0,0,0,0,5,0,0,0,0,0,True,S
1884_0de3ffde.jpg,Test,0,0,0,0,0,0,0,0,0,0,0,0,0,0,0,0,0,0,0,0,0,0,0,0,0,0,0,0,0,0,0,0,0,0,0,0,0,0,0,0,0,0,0,0,0,0,0,0,0,0,0,0,0,0,0,0,0,0,0,0,0,0,0,0,True,S
1885_965082be.jpg,Test,0,0,0,0,0,0,0,0,0,0,0,0,0,0,0,0,0,0,0,0,0,0,0,0,0,0,0,0,0,0,0,0,0,0,0,0,0,0,0,0,0,0,0,0,0,0,0,0,0,0,0,0,0,0,0,0,0,0,0,0,0,0,0,0,True,S
1886_9bf89314.jpg,Test,0,0,0,0,0,0,0,0,0,0,0,0,0,0,0,0,0,0,0,0,0,0,0,0,0,0,0,0,0,0,0,0,0,0,0,0,0,0,0,0,0,0,0,0,0,0,0,0,0,0,0,0,0,0,0,0,0,0,0,0,0,0,0,0,True,S
1887_b518df35.jpg,Test,0,0,0,0,0,0,0,0,0,0,0,0,0,0,0,0,0,0,0,5,0,0,0,0,0,0,0,5,5,0,0,0,0,0,0,5,5,0,0,0,0,0,0,5,5,0,0,0,0,0,0,5,5,0,0,0,0,0,0,5,5,0,0,0,True,S
1888_ff3a4978.jpg,Test,0,0,0,0,0,0,0,0,0,0,9,9,9,0,0,0,0,0,9,9,9,0,0,0,0,0,9,9,9,0,0,0,0,0,9,9,9,0,0,0,0,0,9,9,9,0,0,0,0,0,9,9,9,0,0,0,0,0,0,9,0,0,0,0,True,S
1889_07b257c8.jpg,Test,0,0,0,0,0,0,0,0,0,0,5,5,0,9,9,0,0,0,5,5,0,9,9,0,0,0,5,5,0,9,9,0,0,0,5,5,0,9,9,0,0,0,5,5,0,9,9,0,0,0,5,5,0,9,9,0,0,0,5,5,0,9,9,0,True,S
1890_127ec30c.jpg,Test,0,0,0,0,0,0,0,0,0,0,0,0,0,0,0,0,0,0,0,0,9,9,0,0,0,0,0,0,9,9,0,0,0,0,0,0,9,9,0,0,0,0,0,0,9,9,0,0,0,0,0,0,9,9,0,0,0,0,0,0,0,0,0,0,True,S
1891_87269108.jpg,Test,0,0,0,0,0,0,0,0,0,0,0,0,0,9,0,0,0,9,9,9,0,9,0,0,0,9,9,9,0,9,0,0,0,9,9,9,0,9,0,0,0,9,9,9,0,9,0,0,0,9,9,9,0,9,0,0,0,9,9,9,0,9,0,0,True,S
1892_3561ed66.jpg,Test,0,0,0,0,0,0,0,0,0,0,0,0,0,0,0,0,0,0,0,0,0,0,0,0,0,0,0,0,0,0,0,0,0,0,0,0,0,0,0,0,0,0,0,0,0,0,0,0,0,0,0,0,0,0,0,0,0,0,0,0,0,0,0,0,True,S
1893_9af8b04f.jpg,Test,0,0,0,0,0,0,0,0,0,0,0,0,0,0,0,0,0,0,0,0,0,0,0,0,0,0,0,0,0,0,0,0,0,0,0,0,0,0,0,0,0,0,0,0,0,0,0,0,0,0,0,0,0,0,0,0,0,0,0,0,0,0,0,0,True,S
1894_fff7ae97.jpg,Test,0,0,0,0,0,0,0,0,0,0,9,9,0,9,5,5,0,0,9,9,0,9,5,5,0,0,9,9,0,9,5,5,0,0,9,9,0,9,5,5,0,0,9,9,9,9,5,5,0,0,9,9,0,9,5,5,0,0,9,9,0,0,0,0,True,S
1895_bc445066.jpg,Test,0,0,0,0,0,0,0,0,0,0,0,0,0,0,0,0,0,0,0,0,0,0,0,0,0,0,0,0,0,0,0,0,0,0,0,0,0,0,0,0,0,0,0,0,0,0,0,0,0,0,0,0,0,0,0,0,0,0,0,0,0,0,0,0,True,S
1896_2f52bb3a.jpg,Test,0,0,0,0,0,0,0,0,0,0,5,5,5,9,9,9,9,9,9,5,5,9,9,9,9,9,9,5,5,9,9,9,9,9,9,5,5,9,9,9,9,9,9,5,5,9,9,9,9,9,9,5,5,9,9,9,9,9,9,5,5,9,9,9,True,S
1897_4618e0e2.jpg,Test,0,9,0,0,0,0,0,0,9,9,5,0,0,5,5,9,9,10,5,5,5,5,5,9,9,9,5,5,5,5,5,9,9,9,5,5,5,5,5,0,9,9,5,5,5,5,5,0,9,9,5,0,0,5,5,0,9,9,0,0,0,5,5,0,True,S
1898_0df73bc8.jpg,Test,0,0,0,0,0,0,0,0,0,0,5,5,5,0,0,0,0,5,5,5,5,5,1,1,0,5,5,5,5,5,1,1,0,5,5,5,5,5,1,1,0,5,5,5,5,5,1,1,0,5,5,5,5,5,0,1,0,5,5,5,5,5,0,0,True,S
1899_003cdbfe.jpg,Test,0,0,0,0,0,0,0,0,0,0,0,0,0,0,0,0,0,0,0,0,0,0,0,0,0,0,0,0,0,0,0,0,0,0,0,0,0,0,0,0,0,0,0,0,0,0,0,0,0,0,0,0,0,0,0,0,0,0,0,0,0,0,0,0,True,S
1900_5d3456a5.jpg,Test,0,0,0,0,0,0,0,0,0,0,0,0,0,0,0,0,0,0,0,0,0,0,0,0,0,0,0,0,5,5,5,0,0,0,0,0,0,5,0,0,0,0,0,0,0,0,0,0,0,0,0,0,0,0,5,0,0,0,0,0,0,0,0,0,True,S
1901_ba1c8196.jpg,Test,0,0,0,0,0,0,0,0,0,0,0,0,0,0,0,0,0,0,0,0,0,0,0,0,0,0,5,5,0,0,0,0,0,0,5,5,0,0,0,0,0,0,5,5,0,0,0,0,0,0,5,5,0,0,0,0,0,0,0,5,0,0,0,0,True,S
1902_36f8592f.jpg,Test,0,0,0,0,0,0,0,0,0,0,0,0,0,0,0,0,0,0,0,0,0,0,0,0,0,0,0,0,0,0,0,0,0,0,0,0,0,0,0,0,0,0,0,0,0,0,0,0,0,0,0,0,0,0,0,0,0,0,0,0,0,0,0,0,True,S
1903_dfa10e49.jpg,Test,0,0,0,0,0,0,0,0,0,0,0,0,0,0,5,5,0,0,0,0,0,5,5,5,0,0,0,0,0,5,5,5,0,0,0,0,0,5,5,5,0,0,0,0,0,5,5,5,0,0,0,0,0,5,5,5,0,0,0,0,0,5,5,5,True,S
1904_1ca2e78a.jpg,Test,0,0,0,0,0,0,0,0,0,0,0,0,0,0,0,0,0,0,0,0,0,0,0,0,0,0,6,6,0,0,0,0,0,0,6,6,0,0,0,0,0,0,6,6,0,0,0,0,0,0,6,6,0,0,0,0,0,0,0,0,0,0,0,0,True,S
1905_698aa280.jpg,Test,0,0,0,0,0,0,0,0,0,0,5,0,9,9,0,0,0,5,5,5,9,9,0,0,0,5,5,5,9,9,0,0,0,5,5,5,9,9,0,0,0,5,5,5,9,9,0,0,0,5,5,5,9,9,0,0,0,0,0,0,0,0,0,0,True,S
1906_c1f9e153.jpg,Test,0,0,0,0,0,0,0,0,0,0,0,0,0,0,0,0,0,9,9,9,0,0,0,0,0,9,9,9,0,0,5,5,0,0,9,9,0,0,5,5,0,0,9,9,0,0,5,5,0,9,9,9,0,0,5,5,0,0,0,0,0,0,0,0,True,S
1907_7218d168.jpg,Test,0,0,0,0,0,0,0,0,0,0,0,0,0,0,0,0,0,0,0,9,9,9,0,0,0,0,0,9,9,9,0,0,0,0,0,9,9,9,0,0,0,0,0,9,9,9,0,0,0,0,0,9,9,9,0,0,0,0,0,0,0,0,0,0,True,S
1908_561e7e62.jpg,Test,0,0,0,0,0,0,0,0,0,0,0,0,0,0,0,0,0,0,0,0,0,0,0,0,0,0,0,0,0,5,5,0,0,0,0,5,5,5,5,0,0,5,5,5,5,5,0,0,0,5,5,0,5,5,0,0,0,5,5,5,5,5,0,0,True,S
1909_95630151.jpg,Test,0,0,0,0,0,0,0,0,0,0,0,0,0,0,0,0,0,0,0,0,0,0,0,0,0,0,0,0,5,0,0,0,0,9,9,5,5,0,0,0,0,9,9,5,5,0,0,0,0,9,9,5,5,0,0,0,0,0,0,5,5,0,0,0,True,S
1910_fec38d4e.jpg,Test,0,0,0,0,0,0,0,0,0,0,0,0,0,0,0,0,0,0,0,0,0,0,0,0,0,0,0,0,0,0,0,0,0,0,0,0,0,0,0,0,0,0,0,0,0,0,0,0,0,0,0,0,0,0,0,0,0,0,0,0,0,0,0,0,True,S
1911_a9035515.jpg,Test,0,0,0,0,0,0,0,0,0,0,0,0,0,0,0,0,0,0,0,0,0,0,0,0,0,0,0,0,5,5,0,0,0,0,0,0,5,5,0,0,0,0,0,0,5,5,0,0,0,0,0,0,5,5,0,0,0,0,0,0,0,0,0,0,True,S
1912_5e156b7f.jpg,Test,0,0,0,0,0,0,0,0,0,0,0,0,0,0,0,0,0,0,9,9,9,0,0,0,0,0,9,9,9,0,0,0,0,0,9,9,9,9,0,0,0,0,9,9,9,9,0,0,0,0,0,9,9,9,0,0,0,0,0,0,0,0,0,0,True,S
1913_d111b360.jpg,Test,0,0,0,0,0,0,0,0,0,0,9,9,9,0,0,0,0,0,9,9,9,0,0,0,0,0,9,9,9,0,0,0,0,0,9,9,9,0,0,0,0,0,9,9,9,0,0,0,0,0,9,9,9,0,0,0,0,0,9,9,9,0,0,0,True,S
1914_3e7ffa9e.jpg,Test,0,0,0,0,0,0,0,0,0,0,9,9,5,5,0,0,0,0,9,9,5,5,0,0,0,0,9,0,5,5,0,0,0,0,9,0,5,5,0,0,0,0,9,9,5,5,0,0,0,0,9,9,5,5,0,0,0,0,9,0,5,0,0,0,True,S
1915_f4f84991.jpg,Test,0,0,6,6,6,0,0,0,0,0,6,6,6,0,0,0,0,0,6,6,6,0,0,0,0,0,6,6,6,0,0,0,0,0,6,6,6,0,0,0,0,0,6,6,6,0,0,0,0,0,6,6,6,0,0,0,0,0,6,6,6,0,0,0,True,S
1916_0e7a4893.jpg,Test,0,0,0,0,0,0,0,0,0,0,5,0,0,5,0,0,0,0,5,0,0,5,0,0,0,0,5,5,5,5,0,0,0,0,5,5,5,5,0,0,0,0,5,0,5,5,0,0,0,0,5,5,5,5,0,0,0,0,0,0,5,0,0,0,True,S
1917_3e4e02f8.jpg,Test,0,0,0,0,0,0,0,0,0,0,0,0,0,0,0,0,0,0,0,0,0,0,0,0,5,5,5,0,0,5,5,4,5,5,5,0,5,5,5,4,5,5,5,4,0,5,5,0,5,5,5,0,0,5,5,0,4,5,5,0,4,5,5,4,True,S
1918_ba13389b.jpg,Test,0,0,0,0,0,0,0,0,0,0,5,5,0,0,0,0,0,5,5,5,5,0,0,0,5,0,5,5,5,0,0,0,5,5,5,5,0,0,0,0,5,5,0,5,0,0,0,0,0,5,5,5,0,0,0,0,0,5,0,5,0,0,0,0,True,S
1919_c29ea324.jpg,Test,0,0,0,0,0,0,0,0,0,0,0,0,9,0,0,0,0,0,0,0,9,9,0,0,0,0,0,0,9,0,0,0,0,0,0,9,9,0,0,0,0,0,0,9,9,0,0,0,0,0,0,9,9,0,0,0,0,0,0,0,0,0,0,0,True,S
1920_890352c7.jpg,Test,0,0,0,0,0,0,0,0,0,0,9,0,0,0,0,0,0,0,9,0,0,0,0,0,0,9,0,9,0,5,5,0,0,0,9,9,0,5,5,0,0,0,9,9,0,5,5,0,0,0,0,9,0,0,0,0,0,0,0,9,0,5,5,0,True,S
1921_cc40b110.jpg,Test,0,0,0,0,0,0,0,0,0,0,0,0,0,0,0,0,0,0,0,5,5,0,0,0,0,0,0,5,5,0,0,0,0,0,0,0,5,5,0,0,0,0,0,0,5,5,0,0,0,0,0,0,5,5,0,0,0,0,0,5,5,0,0,0,True,S
1922_d0e69b7c.jpg,Test,0,0,5,0,0,0,0,0,0,0,5,5,0,0,0,0,0,0,5,5,0,0,0,0,0,0,5,5,0,0,0,0,0,0,5,5,0,0,0,0,0,0,5,5,0,0,0,0,0,0,5,5,0,0,0,0,0,0,0,0,0,0,0,0,True,S
1923_a7244e06.jpg,Test,0,0,0,0,0,0,0,0,0,0,0,5,5,5,0,0,0,0,0,5,5,5,0,0,0,0,0,5,5,5,0,0,0,9,9,9,5,5,0,0,0,9,9,9,5,5,0,0,0,9,9,9,5,5,5,0,0,0,0,0,0,0,0,0,True,S
1924_6b5aaabc.jpg,Test,0,0,0,0,0,0,0,0,0,0,0,0,0,0,0,0,0,0,0,0,0,0,0,0,0,0,0,0,0,0,0,0,0,0,0,0,0,0,0,0,0,0,0,0,0,0,0,0,0,0,0,0,0,0,0,0,0,0,0,0,0,0,0,0,True,S
1925_58015839.jpg,Test,0,0,0,0,0,0,0,0,0,0,0,0,0,0,0,0,0,0,0,0,0,0,0,0,0,0,0,0,0,0,0,0,0,0,0,0,0,0,0,0,0,0,0,0,0,0,0,0,0,0,0,0,0,0,0,0,0,0,0,0,0,0,0,0,True,S
1926_977259a4.jpg,Test,0,0,0,0,0,0,0,0,0,0,0,0,0,0,0,0,0,0,9,9,9,0,5,5,0,0,9,9,9,0,5,5,0,0,9,9,9,0,5,5,0,0,9,9,9,0,5,5,0,0,9,9,9,0,5,5,0,0,9,9,0,0,0,0,True,S
1927_c46faaf0.jpg,Test,0,0,0,0,0,0,0,0,0,0,0,0,0,0,0,0,0,0,0,0,0,0,0,0,0,0,0,0,0,0,0,0,0,0,0,0,0,0,0,0,0,0,0,0,0,0,0,0,0,0,0,0,0,0,0,0,0,0,0,0,0,0,0,0,True,S
1928_dc62edfb.jpg,Test,0,0,0,0,0,0,0,0,0,0,0,0,0,0,0,0,0,0,9,9,0,0,0,0,0,0,9,9,0,0,0,0,0,0,9,9,0,0,0,0,0,0,9,9,0,0,0,0,0,0,9,9,0,0,0,0,0,0,9,9,0,0,0,0,True,S
1929_b44bbf8b.jpg,Test,0,0,0,0,0,0,0,0,0,0,5,5,5,5,0,0,0,0,5,5,5,5,0,0,0,0,5,5,5,5,0,6,0,0,5,5,5,5,0,0,0,0,5,5,5,5,0,0,0,0,5,5,5,5,0,0,0,0,5,6,6,5,0,0,True,S
1930_cebd0563.jpg,Test,0,0,0,0,0,0,0,0,0,0,9,9,0,0,0,0,0,0,9,9,0,0,0,0,0,0,9,9,0,0,0,0,0,0,9,9,0,0,0,0,0,0,9,9,0,0,0,0,0,0,9,9,0,0,0,0,0,0,9,9,0,0,0,0,True,S
1931_90d97292.jpg,Test,6,6,6,0,0,0,0,0,0,0,0,0,0,0,0,0,0,5,5,0,0,0,0,0,5,5,5,0,0,0,0,0,5,5,5,0,0,0,0,0,6,5,5,0,6,0,0,0,0,5,5,0,0,0,6,0,0,5,5,0,6,0,0,0,True,S
1932_468c7099.jpg,Test,0,0,0,0,0,0,0,0,0,0,0,0,0,0,0,0,5,9,9,9,0,0,5,0,5,9,9,9,0,5,5,0,5,9,9,9,0,5,5,0,5,9,9,9,0,5,5,0,5,9,9,9,0,5,5,0,5,9,9,9,0,5,5,0,True,S
1933_d7dfd9bd.jpg,Test,0,0,0,0,0,0,0,0,0,0,0,0,0,0,0,0,0,0,5,0,0,0,0,0,0,5,5,0,0,0,0,0,5,5,5,0,0,0,0,0,5,5,5,0,0,0,0,0,0,5,5,0,0,0,0,0,0,0,0,0,0,0,0,0,True,S
1934_d2fc27ed.jpg,Test,0,0,0,0,0,0,0,0,0,0,9,9,9,9,0,0,0,0,9,9,9,9,0,0,0,0,9,9,9,9,0,0,0,0,9,9,9,9,0,0,0,0,9,9,9,9,0,0,0,0,0,0,0,0,0,0,0,0,0,0,0,0,0,0,True,S
1935_aa44cc25.jpg,Test,0,0,0,0,0,0,0,0,0,0,0,0,0,0,0,0,0,0,0,0,0,0,0,0,0,0,0,0,0,0,0,0,0,0,0,0,0,0,0,0,0,0,0,0,0,0,0,0,0,0,0,0,0,0,0,0,0,0,0,0,0,0,0,0,True,S
1936_e950b3fa.jpg,Test,0,0,0,0,0,0,0,0,0,0,9,9,0,0,0,0,0,0,9,9,0,0,0,0,0,0,9,9,0,0,0,0,0,0,9,9,0,0,0,0,0,0,9,9,0,0,0,0,0,0,9,9,0,0,0,0,0,0,0,0,0,0,0,0,True,S
1937_37a094cf.jpg,Test,0,0,0,0,0,0,0,0,0,0,0,0,0,0,0,0,0,0,0,0,0,0,0,0,0,0,0,9,5,0,0,0,0,0,0,9,5,5,0,0,0,0,0,9,5,5,0,0,0,0,0,9,0,0,0,0,0,0,0,0,0,0,0,0,True,S
1938_dd14cc2a.jpg,Test,0,0,0,0,0,0,0,0,0,0,0,5,5,0,0,0,0,0,0,5,5,0,0,9,0,0,0,5,5,0,9,9,0,5,0,5,5,0,9,9,0,5,5,5,5,0,9,9,0,0,5,5,5,0,9,9,0,0,0,0,0,0,0,0,True,S
1939_b7c7bdef.jpg,Test,0,0,0,0,0,0,0,0,0,0,0,0,0,0,0,0,0,0,0,0,0,9,9,0,0,0,0,0,0,9,9,9,0,0,0,0,0,9,9,9,0,0,0,0,0,9,9,9,0,0,0,0,0,9,9,9,0,0,0,0,0,9,9,0,True,S
1940_1951b58d.jpg,Test,0,0,0,0,0,0,0,0,0,0,0,0,0,0,0,0,0,0,0,0,0,0,0,0,0,0,0,0,0,0,0,0,0,0,0,0,0,0,0,0,0,0,0,0,0,0,0,0,0,0,0,0,0,0,0,0,0,0,0,0,0,0,0,0,True,S
1941_496d4625.jpg,Test,0,0,0,0,0,0,0,0,0,0,0,0,0,0,0,0,0,0,0,0,0,0,0,0,0,0,0,0,0,5,5,0,0,0,0,0,5,5,5,0,0,5,5,0,5,5,5,0,0,5,5,5,5,5,5,0,0,0,5,5,5,5,5,0,True,S
1942_815cb545.jpg,Test,0,0,0,0,0,0,0,0,0,0,0,0,0,0,0,0,0,0,0,0,0,0,0,0,0,0,0,0,0,5,5,0,0,5,0,0,5,0,5,0,0,5,5,0,5,5,0,0,0,5,0,0,0,5,5,0,0,5,5,0,0,5,5,0,True,S
1943_30effea1.jpg,Test,0,0,0,0,0,0,0,0,0,0,0,0,0,0,0,0,0,0,0,0,0,0,0,0,0,0,0,0,0,0,0,0,0,0,0,0,0,0,0,0,0,0,0,0,0,0,0,0,0,0,0,0,0,0,0,0,0,0,0,0,0,0,0,0,True,S
1944_4bdbb0d2.jpg,Test,0,0,0,0,0,0,0,0,0,0,0,0,0,0,0,0,0,0,0,0,0,5,0,0,0,0,0,0,5,5,5,0,0,0,0,0,0,5,5,0,0,0,0,0,0,5,5,0,0,0,0,0,5,5,5,0,0,0,0,0,0,5,5,0,True,S
1945_853dbeb7.jpg,Test,0,0,0,0,0,0,0,0,0,0,0,9,9,0,0,0,0,0,9,9,9,0,0,0,0,0,9,9,9,2,0,0,0,0,9,9,9,0,0,0,0,0,9,9,9,9,0,0,0,0,9,9,9,9,0,0,0,0,9,9,9,0,0,0,True,S
1946_4b1ffa20.jpg,Test,0,0,0,0,0,0,0,0,0,0,0,0,0,0,0,0,0,0,0,0,0,0,0,0,0,0,0,0,0,0,0,0,0,0,0,0,0,0,0,0,0,0,0,0,0,0,0,0,0,0,0,0,0,0,0,0,0,0,0,0,0,0,0,0,True,S
1947_a0f6addf.jpg,Test,0,0,0,0,0,0,0,0,0,0,5,5,5,5,0,0,0,0,5,5,5,0,0,0,0,0,5,5,5,5,0,0,0,0,5,5,5,5,0,0,0,0,5,5,5,5,0,0,0,0,5,5,5,5,0,0,0,0,5,5,5,5,0,0,True,S
1948_a0b2717c.jpg,Test,0,0,0,0,0,0,0,0,0,5,0,0,9,9,9,0,0,0,5,5,9,9,9,0,0,5,5,5,9,9,9,0,0,5,5,5,9,9,9,0,0,5,5,5,9,9,9,0,0,5,5,5,9,9,9,0,0,5,5,5,9,9,9,0,True,S
1949_416f749c.jpg,Test,0,0,0,0,0,0,0,0,9,9,5,5,5,5,5,9,9,9,5,5,5,5,5,9,9,9,5,5,5,5,5,9,9,9,5,5,5,5,5,9,9,9,5,5,5,5,5,0,9,9,5,5,5,5,5,0,0,0,0,0,0,0,0,0,True,S
1950_01d1efb1.jpg,Test,0,0,0,0,0,0,0,0,0,0,0,5,5,0,0,0,0,0,0,5,5,0,0,0,0,0,0,5,5,0,0,0,0,0,0,5,5,0,0,0,0,0,0,0,0,0,0,0,0,0,0,0,0,0,0,0,0,0,0,0,0,0,0,0,True,S
1951_a9a977ba.jpg,Test,0,0,0,0,0,0,0,0,0,0,0,5,0,0,0,0,0,0,0,5,5,0,0,0,0,0,0,5,5,0,0,0,0,0,0,5,5,5,0,0,0,0,5,5,5,5,0,0,0,0,5,5,5,0,0,0,0,0,5,5,5,0,0,0,True,S
1952_0148d267.jpg,Test,0,0,0,0,0,0,0,0,0,0,0,0,0,0,0,0,0,0,0,0,0,0,0,0,0,0,0,0,0,0,0,0,0,0,0,0,0,0,0,0,0,0,0,0,0,0,0,0,0,0,0,0,0,0,0,0,0,0,0,0,0,0,0,0,True,S
1953_e77986d5.jpg,Test,0,0,0,0,0,0,0,0,0,0,0,0,9,9,0,0,0,0,0,0,9,9,0,0,0,0,0,0,9,9,9,0,0,0,0,0,9,9,0,0,0,0,0,0,0,9,9,0,0,0,0,0,0,9,0,0,0,0,0,0,0,9,0,0,True,S
1954_60cfd8c5.jpg,Test,0,0,0,0,0,0,0,0,0,0,0,0,0,0,0,0,0,9,9,9,0,0,5,0,9,9,9,9,0,5,5,0,9,9,9,9,0,0,5,0,9,9,9,9,0,5,5,5,9,9,9,9,0,0,5,5,9,9,9,9,0,5,5,5,True,S
1955_4fcd349a.jpg,Test,0,0,0,0,0,0,0,0,0,0,0,0,0,0,0,0,0,0,0,0,0,0,0,0,0,0,0,0,0,0,0,0,0,0,0,0,0,0,0,0,0,0,0,0,0,0,0,0,0,0,0,0,0,0,0,0,0,0,0,0,0,0,0,0,True,S
1956_2aeaf505.jpg,Test,9,0,9,9,9,9,9,0,9,0,9,0,0,0,0,0,0,9,9,0,0,9,9,0,0,9,0,0,0,9,9,0,9,0,0,0,0,0,0,0,0,0,9,0,0,9,0,0,0,0,0,0,0,9,0,0,0,0,0,0,0,0,0,0,True,S
1957_45574634.jpg,Test,0,0,0,0,0,0,0,0,0,0,0,0,0,0,0,0,0,0,0,0,0,0,0,0,0,0,0,0,0,0,0,0,0,0,0,0,0,0,0,0,0,0,0,0,0,0,0,0,0,0,0,0,0,0,0,0,0,0,0,0,0,0,0,0,True,S
1958_a0533d2f.jpg,Test,0,0,0,0,0,0,0,0,0,9,9,9,0,0,0,0,0,9,9,9,9,9,9,0,0,9,9,9,9,9,9,0,0,9,9,9,9,9,9,0,0,9,9,9,9,9,9,0,0,9,9,9,9,9,9,0,0,9,9,9,9,9,9,0,True,S
1959_031a4e1e.jpg,Test,0,0,0,0,0,9,0,0,0,0,0,0,0,9,9,0,0,0,0,0,9,9,9,0,0,0,0,0,9,9,9,0,0,0,0,0,0,0,9,0,0,0,0,0,0,0,9,0,0,0,0,0,0,0,9,0,0,0,0,0,0,9,9,0,True,S
1960_cc0b5d2a.jpg,Test,0,0,0,0,0,0,0,0,0,9,9,9,9,9,0,0,0,9,9,9,9,9,0,0,0,9,9,9,9,9,0,0,0,9,9,9,9,9,0,0,0,9,9,9,9,9,0,0,0,9,9,9,9,9,0,0,0,0,9,9,9,0,0,0,True,S
1961_222e5f78.jpg,Test,0,0,0,0,0,0,0,0,0,0,0,0,0,0,0,0,0,0,0,0,0,0,0,0,0,0,0,9,9,0,0,0,5,5,0,9,9,0,0,0,5,5,0,9,9,0,0,0,5,5,0,9,9,0,0,0,5,5,0,9,9,0,0,0,True,S
1962_14c32bd1.jpg,Test,0,0,0,0,0,0,0,0,0,0,0,0,0,0,0,0,0,0,9,9,0,0,0,0,0,0,9,9,0,0,0,0,0,0,9,9,0,0,0,0,0,0,9,9,0,0,0,0,0,0,9,9,0,0,0,0,0,0,0,0,0,0,0,0,True,S
1963_eefc5366.jpg,Test,0,0,0,0,0,0,0,0,0,0,0,0,0,0,0,0,0,0,0,0,0,0,0,0,0,0,0,0,0,0,0,0,0,0,0,0,0,0,0,0,0,0,0,0,0,0,0,0,0,0,0,0,0,0,0,0,0,0,0,0,0,0,0,0,True,S
1964_eaf7f4b9.jpg,Test,0,0,0,0,0,0,0,0,0,0,0,0,0,0,0,0,0,0,0,0,0,0,0,0,0,0,0,0,0,9,9,0,0,0,0,5,0,9,9,0,0,0,0,5,0,9,9,0,0,0,0,5,0,9,9,0,0,0,0,0,0,0,9,0,True,S
1965_d0a7ab80.jpg,Test,0,0,0,0,0,0,0,0,0,5,5,0,9,9,0,0,0,5,5,0,9,9,0,0,0,5,5,0,9,9,0,0,0,5,5,0,9,9,0,0,0,5,5,0,9,9,0,0,0,5,5,0,9,9,0,0,0,0,0,0,0,0,0,0,True,S
1966_875a214a.jpg,Test,0,0,0,0,0,0,0,0,0,0,0,0,0,0,0,0,0,5,5,5,0,0,0,0,0,5,5,5,5,0,0,0,0,5,5,5,5,0,0,0,0,5,5,5,5,0,0,0,0,5,5,5,5,0,0,0,0,0,0,0,0,0,0,0,True,S
1967_75671680.jpg,Test,0,0,0,0,0,0,0,0,0,5,5,0,0,5,0,0,0,5,5,0,0,5,0,0,0,5,5,5,5,5,0,0,0,5,5,5,5,5,0,0,0,5,5,5,5,5,0,0,0,5,5,0,0,5,0,0,0,0,0,0,0,5,0,0,True,S
1968_54da2162.jpg,Test,0,0,0,0,0,0,0,0,9,9,9,0,5,9,0,0,9,9,9,0,10,5,5,5,9,9,9,0,5,5,5,5,9,9,9,10,5,5,0,0,9,9,9,0,5,5,0,0,9,9,9,10,5,5,0,0,9,9,9,10,0,0,0,0,True,S
1969_a7a35434.jpg,Test,0,0,0,0,0,0,0,0,0,0,0,0,0,0,0,0,0,0,0,0,0,0,0,0,0,9,9,0,0,0,0,0,0,9,9,0,0,0,0,0,0,9,9,0,0,0,0,0,0,9,9,0,0,0,0,0,0,9,9,0,0,0,0,0,True,S
1970_f81aa0af.jpg,Test,0,0,0,0,0,0,0,0,0,0,0,0,0,0,0,0,0,0,0,5,5,5,0,0,0,0,0,5,5,5,0,0,0,0,0,5,5,5,0,0,0,0,0,5,5,5,0,0,0,0,0,5,5,5,0,0,0,0,0,0,0,0,0,0,True,S
1971_d5de4eff.jpg,Test,0,0,0,9,9,0,0,0,0,0,0,9,9,0,0,0,0,0,0,9,9,0,0,0,0,0,0,9,9,0,0,0,0,0,0,9,9,0,0,0,0,0,0,9,9,0,0,0,0,0,0,9,9,0,0,0,0,0,0,0,0,0,0,0,True,S
1972_aa7611fd.jpg,Test,0,0,0,0,0,0,0,0,0,5,0,5,5,5,5,0,0,5,0,5,5,5,5,0,0,5,0,5,5,5,5,0,0,5,0,5,5,5,5,0,0,5,5,5,5,5,5,0,0,5,5,5,5,5,5,0,0,5,5,5,5,5,5,0,True,S
1973_0db2fe40.jpg,Test,0,0,0,0,0,0,0,0,0,0,0,0,0,0,9,9,0,0,0,0,0,0,9,9,0,5,0,0,0,0,9,9,0,0,5,5,0,0,9,9,0,0,5,0,0,0,9,9,0,0,0,0,0,0,9,9,0,0,0,0,0,0,0,0,True,S
1974_fb3940a0.jpg,Test,0,0,0,0,0,0,0,0,0,0,0,0,0,0,0,0,0,0,0,0,0,0,0,0,0,0,0,0,0,0,0,0,0,0,0,0,0,0,0,0,0,0,0,0,0,0,0,0,0,0,0,0,0,0,0,0,0,0,0,0,0,0,0,0,True,S
1975_3c8a1c72.jpg,Test,0,0,0,0,0,0,0,0,0,0,9,9,9,9,0,0,0,0,9,9,9,9,0,0,0,0,9,9,9,9,0,0,0,0,9,9,9,9,0,0,0,0,9,9,9,9,0,0,0,0,9,9,9,9,0,0,0,0,0,9,9,0,0,0,True,S
1976_f171e2f8.jpg,Test,0,0,0,0,0,0,0,0,0,0,0,0,0,0,0,0,0,0,0,0,0,0,0,0,0,0,0,0,0,0,0,0,0,0,0,0,0,0,0,0,0,0,0,0,0,0,0,0,0,0,0,0,0,0,0,0,0,0,0,0,0,0,0,0,True,S
1977_c970d89f.jpg,Test,0,0,0,0,0,0,0,0,0,0,0,5,0,0,0,0,0,5,0,5,0,0,5,0,0,5,0,5,0,0,5,5,0,0,0,5,0,5,0,0,0,0,0,0,0,5,5,5,0,0,0,0,5,5,0,0,0,0,0,0,0,0,0,0,True,S
1978_433337bb.jpg,Test,0,0,0,0,0,0,0,0,0,0,0,0,0,0,0,0,0,5,5,0,0,5,0,0,0,5,5,5,5,5,5,0,0,5,5,5,5,5,5,0,0,5,5,0,0,5,5,0,0,5,5,0,5,5,5,0,0,5,5,0,5,5,5,0,True,S
1979_c4b15cf4.jpg,Test,0,0,0,0,0,0,0,0,0,0,0,0,0,0,0,0,0,0,0,0,0,0,0,0,0,5,0,0,0,0,0,0,0,5,0,0,0,0,0,0,0,5,0,0,0,0,0,0,0,5,0,0,0,0,0,0,0,0,0,0,0,0,0,0,True,S
1980_7280aca4.jpg,Test,0,0,0,0,0,0,0,0,0,0,0,0,0,0,0,0,0,0,0,0,0,0,0,0,0,0,0,0,0,0,0,0,0,0,0,0,0,0,0,0,0,0,0,0,0,0,0,0,0,0,0,0,0,0,0,0,0,0,0,0,0,0,0,0,True,S
1981_5bab079c.jpg,Test,0,0,0,0,0,0,0,0,0,0,0,0,5,0,0,0,0,0,0,0,5,0,0,0,0,0,0,0,0,5,0,0,0,0,0,0,5,5,0,0,0,0,0,0,5,0,0,0,0,0,0,0,0,0,0,0,0,0,0,0,0,0,0,0,True,S
1982_9b3b221c.jpg,Test,0,0,0,0,0,4,4,0,0,0,0,0,0,4,4,0,0,0,4,4,0,4,4,0,0,0,4,4,0,4,4,0,0,0,4,4,0,4,4,0,0,0,4,4,0,4,4,0,0,0,0,0,0,4,4,0,0,0,0,0,0,4,4,0,True,S
1983_abd20cc8.jpg,Test,0,0,0,0,0,0,0,0,0,0,0,0,0,0,0,0,0,0,0,0,0,0,0,0,0,0,0,0,0,0,0,0,0,0,0,0,0,0,0,0,0,0,0,0,0,0,0,0,0,0,0,0,0,0,0,0,0,0,0,0,0,0,0,0,True,S
1984_cf209559.jpg,Test,0,0,0,0,0,0,0,0,0,0,0,0,0,0,0,0,0,0,0,0,0,0,0,0,0,0,0,0,0,0,0,0,0,0,0,0,0,0,0,0,0,0,0,0,0,0,0,0,0,0,0,0,0,0,0,0,0,0,0,0,0,0,0,0,True,S
1985_ff701456.jpg,Test,0,0,0,0,0,0,0,0,0,0,0,0,0,0,0,0,0,0,0,0,0,0,0,0,0,5,0,0,9,9,9,0,5,5,0,0,9,9,6,0,5,5,0,0,6,9,6,0,5,5,0,0,6,9,9,0,0,0,0,0,0,0,0,0,True,S
1986_5e373b25.jpg,Test,0,0,0,5,5,5,5,0,0,5,5,5,5,5,5,0,0,5,5,5,5,5,5,0,0,5,5,5,5,5,5,0,0,5,5,5,5,5,5,0,0,5,5,5,5,5,5,0,0,5,5,5,5,5,5,0,0,5,5,5,5,5,5,0,True,S
1987_28c14037.jpg,Test,0,0,0,0,0,0,0,0,0,0,0,0,0,0,0,0,0,0,0,0,0,0,0,0,0,0,0,0,0,0,0,0,0,0,0,0,0,0,0,0,0,0,0,0,0,0,0,0,0,0,0,0,0,0,0,0,0,0,0,0,0,0,0,0,True,S
1988_e93afc30.jpg,Test,0,0,0,0,0,0,0,0,0,0,0,0,0,0,0,0,0,0,0,0,0,0,0,0,0,0,0,0,0,0,0,0,0,0,0,0,0,0,0,0,0,0,0,0,0,0,0,0,0,0,0,0,0,0,0,0,0,0,0,0,0,0,0,0,True,S
1989_dd3cfb08.jpg,Test,0,0,0,0,0,0,0,0,0,0,0,9,9,9,0,0,0,0,9,9,9,9,0,0,0,0,9,9,9,9,0,0,0,0,9,9,9,9,0,0,0,0,9,9,9,9,0,0,0,0,9,9,9,9,0,0,0,0,9,9,9,9,0,0,True,S
1990_a1634f98.jpg,Test,0,0,0,0,0,0,0,0,0,0,0,5,0,0,0,0,0,5,5,5,5,5,0,0,0,5,5,5,0,0,0,0,0,5,5,5,0,5,5,5,0,5,5,5,0,0,0,5,0,0,0,0,0,0,0,0,0,0,0,0,0,0,0,0,True,S
1991_f03cb73f.jpg,Test,0,0,0,0,0,0,0,0,0,0,0,0,9,0,0,0,2,2,0,0,9,9,0,0,2,2,0,0,9,9,9,9,2,2,0,0,9,9,9,9,2,2,0,0,9,9,9,9,0,0,0,0,9,9,9,9,0,0,0,0,0,0,0,9,True,S
1992_80ac67c2.jpg,Test,0,0,0,0,0,0,0,0,0,0,0,0,0,0,0,0,0,0,0,0,0,0,0,0,0,0,5,5,5,0,0,0,0,0,5,5,5,0,0,0,0,0,5,5,5,0,0,0,0,0,5,5,5,0,0,0,0,0,0,5,5,0,0,0,True,S
1993_4c059440.jpg,Test,0,0,0,0,0,0,0,0,0,5,5,0,0,0,0,0,0,5,5,0,0,0,0,0,5,5,0,0,0,0,0,0,5,5,5,0,0,0,0,0,5,5,0,0,0,0,0,0,5,5,5,0,0,0,0,0,5,0,5,0,0,0,0,0,True,S
1994_922dc039.jpg,Test,0,0,0,0,0,0,0,0,0,0,0,0,0,0,0,0,0,9,9,9,9,0,5,0,0,9,9,9,9,9,0,5,0,9,9,9,9,9,5,0,0,0,9,9,9,9,5,0,0,0,9,9,9,9,5,0,0,0,0,0,0,9,0,0,True,S
1995_e15150f4.jpg,Test,0,0,0,0,0,0,0,0,0,0,0,9,5,9,9,0,0,0,9,0,5,9,9,0,0,0,9,9,5,9,9,0,0,0,9,0,5,9,9,0,0,0,9,9,5,9,9,0,0,0,9,9,0,9,9,0,0,0,0,0,0,0,0,0,True,S
1996_4e36e0fb.jpg,Test,0,0,0,0,0,0,0,0,0,0,0,0,0,0,0,0,0,0,0,0,0,0,0,0,0,0,0,0,0,0,0,0,0,0,0,0,0,0,0,0,0,0,0,0,0,0,0,0,0,0,0,0,0,0,0,0,0,0,0,0,0,0,0,0,True,S
1997_07fd720f.jpg,Test,0,0,0,0,0,0,0,0,0,0,0,0,0,0,0,0,0,0,0,0,0,0,9,0,0,0,0,0,0,0,9,0,0,0,0,5,5,0,9,0,0,0,0,5,5,0,9,0,0,0,0,5,5,0,9,0,0,0,0,0,0,0,0,0,True,S
1998_ef24e87a.jpg,Test,0,0,0,0,0,0,0,0,0,0,5,5,5,0,0,0,0,0,5,5,5,0,0,0,0,0,5,0,5,0,0,0,0,0,5,5,5,0,0,0,0,0,5,5,5,0,0,0,5,5,5,5,5,5,0,0,5,5,5,5,5,5,0,0,True,S
1999_f6184b50.jpg,Test,0,0,0,0,0,0,0,0,0,0,0,0,0,0,0,0,0,0,0,0,0,0,0,0,0,0,0,0,0,0,0,0,0,0,0,0,0,0,0,0,0,0,0,0,0,0,0,0,0,0,0,0,0,0,0,0,0,0,0,0,0,0,0,0,True,S
2000_bf84c9fa.jpg,Test,0,0,0,0,0,0,0,0,0,0,0,0,0,0,0,0,0,0,0,0,0,0,0,0,0,0,0,0,5,5,0,0,0,0,0,0,5,5,0,0,0,0,0,0,5,5,0,0,0,0,0,0,5,5,0,0,0,0,0,0,0,0,0,0,True,S
2001_aa7ed162.jpg,Test,0,0,0,9,0,0,0,0,0,0,0,9,9,0,0,0,0,0,0,9,9,0,0,0,0,0,0,9,9,0,0,0,0,0,0,9,9,0,0,0,0,0,0,9,9,0,0,0,0,0,0,9,9,0,0,0,0,0,0,9,9,0,0,0,True,S
2002_99fc51ce.jpg,Test,0,0,0,0,0,0,0,0,0,0,0,0,0,0,0,0,0,0,0,0,0,9,9,0,0,0,6,6,9,9,9,0,0,0,6,6,9,9,9,0,0,0,6,6,9,9,9,0,0,0,6,6,9,9,9,0,0,0,6,6,0,9,9,0,True,S
2003_05ad5c22.jpg,Test,0,0,0,0,0,0,0,0,0,0,9,0,9,9,0,0,0,0,9,9,9,9,0,0,0,0,9,9,9,9,0,0,0,0,9,9,9,9,0,0,0,0,9,9,9,9,0,0,0,0,9,9,9,9,0,0,0,0,9,9,9,9,0,0,True,S
2004_3ddf0bdb.jpg,Test,0,0,0,0,0,0,0,0,0,0,0,0,0,0,0,0,0,0,0,0,0,0,0,0,0,0,0,0,0,0,0,0,0,0,0,0,0,0,0,0,0,0,0,0,0,0,0,0,0,0,0,0,0,0,0,0,0,0,0,0,0,0,0,0,True,S
2005_2996bbdd.jpg,Test,0,0,0,0,0,0,0,0,0,0,0,0,0,0,0,0,0,0,0,0,0,0,0,0,0,0,0,0,0,0,0,0,0,0,0,0,0,0,0,0,0,0,0,0,0,0,0,0,0,0,0,0,0,0,0,0,0,0,0,0,0,0,0,0,True,S
2006_b671a0e1.jpg,Test,0,0,0,9,9,0,0,0,0,0,0,9,9,5,0,0,0,0,0,9,9,5,0,0,0,0,0,9,9,9,0,0,0,0,0,9,9,9,9,0,0,0,0,9,9,9,0,0,0,0,0,9,9,9,9,0,0,0,0,9,9,9,9,0,True,S
2007_022c5f0e.jpg,Test,5,5,0,0,0,0,0,0,5,5,5,0,5,9,9,9,5,5,5,5,5,9,9,9,5,5,5,5,5,9,9,9,5,5,5,5,5,9,9,9,5,5,5,5,5,9,9,9,5,5,5,5,5,9,9,9,5,5,5,5,5,9,9,9,True,S
2008_54362401.jpg,Test,0,0,0,0,0,0,0,0,0,0,0,0,0,0,0,0,0,9,0,9,0,9,9,9,0,9,9,9,9,9,9,9,0,9,9,9,9,9,9,9,0,9,9,9,9,9,9,9,0,9,9,9,9,9,9,9,0,0,0,0,0,0,0,0,True,S
2009_5483e917.jpg,Test,0,0,0,0,0,0,0,0,0,0,0,0,0,9,9,0,0,5,5,5,9,9,9,0,0,5,5,5,9,9,9,0,0,5,5,5,9,9,9,0,0,5,5,5,9,9,9,0,0,5,5,5,9,9,9,0,0,5,5,5,9,9,9,0,True,S
2010_1ed0b4ec.jpg,Test,0,0,0,9,0,0,0,0,0,0,9,9,9,0,0,0,0,0,9,9,9,0,0,0,0,0,9,9,9,0,0,0,0,0,9,9,9,0,0,0,0,0,9,9,9,0,0,0,0,0,9,9,9,0,0,0,0,0,0,9,0,0,0,0,True,S
2011_84b57aa4.jpg,Test,0,0,0,0,0,0,0,0,0,0,0,9,9,0,0,0,0,0,0,9,9,0,0,0,0,0,0,9,9,0,0,0,0,0,0,9,9,0,0,0,0,0,0,9,9,0,0,0,0,0,0,9,9,0,0,0,0,0,0,9,9,0,0,0,True,S
2012_09921985.jpg,Test,0,0,0,0,0,0,0,0,0,0,0,5,0,0,0,0,0,0,5,5,5,0,0,0,0,0,5,5,5,0,0,0,0,0,5,5,5,0,0,0,0,0,5,5,5,0,0,0,0,0,5,5,5,0,0,0,0,0,5,5,0,0,0,0,True,S
2013_0424a3e7.jpg,Test,0,0,0,0,0,0,0,0,0,0,0,0,0,0,0,0,0,0,0,0,0,0,0,0,0,0,0,0,0,0,0,0,0,0,0,0,0,0,0,0,0,0,0,0,0,0,0,0,0,0,0,0,0,0,0,0,0,0,0,0,0,0,0,0,True,S
2014_163a93b1.jpg,Test,0,0,0,0,0,0,0,0,0,5,5,5,5,5,5,0,0,5,5,5,5,5,5,0,0,5,5,5,5,5,5,0,0,5,5,5,5,5,5,0,0,5,5,5,5,5,5,0,0,5,5,5,5,5,5,0,0,5,5,5,5,5,5,0,True,S
2015_1c2444db.jpg,Test,0,0,0,5,5,5,5,0,0,5,5,5,5,5,5,0,0,5,5,5,5,5,5,0,0,5,5,5,5,5,5,0,0,0,5,5,5,5,5,0,0,0,5,5,5,5,5,0,0,0,5,5,5,5,5,0,0,0,5,5,0,0,0,0,True,S
2016_aece0516.jpg,Test,0,0,0,0,0,0,0,0,0,5,5,5,0,0,0,0,0,5,5,5,0,0,0,0,0,5,5,5,0,0,0,0,0,0,5,5,0,0,0,0,0,5,5,5,5,5,0,0,5,5,5,5,5,5,0,0,5,5,5,5,5,5,0,0,True,S
2017_3f62b778.jpg,Test,0,0,0,0,0,0,0,0,0,0,0,0,0,0,0,0,0,0,0,0,0,0,0,0,0,0,0,0,0,0,0,0,0,0,0,0,0,0,0,0,0,0,0,0,0,0,0,0,0,0,0,0,0,0,0,0,0,0,0,0,0,0,0,0,True,S
2018_04283290.jpg,Test,0,0,0,0,0,0,0,0,0,0,0,3,5,5,0,0,5,0,5,5,5,5,9,0,5,0,5,5,3,5,9,0,5,0,5,5,5,5,9,9,5,0,5,5,5,5,9,9,5,0,5,5,5,0,9,9,5,0,5,3,0,0,0,0,True,S
2019_6eb0cb51.jpg,Test,0,0,0,0,0,0,0,0,0,0,0,9,9,9,0,0,0,9,9,9,9,9,9,0,0,9,9,9,9,9,9,0,0,9,9,9,9,9,9,0,0,9,9,9,9,9,9,0,0,9,9,9,9,9,9,0,0,9,9,9,9,9,9,0,True,S
2020_133a7d17.jpg,Test,0,0,0,0,0,0,0,0,0,0,0,0,5,0,0,0,0,0,0,0,5,0,0,0,0,5,5,5,5,0,0,0,0,5,5,5,5,0,0,0,0,5,5,5,0,0,0,0,0,5,5,0,0,0,0,0,0,0,0,0,0,0,0,0,True,S
2021_6fd33f28.jpg,Test,0,0,0,0,0,0,0,0,0,0,0,0,0,0,0,0,0,5,5,5,0,0,0,0,0,5,5,5,0,0,0,0,0,5,5,5,0,0,0,0,0,5,5,5,0,0,0,0,0,0,5,0,0,0,0,0,0,0,5,0,0,0,0,0,True,S
2022_bec9dbb0.jpg,Test,0,0,0,0,0,0,0,0,0,0,0,0,0,0,0,0,0,0,0,0,0,0,0,0,0,0,0,9,9,0,0,0,0,0,0,0,9,0,0,0,0,0,0,0,9,9,0,0,0,0,0,0,9,0,0,0,0,0,0,0,0,0,0,0,True,S
2023_f68f5dc2.jpg,Test,0,0,0,0,0,0,0,0,0,0,0,10,10,0,0,0,0,0,0,10,10,0,0,0,0,0,0,10,10,0,0,0,0,0,0,10,10,0,0,0,0,0,0,10,10,0,0,0,0,0,0,10,10,0,0,0,0,0,0,10,10,0,0,0,True,S
2024_8fa3a104.jpg,Test,0,0,0,0,0,0,0,0,0,0,0,0,5,5,0,0,0,0,9,9,5,5,0,0,0,0,9,9,5,5,0,0,0,0,9,9,5,5,0,0,0,0,9,9,5,5,0,0,0,0,9,9,5,5,0,0,0,0,9,9,0,0,0,0,True,S
2025_05a54c2f.jpg,Test,0,5,0,0,0,5,5,5,0,5,5,0,0,0,5,5,5,5,5,0,0,5,5,5,5,5,5,0,0,5,5,0,5,5,5,5,5,5,5,5,0,0,0,0,5,5,5,5,0,5,0,0,5,5,5,5,0,0,0,0,5,5,5,5,True,S
2026_7d1d289b.jpg,Test,0,0,0,0,0,0,0,0,0,0,0,0,0,5,0,0,0,0,0,9,5,5,0,0,0,0,9,9,5,5,0,0,0,0,9,9,5,5,0,0,0,0,9,9,5,5,0,0,0,0,9,9,5,5,0,0,0,0,9,9,0,5,0,0,True,S
2027_428847e7.jpg,Test,0,5,5,0,0,0,0,0,5,5,0,9,9,9,9,9,5,5,0,9,0,9,9,9,5,5,0,4,9,9,9,9,5,5,0,4,9,0,9,9,5,5,0,9,9,9,9,9,0,5,0,9,0,9,9,0,0,0,0,4,0,0,0,0,True,S
2028_f018e79f.jpg,Test,0,0,0,0,0,0,0,0,0,0,5,0,0,0,0,0,0,0,5,0,0,0,0,0,0,0,5,0,0,0,0,0,0,0,5,0,0,0,0,0,0,0,5,0,0,0,0,0,0,0,5,0,0,0,0,0,0,0,5,0,0,0,0,0,True,S
2029_0b95842d.jpg,Test,0,0,0,0,0,0,0,0,0,0,0,0,0,0,0,0,0,0,0,0,0,0,0,0,0,0,0,0,0,0,0,0,0,0,0,0,0,0,0,0,0,0,0,0,0,0,0,0,0,0,0,0,0,0,0,0,0,0,0,0,0,0,0,0,True,S
2030_92c31a27.jpg,Test,0,0,0,0,0,0,0,0,0,0,0,0,0,0,0,0,0,0,0,0,0,0,0,0,0,0,9,9,0,0,0,0,5,5,9,9,0,5,5,0,5,5,9,9,0,5,5,0,5,5,9,9,0,5,5,0,0,0,0,0,0,0,0,0,True,S
2031_2f88a17e.jpg,Test,0,0,0,0,0,0,0,0,0,0,0,5,5,5,0,0,0,0,0,5,4,4,0,0,0,0,5,5,4,4,0,0,0,0,5,5,4,4,4,0,0,0,5,5,4,4,4,0,0,0,5,5,4,4,4,0,0,0,5,5,4,4,4,0,True,S
2032_49f215a8.jpg,Test,0,0,0,0,0,0,0,0,0,0,0,0,0,0,0,0,0,0,5,5,9,9,9,5,5,5,5,5,9,9,9,5,5,5,5,5,9,9,9,5,5,5,5,5,9,9,9,5,5,5,5,0,9,0,9,0,0,0,0,0,9,9,9,0,True,S
2033_00a7c56b.jpg,Test,0,0,0,0,0,0,0,0,0,5,5,5,5,5,0,0,0,5,5,5,5,5,0,0,0,5,5,5,5,5,0,0,0,5,5,5,5,5,0,0,0,5,5,5,5,5,0,0,0,0,5,5,5,5,0,0,0,0,0,5,5,5,0,0,True,S
2034_68bd4745.jpg,Test,0,0,0,0,0,0,0,0,0,0,0,0,0,0,0,0,0,0,0,0,0,0,0,0,0,0,0,0,0,0,0,0,0,0,0,0,0,0,0,0,0,0,0,0,0,0,0,0,0,0,0,0,0,0,0,0,0,0,0,0,0,0,0,0,True,S
2035_e46b16cc.jpg,Test,0,0,0,0,0,0,0,0,0,5,0,0,5,5,0,0,5,5,5,0,5,5,5,0,5,5,5,0,5,5,5,0,5,5,5,5,5,5,5,0,5,5,5,5,5,5,5,0,5,5,5,5,5,5,5,0,0,0,0,5,5,5,0,0,True,S
2036_2cc7413c.jpg,Test,0,0,0,0,0,0,0,0,0,0,0,0,0,0,0,0,0,0,0,0,0,0,0,0,0,0,0,0,0,0,0,0,0,0,0,0,0,0,0,0,0,0,0,0,0,0,0,0,0,0,0,0,0,0,0,0,0,0,0,0,0,0,0,0,True,S
2037_1e1a161b.jpg,Test,0,0,0,0,0,0,0,0,0,0,0,0,0,0,0,0,0,0,9,9,9,0,0,0,0,0,9,9,9,0,0,0,0,0,9,9,9,0,0,0,0,0,9,9,9,0,0,0,0,0,9,9,9,0,0,0,0,0,0,9,9,0,0,0,True,S
2038_75d54efa.jpg,Test,0,0,2,2,2,0,0,0,0,0,2,2,2,2,0,0,0,0,2,2,2,2,0,0,0,0,2,2,2,2,0,0,0,0,2,2,2,2,0,0,0,0,2,2,2,2,0,0,0,0,2,2,2,2,0,0,0,0,2,2,2,0,0,0,True,S
2039_918a7d0e.jpg,Test,0,0,0,0,0,0,0,0,0,2,2,2,0,0,0,0,0,2,2,2,2,2,2,0,0,2,2,2,2,2,2,0,0,2,2,2,2,2,2,0,0,2,2,2,2,2,2,0,0,2,2,2,2,2,2,0,0,0,0,0,0,2,2,0,True,S
2040_4920b2ef.jpg,Test,0,0,0,0,0,0,0,0,0,0,2,0,0,0,0,0,0,0,2,0,2,2,0,0,0,0,2,2,2,2,0,0,0,0,2,2,2,2,0,0,0,0,2,2,2,2,0,0,0,0,2,0,2,2,0,0,0,0,0,0,0,0,0,0,True,S
2041_dfa952d5.jpg,Test,0,0,0,0,0,0,0,0,0,0,0,0,0,0,0,0,0,6,6,6,0,6,0,0,0,6,6,6,6,6,6,0,0,6,6,0,0,6,6,0,0,6,6,0,0,6,6,0,0,6,6,0,0,6,6,0,0,6,6,6,0,6,6,0,True,S
2042_7f0b54b8.jpg,Test,0,0,0,0,0,0,0,0,0,0,0,0,0,0,0,0,0,0,0,2,0,0,0,0,0,0,2,2,2,0,0,0,0,0,2,2,2,0,0,0,0,0,2,2,2,0,0,0,0,0,2,2,2,0,0,0,0,0,2,2,2,0,0,0,True,S
2043_0d2e526d.jpg,Test,0,0,0,0,0,0,0,0,0,0,0,0,2,0,0,0,0,2,2,0,2,0,0,0,0,2,2,0,2,0,0,0,0,2,2,0,2,0,0,0,0,2,2,0,2,0,0,0,0,2,2,0,2,0,0,0,0,0,0,0,0,0,0,0,True,S
2044_55fd1db2.jpg,Test,0,0,0,0,0,0,0,0,0,0,0,0,6,0,0,0,0,0,0,0,6,6,0,0,0,0,0,0,6,6,0,0,0,0,0,0,0,6,0,0,0,0,0,0,0,6,0,0,0,0,0,0,0,6,0,0,0,0,0,0,0,6,0,0,True,S
2045_3745b038.jpg,Test,0,0,0,0,0,0,0,0,0,0,6,6,0,0,0,0,0,0,6,6,6,6,0,0,0,0,6,6,6,6,6,0,0,0,6,6,6,6,6,0,0,0,6,6,6,6,6,0,0,6,6,6,6,6,0,0,0,0,0,0,6,0,0,0,True,S
2046_91168577.jpg,Test,0,0,0,0,0,0,0,0,0,0,0,0,0,0,0,0,0,0,0,0,0,0,0,0,0,0,0,6,6,0,0,0,0,0,0,6,6,0,0,0,0,0,0,6,6,0,0,0,0,0,0,6,6,0,0,0,0,0,0,6,0,0,0,0,True,S
2047_6d3837b8.jpg,Test,0,0,0,6,6,0,0,0,0,0,6,6,6,6,0,0,0,0,6,6,6,6,0,0,0,0,6,6,6,6,0,0,0,0,6,6,6,6,6,0,0,0,6,6,6,6,6,0,0,0,6,6,6,6,6,0,0,0,6,6,6,6,6,0,True,S
2048_cb13d4b6.jpg,Test,0,0,0,0,0,0,0,0,0,0,0,0,0,0,0,0,0,0,0,0,0,0,0,0,0,0,0,0,0,0,0,0,0,0,0,0,0,0,0,0,0,0,0,0,0,0,0,0,0,0,0,0,0,0,0,0,0,0,0,0,0,0,0,0,True,S
2049_3e15e434.jpg,Test,0,0,0,6,6,0,0,0,0,0,6,6,6,6,6,0,0,0,6,6,6,6,6,0,0,0,6,6,6,6,6,0,0,0,6,6,6,6,6,0,0,0,6,6,6,6,6,0,0,0,6,6,6,6,6,0,0,0,6,6,6,6,0,0,True,S
2050_b7634cb7.jpg,Test,0,0,0,0,0,0,0,0,0,0,0,0,0,0,0,0,0,0,0,0,0,0,0,0,0,0,0,0,0,0,0,0,0,0,0,0,0,0,0,0,0,0,0,0,0,0,0,0,0,0,0,0,0,0,0,0,0,0,0,0,0,0,0,0,True,S
2051_4b66b0af.jpg,Test,0,0,0,0,0,0,0,0,0,6,0,0,0,0,0,0,6,6,6,0,2,0,6,6,6,6,6,2,2,2,6,6,6,6,6,2,2,2,6,6,6,6,6,2,2,2,6,6,6,6,6,2,2,2,6,6,0,0,0,0,0,0,0,0,True,S
2052_9ab51da3.jpg,Test,0,0,0,0,0,0,0,0,0,0,0,0,6,0,0,0,0,0,0,0,6,0,0,0,0,0,0,6,0,0,0,0,0,0,0,0,0,0,0,0,0,0,0,0,0,6,0,0,0,0,0,0,0,6,0,0,0,0,0,0,0,6,0,0,True,S
2053_a8735d65.jpg,Test,0,0,0,0,0,0,0,0,0,0,0,0,0,0,0,0,0,6,6,0,6,6,6,0,0,6,6,6,6,6,6,6,0,6,6,6,6,6,6,6,0,6,6,6,6,6,6,6,0,6,6,6,6,6,6,6,0,6,6,6,6,6,6,0,True,S
2054_d7ae17e3.jpg,Test,0,0,0,0,0,0,0,0,0,6,6,0,6,6,6,6,6,6,6,6,6,6,6,6,6,6,6,6,6,6,6,6,6,6,6,6,6,6,6,6,6,6,6,6,6,6,6,6,6,6,6,6,6,6,6,6,6,6,6,6,6,6,6,6,True,S
2055_407652e9.jpg,Test,0,0,0,0,0,0,0,0,0,0,0,0,6,0,0,0,0,0,0,6,6,0,0,0,0,0,0,6,6,0,0,0,0,0,0,6,6,0,0,0,0,0,0,6,6,0,0,0,0,0,0,6,6,0,0,0,0,0,0,0,0,0,0,0,True,S
2056_f6878a02.jpg,Test,0,0,0,0,0,0,0,0,0,0,0,0,0,0,0,0,0,0,0,6,6,0,0,0,0,0,0,6,6,0,0,0,0,0,0,6,6,0,0,0,0,0,0,6,6,0,0,0,0,0,0,6,6,6,0,0,0,0,0,0,0,0,0,0,True,S
2057_498a0f86.jpg,Test,0,0,0,0,2,0,0,0,0,0,2,2,2,2,0,0,0,0,2,2,2,2,0,0,0,0,2,2,2,2,0,0,0,0,2,2,2,2,0,0,0,0,2,2,2,2,0,0,0,0,2,2,2,2,0,0,0,0,2,2,2,2,0,0,True,S
2058_117ac8d0.jpg,Test,0,0,0,0,0,0,0,0,0,0,0,0,0,0,6,6,0,6,6,6,6,6,6,6,0,6,6,6,6,6,6,6,0,6,6,6,6,6,6,6,0,6,6,6,6,6,6,6,0,6,6,6,6,6,6,6,0,6,6,6,6,6,6,6,True,S
2059_7e48bcae.jpg,Test,0,0,0,0,0,0,0,0,0,0,6,6,0,6,0,0,2,0,6,6,6,6,0,0,2,2,6,6,6,6,0,0,2,2,6,6,6,6,0,0,2,2,6,6,6,6,0,0,2,2,6,6,6,6,0,0,2,2,6,6,6,6,0,0,True,S
2060_117ac8d0.jpg,Test,0,0,0,0,0,0,0,0,0,0,0,0,0,0,6,6,0,6,6,6,6,6,6,6,0,6,6,6,6,6,6,6,0,6,6,6,6,6,6,6,0,6,6,6,6,6,6,6,0,6,6,6,6,6,6,6,0,6,6,6,6,6,6,6,True,S
2061_7dd0426b.jpg,Test,0,0,0,0,0,0,0,0,0,0,0,0,0,2,0,0,0,0,0,0,0,2,0,0,0,0,0,0,0,2,0,0,0,0,0,0,0,2,0,0,0,0,0,0,0,2,0,0,0,0,0,0,0,2,0,0,0,0,2,0,0,2,0,0,True,S
2062_81248ea1.jpg,Test,0,0,0,0,0,0,0,0,0,0,0,0,0,0,0,0,0,0,6,2,2,0,0,0,0,6,2,2,2,0,0,0,0,6,6,2,2,0,0,0,0,0,6,2,2,0,0,0,0,6,2,2,2,0,0,0,0,0,0,0,0,0,0,0,True,S
2063_03d0f165.jpg,Test,0,0,0,0,0,0,0,0,0,0,0,0,0,0,0,0,0,6,6,6,6,0,0,0,0,6,6,6,0,0,0,0,0,6,6,6,0,0,0,0,0,6,6,6,0,0,0,0,0,6,6,6,0,0,0,0,0,6,6,6,0,0,0,0,True,S
2064_2bd91909.jpg,Test,0,0,0,0,0,0,0,0,0,0,0,0,0,0,0,0,0,2,6,6,0,0,0,0,0,2,2,6,6,0,0,0,0,2,6,6,6,0,0,0,0,2,6,6,0,0,0,0,0,2,6,6,6,0,0,0,0,0,0,0,0,0,0,0,True,S
2065_309669a8.jpg,Test,0,0,0,0,0,0,0,0,0,0,0,0,0,0,0,0,0,0,0,0,0,6,0,0,2,2,0,0,6,6,2,2,2,2,0,0,6,0,2,2,6,2,0,0,6,0,2,2,2,2,0,6,6,0,2,2,0,2,0,6,6,6,0,2,True,S
2066_3ff165a0.jpg,Test,0,0,0,0,0,0,0,0,0,0,6,6,6,6,6,0,0,6,6,6,6,6,6,0,0,6,6,6,6,6,6,0,0,6,6,6,6,6,6,0,0,6,6,6,6,6,6,0,0,6,6,6,6,6,6,0,0,6,6,6,6,6,6,0,True,S
2067_6e286477.jpg,Test,0,0,0,0,0,0,0,0,0,6,6,0,2,0,0,0,0,6,6,0,2,0,0,0,0,6,6,0,2,0,0,0,0,6,6,0,2,2,0,0,0,6,6,0,2,2,0,0,0,6,6,0,2,2,0,0,0,6,0,0,6,6,0,0,True,S
2068_d5e87b4e.jpg,Test,0,0,0,0,0,0,0,0,0,0,0,0,0,0,0,0,0,6,0,0,2,2,0,0,6,6,0,0,2,2,0,0,6,6,0,0,2,2,0,0,6,6,0,0,2,2,0,0,6,6,0,0,2,2,0,0,0,0,0,0,0,0,0,0,True,S
2069_9944bf87.jpg,Test,0,0,0,0,0,0,0,0,0,0,0,2,2,0,0,0,6,6,0,2,2,0,0,0,6,6,0,2,2,0,0,0,6,6,0,2,2,0,0,2,6,6,0,2,2,0,0,2,6,6,0,0,0,0,0,2,6,6,0,0,0,0,0,2,True,S
2070_58cee6e9.jpg,Test,0,0,0,0,0,0,0,0,0,0,2,2,0,0,0,0,0,0,2,2,6,0,0,0,0,0,2,6,6,0,0,0,0,0,2,2,2,0,0,0,2,0,2,6,6,0,0,0,2,0,2,6,2,0,0,0,0,0,2,6,6,0,0,0,True,S
2071_bc66a281.jpg,Test,0,0,0,0,0,0,0,0,0,0,0,0,0,0,0,0,0,0,0,0,0,0,0,0,0,0,6,2,2,0,0,0,0,6,6,2,2,0,6,0,0,6,6,2,2,0,6,0,0,6,6,2,2,0,6,0,0,0,0,0,6,0,0,0,True,S
2072_fd4e732b.jpg,Test,0,0,0,0,0,0,0,0,0,0,0,0,6,6,0,0,0,0,0,0,6,6,0,0,0,0,0,6,6,6,6,0,0,0,0,6,6,6,6,0,0,0,0,6,6,6,6,0,0,0,0,6,6,6,6,0,0,0,6,6,6,6,0,0,True,S
2073_28bdf719.jpg,Test,0,0,0,0,0,0,0,0,0,0,0,0,0,0,0,0,0,0,6,0,0,0,0,0,0,0,0,6,2,2,0,0,0,0,0,0,2,0,0,0,0,0,0,0,2,0,0,0,0,0,0,0,2,0,0,0,0,0,0,0,0,0,0,0,True,S
2074_57f58476.jpg,Test,0,0,0,0,0,0,0,0,0,6,6,6,6,0,0,0,0,6,6,6,6,0,2,2,0,6,6,6,6,0,2,2,0,6,6,6,6,0,2,2,0,6,6,6,6,0,2,2,0,6,6,6,6,0,2,2,0,6,6,6,6,0,2,2,True,S
2075_4a44b06b.jpg,Test,0,0,0,0,0,0,0,0,0,0,0,0,0,0,0,0,0,0,0,0,0,0,0,0,0,0,0,0,0,0,0,0,0,0,0,0,0,0,0,0,0,0,0,0,0,0,0,0,0,0,0,0,0,0,0,0,0,0,0,0,0,0,0,0,True,S
2076_e7acf16b.jpg,Test,0,0,0,0,0,0,0,0,0,0,0,0,0,0,0,0,0,6,0,6,6,0,6,0,6,6,0,6,6,0,6,0,0,6,0,6,6,0,6,0,0,6,0,6,6,0,6,0,6,6,0,6,6,0,6,0,0,4,0,0,6,0,6,0,True,S
2077_ed3b381e.jpg,Test,0,0,0,0,0,0,0,0,0,0,2,2,2,2,2,0,0,0,2,2,2,2,2,0,0,2,2,2,2,2,6,0,0,2,2,2,2,2,6,0,0,2,2,2,2,2,2,0,0,2,2,6,6,2,2,0,0,2,2,2,2,2,2,0,True,S
2078_903d2a74.jpg,Test,0,0,0,0,0,0,0,0,0,0,0,6,6,6,0,0,0,0,0,6,6,6,0,0,0,0,0,6,6,6,0,0,0,0,0,6,6,6,0,0,0,0,0,6,6,6,0,0,0,0,0,6,6,6,0,0,0,0,0,0,0,0,0,0,True,S
2079_801c7210.jpg,Test,0,0,0,0,0,0,0,0,0,0,0,0,0,0,0,0,0,0,0,2,0,0,0,0,0,0,0,2,2,2,0,0,0,0,0,2,2,2,0,0,0,0,0,2,2,2,0,0,0,0,0,2,2,2,0,0,0,0,0,2,2,2,0,0,True,S
2080_fa7aefdf.jpg,Test,0,0,0,0,0,0,0,0,0,0,6,6,6,0,0,0,0,0,6,6,6,0,6,0,0,0,6,6,6,6,0,0,0,0,6,6,6,6,0,0,0,0,6,6,6,6,0,0,0,0,6,6,6,6,6,0,0,0,6,0,0,0,0,0,True,S
2081_bac09f28.jpg,Test,0,0,0,0,0,0,0,0,0,0,0,2,2,2,0,0,2,0,0,2,2,2,0,0,2,0,0,2,2,2,0,0,2,0,0,2,2,2,0,0,2,0,0,2,2,2,0,0,2,0,0,2,2,2,0,0,0,0,0,2,2,0,0,0,True,S
2082_601d384b.jpg,Test,0,0,0,0,0,0,0,0,0,0,0,0,0,0,0,0,0,0,0,2,2,2,0,0,0,0,0,2,2,2,2,0,0,0,0,2,2,2,2,0,0,0,0,2,2,2,2,0,0,0,0,2,2,2,2,0,0,0,0,2,2,0,0,0,True,S
2083_ef46c44f.jpg,Test,0,0,0,0,0,0,0,0,0,0,0,0,0,0,0,0,0,6,6,6,2,2,2,0,0,0,0,0,0,0,0,0,0,0,0,0,0,0,0,0,0,6,6,6,2,2,2,2,0,0,6,6,2,2,2,2,0,0,0,0,0,0,0,0,True,S
2084_6b5a15ea.jpg,Test,0,0,0,0,0,0,0,0,0,0,0,0,0,0,0,0,0,0,0,0,0,0,0,0,0,0,0,0,0,0,0,0,0,0,0,0,0,0,0,0,0,0,0,0,0,0,0,0,0,0,0,0,0,0,0,0,0,0,0,0,0,0,0,0,True,S
2085_984910db.jpg,Test,0,0,0,0,0,0,0,0,0,0,0,0,0,0,0,0,6,6,6,6,2,2,2,2,6,6,6,6,2,2,2,2,6,6,6,6,2,2,2,2,6,6,6,6,2,2,2,2,6,6,6,6,2,2,2,2,0,0,0,0,0,2,2,0,True,S
2086_49db6b52.jpg,Test,0,0,0,0,0,0,0,0,0,6,6,6,6,6,6,0,0,6,6,6,6,6,6,0,0,6,6,6,6,6,6,0,0,6,6,6,6,6,6,0,0,6,6,6,6,6,6,0,0,6,6,6,6,6,6,0,0,0,0,0,0,0,0,0,True,S
2087_b235bfe3.jpg,Test,0,0,0,0,0,0,0,0,0,6,6,6,0,0,0,0,0,6,6,6,0,0,0,0,0,6,6,6,0,0,0,0,0,6,6,6,0,0,0,0,0,6,6,6,0,0,0,0,0,6,6,6,0,0,0,0,0,6,6,6,0,0,0,0,True,S
2088_f94aa55d.jpg,Test,0,0,0,0,0,0,0,0,0,0,0,0,0,0,0,0,0,0,0,6,2,2,2,2,2,2,2,6,2,2,2,2,2,2,2,6,2,2,2,2,2,2,2,6,6,2,0,0,0,0,0,6,2,2,0,0,0,0,0,6,6,0,0,0,True,S
2089_245c7569.jpg,Test,0,0,0,0,0,0,0,0,0,0,0,0,0,0,0,0,0,0,0,0,0,0,0,0,0,0,0,0,0,0,0,0,0,0,0,0,0,0,0,0,0,0,0,0,0,0,0,0,0,0,0,0,0,0,0,0,0,0,0,0,0,0,0,0,True,S
2090_3cbb9000.jpg,Test,0,0,0,0,0,0,0,0,0,0,6,6,6,6,0,0,0,0,6,6,6,6,0,0,0,0,6,6,6,6,0,0,0,0,6,6,6,6,0,0,0,0,6,6,6,6,0,0,0,0,6,6,6,6,0,0,0,0,0,0,0,0,0,0,True,S
2091_c36f5d23.jpg,Test,0,0,0,0,0,0,0,0,0,0,0,0,0,0,0,0,0,6,6,6,6,2,2,6,0,6,6,6,6,2,2,6,0,6,6,6,6,2,2,6,0,6,6,6,6,2,2,2,0,6,6,6,2,2,2,2,0,0,0,6,0,0,0,0,True,S
2092_b6ec2642.jpg,Test,0,0,0,6,6,6,0,0,0,0,0,6,6,6,0,0,0,0,0,6,6,6,0,0,0,0,0,6,6,6,0,0,0,0,0,6,6,6,0,0,0,0,0,6,6,6,0,0,0,0,0,6,6,6,0,0,0,0,0,6,6,6,0,0,True,S
2093_570052e6.jpg,Test,0,0,0,0,2,2,0,0,0,0,2,2,2,2,0,0,0,0,2,2,2,2,0,0,0,0,2,2,2,2,0,0,0,0,2,2,2,2,0,0,0,0,2,2,2,2,0,0,0,0,2,2,2,2,0,0,0,0,2,2,2,2,0,0,True,S
2094_8d98223a.jpg,Test,0,0,0,0,0,0,0,0,0,0,0,0,0,0,0,0,0,0,0,0,2,2,0,0,0,6,6,0,2,2,0,0,0,6,6,0,2,2,0,0,0,6,6,0,2,2,0,0,0,6,6,0,2,2,0,0,0,6,6,0,2,2,0,0,True,S
2095_b8abe318.jpg,Test,0,0,0,0,0,0,0,0,0,0,0,0,0,0,0,0,0,0,0,0,2,2,0,0,0,0,6,6,2,2,0,0,0,0,6,6,2,2,0,0,0,0,6,6,2,2,0,0,0,0,6,6,2,2,0,0,0,0,8,8,2,2,0,0,True,S
2096_a183e8a0.jpg,Test,0,0,0,0,0,0,0,0,0,0,0,2,2,2,0,0,0,0,0,2,2,2,0,0,0,0,0,2,2,2,0,0,0,0,0,2,2,2,0,0,0,0,0,2,2,2,0,0,0,0,0,2,2,2,0,0,0,0,0,0,0,0,0,0,True,S
2097_e9677609.jpg,Test,0,0,0,0,0,0,0,0,0,0,0,0,0,0,0,0,0,0,0,0,2,2,0,0,0,6,6,0,2,2,0,0,0,6,6,0,2,2,0,0,0,6,6,0,2,2,0,0,0,6,6,0,2,2,0,0,0,0,0,0,0,0,0,0,True,S
2098_1c547aab.jpg,Test,0,0,0,0,0,0,0,0,0,0,0,0,0,6,0,0,0,0,0,0,6,6,0,0,0,0,2,2,6,6,0,0,0,0,2,2,2,6,0,0,0,0,2,2,2,6,0,0,0,0,2,2,2,6,0,0,0,0,0,6,6,6,0,0,True,S
2099_3945e23d.jpg,Test,0,0,0,0,0,0,0,0,0,0,6,6,6,0,0,0,0,0,6,6,6,0,0,0,0,0,6,6,6,0,0,0,0,0,6,6,6,0,0,0,0,0,6,6,6,0,0,0,0,0,6,6,6,0,0,0,0,0,0,0,0,0,0,0,True,S
2100_29f8d437.jpg,Test,0,0,0,0,0,0,0,0,0,0,0,0,0,0,0,0,0,0,0,0,0,0,0,0,0,0,0,0,0,0,0,0,0,0,0,0,0,0,0,0,0,0,0,0,0,0,0,0,0,0,0,0,0,0,0,0,0,0,0,0,0,0,0,0,True,S
2101_08b3bcab.jpg,Test,0,0,0,0,0,0,0,0,0,2,2,2,0,6,6,0,2,2,2,2,0,6,6,6,2,2,2,2,0,6,6,6,2,2,2,2,0,6,6,6,2,2,2,2,0,6,6,6,2,2,2,2,0,6,6,6,2,2,2,2,0,6,6,6,True,S
2102_c02dc42a.jpg,Test,0,0,0,0,0,0,0,0,0,0,0,0,6,6,0,0,0,2,2,0,6,6,6,0,0,2,2,0,6,6,6,0,0,2,2,0,6,6,6,0,0,2,2,0,6,6,6,0,0,2,2,0,6,6,6,0,0,2,2,0,6,6,0,0,True,S
2103_14421ae5.jpg,Test,0,0,0,0,0,0,0,0,6,6,6,0,0,6,6,6,6,6,6,6,6,6,6,6,6,6,6,6,6,6,6,6,6,6,6,6,6,6,6,6,6,6,6,6,6,6,6,6,6,6,6,6,6,6,6,6,6,6,6,6,6,6,6,6,True,S
2104_1cf3b527.jpg,Test,0,0,0,0,0,0,0,0,0,0,0,6,0,0,0,0,0,0,0,6,6,0,0,0,0,0,0,6,6,0,0,0,0,0,0,6,6,0,2,2,0,0,0,6,6,0,2,2,0,0,0,6,6,0,2,2,0,0,0,6,0,0,0,0,True,S
2105_17e03ec6.jpg,Test,0,0,0,0,0,0,0,0,0,0,0,0,0,6,0,0,0,0,0,0,0,6,6,0,0,0,0,0,0,6,6,0,0,0,0,0,0,6,6,0,0,0,0,0,0,6,6,0,0,0,0,0,0,0,6,0,0,0,0,0,0,0,6,0,True,S
2106_ede8c878.jpg,Test,0,0,0,0,0,0,0,0,0,0,0,2,2,0,0,0,0,0,0,2,2,0,0,0,0,0,0,2,2,0,0,0,0,0,0,2,2,0,6,0,0,0,0,2,2,0,6,0,0,0,0,2,2,0,6,0,0,0,0,2,2,0,0,0,True,S
2107_900b547a.jpg,Test,0,0,0,0,0,0,0,0,0,0,0,0,0,2,0,0,0,2,2,2,2,2,2,0,0,2,2,2,2,2,2,0,0,2,2,2,2,2,2,0,0,2,2,2,2,2,2,0,0,2,2,2,2,2,2,0,0,2,2,2,2,2,2,0,True,S
2108_ff7205bb.jpg,Test,0,0,6,6,0,0,0,0,0,0,2,6,6,6,6,0,6,2,2,6,6,6,6,0,6,2,2,6,6,6,6,0,6,0,2,2,6,6,6,0,6,0,2,2,6,6,6,0,6,0,2,2,6,6,6,0,6,0,6,6,6,6,6,0,True,S
2109_19c7a6f5.jpg,Test,0,0,0,0,0,0,0,0,0,0,0,0,0,0,0,0,0,0,6,6,6,0,0,0,0,0,6,6,2,2,0,0,2,2,6,2,2,2,0,0,2,2,6,2,6,2,0,0,0,0,6,6,6,2,0,0,0,0,6,6,0,0,0,0,True,S
2110_1d217d59.jpg,Test,0,0,0,0,0,0,0,0,0,0,6,6,6,0,0,0,0,0,6,6,6,0,0,0,0,0,6,6,6,0,0,0,0,0,6,6,6,0,0,0,0,0,6,6,6,0,0,0,0,0,6,6,6,0,0,0,0,0,0,6,6,0,0,0,True,S
2111_182adda2.jpg,Test,0,0,0,0,0,0,0,0,0,0,0,0,2,0,0,0,0,0,0,0,2,2,0,0,0,0,0,0,2,2,0,0,0,0,0,0,0,2,0,0,0,0,0,0,0,0,0,0,0,0,0,0,0,0,0,0,0,0,0,0,0,0,0,0,True,S
2112_f9efb90f.jpg,Test,0,0,0,0,0,0,0,0,0,0,6,6,0,0,0,0,0,0,6,6,0,0,0,0,0,0,6,6,2,0,0,0,0,0,6,6,2,0,0,0,0,0,6,6,2,0,0,0,0,0,6,6,2,0,0,0,0,0,0,6,0,0,0,0,True,S
2113_915f5fa7.jpg,Test,0,0,0,0,0,0,0,0,0,0,0,0,0,0,2,0,0,0,0,0,0,2,2,0,0,0,0,0,6,2,2,0,0,0,0,0,6,2,2,0,0,0,0,0,0,2,2,0,0,0,0,0,0,2,2,0,0,0,0,0,0,0,0,0,True,S
2114_706990e0.jpg,Test,0,0,0,0,0,0,0,0,0,0,0,2,2,0,0,0,0,0,0,2,2,0,0,0,0,0,0,2,2,0,0,0,0,0,0,2,2,0,0,0,0,0,0,2,2,2,0,0,0,0,0,2,2,2,0,0,0,0,0,0,0,0,0,0,True,S
2115_50f0106f.jpg,Test,0,0,0,0,0,0,0,0,0,0,0,0,0,0,0,0,0,0,0,0,0,0,6,6,0,2,2,2,0,0,6,6,0,2,2,2,0,0,6,6,0,2,2,2,0,0,6,6,0,0,2,0,0,0,6,6,0,0,0,0,0,0,0,0,True,S
2116_54aa7a46.jpg,Test,0,0,0,0,0,0,0,0,0,0,0,0,2,0,0,0,0,0,0,0,2,2,0,0,0,0,0,0,2,2,0,0,0,0,0,0,2,2,0,0,0,0,0,0,0,2,0,0,0,0,0,0,0,2,0,0,0,0,0,0,0,2,0,0,True,S
2117_75fde79b.jpg,Test,0,0,0,0,0,6,6,6,0,0,0,0,0,6,6,6,0,0,2,2,0,6,6,6,0,0,2,2,0,6,6,6,0,0,2,2,0,6,6,6,0,0,2,2,0,6,6,6,0,0,2,2,6,6,6,6,0,0,2,2,0,6,6,6,True,S
2118_47cd625c.jpg,Test,0,0,0,0,0,0,0,0,0,0,0,0,0,0,0,6,0,6,6,6,0,6,6,6,0,6,6,6,6,6,6,6,0,6,6,6,6,6,6,6,0,6,6,6,6,6,6,6,0,6,6,6,6,0,6,6,0,6,6,6,6,0,6,6,True,S
2119_0c324ea1.jpg,Test,0,0,0,0,0,0,0,0,0,0,0,6,6,0,0,0,0,0,0,6,6,0,0,0,0,0,0,6,6,0,0,0,0,0,0,6,6,0,0,0,0,0,0,6,6,0,0,0,0,0,0,6,6,0,0,0,0,0,0,0,0,0,0,0,True,S
2120_27205cda.jpg,Test,0,0,0,0,0,0,0,0,0,0,0,0,0,0,0,0,0,0,0,0,6,6,6,6,6,6,6,6,6,6,6,6,6,6,6,6,6,6,6,6,6,6,6,6,6,6,6,6,6,6,6,6,6,6,0,0,0,0,0,0,0,0,0,0,True,S
2121_456c4a49.jpg,Test,0,0,0,6,6,0,0,0,0,0,6,6,6,0,0,0,0,0,6,6,6,2,0,0,0,0,6,6,6,2,0,0,0,0,6,6,6,2,0,0,0,0,6,6,6,2,0,0,0,0,6,6,6,2,0,0,0,0,6,6,6,2,0,0,True,S
2122_4808d751.jpg,Test,0,1,1,1,1,0,0,0,0,2,2,2,2,2,2,2,0,2,2,2,2,2,2,2,0,2,2,2,2,2,2,2,0,2,2,2,2,2,2,2,0,2,2,2,1,2,2,2,0,2,2,2,2,2,2,2,0,2,2,2,1,2,2,2,True,S
2123_a82d0d0d.jpg,Test,0,0,0,0,0,0,0,0,0,0,0,0,6,6,0,0,0,0,0,0,6,6,0,0,0,2,2,0,6,6,0,0,0,2,2,0,6,6,0,0,0,2,2,0,6,6,0,0,2,2,2,0,6,6,0,0,0,6,6,0,6,6,0,0,True,S
2124_0cab9e22.jpg,Test,0,0,0,0,0,0,0,0,0,0,6,6,0,0,0,0,0,0,6,6,0,0,0,0,0,0,6,6,0,0,0,0,0,0,6,6,0,0,0,0,0,0,6,6,0,0,0,0,0,0,6,6,0,0,0,0,0,0,0,0,0,0,0,0,True,S
2125_5032210b.jpg,Test,0,6,6,0,0,0,0,0,0,6,6,6,6,0,0,0,0,6,6,6,6,0,0,0,0,6,6,6,6,0,0,0,0,6,6,6,6,0,0,0,0,6,6,6,6,0,0,0,0,6,6,0,0,0,0,0,0,0,0,0,0,0,0,0,True,S
