Image File Name,Train Or Test,c01,c02,c03,c04,c05,c06,c07,c08,c09,c10,c11,c12,c13,c14,c15,c16,c17,c18,c19,c20,c21,c22,c23,c24,c25,c26,c27,c28,c29,c30,c31,c32,c33,c34,c35,c36,c37,c38,c39,c40,c41,c42,c43,c44,c45,c46,c47,c48,c49,c50,c51,c52,c53,c54,c55,c56,c57,c58,c59,c60,c61,c62,c63,c64
5366_f4b12835.jpg,Test,0,0,3,0,0,0,0,0,0,0,0,0,0,0,0,0,0,0,3,0,0,3,0,0,0,0,0,3,4,0,0,4,0,0,0,0,0,0,0,0,0,0,0,3,0,0,0,0,0,0,0,10,0,0,0,0,0,0,0,0,0,0,0,0
5367_3f6b14d2.jpg,Test,0,0,0,0,0,0,0,0,0,0,3,3,0,0,0,0,2,0,0,4,3,0,0,0,0,0,6,4,0,0,0,0,3,2,0,4,4,0,0,0,0,0,0,0,4,0,0,0,0,0,0,6,6,0,0,0,10,0,0,0,0,0,0,0
5368_4df8419d.jpg,Train,0,0,0,0,0,0,0,0,0,3,0,0,0,0,0,0,0,0,4,0,0,0,0,0,0,4,4,0,0,0,0,0,0,4,4,0,0,0,0,0,0,4,4,0,0,0,0,0,0,4,4,0,0,0,0,0,0,4,4,0,0,0,0,0
5369_bf9d2878.jpg,Train,0,0,0,3,3,3,0,0,3,0,4,3,3,3,3,0,0,0,0,3,3,3,3,0,3,3,4,3,3,3,3,0,0,0,4,3,3,3,3,0,0,0,4,4,3,3,0,0,0,0,4,3,3,3,3,0,0,0,0,3,0,3,3,0
5370_15dbc64e.jpg,Test,0,3,0,0,0,0,0,0,0,0,0,0,0,0,0,0,0,0,0,0,0,0,0,0,4,0,0,0,3,0,0,0,4,4,0,0,3,3,3,3,4,4,10,0,0,0,0,0,0,0,0,0,0,0,0,0,0,0,0,0,0,0,0,0
5371_f1e65569.jpg,Train,0,0,0,3,0,0,0,0,0,0,0,3,0,0,0,0,0,3,3,3,3,0,0,0,5,3,3,3,3,0,0,0,0,6,3,3,5,3,0,0,0,0,3,3,3,0,0,0,8,3,3,3,3,0,0,0,0,3,3,3,0,0,0,0
5372_2e724f63.jpg,Train,0,0,0,0,0,0,0,0,0,0,0,0,0,3,0,3,0,4,4,4,0,3,3,3,0,0,4,4,4,3,3,3,0,4,4,4,4,3,3,3,3,4,4,4,4,3,3,3,0,4,4,4,4,3,3,3,0,4,4,4,4,3,3,3
5373_c6f0322e.jpg,Train,0,0,0,0,0,0,0,0,0,4,4,4,0,0,0,0,0,4,4,0,0,0,0,0,0,4,4,4,4,0,0,0,0,4,4,4,4,0,0,0,0,4,4,4,4,0,0,0,0,4,4,4,0,0,0,0,0,4,4,4,4,0,0,0
5374_5f68a3f7.jpg,Train,0,0,0,0,0,0,0,0,0,0,0,0,0,0,0,0,0,4,0,3,0,9,3,0,4,4,4,0,0,3,3,0,4,4,4,0,0,3,3,0,4,4,4,0,0,3,3,0,4,4,10,0,0,3,3,0,0,4,4,0,0,3,3,0
5375_70258da3.jpg,Test,0,0,0,0,0,0,0,0,0,3,3,3,0,0,0,0,0,0,0,9,0,0,4,0,0,0,0,3,0,0,4,4,3,0,0,3,0,0,4,0,0,0,0,3,0,0,4,0,0,0,0,3,0,6,0,0,0,0,0,0,0,0,0,0
5376_37dc0be2.jpg,Train,0,0,0,0,0,0,0,0,0,0,0,0,0,0,0,0,0,0,0,0,0,0,0,0,0,0,0,0,0,4,0,0,0,0,4,0,0,4,4,0,0,3,4,0,0,0,4,0,0,0,4,0,0,0,0,0,0,0,4,0,0,0,0,0
5377_0b294bcb.jpg,Test,0,0,0,0,0,0,0,0,0,0,0,0,0,0,0,0,0,0,0,0,0,0,0,0,0,0,3,0,0,4,0,0,0,0,0,0,0,4,0,0,0,0,0,0,0,4,0,0,0,0,0,0,0,0,6,0,0,0,0,0,0,6,0,0
5378_9fca926c.jpg,Train,0,0,0,0,0,0,0,0,0,3,3,3,0,0,0,0,3,3,3,3,3,0,0,0,3,4,3,3,3,0,0,0,0,0,3,3,3,0,0,0,3,0,3,3,3,0,0,0,0,4,3,3,3,0,0,0,0,0,0,0,0,0,0,0
5379_18373d97.jpg,Train,0,0,0,0,0,0,0,0,0,0,3,0,0,0,0,0,0,3,0,3,3,3,3,0,0,3,3,3,3,3,3,0,0,3,3,3,0,3,3,0,0,3,3,3,3,3,3,0,0,3,3,3,3,3,3,0,0,3,3,3,3,3,3,0
5380_5f8630f0.jpg,Train,0,3,3,0,0,0,0,3,3,3,3,0,0,3,3,0,0,3,3,0,0,3,3,0,3,0,7,0,0,3,3,3,3,3,3,7,8,3,3,3,3,3,3,3,3,3,3,3,3,3,3,3,3,3,3,3,0,3,3,3,3,3,3,3
5381_a3679db5.jpg,Train,0,0,0,0,8,0,0,0,0,10,0,8,8,0,0,0,0,0,8,0,0,0,0,0,0,8,0,0,0,0,0,0,10,0,0,0,0,0,0,0,0,0,4,8,0,0,4,8,0,0,8,8,0,0,0,0,0,0,0,0,0,0,0,0
5382_eeb30367.jpg,Test,0,0,0,0,0,0,0,0,0,0,0,0,0,0,0,0,0,0,0,0,10,0,0,0,0,0,0,0,0,0,3,0,0,0,0,0,3,0,0,0,0,0,8,9,0,10,0,0,0,0,8,0,0,0,0,0,0,0,1,0,0,0,0,0
5383_b32c059c.jpg,Train,0,0,0,0,0,0,0,0,0,3,0,0,0,0,0,0,0,3,3,3,3,3,3,0,0,3,3,3,3,5,3,3,3,3,5,3,3,3,3,0,3,3,3,3,3,3,3,3,3,3,3,3,3,3,3,3,0,3,3,3,3,3,3,0
5384_c434e127.jpg,Train,0,0,0,0,0,0,0,0,3,0,0,3,0,3,0,0,3,3,4,4,0,3,3,0,0,0,4,4,0,3,3,0,3,0,4,4,0,3,3,3,0,0,4,4,0,3,3,0,0,0,4,0,0,3,3,0,0,0,4,4,0,3,3,0
5385_31a3963b.jpg,Test,0,0,0,8,0,0,0,0,0,0,0,0,0,0,0,0,0,0,0,0,0,0,0,0,0,0,0,8,0,0,0,0,8,0,0,0,0,9,0,0,0,8,0,0,0,0,0,0,0,8,0,0,0,0,0,0,0,0,9,8,0,0,6,0
5386_2283cb29.jpg,Train,0,8,0,0,0,0,0,0,0,0,0,0,0,7,0,0,0,7,7,0,0,0,0,0,8,8,8,4,4,4,0,0,0,0,0,4,4,4,0,0,0,0,0,4,4,4,0,0,0,0,0,4,4,4,0,0,0,0,0,0,0,0,0,0
5387_dc58a018.jpg,Test,0,0,0,0,0,0,0,0,0,0,4,0,0,0,0,0,0,5,5,3,0,0,0,0,0,0,0,0,7,7,8,8,0,0,0,0,9,0,7,0,0,0,7,7,9,0,7,0,0,0,0,5,0,0,0,0,0,0,0,0,10,0,10,0
5388_7e709258.jpg,Train,0,0,4,4,0,0,0,0,0,4,4,0,8,0,0,0,2,0,0,0,0,0,0,0,4,0,0,0,0,4,0,0,4,4,0,8,0,4,0,4,5,4,0,4,4,4,4,0,0,0,0,0,4,4,4,0,0,0,0,0,0,0,4,0
5389_981e14ec.jpg,Train,0,0,0,0,0,0,8,4,0,0,0,0,0,0,0,4,3,3,0,3,3,2,0,3,3,3,3,3,3,3,0,3,3,3,0,3,3,2,0,3,3,3,0,3,3,2,0,3,3,3,0,3,3,2,2,3,3,3,3,0,3,2,2,3
5390_bca92a34.jpg,Train,0,4,0,0,0,0,0,0,0,0,0,0,0,0,0,0,0,0,0,0,0,0,0,0,9,0,0,3,5,0,0,0,9,0,0,3,3,0,0,0,0,0,0,0,0,0,0,0,0,0,0,0,0,0,0,0,0,0,0,0,0,0,0,0
5391_6547ebc8.jpg,Train,0,0,0,0,0,0,0,0,0,0,0,4,0,0,0,0,0,0,4,0,4,0,4,0,0,0,4,4,4,4,4,0,0,0,4,8,4,4,4,0,0,0,4,4,4,4,4,0,0,0,4,4,4,4,4,0,0,0,0,4,4,4,4,0
5392_67916421.jpg,Train,0,0,0,0,0,0,0,0,0,0,4,4,0,0,0,0,0,4,4,0,0,0,0,0,0,4,4,4,0,0,0,0,0,4,4,4,0,0,0,6,0,4,4,4,0,0,0,0,0,4,4,4,0,0,0,0,0,0,4,4,0,0,0,0
5393_4749a492.jpg,Train,0,0,0,0,0,0,0,0,0,0,0,3,3,3,0,0,0,0,4,3,3,3,0,0,0,3,0,4,3,3,0,0,0,0,4,4,3,3,0,0,0,0,4,4,3,3,0,0,0,0,4,3,3,3,0,0,0,0,0,3,3,3,0,0
5394_150a7353.jpg,Test,0,0,0,1,0,0,0,0,0,0,0,0,0,0,0,0,0,0,0,0,0,0,0,0,0,0,0,0,0,0,0,0,0,0,0,0,0,0,0,0,4,0,0,0,0,0,0,0,0,0,0,0,0,10,0,0,0,0,0,0,0,0,0,0
5395_cdb64787.jpg,Train,0,0,0,0,0,0,0,0,0,0,3,3,0,0,0,0,4,0,3,3,0,4,0,0,0,3,3,3,4,4,0,0,0,3,3,3,4,4,0,0,0,3,3,3,4,4,0,0,0,3,3,3,4,4,0,0,0,3,3,3,4,4,0,0
5396_6b6e4945.jpg,Train,0,0,3,3,3,3,0,0,0,0,3,3,3,0,3,0,0,0,3,3,3,3,0,0,3,0,3,3,3,3,0,0,0,0,6,3,3,0,0,3,0,0,3,3,3,0,0,0,10,10,3,3,3,0,0,0,10,0,0,3,3,0,0,0
5397_b614ef27.jpg,Train,0,0,0,0,0,0,0,0,0,0,0,0,0,0,3,0,0,0,1,4,4,3,3,0,7,7,0,0,0,3,3,0,9,7,7,0,0,0,3,0,7,7,0,6,0,0,3,0,0,10,0,0,0,3,3,0,0,0,0,0,0,3,3,0
5398_72da5a31.jpg,Train,0,0,0,0,0,0,0,0,0,3,3,0,0,0,0,0,4,4,3,0,3,3,0,0,4,4,9,10,3,3,0,0,4,4,0,0,3,3,0,0,4,4,0,0,3,0,0,0,4,4,0,0,3,3,0,0,0,0,0,0,0,0,0,0
5399_75edb8ec.jpg,Test,0,3,0,0,0,0,0,0,0,0,0,10,10,0,0,0,0,0,3,9,0,0,0,3,0,3,3,5,3,0,0,0,0,0,3,3,3,0,0,0,3,0,3,3,3,0,0,0,0,0,0,3,3,0,0,0,0,3,3,0,3,5,0,0
5400_20006b17.jpg,Test,0,0,0,0,0,0,0,0,0,0,0,0,0,0,0,0,0,0,0,0,0,4,0,0,0,0,0,0,0,4,0,0,0,0,0,0,0,4,4,0,0,0,3,0,0,4,4,0,0,0,0,10,0,0,0,6,0,0,0,10,0,0,0,0
5401_ff040ce4.jpg,Test,0,0,0,0,0,0,3,0,0,0,3,0,3,0,3,0,0,3,8,0,3,0,0,0,0,0,8,8,0,0,3,0,0,0,0,0,0,0,0,0,8,8,0,3,0,0,0,0,0,8,0,0,3,0,0,0,0,0,0,0,0,0,0,0
5402_ee40cf27.jpg,Test,0,0,0,0,0,0,0,0,0,0,0,0,0,0,0,0,0,0,0,0,0,0,0,0,0,0,0,0,3,0,0,0,0,0,5,3,3,3,0,0,0,0,5,0,9,0,0,0,0,0,0,0,0,0,0,0,0,0,0,0,0,0,0,0
5403_d9c27437.jpg,Train,0,0,0,0,0,0,0,0,0,0,0,3,0,3,0,0,0,3,3,3,3,3,0,0,0,0,3,9,3,3,0,3,0,0,3,3,3,3,0,0,0,0,3,3,3,0,0,0,0,0,3,3,3,3,0,0,0,0,3,3,3,3,0,0
5404_7307ed25.jpg,Test,0,0,0,0,0,0,0,0,0,0,0,0,0,0,0,0,0,0,0,9,9,0,0,0,0,0,4,0,3,3,0,0,0,0,4,9,9,0,0,0,0,0,4,4,9,0,0,0,0,0,0,0,3,0,4,0,0,0,0,4,0,4,0,0
5405_1c76a62b.jpg,Train,0,0,0,0,0,0,0,0,0,0,9,4,4,0,0,0,0,0,0,4,4,4,0,0,0,0,0,4,4,4,0,0,0,0,0,4,4,0,0,0,0,0,0,0,4,0,0,0,0,0,0,4,4,4,0,0,0,0,0,4,0,4,0,0
5406_a4ce5f4c.jpg,Test,0,0,0,0,0,0,0,0,3,3,3,3,3,0,0,0,0,3,3,0,3,3,0,0,0,0,3,0,3,3,0,0,0,0,3,3,0,3,0,0,0,0,3,3,3,3,0,0,0,0,10,0,0,3,0,0,0,0,0,0,0,0,0,0
5407_68146b56.jpg,Train,0,0,0,0,0,0,0,0,0,0,0,0,0,0,0,0,0,0,0,0,0,0,0,0,0,0,0,0,0,0,0,0,0,0,0,0,0,4,4,0,0,0,0,0,4,4,4,0,0,0,0,0,4,4,4,0,0,0,0,0,4,4,4,0
5408_3667f4a0.jpg,Train,0,0,0,0,0,0,0,0,0,0,0,0,7,0,0,0,0,0,3,3,3,3,0,0,3,3,3,3,0,3,3,0,3,5,3,3,3,3,0,3,3,0,3,3,9,3,0,0,3,0,0,3,3,3,0,0,3,0,3,3,3,3,5,0
5409_a3a3b32a.jpg,Train,0,0,0,0,0,0,3,3,0,0,0,0,0,8,8,9,0,3,0,0,3,3,0,0,0,0,0,3,3,3,0,0,0,0,0,3,3,3,0,0,0,0,0,3,3,3,0,0,0,0,0,3,3,3,0,0,0,0,0,3,3,0,0,0
5410_e7b4306b.jpg,Train,0,0,0,0,0,0,0,0,0,0,0,0,0,0,0,0,0,0,0,7,7,0,0,0,0,8,0,0,8,8,0,8,0,9,0,8,8,7,9,7,0,9,9,7,9,9,7,0,0,9,9,0,0,0,0,0,0,0,0,5,0,0,0,0
5411_b208bc5a.jpg,Train,0,0,0,0,0,3,0,0,0,0,0,0,0,0,0,0,0,0,0,0,0,0,0,0,0,0,0,0,0,0,0,0,0,0,0,0,0,2,0,0,0,0,0,0,10,9,0,0,1,0,0,0,0,0,0,0,0,0,0,0,0,0,0,0
5412_225014e3.jpg,Test,0,0,0,0,0,0,0,0,7,0,0,0,7,0,0,0,1,0,7,0,9,4,4,0,0,0,7,7,7,4,4,0,0,0,7,7,0,4,0,0,0,0,7,0,2,7,8,0,0,0,0,0,0,8,0,0,0,8,0,0,0,8,0,2
5413_5b145ee3.jpg,Train,0,0,0,0,0,0,0,0,0,0,0,0,0,0,0,0,0,0,0,0,0,0,0,0,0,2,0,0,0,0,0,0,0,0,0,0,0,0,10,0,0,2,0,0,0,10,0,0,0,0,0,0,0,0,0,0,0,0,0,0,0,0,0,0
5414_29c883e4.jpg,Train,0,0,0,0,0,0,0,0,5,0,0,0,0,0,0,0,4,4,0,0,0,0,0,8,8,0,0,0,4,8,8,0,0,0,0,4,4,0,0,0,0,0,0,4,8,0,0,0,0,0,0,0,8,0,0,0,2,0,0,0,4,0,0,0
5415_01e7b3fc.jpg,Train,0,0,0,0,0,0,0,0,0,0,0,0,0,0,0,0,0,4,0,0,0,0,0,0,0,4,4,4,4,4,0,0,0,4,0,4,0,4,0,0,0,4,4,4,0,0,0,0,0,4,0,4,0,0,0,0,0,4,0,0,0,0,0,0
5416_cd4f38bf.jpg,Test,0,0,0,0,0,0,0,0,0,0,0,4,0,4,0,0,0,0,4,4,0,4,0,0,0,0,4,4,4,4,0,0,0,0,0,0,4,4,0,0,0,0,4,4,4,4,0,0,0,0,0,6,0,0,0,0,0,0,0,0,0,0,0,0
5417_68176fff.jpg,Train,0,0,0,0,0,0,0,0,3,3,3,3,3,0,0,0,3,3,3,3,3,0,4,0,3,3,3,3,3,0,0,0,3,3,3,3,3,3,0,8,3,0,3,3,3,3,0,8,0,0,3,3,3,1,0,8,3,3,3,3,3,3,0,0
5418_0bb4e046.jpg,Train,0,0,0,0,0,0,0,0,0,0,0,0,0,0,0,0,0,4,0,0,4,0,0,0,0,0,0,4,4,4,0,0,0,0,0,4,4,0,0,0,0,0,0,4,4,4,0,0,0,0,0,4,4,0,0,0,0,0,0,4,4,4,0,0
5419_93c0d7fc.jpg,Train,0,0,0,0,0,0,0,0,0,0,0,0,0,0,4,0,0,0,0,0,0,0,0,0,0,0,0,0,0,0,4,0,0,0,4,4,3,10,4,4,0,3,4,4,3,0,4,0,0,0,4,4,3,10,4,0,0,0,0,0,0,0,0,0
5420_41ab40fe.jpg,Train,3,0,0,0,0,0,0,0,0,3,3,0,0,3,0,3,3,3,3,3,0,3,3,3,3,3,3,3,0,0,3,3,3,3,3,3,0,3,3,3,3,3,3,3,0,3,3,0,3,3,3,3,0,3,3,0,3,3,3,3,0,3,3,0
5421_eb6b05bf.jpg,Train,0,0,0,0,2,0,0,0,0,0,0,0,0,0,0,6,0,0,0,0,3,0,0,0,0,0,3,3,3,5,3,3,0,3,3,3,5,3,3,3,6,3,3,3,3,3,3,3,5,3,3,3,3,3,3,3,1,0,3,3,3,3,3,3
5422_15db062c.jpg,Train,0,0,0,0,0,0,0,0,0,0,4,0,0,0,0,0,0,0,4,4,4,0,0,0,0,0,4,4,4,0,0,0,0,0,4,4,0,0,0,0,0,4,4,4,4,0,0,0,0,0,4,4,4,0,0,0,0,0,0,4,0,0,0,0
5423_a67188c5.jpg,Test,0,0,0,0,0,0,0,0,0,0,8,0,0,0,0,0,0,0,0,0,0,0,0,0,4,0,3,0,0,3,0,0,0,0,0,0,0,1,0,0,0,0,1,3,0,3,0,0,0,0,1,3,0,0,0,0,0,0,0,0,0,0,5,0
5424_f00242c1.jpg,Train,0,0,0,0,0,0,0,0,0,0,0,0,0,0,0,0,0,4,0,0,0,0,0,0,0,4,4,0,0,0,0,0,0,6,4,0,0,0,0,0,0,4,4,4,0,0,0,0,0,4,4,4,0,0,0,0,0,0,4,4,0,0,0,0
5425_78ef4f9a.jpg,Train,0,0,0,0,0,0,0,0,3,3,3,0,0,3,3,0,3,3,3,3,3,3,3,0,3,3,3,3,3,3,3,0,3,3,3,3,3,3,3,0,3,3,3,3,3,3,3,0,3,3,3,3,3,3,3,0,3,3,3,0,3,3,3,0
5426_29d978c3.jpg,Train,0,0,0,0,0,0,0,0,0,0,0,0,0,0,0,0,0,0,0,0,0,0,0,0,8,8,8,8,8,0,0,8,0,4,4,0,8,0,0,0,0,4,0,0,0,0,0,4,4,0,0,0,0,0,0,0,0,0,0,0,0,0,0,0
5427_92147d75.jpg,Test,0,0,0,0,0,0,0,0,0,0,0,0,0,0,3,0,0,3,0,0,0,4,4,3,0,3,3,3,0,4,4,3,3,5,0,0,0,0,4,0,0,0,0,10,0,0,4,0,0,0,0,10,0,6,4,0,0,0,0,10,0,0,7,0
5428_895e3518.jpg,Test,0,0,3,0,0,0,0,0,0,0,0,3,0,0,3,0,3,0,3,3,0,0,0,0,0,0,3,0,0,0,0,0,0,0,0,3,0,0,0,0,0,0,0,0,0,0,0,0,0,0,0,3,0,0,0,0,0,0,0,2,0,0,0,0
5429_b0aff4f1.jpg,Train,0,0,0,0,0,0,0,0,0,0,0,4,3,0,0,0,0,0,4,4,0,0,0,0,0,0,4,4,0,0,0,0,0,0,4,4,0,0,0,0,0,0,4,4,0,0,0,0,4,0,4,4,0,0,0,0,4,0,4,4,0,0,0,0
5430_8f06d6ba.jpg,Test,0,0,0,0,0,0,0,0,0,0,0,0,0,0,0,0,0,0,0,0,0,0,0,0,0,0,0,4,4,0,0,0,0,0,4,4,4,0,0,0,0,0,0,4,4,0,0,0,0,0,4,4,4,0,0,0,0,0,0,4,4,0,0,0
5431_79ae10c9.jpg,Train,0,0,0,0,0,0,0,0,0,0,0,0,3,0,0,0,0,0,0,3,3,0,0,0,4,4,4,3,3,0,0,0,4,4,4,3,3,0,0,0,0,4,4,3,3,4,0,0,4,4,4,3,3,0,0,0,0,0,0,3,3,0,0,0
5432_db5fe2d6.jpg,Train,0,4,0,0,0,0,0,4,0,0,3,7,7,0,0,0,0,0,0,0,0,0,3,3,4,0,0,4,4,0,4,4,0,4,4,0,0,4,4,0,0,0,0,0,0,4,0,0,0,0,0,0,0,0,0,0,0,0,0,0,0,10,0,0
5433_7e08c04b.jpg,Train,3,0,0,0,0,0,0,0,0,0,0,0,0,0,0,0,0,4,0,4,0,0,0,0,3,3,4,4,0,0,0,0,3,3,4,4,0,0,0,0,3,3,4,4,0,0,0,0,0,3,4,4,0,0,0,0,0,0,0,0,0,0,0,0
5434_e6846c8b.jpg,Train,0,0,0,0,0,0,0,0,0,0,0,0,3,0,0,0,0,0,3,3,3,3,3,0,0,0,3,3,3,3,3,0,0,4,4,3,3,3,3,0,4,0,4,4,3,3,3,4,0,4,4,0,3,3,3,0,0,0,4,4,0,3,0,0
5435_5cfe9a41.jpg,Train,0,0,0,0,0,0,0,0,0,0,0,0,0,0,0,0,0,0,0,0,3,0,0,5,0,0,4,4,4,0,0,0,0,0,4,4,4,0,0,8,0,0,0,4,0,0,0,0,0,0,4,4,4,0,0,0,0,0,0,0,0,0,0,0
5436_71e18fd5.jpg,Train,0,0,0,0,0,0,0,0,0,4,4,4,4,0,0,0,0,4,4,4,4,4,0,0,0,4,4,4,4,4,0,0,0,0,4,4,4,0,0,0,0,0,4,4,4,0,0,0,0,0,4,4,4,4,0,0,0,4,4,4,0,4,0,0
5437_74209026.jpg,Train,0,0,0,0,0,0,0,0,0,0,3,4,3,3,3,0,0,0,3,4,3,3,3,0,0,0,3,4,3,3,3,0,0,0,3,4,3,3,3,0,0,0,3,4,3,0,3,0,0,0,3,4,3,3,3,0,0,0,0,4,0,0,0,0
5438_dd7bb68a.jpg,Train,0,0,0,0,4,0,4,0,0,0,0,0,0,4,4,0,0,0,0,5,0,0,4,0,0,0,0,0,0,0,0,0,0,0,8,0,7,0,0,1,0,0,8,8,7,10,0,5,0,0,8,8,7,10,0,0,0,0,8,8,7,10,0,0
5439_21195fa3.jpg,Train,0,0,0,0,0,0,0,0,0,3,0,0,0,4,4,0,0,3,3,0,4,4,4,0,3,3,0,0,4,4,4,0,3,3,0,0,4,4,4,0,0,3,4,4,4,4,4,0,0,3,0,0,4,4,4,0,3,0,10,0,4,4,4,0
5440_80af0218.jpg,Train,0,0,0,0,0,0,0,0,3,0,3,3,3,3,0,0,0,3,3,3,3,3,0,0,0,0,3,0,3,3,0,0,0,0,3,3,3,3,0,3,0,0,3,3,3,3,0,0,0,0,3,3,3,3,0,0,0,0,3,3,3,3,0,0
5441_288027a1.jpg,Test,0,0,0,0,0,0,0,0,10,0,0,0,0,0,0,0,0,0,0,0,0,0,0,10,0,0,0,0,0,0,0,0,0,0,10,0,4,4,0,0,0,0,0,4,4,4,0,0,8,0,0,0,4,4,3,0,8,8,4,10,4,4,10,0
5442_b7bc1ef2.jpg,Train,0,0,0,0,0,0,0,0,0,0,0,0,0,0,0,0,4,0,0,3,0,0,0,0,3,3,3,3,3,3,0,0,3,3,3,3,3,3,0,0,3,3,3,3,5,3,0,0,3,3,3,3,3,3,0,0,0,3,3,3,3,3,0,0
5443_2e74a7c1.jpg,Train,0,0,0,0,0,0,0,9,0,0,0,0,0,4,0,0,0,0,0,0,0,0,0,0,0,4,0,8,0,0,0,0,0,0,0,0,8,0,9,0,1,0,0,0,0,8,9,0,1,0,4,4,0,0,0,9,1,0,1,0,0,0,0,0
5444_1b16b75e.jpg,Train,0,3,3,3,0,0,0,0,0,3,3,3,3,3,3,0,0,3,3,3,3,0,0,0,0,3,3,3,3,0,0,0,0,3,3,3,3,0,3,0,0,3,3,0,3,0,0,0,0,3,3,3,3,0,0,0,0,0,3,3,0,0,0,0
5445_7cbbdbce.jpg,Test,0,0,0,0,0,0,0,0,0,0,0,0,0,0,0,0,0,0,0,0,0,0,0,0,0,0,0,0,0,0,0,0,0,0,0,0,0,0,0,0,0,0,0,0,0,0,0,0,0,0,0,0,0,0,0,0,0,0,0,0,0,0,0,0
5446_759eba69.jpg,Train,0,0,0,0,0,0,0,0,0,0,3,0,0,0,0,0,0,3,3,3,3,0,0,0,0,3,3,3,3,3,0,0,0,3,3,3,3,3,0,0,0,0,3,3,3,3,0,0,0,3,3,3,3,3,0,0,0,0,3,3,3,3,0,0
5447_fc17f41e.jpg,Train,0,0,0,0,0,3,0,0,0,0,0,0,0,3,0,0,0,0,0,0,3,3,0,0,0,0,0,0,3,3,0,0,0,0,0,0,3,3,0,0,0,0,0,4,3,3,4,0,0,0,0,4,3,3,0,0,0,0,0,0,0,3,0,0
5448_361ac5f2.jpg,Test,0,0,0,0,0,0,0,0,4,0,3,0,0,0,0,0,0,0,0,3,3,0,0,0,0,0,3,3,0,0,0,0,0,3,3,10,0,3,0,0,0,0,3,0,0,0,0,0,0,0,3,0,0,0,0,0,0,0,0,0,0,0,0,0
5449_de3d63bc.jpg,Train,0,0,0,0,0,0,0,0,0,0,0,0,0,0,0,0,0,0,0,3,0,0,0,0,0,0,4,4,0,0,3,0,0,0,4,4,0,0,0,3,0,0,4,4,0,0,0,0,0,3,4,4,0,0,0,0,0,0,0,0,0,0,0,0
5450_9aa6d1e3.jpg,Train,0,0,0,0,0,0,0,0,0,0,3,0,0,0,0,0,0,3,3,3,3,3,9,0,0,3,3,3,10,3,3,0,0,3,3,3,3,3,3,3,0,3,3,3,3,3,3,0,0,0,3,3,3,3,3,0,0,3,3,3,3,3,3,0
5451_9cabfbc3.jpg,Train,0,0,0,0,0,0,0,0,0,0,0,0,10,0,0,0,2,0,0,10,10,0,0,0,0,0,0,10,0,0,0,0,0,0,0,10,10,0,0,0,0,0,0,0,10,0,0,2,0,0,6,10,10,0,0,0,0,2,6,0,0,0,0,8
5452_5489e524.jpg,Train,0,0,0,0,0,2,2,0,0,0,0,0,0,0,2,0,0,0,10,0,2,2,2,0,0,0,10,10,0,2,2,0,0,0,10,10,0,2,2,0,10,10,10,10,2,2,2,0,10,10,10,10,0,2,0,0,0,10,10,10,0,2,2,0
5453_1a49f8bc.jpg,Train,0,0,0,0,0,2,0,0,0,0,0,10,10,10,0,0,0,0,0,10,0,0,0,0,0,0,0,0,10,10,0,0,0,0,6,0,10,0,0,0,0,0,10,0,10,0,6,4,0,0,0,0,10,10,0,0,0,0,0,0,10,0,0,0
5454_014a4b8a.jpg,Train,0,0,0,0,0,0,0,0,2,2,0,0,10,0,0,0,0,2,0,2,2,2,0,0,2,2,2,2,2,2,2,0,2,2,2,2,2,2,2,0,2,2,2,2,2,2,2,0,2,2,2,2,2,6,2,0,2,2,2,2,2,2,2,0
5455_972f9f76.jpg,Test,0,0,0,0,0,0,0,0,0,0,0,0,0,2,2,0,0,0,2,0,10,0,0,0,0,8,2,0,2,10,0,0,0,2,2,0,0,10,0,0,0,2,6,0,2,10,0,0,6,2,6,0,0,10,0,0,0,8,6,0,0,0,0,0
5456_3c826cdf.jpg,Test,0,0,0,0,0,0,0,0,0,0,0,2,0,0,0,0,0,0,0,0,0,0,0,0,0,0,10,10,10,0,0,0,0,0,10,9,0,0,0,0,0,0,2,9,0,0,0,0,0,0,2,10,2,0,0,0,0,0,2,10,2,0,0,0
5457_af774a1f.jpg,Train,0,0,0,0,0,8,0,0,0,0,2,2,2,0,0,0,0,2,0,2,2,0,2,2,0,0,0,2,2,2,2,2,0,0,0,2,2,2,2,2,0,0,0,2,2,2,2,2,0,0,0,2,2,2,2,2,0,0,0,2,2,0,0,0
5458_583e560e.jpg,Train,0,2,2,0,2,0,0,0,2,0,2,2,2,0,0,0,2,2,2,2,2,0,0,0,2,2,2,2,2,0,0,0,2,2,2,2,2,0,0,0,2,2,3,2,2,6,0,0,2,2,2,2,2,0,0,0,0,2,2,2,2,0,0,0
5459_d8b6d314.jpg,Train,0,0,0,0,0,0,0,0,0,0,0,0,0,0,0,0,0,0,0,10,10,10,2,0,0,0,0,10,10,10,0,0,0,0,0,10,10,10,0,0,0,0,0,10,10,0,0,0,0,0,0,7,10,10,0,0,0,0,0,10,10,10,0,0
5460_31bc6fe9.jpg,Test,0,0,0,0,0,0,3,10,0,0,0,0,0,0,3,0,0,0,10,10,2,2,0,0,0,0,0,10,0,2,2,0,0,0,0,0,0,2,2,0,0,0,10,0,0,2,2,2,0,0,10,0,2,0,0,0,0,0,0,0,0,0,0,0
5461_1dc6a2f8.jpg,Test,0,0,0,0,0,0,0,0,0,0,0,0,0,0,0,0,0,2,0,0,0,0,10,0,0,6,0,0,0,0,10,0,10,0,10,0,0,10,10,0,10,2,0,0,0,0,10,0,10,3,0,0,0,0,10,10,0,0,0,0,0,0,10,0
5462_2aadb149.jpg,Train,0,0,0,0,0,0,0,0,0,0,0,2,2,2,0,0,0,0,3,2,2,2,0,0,0,0,0,2,2,2,0,0,0,2,0,2,2,2,0,0,0,0,2,2,2,2,0,0,0,0,0,2,2,2,0,0,0,0,0,2,2,2,0,0
5463_d72cad3a.jpg,Train,0,0,0,0,0,0,0,0,0,0,0,0,0,2,0,0,0,2,2,2,0,10,10,2,0,2,2,2,0,0,10,0,0,2,2,2,0,10,10,2,2,2,2,0,0,0,0,0,8,0,2,2,0,0,0,0,0,0,0,0,0,0,0,0
5464_c84a121e.jpg,Test,0,0,0,0,0,0,0,0,0,0,10,10,10,10,10,0,0,10,10,10,10,10,10,0,0,10,10,10,10,10,10,0,0,10,10,10,10,10,10,0,0,10,10,10,10,10,10,0,0,10,10,10,0,10,10,0,0,10,10,10,10,10,10,0
5465_4b910d6a.jpg,Train,0,0,0,0,0,0,0,0,0,0,10,0,0,0,0,0,10,10,10,10,0,10,10,0,10,10,10,10,10,0,10,10,10,10,10,10,0,0,10,10,10,10,10,10,0,10,10,10,10,10,10,10,0,10,10,10,0,10,10,0,0,10,0,10
5466_ee14f80e.jpg,Train,0,0,0,0,0,0,0,0,0,0,0,0,0,0,2,0,0,2,2,2,2,0,0,0,0,0,2,2,2,0,0,0,0,0,0,2,2,0,0,0,2,6,2,2,2,0,0,0,0,0,0,2,8,0,0,0,0,0,0,0,0,0,0,0
5467_1917c613.jpg,Train,0,0,0,0,0,0,0,0,0,0,0,0,0,0,0,0,0,0,0,2,3,2,0,0,0,0,0,2,2,2,0,0,0,0,0,0,2,2,0,0,0,0,0,2,2,3,0,0,0,0,0,2,2,0,0,0,2,0,0,2,2,0,0,0
5468_ff9944ab.jpg,Train,0,0,0,4,0,0,0,0,0,0,0,0,0,0,0,0,0,0,0,0,0,0,0,0,0,0,2,0,2,0,0,0,0,0,2,0,2,2,2,2,8,0,8,2,2,2,2,2,8,4,8,2,2,0,0,1,0,8,8,0,0,0,0,0
5469_2a81820c.jpg,Test,0,0,0,0,0,0,10,0,0,2,2,2,0,0,2,0,0,2,2,2,2,2,2,0,0,2,2,2,0,2,2,0,0,10,3,2,0,6,2,0,0,0,3,6,0,0,2,0,0,0,0,6,0,0,2,0,0,0,0,2,0,2,0,0
5470_54d0ea5d.jpg,Test,0,10,0,0,0,0,0,0,2,10,0,2,2,0,10,0,10,0,0,0,10,0,0,0,10,0,0,0,10,10,0,2,10,0,0,0,10,0,10,2,0,0,0,1,9,0,0,10,0,0,0,0,0,0,0,0,0,0,0,0,0,0,0,0
5471_ea04a5ce.jpg,Train,6,0,0,4,4,0,0,0,6,0,0,4,0,0,0,0,0,0,0,0,0,0,0,0,0,0,0,0,0,0,0,0,2,2,0,0,0,0,0,0,0,0,0,3,0,0,0,0,0,0,0,3,0,0,0,7,0,0,0,3,0,0,0,0
5472_19b2d7d8.jpg,Train,0,0,0,0,0,0,0,0,0,0,0,0,10,0,0,0,0,0,0,10,10,0,0,0,0,0,0,10,10,0,0,0,0,0,0,0,10,0,0,0,0,0,0,10,10,0,0,0,0,0,0,10,10,0,0,0,0,0,0,10,10,0,0,0
5473_4ce2bb4c.jpg,Train,0,0,0,2,2,0,0,0,2,2,2,2,6,2,2,2,2,2,2,2,2,2,2,2,2,2,2,2,2,2,2,2,2,2,2,2,2,2,2,2,2,2,2,2,2,2,2,0,2,2,2,2,6,2,2,2,0,2,2,2,2,2,2,2
5474_fe371d85.jpg,Test,0,0,0,0,0,0,0,0,0,0,0,0,0,0,0,0,0,0,0,0,0,0,0,8,3,0,0,0,0,0,0,0,0,0,0,0,10,0,0,0,2,2,0,3,3,3,0,10,0,0,0,0,10,10,3,10,0,0,0,10,10,4,0,0
5475_641c3b2e.jpg,Train,0,0,0,0,10,0,0,0,0,0,10,10,10,10,0,0,10,10,10,10,10,10,10,0,10,10,10,10,10,10,0,0,0,10,10,10,10,10,10,0,0,10,10,10,10,10,10,10,0,10,10,10,10,10,10,0,0,10,10,10,10,10,10,0
5476_1edae51b.jpg,Train,0,0,0,0,0,0,0,0,0,10,0,0,0,0,0,0,0,10,10,0,10,10,10,10,0,10,10,0,10,10,10,10,0,10,10,0,10,0,10,10,0,10,10,0,10,10,10,10,0,10,10,0,10,10,10,10,0,10,10,2,10,10,10,10
5477_35872222.jpg,Train,0,0,0,0,0,0,0,0,0,0,0,0,0,0,0,0,0,0,10,10,0,10,10,0,0,0,10,10,10,10,10,0,0,10,10,10,10,10,10,0,0,10,10,10,2,10,10,0,0,10,10,10,10,10,10,0,2,10,10,10,10,10,10,0
5478_58634988.jpg,Train,0,0,0,0,10,0,0,0,0,0,2,0,10,2,10,0,0,2,0,0,2,2,0,0,0,0,0,0,2,2,0,0,0,0,0,0,2,2,0,0,0,6,0,0,2,2,0,0,2,2,0,0,2,2,0,0,0,0,0,0,2,2,0,0
5479_a4994dec.jpg,Train,0,0,2,0,0,0,0,0,0,0,0,10,10,0,0,0,0,0,0,10,10,0,2,0,0,0,0,0,0,0,2,0,0,0,2,10,10,0,2,0,2,0,0,10,10,0,2,0,0,0,0,10,10,0,2,0,0,0,0,10,10,0,2,0
5480_afedef7b.jpg,Test,0,0,0,0,0,0,0,0,0,0,0,0,0,0,0,0,0,0,0,0,0,0,0,0,0,0,10,0,10,0,0,0,0,0,0,0,0,0,0,0,0,0,0,0,10,0,0,0,0,0,0,0,0,0,0,0,0,0,0,0,0,0,0,0
5481_6cd0e57c.jpg,Train,0,0,0,0,0,0,0,0,0,0,2,2,3,0,0,2,0,0,2,2,2,0,2,0,0,0,2,2,2,0,0,0,0,0,2,2,3,0,0,0,0,0,2,2,2,0,0,0,0,0,2,2,2,0,0,0,0,0,0,0,0,0,0,0
5482_80777181.jpg,Test,0,0,0,0,0,0,0,0,0,2,2,0,10,0,0,0,0,0,2,0,2,2,0,0,0,0,0,0,2,2,0,0,0,0,0,0,2,2,0,0,0,6,0,0,2,2,0,0,2,6,6,0,2,2,0,0,0,0,0,0,2,0,0,0
5483_6cd81b7c.jpg,Test,0,0,0,0,0,0,0,0,0,0,3,0,0,0,0,0,0,5,0,0,0,0,0,0,0,0,0,0,0,0,0,0,0,2,2,0,0,6,0,0,0,2,6,0,0,0,0,0,0,0,5,0,6,6,0,0,0,0,0,0,0,2,0,0
5484_d89d79d9.jpg,Train,0,0,0,0,0,0,0,0,0,0,2,2,2,2,0,0,0,0,2,2,2,2,0,0,0,0,2,2,2,2,2,2,0,0,2,2,2,2,2,2,0,0,2,2,2,2,0,2,0,0,2,2,2,2,0,0,0,0,2,2,2,2,0,0
5485_b757d11e.jpg,Test,0,0,0,0,0,0,0,0,0,0,0,10,0,0,0,0,10,10,10,10,10,0,0,0,0,10,10,10,10,0,0,0,10,10,10,10,10,0,0,0,0,10,10,10,10,0,0,0,10,10,10,10,10,0,0,0,10,10,10,10,10,0,0,0
5486_641c3b2e.jpg,Train,0,0,0,0,10,0,0,0,0,0,10,10,10,10,0,0,10,10,10,10,10,10,10,0,10,10,10,10,10,10,0,0,0,10,10,10,10,10,10,0,0,10,10,10,10,10,10,10,0,10,10,10,10,10,10,0,0,10,10,10,10,10,10,0
5487_2aadb149.jpg,Train,0,0,0,0,0,0,0,0,0,0,0,2,2,2,0,0,0,0,3,2,2,2,0,0,0,0,0,2,2,2,0,0,0,2,0,2,2,2,0,0,0,0,2,2,2,2,0,0,0,0,0,2,2,2,0,0,0,0,0,2,2,2,0,0
5488_2e08b0b0.jpg,Test,0,2,0,2,0,0,0,0,0,10,2,0,0,0,0,0,0,9,2,0,0,0,0,0,0,2,6,0,0,0,0,0,0,2,6,2,3,0,0,0,0,0,5,2,10,10,0,0,0,0,0,0,10,0,0,0,2,0,0,0,0,0,0,0
5489_df37fe77.jpg,Train,0,0,0,2,0,2,10,0,0,0,0,2,2,2,0,0,0,3,3,0,2,2,0,0,0,0,0,2,2,2,0,0,0,0,0,2,2,6,0,0,0,0,0,2,2,5,0,0,0,0,0,0,2,2,0,0,0,0,0,2,2,2,0,0
5490_5b2d904c.jpg,Train,0,0,0,0,0,0,0,0,0,0,2,2,2,0,0,0,0,0,2,2,2,0,0,0,0,0,2,2,2,0,2,0,0,0,2,2,2,0,0,0,0,0,2,2,2,0,0,0,0,0,2,2,2,0,0,0,6,0,2,2,0,0,0,0
5491_810068e2.jpg,Train,0,0,0,0,0,0,0,0,0,0,0,0,0,0,0,0,0,10,10,10,2,0,0,0,0,0,10,10,9,2,0,0,2,0,10,10,0,2,0,0,0,0,10,10,0,0,0,0,0,0,10,10,0,0,0,0,0,10,0,0,0,0,0,0
5492_edc33543.jpg,Train,0,0,0,2,0,0,0,0,0,0,2,2,2,2,0,0,0,0,2,2,2,2,0,0,0,0,2,2,2,2,0,0,0,0,2,2,2,2,0,10,0,0,2,2,2,2,0,0,0,0,2,2,2,2,2,6,0,0,2,2,2,2,0,0
5493_5eff3eb8.jpg,Test,0,0,0,0,0,0,0,0,0,0,0,0,0,0,0,0,0,0,0,0,2,0,0,0,0,0,2,2,2,2,0,0,0,0,0,0,10,2,0,0,0,0,2,2,0,0,0,0,0,0,2,2,2,0,0,0,0,0,0,2,2,2,0,2
5494_785c8b51.jpg,Train,0,0,2,0,0,0,0,0,0,0,0,0,0,0,2,0,0,2,2,2,0,0,2,2,2,0,2,2,0,0,2,2,2,0,2,2,2,0,2,2,10,10,2,2,2,5,2,2,0,10,0,10,0,0,2,2,0,0,0,0,0,0,0,0
5495_acbf92d1.jpg,Train,0,0,0,0,0,0,0,0,0,10,10,10,0,0,0,0,10,0,0,10,0,10,10,0,2,10,10,10,10,10,10,10,10,10,10,10,10,10,10,10,10,10,10,0,10,10,10,10,0,10,0,10,10,10,10,0,10,10,0,10,0,10,10,10
5496_d8b6d314.jpg,Test,0,0,0,0,0,0,0,0,0,0,0,0,0,0,0,0,0,0,0,10,10,10,2,0,0,0,0,10,10,10,0,0,0,0,0,10,10,10,0,0,0,0,0,10,10,0,0,0,0,0,0,7,10,10,0,0,0,0,0,10,10,10,0,0
5497_127f568e.jpg,Train,0,0,0,0,3,0,0,0,0,0,0,0,0,0,0,0,0,0,0,0,0,0,0,4,0,0,2,0,10,10,10,0,0,0,0,0,10,10,10,0,1,0,0,7,10,10,10,0,0,0,0,10,10,10,10,0,0,0,0,0,0,0,10,7
5498_916a70e5.jpg,Train,0,0,0,0,0,2,2,0,0,0,10,0,2,2,2,2,0,10,10,0,2,2,2,2,0,10,10,0,2,2,6,2,0,10,10,0,2,0,2,2,0,10,10,0,2,2,2,2,0,10,10,1,2,2,2,2,0,0,0,0,2,2,2,2
5499_ea0f2e6c.jpg,Test,0,0,2,0,0,0,0,0,0,0,2,2,0,0,0,0,0,0,2,2,2,0,0,0,0,0,2,2,2,0,0,0,2,0,2,2,2,2,2,0,2,0,0,2,2,0,0,6,2,0,0,2,0,8,0,2,0,0,0,0,0,0,0,0
5500_abf1c1ca.jpg,Train,0,0,0,0,0,0,0,0,0,0,0,0,0,0,0,0,0,0,0,0,0,0,0,5,0,0,0,2,0,0,0,5,0,10,10,10,10,0,0,5,0,10,10,0,10,10,0,5,0,0,10,10,0,0,0,0,0,0,0,0,0,0,0,0
5501_6bcc0387.jpg,Train,0,10,0,0,2,2,0,0,0,0,0,10,2,2,0,0,0,0,10,10,2,2,0,0,0,9,10,10,2,2,0,0,10,0,10,10,2,2,0,0,10,10,10,10,2,2,0,0,10,10,10,10,2,0,0,0,10,10,10,10,2,2,0,0
5502_47c56b1a.jpg,Train,10,0,0,0,0,0,0,0,0,2,0,6,6,6,6,5,0,6,0,2,0,0,6,2,2,2,2,0,2,0,6,0,0,2,0,6,0,0,6,0,0,0,6,0,8,5,5,0,5,0,0,0,8,0,0,6,0,6,0,0,0,6,0,0
5503_9c53b8e0.jpg,Train,0,0,0,0,0,0,0,0,0,10,0,10,10,10,10,10,0,0,10,10,10,10,10,10,0,10,10,10,10,10,10,10,10,10,0,10,10,10,10,10,10,10,10,10,10,10,10,10,10,10,10,10,10,10,10,10,0,10,0,10,10,10,10,10
5504_b757d11e.jpg,Train,0,0,0,0,0,0,0,0,0,0,0,10,0,0,0,0,10,10,10,10,10,0,0,0,0,10,10,10,10,0,0,0,10,10,10,10,10,0,0,0,0,10,10,10,10,0,0,0,10,10,10,10,10,0,0,0,10,10,10,10,10,0,0,0
5505_69cf4abe.jpg,Train,0,0,0,0,0,0,0,0,0,2,2,2,10,2,0,0,0,2,2,2,0,2,0,0,0,2,2,2,2,2,0,0,0,2,2,2,2,2,0,0,0,2,2,2,2,2,0,0,0,2,2,2,2,2,0,0,0,2,2,2,2,2,0,0
5506_2289df22.jpg,Train,0,0,0,0,0,0,0,0,0,0,7,0,0,0,0,0,0,0,0,8,0,0,0,0,0,0,0,0,0,0,7,0,0,0,0,0,0,3,0,0,2,2,10,0,0,0,0,0,0,0,0,6,0,0,6,0,0,0,0,6,3,0,0,0
5507_e985ed6b.jpg,Train,0,0,0,10,10,10,0,0,7,7,9,0,10,10,10,0,7,10,0,10,10,10,0,10,0,10,0,0,10,10,10,0,7,7,0,10,10,10,10,10,10,0,0,10,10,10,10,10,10,0,0,10,10,10,10,10,0,7,10,10,10,10,10,10
5508_fa889ba6.jpg,Train,0,10,0,10,2,0,0,0,0,10,10,10,10,10,0,0,0,10,10,10,10,10,10,0,10,10,10,10,10,10,10,0,10,10,0,10,10,10,10,0,0,10,0,10,10,0,10,0,0,10,10,10,10,10,10,0,0,10,10,0,10,0,10,0
5509_226d9cca.jpg,Test,0,0,0,0,0,0,0,0,0,0,3,0,0,0,0,0,0,0,2,0,0,0,0,0,0,0,2,0,0,0,0,0,0,0,2,2,0,0,0,0,0,0,2,0,0,0,0,0,6,0,0,0,0,0,0,0,2,0,0,2,0,0,0,0
5510_9938d85d.jpg,Train,0,0,0,0,0,0,10,0,10,0,0,10,10,10,10,10,10,10,10,10,10,10,10,10,10,10,10,10,0,10,0,10,10,10,10,10,0,10,10,0,10,0,10,10,10,10,10,9,0,0,10,10,10,0,10,10,10,10,10,0,10,10,0,10
5511_da816d24.jpg,Test,0,0,0,0,0,0,0,0,0,0,0,0,0,0,0,0,10,10,0,0,2,0,0,0,10,10,0,0,2,2,0,0,10,0,0,0,2,0,0,0,0,10,2,0,2,0,0,0,0,0,0,0,2,0,0,0,0,10,0,0,0,0,0,0
5512_ac3e281b.jpg,Test,0,0,0,0,0,0,0,0,0,0,0,0,0,0,0,0,0,0,2,0,2,0,2,0,0,0,0,6,0,10,2,2,2,0,2,6,6,10,2,6,10,10,2,2,0,0,2,2,2,10,2,2,2,2,2,2,0,10,0,0,0,0,0,2
5513_2e1e071a.jpg,Train,0,0,0,0,0,2,2,0,0,0,0,0,0,2,0,2,0,0,10,10,10,2,2,2,0,0,0,10,10,2,2,0,0,0,0,10,10,2,2,2,0,0,10,10,10,2,2,2,0,0,10,10,10,2,2,0,0,0,10,10,10,2,2,0
5514_225bb938.jpg,Train,0,0,0,0,0,0,0,0,0,0,0,2,0,0,0,0,0,0,0,2,2,2,0,0,0,0,0,2,8,8,0,0,0,0,6,2,2,0,0,0,0,6,6,2,2,2,0,0,0,0,2,2,2,0,0,0,0,0,0,0,0,0,0,0
5515_3685b474.jpg,Train,0,0,0,0,0,0,0,0,0,10,10,10,0,0,0,0,0,10,10,10,10,0,0,0,0,10,10,10,0,2,0,0,0,2,10,10,10,0,2,0,0,10,10,10,10,0,0,0,0,10,10,10,10,0,0,0,0,0,10,10,10,0,2,0
5516_aba61da9.jpg,Train,0,0,0,0,0,0,0,0,0,2,0,0,0,0,0,0,0,0,0,0,0,0,0,0,0,0,0,0,0,0,0,0,0,0,0,0,0,0,0,0,0,0,4,0,0,0,0,0,0,0,0,0,0,8,0,0,0,0,0,0,8,0,0,0
5517_94e66602.jpg,Train,0,0,0,0,2,0,0,0,2,2,2,0,0,0,2,2,2,2,2,2,2,2,2,2,2,2,2,2,2,2,2,2,2,2,2,2,2,2,2,2,2,2,2,2,2,2,2,2,2,2,2,2,2,2,2,2,2,2,2,2,2,0,2,2
5518_057b8823.jpg,Train,0,0,0,0,0,0,0,0,0,0,0,2,2,0,0,0,0,0,2,2,0,2,0,0,0,0,2,2,2,0,0,0,0,0,0,2,2,0,0,0,0,0,2,2,2,0,0,0,0,0,2,2,0,0,0,0,0,2,0,2,2,0,0,0
5519_509d8228.jpg,Test,0,0,0,0,0,0,0,0,0,0,8,0,0,0,0,0,0,0,0,0,0,0,0,0,0,0,0,0,4,0,0,0,0,0,0,0,0,0,0,2,0,0,0,0,0,0,0,0,0,0,0,0,0,0,0,0,0,0,0,0,0,0,0,0
5520_b95098bd.jpg,Test,0,0,0,0,0,10,0,0,0,0,0,0,0,0,5,0,0,0,2,2,0,0,0,0,2,2,2,2,2,0,2,2,0,0,2,2,2,0,6,0,2,0,0,2,0,6,2,0,2,0,0,0,0,0,0,0,0,0,0,0,0,0,0,0
5521_49e5412f.jpg,Train,0,0,10,10,10,0,0,0,0,0,0,10,10,10,0,0,0,0,10,0,10,0,0,0,0,0,0,10,10,10,0,0,0,0,0,10,10,10,0,0,0,0,0,10,10,10,0,0,1,0,0,10,10,10,0,0,0,0,0,10,10,0,0,0
5522_24f863ff.jpg,Train,0,0,0,0,0,0,0,0,0,0,0,0,2,0,0,0,2,2,2,2,2,2,2,0,2,9,9,2,2,2,2,0,2,2,2,2,2,2,2,0,0,2,2,2,2,2,6,0,2,2,2,2,2,2,2,0,0,2,2,2,2,2,2,0
5523_f37e2bd4.jpg,Train,0,0,0,0,6,0,0,0,0,0,6,6,0,0,0,0,3,0,2,2,0,0,0,0,0,0,2,2,0,0,4,0,8,0,6,2,0,0,0,0,8,0,2,0,0,0,0,0,0,0,2,2,0,0,0,0,0,0,0,2,0,0,0,0
5524_16941569.jpg,Train,0,0,0,0,0,0,0,0,0,0,0,0,0,0,0,0,0,0,0,0,0,0,0,0,0,0,0,10,10,10,10,10,0,0,0,10,10,0,0,0,0,0,0,10,10,0,0,0,0,0,0,0,0,0,0,0,0,0,0,0,0,0,0,0
5525_13735f1b.jpg,Train,0,0,5,0,0,0,0,0,8,0,0,9,9,9,0,0,0,0,0,0,0,0,0,0,9,0,0,0,0,8,0,0,5,0,0,0,0,0,10,9,0,5,5,6,0,5,5,5,5,0,5,5,6,0,0,0,0,0,5,0,3,0,0,0
5526_4363653d.jpg,Test,0,0,0,0,0,2,0,0,0,2,2,2,0,10,2,0,0,0,2,2,0,10,0,0,0,0,2,0,0,10,0,0,0,0,2,2,0,10,0,0,0,0,2,0,0,10,0,0,0,0,2,0,0,10,6,0,0,0,2,2,0,0,2,0
5527_69b6093e.jpg,Test,0,0,0,0,0,0,0,0,10,2,10,10,2,10,0,0,10,10,10,0,9,10,0,0,10,0,10,2,2,10,0,0,0,2,0,2,2,10,0,0,10,0,0,0,2,10,0,0,0,6,0,0,0,0,0,0,0,0,0,2,0,0,0,0
5528_1edae51b.jpg,Train,0,0,0,0,0,0,0,0,0,10,0,0,0,0,0,0,0,10,10,0,10,10,10,10,0,10,10,0,10,10,10,10,0,10,10,0,10,0,10,10,0,10,10,0,10,10,10,10,0,10,10,0,10,10,10,10,0,10,10,2,10,10,10,10
5529_15f369e0.jpg,Train,0,0,0,10,0,0,0,0,0,2,10,2,2,2,0,0,0,2,10,2,2,2,0,0,0,2,10,2,2,2,0,0,0,2,10,2,2,2,0,0,0,2,0,2,2,6,0,0,0,2,0,2,2,2,0,0,0,2,2,2,2,2,0,0
5530_549cc8d6.jpg,Train,0,0,0,0,0,0,0,0,0,0,0,0,0,0,0,0,0,0,0,0,0,0,0,0,0,0,10,0,0,0,0,0,4,4,0,5,0,0,0,0,0,4,0,0,0,0,0,0,0,0,0,0,0,0,0,0,0,0,0,0,0,0,0,0
5531_618dc3ef.jpg,Train,0,0,0,0,0,0,0,0,0,0,0,0,0,0,0,0,0,0,0,0,0,0,0,0,0,0,0,0,0,0,8,8,0,0,0,8,0,0,0,0,0,0,0,0,0,0,0,0,0,0,0,0,0,0,0,0,0,0,0,0,0,0,0,0
5532_969b34fb.jpg,Test,0,0,0,0,0,8,0,0,0,2,0,0,0,8,0,0,0,0,0,0,8,8,0,0,0,8,0,0,8,0,0,8,0,0,2,0,8,9,0,0,0,0,0,0,0,8,0,0,0,5,0,0,0,0,0,8,6,0,0,0,0,0,2,0
5533_ebbc24e8.jpg,Train,2,2,2,2,0,0,0,0,0,0,2,2,0,0,0,0,0,2,2,2,0,0,0,0,0,2,2,2,0,2,0,0,0,2,2,2,0,0,0,0,0,3,2,2,0,0,10,10,0,0,10,10,10,0,10,10,0,0,10,0,10,10,0,0
5534_572b10b8.jpg,Train,0,0,0,0,0,0,0,0,0,0,0,10,0,10,0,6,0,0,0,10,10,10,10,10,4,0,10,4,10,0,10,0,0,10,10,10,0,0,10,10,0,4,0,0,2,10,10,0,0,0,10,0,0,0,10,0,0,0,0,10,10,10,0,0
5535_0f46a56f.jpg,Test,0,0,0,0,0,0,2,0,0,0,0,0,0,2,2,2,0,2,0,0,2,9,2,0,0,0,10,0,0,0,2,2,0,0,0,0,0,2,2,2,0,10,10,0,0,0,0,2,1,0,0,7,0,0,0,0,0,0,0,0,0,0,0,0
5536_e752c46c.jpg,Train,0,0,0,0,0,0,0,0,10,10,10,2,2,10,0,0,10,10,10,2,2,10,0,0,10,0,0,2,2,10,0,0,0,2,10,2,2,10,0,0,10,10,2,2,2,10,0,0,10,6,0,2,2,0,0,0,0,0,0,2,2,10,0,0
5537_bb5a3097.jpg,Train,0,0,0,0,0,0,0,0,0,0,2,2,10,10,0,0,0,2,9,2,0,10,0,0,0,2,2,2,10,10,0,0,0,2,2,2,10,10,0,0,0,2,2,2,10,10,10,0,0,2,2,2,10,10,0,0,0,0,0,0,0,0,0,0
5538_73a9f5fe.jpg,Test,0,0,0,0,0,0,0,0,0,0,0,0,2,0,0,0,0,0,0,0,0,0,0,0,0,0,0,0,8,10,0,0,0,0,7,7,10,10,0,0,10,0,7,0,0,0,0,0,10,7,7,0,0,0,0,0,0,7,2,6,0,0,0,0
5539_1cf6c508.jpg,Train,0,0,0,0,0,0,0,0,0,0,0,0,0,0,0,0,0,0,0,0,0,0,0,0,0,0,0,0,5,0,0,0,8,0,8,8,8,0,0,0,0,0,0,0,0,0,0,0,0,0,0,0,0,0,0,0,0,0,0,0,0,0,0,0
5540_950e9a12.jpg,Train,0,0,0,6,6,0,0,0,0,0,10,0,10,0,0,4,0,0,10,7,10,0,0,0,0,6,10,10,10,10,7,0,0,0,10,10,10,10,7,0,0,0,0,0,10,10,6,0,0,0,0,10,10,10,0,10,0,0,0,10,0,10,0,0
5541_e041fa35.jpg,Train,0,0,10,10,2,0,2,2,0,0,0,10,0,2,2,2,0,0,10,10,10,2,2,2,0,0,0,10,10,2,2,2,0,0,0,10,0,2,2,2,0,0,9,10,0,0,2,0,0,0,0,10,10,2,2,2,0,0,0,10,10,2,2,2
5542_19c58c1d.jpg,Test,0,0,0,2,0,0,0,0,0,0,0,0,0,0,0,0,0,0,0,10,0,0,0,0,0,0,3,2,2,0,0,0,0,0,3,2,2,0,0,0,0,0,0,2,0,3,0,0,0,0,0,2,2,2,0,0,0,0,0,2,2,0,0,0
5543_cbf90cb2.jpg,Train,0,0,0,0,0,0,0,0,0,10,10,10,10,10,0,0,0,10,10,10,10,10,10,0,0,10,10,10,10,10,10,0,2,10,10,10,10,10,10,0,0,10,10,10,10,10,10,0,0,10,10,10,10,10,10,6,0,10,10,10,0,10,10,0
5544_c84a121e.jpg,Train,0,0,0,0,0,0,0,0,0,0,10,10,10,10,10,0,0,10,10,10,10,10,10,0,0,10,10,10,10,10,10,0,0,10,10,10,10,10,10,0,0,10,10,10,10,10,10,0,0,10,10,10,0,10,10,0,0,10,10,10,10,10,10,0
5545_5e897f57.jpg,Train,0,0,0,0,0,0,0,0,0,0,0,2,2,0,0,0,10,10,0,2,2,0,0,0,10,10,10,2,2,2,0,0,10,0,10,2,2,2,0,0,10,10,10,2,2,2,0,0,10,10,0,2,2,2,0,0,10,10,0,2,2,2,0,0
5546_a0d6ed4c.jpg,Test,0,0,0,0,0,0,0,0,0,6,2,10,0,0,6,0,0,0,7,2,2,2,0,10,0,2,2,2,2,0,2,9,0,0,0,2,7,7,2,2,0,2,2,2,9,2,2,2,0,0,2,0,2,0,2,2,0,2,2,6,6,6,2,2
5547_2e9f4571.jpg,Train,0,0,8,8,0,8,8,0,0,0,0,0,0,0,0,0,6,6,6,0,0,0,7,0,0,0,0,0,0,0,0,5,2,0,0,0,0,0,0,5,2,6,6,0,2,0,0,3,0,6,0,0,0,0,0,3,2,6,0,0,0,0,0,0
5548_edc33543.jpg,Train,0,0,0,2,0,0,0,0,0,0,2,2,2,2,0,0,0,0,2,2,2,2,0,0,0,0,2,2,2,2,0,0,0,0,2,2,2,2,0,10,0,0,2,2,2,2,0,0,0,0,2,2,2,2,2,6,0,0,2,2,2,2,0,0
5549_5a0044c0.jpg,Train,0,0,0,0,0,0,0,0,0,0,0,2,10,0,0,0,0,0,0,10,10,0,0,0,0,0,0,10,10,10,0,0,0,6,0,10,10,0,0,0,6,6,0,0,10,10,0,2,6,8,0,0,0,0,0,0,0,0,0,0,0,0,0,0
5550_e79ef778.jpg,Train,0,0,0,10,0,0,0,0,0,0,2,0,10,0,0,0,2,2,10,10,10,0,0,0,2,0,10,10,0,0,0,0,2,2,10,10,10,0,0,0,2,2,10,10,10,0,0,0,2,2,10,10,10,0,0,0,2,2,0,10,10,0,0,0
5551_d89d79d9.jpg,Train,0,0,0,0,0,0,0,0,0,0,2,2,2,2,0,0,0,0,2,2,2,2,0,0,0,0,2,2,2,2,2,2,0,0,2,2,2,2,2,2,0,0,2,2,2,2,0,2,0,0,2,2,2,2,0,0,0,0,2,2,2,2,0,0
5552_9d8dfe07.jpg,Test,0,0,0,0,0,0,0,0,0,0,10,6,0,0,0,0,0,0,0,0,0,10,0,0,0,10,2,0,0,3,0,0,0,10,10,0,0,0,10,0,0,10,0,0,0,10,10,0,0,10,0,0,0,0,10,0,0,10,10,0,0,7,0,4
5553_551277bd.jpg,Train,0,0,0,0,0,0,2,0,0,2,2,2,2,2,0,0,0,2,2,2,2,2,0,0,0,2,2,2,2,2,0,0,2,2,2,2,2,2,0,0,0,2,2,2,2,2,0,0,0,2,2,2,2,2,0,0,2,2,2,2,2,2,0,0
5554_2aadb149.jpg,Train,0,0,0,0,0,0,0,0,0,0,0,2,2,2,0,0,0,0,3,2,2,2,0,0,0,0,0,2,2,2,0,0,0,2,0,2,2,2,0,0,0,0,2,2,2,2,0,0,0,0,0,2,2,2,0,0,0,0,0,2,2,2,0,0
5555_a7c7b3df.jpg,Test,0,0,0,2,0,0,0,0,0,0,0,2,0,0,0,0,0,0,0,0,2,2,0,10,0,0,0,0,6,2,0,0,0,0,0,10,2,2,0,0,0,0,0,0,2,3,0,0,0,0,0,0,0,0,3,0,0,0,0,0,0,0,0,0
5556_fe905827.jpg,Test,0,0,0,0,0,0,0,0,0,0,0,2,2,0,0,0,0,0,0,2,0,0,0,0,0,0,0,2,2,0,0,0,0,0,0,2,2,0,0,0,0,0,6,2,6,0,0,0,0,0,2,2,0,0,0,0,0,0,0,0,0,0,0,0
5557_812ae9a6.jpg,Test,0,0,0,0,0,0,0,0,0,0,0,0,0,0,2,0,0,0,10,10,0,9,9,0,0,9,10,0,10,2,2,0,0,0,0,0,0,2,0,0,0,10,10,2,0,2,0,0,0,1,10,0,0,0,0,0,0,0,0,0,0,2,0,0
5558_b4cdd0d0.jpg,Train,0,0,0,0,0,0,0,0,0,0,0,10,10,10,0,0,0,0,0,10,10,10,0,0,0,0,0,10,10,10,0,0,0,0,0,10,10,10,0,0,0,0,0,10,10,10,0,0,0,0,0,10,10,10,0,0,0,0,0,10,10,0,0,0
5559_d9a95868.jpg,Train,0,2,0,0,2,0,0,0,2,2,2,2,2,2,2,0,9,2,2,2,2,2,2,2,2,2,2,2,2,2,2,9,2,2,2,2,2,2,2,9,2,2,2,2,2,2,2,2,2,2,2,2,2,2,2,2,2,2,2,2,2,2,2,0
5560_1e3c6f4a.jpg,Train,0,0,0,0,0,2,2,2,0,0,0,0,2,2,2,2,0,0,10,10,0,2,2,2,0,0,10,10,0,2,2,2,0,0,10,0,0,2,2,2,0,0,10,10,2,2,2,2,0,0,10,10,0,2,2,2,0,0,10,10,0,2,2,2
5561_033715b0.jpg,Train,0,0,0,0,0,0,0,0,0,0,0,0,0,0,10,0,0,10,10,0,10,10,10,10,10,10,0,9,10,0,10,10,10,9,10,10,10,10,10,10,10,10,0,10,10,10,10,10,10,10,0,0,10,10,10,10,10,10,10,10,10,10,10,10
5562_cbf90cb2.jpg,Train,0,0,0,0,0,0,0,0,0,10,10,10,10,10,0,0,0,10,10,10,10,10,10,0,0,10,10,10,10,10,10,0,2,10,10,10,10,10,10,0,0,10,10,10,10,10,10,0,0,10,10,10,10,10,10,6,0,10,10,10,0,10,10,0
5563_0230c7a2.jpg,Test,0,0,0,0,0,0,0,0,0,0,2,2,2,0,0,0,0,0,2,2,2,0,0,0,0,0,2,2,2,0,0,0,6,6,2,2,2,0,0,0,6,0,2,2,0,0,0,0,6,2,2,2,2,0,0,0,0,0,0,2,0,0,0,0
5564_34982f4d.jpg,Train,0,0,0,10,10,0,0,0,0,0,0,10,10,0,0,0,0,0,0,0,10,0,0,0,0,0,0,10,10,0,0,0,0,0,0,10,10,10,10,0,0,0,0,10,10,0,10,0,0,0,0,10,10,0,0,0,0,0,0,10,10,10,10,0
5565_0b0e3e08.jpg,Train,0,10,10,10,0,0,0,2,0,0,10,10,0,0,0,0,0,0,10,10,0,0,0,0,0,10,10,10,0,0,0,0,0,10,10,10,0,0,0,0,2,0,10,10,0,0,0,0,0,0,10,10,0,0,0,0,0,0,10,10,0,0,0,0
5566_365804b6.jpg,Test,0,0,0,0,0,0,0,0,0,0,0,0,0,9,0,0,0,6,10,0,2,10,0,0,0,0,0,0,0,10,10,0,0,10,0,0,0,2,2,0,0,10,0,0,0,0,0,2,0,10,0,0,0,0,0,0,0,10,0,0,0,0,0,0
5567_88e56069.jpg,Test,0,0,0,2,0,0,0,0,0,0,0,3,3,0,0,0,0,0,0,2,2,0,0,0,0,0,0,2,2,0,0,0,0,0,0,0,0,0,0,0,0,0,0,2,2,0,0,0,0,0,0,2,0,0,0,0,0,0,0,2,2,0,0,0
5568_ae0d346b.jpg,Test,0,0,0,0,0,0,0,0,0,2,0,0,9,0,0,0,6,2,2,0,10,10,0,0,3,2,3,0,0,10,0,0,10,0,2,0,10,0,0,0,10,0,0,0,0,10,0,0,10,3,0,0,0,10,0,0,10,0,0,0,0,0,0,0
5569_744cba19.jpg,Train,0,0,2,10,0,0,0,0,0,2,10,10,0,0,0,0,0,0,10,10,0,0,0,0,0,0,10,0,0,0,0,0,0,10,10,10,2,0,0,0,2,0,10,10,0,0,0,0,0,10,10,10,0,0,0,0,0,0,10,10,0,0,0,0
5570_713cc29d.jpg,Train,0,0,0,0,2,0,0,0,0,0,0,0,2,9,0,0,0,0,0,0,2,2,10,10,2,0,0,0,2,2,10,10,0,0,0,2,2,2,0,10,0,0,0,2,2,2,10,10,0,0,0,6,2,2,0,0,0,0,0,0,2,2,0,10
5571_e98ba774.jpg,Train,0,0,0,0,10,10,2,0,0,0,2,2,10,10,10,0,0,2,2,2,0,10,10,0,0,0,2,2,0,10,0,0,2,0,6,2,0,10,10,0,6,6,2,2,10,10,0,0,0,0,2,2,10,0,0,0,0,0,2,0,10,10,0,0
5572_94e66602.jpg,Test,0,0,0,0,2,0,0,0,2,2,2,0,0,0,2,2,2,2,2,2,2,2,2,2,2,2,2,2,2,2,2,2,2,2,2,2,2,2,2,2,2,2,2,2,2,2,2,2,2,2,2,2,2,2,2,2,2,2,2,2,2,0,2,2
5573_b4cdd0d0.jpg,Train,0,0,0,0,0,0,0,0,0,0,0,10,10,10,0,0,0,0,0,10,10,10,0,0,0,0,0,10,10,10,0,0,0,0,0,10,10,10,0,0,0,0,0,10,10,10,0,0,0,0,0,10,10,10,0,0,0,0,0,10,10,0,0,0
5574_0fc9a076.jpg,Train,0,0,0,0,0,0,0,0,0,10,0,0,10,10,10,0,0,10,10,10,10,10,10,10,0,10,10,10,10,10,10,10,0,10,10,10,10,2,0,0,0,10,10,10,10,10,2,10,0,10,10,10,0,0,10,0,0,0,10,10,10,0,10,0
5575_5fbcacbc.jpg,Train,0,0,0,0,0,0,0,0,2,2,2,0,0,0,10,0,2,2,2,0,0,0,10,0,0,2,2,0,0,10,10,10,2,2,2,0,0,10,10,10,2,2,2,0,0,10,10,10,2,2,2,0,0,0,10,10,2,2,6,0,0,10,10,0
5576_0230c7a2.jpg,Train,0,0,0,0,0,0,0,0,0,0,2,2,2,0,0,0,0,0,2,2,2,0,0,0,0,0,2,2,2,0,0,0,6,6,2,2,2,0,0,0,6,0,2,2,0,0,0,0,6,2,2,2,2,0,0,0,0,0,0,2,0,0,0,0
5577_bafdae17.jpg,Train,0,0,0,0,0,0,0,0,0,0,0,0,0,0,0,0,7,7,7,7,7,7,7,0,7,7,7,7,7,7,7,7,7,7,7,7,7,7,7,0,7,7,7,7,7,10,7,7,7,7,7,7,0,7,9,0,7,7,7,7,7,7,7,0
5578_1c600ea6.jpg,Train,0,8,0,0,0,1,0,0,0,0,7,7,7,0,0,0,0,2,7,7,7,7,5,0,0,0,7,7,0,0,7,0,0,0,0,7,0,7,0,0,0,0,0,7,7,7,0,0,0,7,7,7,0,7,0,0,0,0,0,7,0,7,0,0
5579_b727fedd.jpg,Train,0,0,6,0,0,0,0,0,0,6,1,0,0,0,3,0,0,0,0,0,0,1,0,0,0,0,0,7,7,1,1,0,7,7,7,7,0,1,0,0,0,7,0,0,0,7,7,0,0,0,0,7,0,7,0,0,0,0,0,7,0,0,7,0
5580_08fb5a87.jpg,Train,9,0,1,1,0,0,1,0,0,0,1,1,1,1,0,0,0,10,0,0,0,0,0,3,0,0,0,0,0,0,0,0,0,0,0,0,0,0,0,0,10,0,0,1,10,0,0,0,0,0,0,1,0,0,0,0,0,0,0,0,0,0,0,0
5581_f6af3d99.jpg,Train,0,0,0,0,3,0,0,0,0,0,0,0,0,0,0,0,0,0,0,0,0,0,0,0,0,0,0,0,0,0,0,0,0,0,0,0,0,0,0,0,0,0,0,0,0,0,0,0,0,0,0,0,0,0,0,0,0,0,0,0,0,0,0,0
5582_4d27c727.jpg,Test,0,0,9,0,0,0,0,0,0,0,0,0,9,0,0,0,0,0,1,9,0,0,0,0,0,0,0,10,0,0,0,0,0,1,0,0,7,0,0,0,0,1,0,7,7,0,0,1,0,0,0,9,9,0,0,0,0,1,0,1,1,0,1,1
5583_e20ea77c.jpg,Train,0,0,0,0,0,0,0,0,0,0,0,0,0,0,0,0,0,0,0,0,1,1,0,0,0,0,0,0,1,1,0,0,0,0,0,0,1,1,0,0,0,0,0,0,1,1,0,0,0,0,0,0,1,1,0,0,0,0,0,0,1,0,0,0
5584_ab6b8b7d.jpg,Train,0,0,0,0,0,0,0,0,0,0,7,0,0,7,7,0,0,7,0,0,7,7,0,0,0,0,10,0,0,0,10,7,1,0,7,0,0,0,7,0,0,0,0,0,0,0,0,0,6,7,1,7,0,0,0,0,0,0,0,0,0,0,0,0
5585_ad9435a5.jpg,Train,0,0,7,7,7,0,7,0,0,0,0,0,7,0,0,0,0,3,7,7,7,7,7,1,0,0,7,7,7,7,7,0,0,0,7,7,7,7,7,0,0,0,7,7,7,0,7,0,0,0,7,0,0,7,7,0,0,0,7,7,7,7,7,0
5586_e5484508.jpg,Train,0,0,0,0,10,0,0,0,0,0,10,0,0,0,0,0,0,0,7,7,0,7,6,0,0,0,7,7,7,7,1,1,0,10,7,7,7,7,0,1,0,0,7,7,7,7,0,0,0,0,7,7,7,7,3,0,0,0,7,7,7,7,0,0
5587_70a1d6eb.jpg,Train,0,0,0,0,0,0,0,0,0,0,7,7,0,0,0,0,0,0,7,7,0,0,0,0,0,0,7,7,0,0,0,0,0,7,7,7,0,0,0,0,0,7,7,7,0,0,0,0,1,0,0,7,1,0,0,0,0,0,0,7,0,0,0,0
5588_60d3437f.jpg,Train,0,0,0,0,0,0,0,0,0,0,0,0,7,0,7,0,4,0,0,0,7,7,0,0,0,0,0,0,7,7,0,0,0,0,0,0,7,7,0,0,0,0,0,0,7,7,7,0,0,0,4,1,7,7,0,0,0,0,8,4,7,7,7,0
5589_d5557b19.jpg,Test,0,0,0,0,0,0,0,0,0,0,1,0,0,0,0,0,0,0,7,7,7,7,0,0,0,0,7,1,7,7,0,0,0,0,7,0,7,7,0,0,0,0,7,7,7,0,0,0,0,0,2,0,0,0,0,0,0,0,0,0,0,9,0,6
5590_9f96afa3.jpg,Train,0,0,0,0,0,0,0,0,0,0,0,0,0,0,0,0,0,0,0,0,0,0,0,0,0,0,7,0,10,10,0,0,0,0,0,0,10,0,10,0,0,0,0,0,0,0,10,0,0,0,7,0,0,0,0,0,0,0,7,1,0,6,0,3
5591_6a2184f4.jpg,Test,0,0,0,0,0,0,0,0,0,0,0,1,0,0,0,0,0,0,0,0,0,0,0,0,0,0,0,0,7,0,0,0,0,0,0,0,7,0,0,0,0,0,1,7,7,0,0,0,0,0,0,0,1,0,0,0,0,0,0,0,0,0,1,0
5592_a9a6bedf.jpg,Train,0,7,7,7,7,7,0,0,0,7,7,7,7,7,7,7,9,7,7,7,7,7,7,0,0,7,7,7,7,0,7,7,0,7,7,7,7,7,7,7,0,7,7,7,7,7,7,7,7,7,7,7,7,7,7,7,0,7,7,7,7,7,7,7
5593_678d7099.jpg,Train,0,0,0,0,0,0,0,0,1,0,0,0,1,0,1,0,0,0,7,7,7,0,1,0,0,7,7,7,7,0,0,0,0,0,7,7,7,0,0,0,0,7,7,7,7,0,8,0,0,7,0,7,7,8,0,0,0,0,0,0,0,0,0,0
5594_25c478ea.jpg,Train,0,1,0,0,0,0,0,1,0,1,0,1,1,1,1,1,0,7,7,1,1,1,0,0,0,7,7,1,1,1,1,1,0,7,7,1,1,1,0,0,0,7,7,1,1,1,0,0,0,7,7,1,1,1,0,0,0,7,0,1,1,1,0,0
5595_2d0392de.jpg,Train,0,0,0,0,0,0,0,0,0,0,0,0,0,0,0,0,7,0,0,7,7,0,0,0,0,0,7,0,0,7,0,0,7,0,0,0,7,0,0,0,10,0,0,0,0,3,0,8,1,0,0,1,0,0,1,0,0,0,0,0,0,0,0,0
5596_5d2ba2d2.jpg,Train,0,0,0,0,0,0,7,7,0,7,7,7,0,0,7,7,0,7,7,0,1,1,7,7,0,7,7,7,0,1,1,7,0,0,7,7,3,1,7,7,0,0,7,0,0,1,7,7,0,7,7,7,0,7,7,7,0,0,0,0,0,0,7,7
5597_b2575dde.jpg,Train,0,0,0,0,0,0,0,0,0,0,1,1,1,1,0,0,0,0,1,1,1,0,0,0,0,0,1,1,1,1,0,0,0,0,1,1,1,1,0,0,0,0,0,1,1,1,0,0,0,0,1,1,1,1,0,0,0,0,1,1,1,0,0,0
5598_c284efb6.jpg,Train,0,0,0,7,7,0,0,0,0,0,0,7,7,0,0,0,0,0,0,7,7,0,0,0,0,0,0,7,7,0,0,0,0,0,0,7,7,0,0,0,0,0,0,0,7,1,6,6,0,0,0,7,7,0,0,0,0,0,0,7,7,0,1,0
5599_fb1e765f.jpg,Train,0,10,0,0,0,0,0,0,3,0,0,0,0,0,0,4,0,9,7,0,6,0,8,8,7,7,7,0,2,8,8,8,0,7,7,0,0,0,8,4,0,7,0,0,0,0,0,8,8,0,8,4,0,0,0,0,8,0,0,0,8,0,0,0
5600_be08fdb4.jpg,Test,0,0,0,0,0,0,0,0,0,0,0,0,0,0,1,0,0,7,0,1,0,0,0,0,0,0,0,1,0,0,1,1,0,7,0,1,0,0,1,0,5,10,0,1,0,10,1,1,5,0,0,1,1,0,1,1,0,7,0,1,1,0,1,0
5601_5ec82c05.jpg,Test,0,0,0,1,1,1,0,1,0,0,0,0,0,0,0,1,0,0,0,2,0,0,2,0,0,0,7,7,0,0,0,0,0,0,0,7,7,0,0,7,0,0,0,7,7,0,0,0,0,0,0,0,0,0,0,0,0,0,0,0,7,0,0,0
5602_c811ad5a.jpg,Train,0,0,0,0,0,0,0,0,0,7,7,7,7,0,0,3,7,7,7,7,7,7,0,0,7,7,7,7,0,7,7,0,7,7,7,7,0,7,7,0,7,7,7,7,7,7,7,7,0,7,7,0,7,7,7,7,7,7,7,7,7,7,7,0
5603_76bec796.jpg,Train,0,0,0,0,0,0,0,0,0,0,8,0,0,0,0,5,7,0,0,0,10,0,0,0,7,7,7,7,7,1,1,0,7,7,7,2,0,1,1,0,7,7,7,0,7,1,0,0,7,7,0,2,0,0,0,0,7,0,0,0,0,0,0,0
5604_7fadbb23.jpg,Train,0,0,0,0,0,0,0,0,0,0,0,1,1,0,0,0,0,1,0,1,1,1,1,0,0,0,0,1,1,0,0,0,0,0,0,1,1,0,0,0,0,0,0,1,1,0,0,0,6,0,0,5,1,0,0,0,0,0,0,1,1,0,0,0
5605_f447e166.jpg,Train,0,0,0,0,0,0,0,0,0,7,0,7,7,0,0,0,0,7,0,0,7,0,0,0,0,7,7,9,7,0,0,0,0,7,7,10,7,0,0,0,0,7,7,0,7,0,0,0,0,7,7,7,0,0,7,0,0,7,7,0,0,0,7,0
5606_f15daf1e.jpg,Train,0,0,0,0,0,0,0,0,3,0,0,0,0,7,0,3,0,0,0,4,0,7,7,0,0,0,0,0,10,7,7,0,0,0,0,0,0,7,7,0,0,0,0,0,0,7,7,0,0,0,0,0,0,0,7,0,0,0,0,0,0,8,7,0
5607_b8e10312.jpg,Test,0,0,0,0,0,0,0,0,0,0,0,6,0,0,0,0,0,0,3,0,1,0,0,0,0,0,1,1,1,0,0,0,1,0,1,1,1,0,0,0,0,0,1,1,9,0,0,0,0,0,1,0,7,0,0,0,0,0,1,1,0,0,0,0
5608_5375c4c4.jpg,Train,0,0,7,0,0,0,0,0,0,0,0,0,0,0,3,0,0,0,0,8,0,7,0,0,0,0,0,7,7,0,3,0,0,0,0,0,0,0,0,6,0,0,0,6,0,7,9,0,9,0,6,9,7,0,0,0,0,7,6,0,7,0,10,10
5609_ab6a3f18.jpg,Train,0,0,0,0,1,0,0,0,0,0,0,0,1,1,0,0,0,0,0,0,1,1,0,0,0,7,7,0,0,0,0,0,0,0,0,0,0,0,0,0,0,0,0,1,0,0,0,0,0,7,7,0,0,0,0,0,0,0,0,0,0,0,0,0
5610_a502062e.jpg,Train,0,0,7,7,0,0,0,0,7,0,0,7,0,0,0,0,7,7,7,7,7,2,0,0,7,7,7,7,7,0,0,7,7,7,7,7,7,0,0,0,7,7,0,7,7,0,0,0,7,7,0,7,7,0,0,0,7,7,0,7,7,0,0,0
5611_7a4076ce.jpg,Test,0,0,0,0,0,0,0,0,0,0,0,0,0,0,0,0,0,0,0,0,0,0,0,10,0,10,0,0,0,0,10,0,0,0,10,0,0,0,0,10,0,0,0,0,0,0,0,10,0,0,0,0,0,0,0,0,0,1,0,0,0,0,0,0
5612_1b753a6e.jpg,Train,0,0,0,1,0,1,0,0,0,0,1,1,1,1,1,0,0,0,1,1,1,1,0,1,0,0,1,1,1,1,0,0,0,0,1,1,1,1,0,1,0,3,1,1,1,1,0,0,0,0,1,1,0,1,0,0,0,0,0,1,1,6,0,0
5613_fc8276d8.jpg,Train,0,0,0,0,0,0,0,0,0,0,0,0,0,0,0,0,0,9,0,2,0,0,1,0,0,10,0,0,0,1,1,0,0,3,10,0,0,1,1,0,0,0,10,9,10,1,1,0,0,0,10,0,0,1,1,0,0,0,0,0,0,0,1,0
5614_c41b739d.jpg,Train,0,0,0,0,0,1,0,0,0,7,1,1,0,0,0,7,1,0,1,1,1,0,0,1,0,0,7,1,1,0,0,0,1,0,7,1,1,0,0,0,0,0,7,1,1,1,0,0,0,0,1,1,1,0,0,0,0,0,1,1,0,1,1,0
5615_2aab68e9.jpg,Test,0,0,0,1,0,0,0,0,1,0,1,1,0,7,0,0,0,0,0,7,7,7,0,0,0,0,7,7,1,1,0,1,1,1,7,7,1,0,0,1,7,7,7,0,0,0,0,0,0,0,7,6,0,0,0,0,0,0,0,0,0,0,0,0
5616_33c207a8.jpg,Train,0,0,0,7,1,1,0,0,0,7,7,7,1,1,1,0,0,7,7,0,1,1,1,0,0,7,7,7,1,1,0,1,0,7,7,7,1,1,1,0,0,7,7,7,1,1,1,0,0,7,7,7,1,1,0,0,0,0,7,0,0,0,0,0
5617_9c810336.jpg,Train,0,0,7,0,7,0,0,0,10,7,0,7,0,0,0,0,0,10,0,1,6,6,0,0,10,10,0,0,6,6,0,10,0,5,5,0,1,0,0,10,0,5,5,1,1,0,1,0,0,5,5,0,0,0,0,0,0,3,3,0,0,1,0,0
5618_bce9c6c4.jpg,Train,1,0,0,0,0,1,0,1,1,0,0,1,1,1,7,0,0,1,1,0,1,1,1,0,7,7,7,0,1,1,1,1,7,7,7,0,1,1,0,1,7,7,7,7,1,1,0,0,7,7,0,7,1,1,0,0,7,7,7,7,1,1,0,0
5619_30055c92.jpg,Test,0,0,0,0,0,0,0,0,0,0,7,0,0,0,0,0,0,0,7,0,0,0,0,0,0,0,0,7,0,0,0,0,0,0,0,7,0,0,0,0,0,0,7,10,0,0,0,0,0,0,7,0,0,0,0,0,0,0,0,0,0,0,0,0
5620_181ed34b.jpg,Train,0,0,0,0,0,0,0,0,0,0,0,0,0,0,0,0,0,7,0,0,0,0,0,0,1,1,0,0,7,0,1,0,1,0,0,1,1,7,1,1,1,1,7,1,0,0,1,0,1,1,1,0,3,3,0,0,10,0,0,3,3,3,0,0
5621_38e02c36.jpg,Test,6,6,0,6,0,0,1,1,6,1,1,1,6,0,6,1,6,0,0,0,6,0,6,6,6,0,10,0,6,0,0,1,6,0,0,0,6,0,6,6,1,0,0,7,6,6,6,6,0,1,0,0,0,0,0,6,0,1,1,0,7,0,0,6
5622_400b9884.jpg,Train,0,0,0,0,0,0,0,0,0,0,1,1,7,7,7,0,0,0,1,1,7,7,7,0,0,0,1,1,7,7,7,0,0,0,1,1,7,7,7,0,0,0,1,1,7,7,7,0,0,0,1,1,7,7,7,0,0,0,1,1,7,7,7,0
5623_35468609.jpg,Train,0,0,0,0,0,0,0,0,0,0,0,0,1,0,0,0,0,0,0,0,1,1,0,0,0,0,0,0,1,1,0,0,0,4,0,0,1,1,0,0,0,0,0,0,1,1,0,0,4,4,0,0,1,1,7,0,0,0,0,0,1,0,0,0
5624_4753d2c0.jpg,Train,0,0,0,0,0,0,0,0,0,0,0,0,0,0,0,3,0,0,0,3,0,0,1,1,0,0,0,0,7,1,0,0,0,0,7,7,7,7,0,1,0,0,7,7,7,7,0,0,0,0,7,7,7,7,0,0,0,0,7,7,7,0,0,0
5625_25d8f209.jpg,Train,0,0,0,0,7,1,1,7,0,1,1,1,1,1,1,0,1,1,1,1,1,7,7,7,1,1,1,1,1,7,7,7,0,1,1,1,1,7,7,7,0,0,1,1,1,7,7,7,0,1,1,1,1,7,7,7,0,1,1,1,1,7,7,7
5626_3f4a35e7.jpg,Train,0,0,0,9,0,0,0,0,0,0,0,9,0,0,0,0,0,7,7,7,0,0,0,0,0,7,7,7,0,0,0,0,0,7,7,7,0,0,0,0,0,0,7,7,0,0,0,6,0,0,7,7,0,0,0,0,0,7,0,0,0,0,0,0
5627_080473d6.jpg,Train,0,0,0,0,0,0,0,0,0,0,0,0,0,0,0,0,0,0,0,0,0,0,0,0,0,7,0,1,0,0,0,0,0,7,1,1,0,0,0,0,0,7,1,1,0,0,0,0,0,0,1,1,0,0,0,0,0,0,1,0,0,0,0,0
5628_bd8c672f.jpg,Test,0,0,0,10,0,0,10,0,0,1,0,1,0,1,0,0,0,7,7,0,0,7,0,0,0,7,0,7,0,7,0,0,0,7,1,0,0,7,0,0,7,7,0,9,7,7,1,1,1,1,1,0,1,1,0,0,1,0,8,0,0,1,1,1
5629_cf115f10.jpg,Train,0,9,0,0,8,0,0,7,0,0,7,0,0,0,7,0,0,0,8,8,0,0,0,0,0,0,0,8,6,2,0,0,0,0,2,2,2,2,7,0,0,0,6,6,2,2,0,0,0,8,8,0,0,6,0,0,7,7,8,0,0,0,0,0
5630_dab4400e.jpg,Test,0,0,0,0,0,0,0,0,3,4,0,0,0,0,0,0,4,0,0,0,6,0,0,0,0,0,0,8,1,1,1,0,0,0,8,8,1,0,1,0,0,0,0,0,1,0,1,0,10,1,0,0,1,10,3,0,0,0,10,0,1,0,10,0
5631_6f1417d2.jpg,Train,0,0,0,0,0,0,0,0,0,0,0,7,0,0,7,0,0,7,7,7,7,7,0,0,0,7,0,7,7,7,7,0,7,7,10,7,0,0,7,0,0,0,0,0,7,7,7,0,0,0,0,7,7,0,0,0,0,0,0,0,7,0,0,0
5632_def301b5.jpg,Train,0,0,0,0,1,0,0,0,0,0,0,1,1,0,0,0,0,0,7,1,1,0,0,0,0,0,1,1,1,0,1,1,0,0,0,1,1,7,1,0,0,1,0,1,7,1,0,1,0,0,0,1,7,0,0,0,0,0,1,1,0,0,0,0
5633_b187d27b.jpg,Test,0,0,7,7,7,7,0,0,0,0,0,7,0,0,0,0,0,1,0,0,0,0,6,0,0,0,0,0,0,0,6,0,4,0,0,1,0,0,0,0,0,0,0,1,0,0,0,0,3,0,0,0,0,0,0,0,0,4,0,0,0,0,0,0
5634_deb39d24.jpg,Test,0,0,0,0,0,0,0,0,0,1,0,0,1,0,0,0,1,1,0,0,0,0,0,7,1,1,0,0,1,1,1,1,1,1,1,1,0,1,1,1,0,0,0,1,0,1,0,0,6,0,0,0,0,0,0,0,6,6,0,0,0,0,0,0
5635_8e45b18d.jpg,Train,0,0,0,1,1,0,0,0,1,0,1,1,1,0,0,0,7,1,1,1,1,1,1,0,0,7,0,0,1,7,0,7,0,0,0,7,0,0,1,0,0,1,1,1,7,1,1,1,0,1,1,1,7,0,1,0,0,7,1,1,0,1,1,0
5636_a5c7fafc.jpg,Train,0,0,0,0,0,0,0,0,0,0,7,7,0,0,0,0,0,0,7,7,0,0,0,0,0,0,7,7,1,1,1,0,0,0,7,7,0,0,0,0,1,6,7,0,0,0,0,0,0,0,7,7,0,0,0,6,0,0,7,7,0,0,0,6
5637_fba060d9.jpg,Train,0,0,0,7,7,0,0,0,1,1,1,0,7,0,0,1,0,0,1,1,7,0,0,0,0,0,1,1,7,0,0,7,0,0,1,1,7,0,0,0,0,0,1,1,7,0,0,0,0,0,1,1,7,0,0,0,0,0,1,1,0,0,0,0
5638_2e98866c.jpg,Train,0,0,1,1,0,0,1,0,0,0,1,0,0,0,0,0,0,0,1,1,0,0,0,1,0,0,1,1,0,0,0,0,0,0,1,1,0,0,1,0,0,0,1,1,1,1,1,0,0,0,1,1,0,1,1,0,0,0,1,1,0,0,1,0
5639_2c87d592.jpg,Train,0,0,0,0,0,0,0,0,0,0,0,0,0,0,0,0,0,0,1,0,0,0,0,0,0,0,1,1,7,0,0,0,0,0,1,1,7,7,0,0,0,0,1,1,7,7,0,0,0,0,7,1,7,7,0,0,0,0,1,0,7,0,0,0
5640_caf960fe.jpg,Train,0,0,0,0,0,0,0,0,0,0,0,7,0,0,0,0,0,3,5,7,7,0,0,0,0,0,0,7,7,0,0,0,0,0,10,7,7,0,0,0,0,10,10,7,7,0,0,0,0,0,10,0,7,0,0,0,0,10,0,0,0,0,0,0
5641_6631fbe4.jpg,Train,0,0,7,7,0,0,0,0,0,0,7,0,0,0,0,3,0,1,7,7,0,1,0,0,0,0,7,7,1,1,0,0,0,0,7,7,0,0,0,0,0,0,7,7,1,0,0,0,0,0,7,7,0,0,0,0,1,0,7,7,0,0,0,0
5642_faf45001.jpg,Train,0,0,0,0,0,0,0,0,0,9,9,0,0,0,0,0,0,7,7,7,0,0,0,0,0,7,7,7,0,0,0,0,0,7,7,7,0,0,0,0,0,0,7,0,0,0,0,0,0,7,7,7,0,0,0,6,0,7,7,7,0,0,0,0
5643_fe17c527.jpg,Train,0,0,0,0,0,0,0,0,0,0,0,0,0,0,0,0,0,0,0,0,0,0,0,0,0,0,0,0,0,0,0,0,0,0,7,0,0,10,10,7,0,0,7,7,0,0,0,0,0,0,7,1,0,10,10,0,0,0,1,0,0,0,6,0
5644_af53a854.jpg,Test,0,0,0,0,0,0,0,0,0,0,0,0,1,7,1,0,0,0,1,7,1,1,0,0,0,0,7,7,0,1,0,0,2,1,3,7,0,3,0,0,2,2,0,7,0,0,0,0,0,0,1,7,7,0,0,0,0,0,7,7,0,0,0,0
5645_db17b919.jpg,Train,0,0,0,0,0,0,0,0,0,0,0,0,0,0,0,0,0,0,7,7,7,0,0,0,0,0,7,7,7,0,0,0,1,1,7,7,0,1,0,0,0,0,7,7,7,0,0,0,0,0,0,1,1,0,0,0,0,0,0,7,7,0,0,0
5646_f599cd44.jpg,Train,0,0,0,0,0,0,0,0,0,7,7,7,0,0,0,0,0,7,7,7,0,6,0,0,0,7,7,7,0,6,0,0,0,7,7,0,0,6,0,0,0,7,7,7,0,1,0,0,0,7,7,7,0,1,1,0,0,7,7,7,0,6,0,0
5647_ec75c49b.jpg,Train,0,0,0,0,0,0,0,0,0,1,1,0,1,1,1,0,0,0,1,1,1,1,1,0,0,1,1,1,1,1,1,0,0,1,1,1,1,1,1,0,0,1,1,1,1,1,1,0,6,1,1,1,1,1,1,6,0,1,1,1,1,1,1,0
5648_67fa30fa.jpg,Train,0,0,0,0,9,7,0,0,1,1,1,0,0,7,7,0,1,1,1,1,0,7,7,0,1,1,1,0,1,7,7,0,0,1,1,0,0,7,7,1,0,1,1,7,0,7,0,0,0,1,4,0,2,7,0,0,0,1,1,0,6,7,0,0
5649_cf73c9c2.jpg,Train,0,0,7,7,0,0,0,0,0,7,7,7,0,0,0,0,0,7,7,0,1,1,0,0,0,7,7,7,1,1,1,1,1,7,7,7,1,0,1,1,0,7,7,7,1,0,0,0,0,7,7,0,0,0,0,0,0,7,7,7,0,0,0,0
5650_582fb931.jpg,Test,0,0,0,7,1,1,0,1,1,1,1,0,1,0,0,1,1,1,1,1,0,1,0,1,1,1,7,1,1,1,1,1,1,1,1,1,1,1,1,1,1,1,1,0,1,1,1,1,1,1,1,1,0,1,0,1,1,1,1,1,6,1,1,1
5651_0b5927a9.jpg,Train,0,0,0,0,1,0,0,0,0,0,1,0,0,0,0,0,0,1,0,6,6,0,0,0,0,1,1,1,0,0,0,0,0,0,0,2,0,0,0,0,0,0,0,0,0,0,0,0,0,0,0,0,0,0,0,0,0,0,0,0,0,0,0,3
5652_36fa3dbe.jpg,Train,0,0,0,0,0,0,0,0,0,0,0,0,0,0,0,0,0,7,7,7,0,7,0,0,0,7,7,7,7,7,0,0,0,7,7,7,7,7,0,0,0,7,7,7,7,7,0,0,0,7,7,7,7,7,0,0,0,7,7,7,7,0,0,0
5653_a3420392.jpg,Train,4,0,0,0,0,0,0,0,4,4,7,9,0,0,0,0,4,4,7,7,7,0,0,0,4,4,7,7,7,0,0,1,4,4,7,7,7,0,0,0,4,4,7,7,0,0,0,0,4,4,7,7,7,0,0,0,0,0,7,7,7,0,0,0
5654_640cc613.jpg,Train,0,7,0,0,0,0,0,7,0,7,7,7,7,0,0,0,0,7,7,7,7,0,0,0,0,7,7,7,7,0,0,2,0,7,7,7,7,7,0,6,7,7,7,7,7,0,0,6,0,0,7,7,7,0,0,0,0,0,0,7,7,0,0,0
5655_f61495e4.jpg,Train,0,0,0,0,0,0,0,0,0,0,0,0,1,0,0,0,0,0,0,1,1,0,0,0,0,0,3,1,1,0,0,0,0,0,0,1,1,0,0,0,0,0,0,1,0,0,0,0,0,0,0,0,0,0,0,0,0,0,0,1,0,0,0,0
5656_eabfa595.jpg,Train,0,0,0,0,0,0,0,0,0,0,0,0,0,1,1,0,0,7,7,0,0,1,1,0,0,7,7,0,1,1,1,0,0,7,7,0,1,1,1,0,0,7,7,0,0,1,1,0,0,6,0,0,0,1,1,0,1,7,7,0,0,1,1,0
5657_8475a3f6.jpg,Train,0,1,7,7,7,7,0,0,10,7,7,7,7,7,0,0,0,7,7,0,7,7,0,0,0,7,7,7,7,0,0,3,0,7,7,7,7,7,2,0,0,7,7,7,7,7,7,0,0,0,7,7,7,7,7,0,0,7,7,7,0,7,7,0
5658_294ddf0f.jpg,Train,0,0,0,0,1,0,0,0,0,0,1,1,0,1,0,0,0,0,1,1,1,1,0,0,0,0,1,0,1,1,0,0,0,0,1,1,1,1,0,0,0,7,1,1,1,1,0,0,0,0,1,1,1,1,0,0,0,0,1,1,1,1,0,0
5659_9672342a.jpg,Test,0,0,0,0,0,0,0,0,0,0,0,1,0,0,0,0,0,0,1,1,0,0,0,0,0,0,1,1,0,0,0,0,0,0,1,1,0,0,0,0,0,0,1,1,1,0,0,0,0,0,1,0,0,0,0,0,0,0,0,0,0,0,0,0
5660_14e33277.jpg,Train,0,0,1,1,0,0,0,0,0,1,0,0,1,1,7,1,0,7,7,0,1,1,0,1,7,7,0,7,1,1,1,1,0,7,7,7,1,1,1,1,7,7,7,7,1,1,1,1,7,7,7,0,1,1,0,0,0,0,7,0,1,0,0,0
5661_932423b0.jpg,Train,0,0,0,0,0,0,0,0,0,0,0,0,0,0,0,0,0,0,0,7,0,1,0,0,0,0,0,1,1,1,1,1,0,1,0,0,1,0,0,0,0,1,1,0,6,6,6,0,0,1,0,0,0,0,0,0,0,1,0,0,0,0,0,0
5662_bd34cf0f.jpg,Train,0,0,0,0,0,0,0,0,0,0,7,7,7,0,0,0,1,0,7,7,7,0,0,0,1,1,7,7,7,1,1,1,1,1,0,7,7,0,0,0,0,0,0,7,0,2,0,0,0,0,0,7,0,0,0,0,0,0,0,7,7,0,0,0
5663_ae05972a.jpg,Train,0,7,0,7,0,0,0,0,0,0,7,7,0,0,7,0,0,0,1,1,0,0,0,7,7,7,7,0,0,0,0,0,0,7,7,7,7,0,0,0,0,0,2,0,0,0,0,0,0,0,0,0,0,10,0,0,0,0,0,0,0,0,0,0
5664_3a9b10a4.jpg,Train,0,0,0,0,0,0,0,0,0,0,0,0,1,0,0,0,10,10,0,0,0,0,0,0,10,9,5,6,0,0,6,6,0,3,3,0,0,2,6,6,0,0,0,0,0,0,6,0,0,0,0,0,0,0,0,0,0,0,0,1,0,0,0,0
5665_1672970c.jpg,Train,0,7,0,0,0,1,1,0,0,0,0,0,0,1,0,7,1,0,1,7,7,7,0,0,0,0,0,7,7,7,7,0,0,0,3,7,7,7,7,1,0,0,0,0,7,7,7,4,0,0,0,7,7,7,7,0,0,0,0,0,7,0,7,0
5666_63d0e4c3.jpg,Train,0,0,7,0,7,7,7,0,0,0,7,0,7,7,7,0,0,0,0,0,7,7,0,0,0,0,0,7,7,7,7,0,0,0,7,7,7,7,7,0,0,0,7,7,7,7,0,0,0,0,7,7,9,7,7,0,0,0,7,7,7,7,7,8
5667_afda08bf.jpg,Test,0,0,0,0,3,0,1,0,0,9,0,0,0,0,0,1,0,0,7,0,7,0,0,1,7,0,10,7,0,10,7,0,7,7,7,7,7,7,7,7,7,7,7,0,0,0,7,7,7,7,0,7,0,7,7,7,7,7,0,0,0,7,7,0
5668_27e847c6.jpg,Train,0,0,0,0,0,0,0,0,0,0,0,0,0,0,0,0,7,7,7,7,0,7,9,0,7,0,7,7,7,7,7,0,7,7,7,7,7,7,7,0,7,7,7,7,7,7,7,0,7,7,7,0,7,7,7,0,7,7,7,7,7,7,7,0
5669_712effa1.jpg,Train,0,0,1,1,1,1,0,0,1,1,1,1,1,1,1,1,0,1,1,1,1,1,1,1,0,1,1,1,1,1,1,1,0,1,1,1,1,1,1,0,1,1,1,1,1,1,1,0,1,1,1,1,1,1,1,1,1,1,1,1,1,1,0,1
5670_8dc7c8a8.jpg,Train,0,0,0,0,0,0,0,0,0,1,1,1,0,1,7,1,0,1,1,1,1,1,7,7,1,1,1,1,0,0,7,7,0,1,1,1,0,0,7,7,1,1,1,1,1,0,7,7,0,1,1,1,1,0,7,7,0,0,0,0,0,0,0,0
5671_8d244f71.jpg,Train,0,0,0,0,0,0,0,0,0,0,0,0,0,0,0,0,0,0,0,0,0,0,0,0,0,0,0,0,0,0,0,0,0,0,0,0,0,0,0,0,0,0,0,0,0,0,6,0,0,0,0,0,0,0,0,0,0,0,0,0,0,0,0,0
5672_bdcbfcfd.jpg,Train,0,0,0,0,0,0,0,0,0,0,0,0,1,7,0,0,0,0,0,0,7,7,0,0,0,0,0,0,7,7,0,0,0,0,0,0,7,7,0,0,0,0,0,0,7,7,0,1,0,0,0,0,7,7,0,0,0,0,0,0,7,0,0,1
5673_02054354.jpg,Train,4,0,0,0,0,0,0,0,4,0,7,7,1,1,1,1,8,8,7,7,1,0,1,1,8,8,7,3,1,1,1,1,8,8,7,7,1,0,5,1,8,8,7,0,1,0,1,1,0,3,0,0,7,0,0,8,10,0,7,7,0,0,8,8
5674_4960d97e.jpg,Train,0,0,0,0,0,0,0,0,0,0,0,0,0,0,0,0,0,7,7,0,0,0,0,0,3,7,7,0,1,1,0,0,7,7,7,0,1,1,0,0,0,7,7,0,1,1,0,0,7,7,7,0,1,1,0,0,0,0,0,0,0,0,0,0
5675_7295378c.jpg,Train,0,0,0,0,0,0,0,0,0,1,1,0,0,0,0,0,0,1,1,0,0,0,0,0,1,1,1,7,7,0,0,0,1,1,1,0,7,7,7,7,1,0,0,0,1,0,0,0,7,1,1,1,1,1,1,1,0,7,1,1,1,1,0,1
5676_bc49b354.jpg,Train,0,0,1,0,1,1,1,0,0,1,1,1,1,1,1,0,1,1,1,1,1,1,0,0,0,7,1,1,1,1,0,1,0,7,7,1,1,1,0,0,0,7,7,1,1,0,0,1,0,1,1,1,1,1,0,0,0,1,1,1,1,1,0,0
5677_a842b249.jpg,Train,0,0,0,0,0,0,0,0,0,0,0,0,0,0,0,0,0,0,7,7,0,0,0,0,0,0,7,7,0,7,0,0,0,1,7,7,0,0,0,0,0,1,7,7,0,0,0,0,1,1,7,7,0,0,6,0,1,1,0,1,0,0,1,1
5678_18a4f5b9.jpg,Train,0,0,0,0,0,0,0,0,0,0,0,0,0,7,0,0,0,0,0,7,0,0,7,7,0,0,0,7,7,7,7,7,0,0,0,7,7,7,7,0,0,0,0,0,7,7,7,7,0,0,0,0,7,7,7,7,0,0,0,7,7,7,7,7
5679_b1c00f2b.jpg,Train,0,0,0,0,0,0,0,0,0,0,0,3,0,0,0,0,0,0,0,3,3,0,0,0,3,3,0,0,0,3,0,0,0,3,0,0,0,0,0,0,0,0,0,0,0,7,0,0,0,0,0,0,7,7,0,0,0,0,0,0,0,10,0,0
5680_00a92eda.jpg,Train,0,0,7,0,1,0,0,0,1,1,1,1,1,1,1,1,1,1,1,1,1,1,1,0,1,1,1,1,1,1,0,7,1,0,1,1,1,1,0,0,1,1,1,1,1,1,0,0,1,1,1,1,1,1,0,0,0,1,1,1,1,0,0,0
5681_5570fadb.jpg,Train,0,0,7,0,0,7,7,0,0,7,7,7,7,7,0,0,0,7,7,7,7,0,7,0,0,7,7,7,7,7,7,0,0,0,7,7,7,7,3,0,0,0,0,7,0,7,7,0,0,0,7,7,7,7,7,0,0,0,7,7,7,7,0,0
5682_76937af2.jpg,Train,0,0,0,0,0,0,0,0,0,1,1,1,1,0,0,0,0,1,1,1,1,1,0,0,0,1,1,1,1,0,0,0,0,1,1,1,1,0,0,0,0,1,1,1,1,0,0,0,0,1,1,1,0,0,0,0,0,1,1,1,1,1,1,1
5683_0081b954.jpg,Test,0,0,0,0,0,0,0,0,0,0,0,0,1,1,0,0,0,0,1,0,1,1,0,0,0,1,1,1,1,1,0,0,0,1,1,1,1,1,0,0,0,1,1,1,1,1,0,0,0,1,1,1,0,1,0,0,0,1,1,0,0,1,1,1
5684_81c30cba.jpg,Train,0,0,0,0,0,0,0,0,0,1,1,1,1,1,0,0,0,1,1,1,0,1,0,0,1,1,1,1,1,1,1,0,0,1,1,1,0,0,0,0,0,1,1,1,1,0,0,0,0,1,1,1,0,0,0,0,0,1,1,1,0,0,0,0
5685_1c889c3b.jpg,Train,0,0,1,0,0,1,0,1,0,0,3,0,0,0,0,0,0,6,10,0,0,0,1,1,0,6,0,0,0,0,1,1,6,0,6,0,0,1,1,1,0,0,0,0,0,1,1,1,6,0,0,0,7,1,1,1,0,6,6,0,0,1,1,1
5686_deb39d24.jpg,Train,0,0,0,0,0,0,0,0,0,1,0,0,1,0,0,0,1,1,0,0,0,0,0,7,1,1,0,0,1,1,1,1,1,1,1,1,0,1,1,1,0,0,0,1,0,1,0,0,6,0,0,0,0,0,0,0,6,6,0,0,0,0,0,0
5687_2c8235d6.jpg,Train,0,0,0,0,0,0,0,0,0,0,0,0,1,0,0,0,0,10,1,1,1,0,0,0,0,0,0,0,0,0,0,0,0,0,0,0,0,0,0,0,0,0,0,0,0,0,0,0,0,0,0,0,0,6,0,0,0,0,0,6,0,0,0,0
5688_de15716a.jpg,Train,0,0,3,0,0,0,0,0,0,0,0,0,1,1,0,5,0,0,1,1,0,6,0,0,0,0,1,1,1,6,0,0,0,0,0,6,1,1,0,0,0,0,0,0,0,0,0,0,0,0,0,0,0,0,0,0,0,0,0,0,0,0,0,0
5689_ef0affa0.jpg,Train,0,0,0,0,0,0,1,0,0,0,0,1,1,0,7,0,0,0,0,1,1,1,1,0,0,7,0,1,1,1,1,1,7,7,0,1,1,0,1,0,0,7,0,1,1,0,0,0,7,7,0,1,1,0,0,0,7,7,0,1,1,0,0,0
5690_294bd662.jpg,Train,0,0,0,0,1,0,1,0,1,0,1,1,1,1,7,0,0,7,1,1,1,1,7,0,0,0,1,1,1,1,0,1,0,0,1,1,1,1,0,1,0,0,1,1,1,1,0,1,0,0,1,1,1,1,0,0,0,0,1,1,1,1,0,0
5691_e736e7c3.jpg,Train,0,0,0,0,0,0,0,0,0,0,0,0,0,0,10,0,7,7,7,7,7,7,0,1,7,7,7,7,7,7,0,1,7,7,0,7,7,7,1,1,0,0,0,7,0,7,1,1,0,0,0,0,7,0,1,1,0,0,0,0,0,0,0,0
5692_6a027402.jpg,Train,0,0,0,0,0,0,0,0,0,0,0,10,0,0,0,0,1,0,6,1,1,0,0,0,1,0,6,1,1,3,0,0,1,0,0,0,6,0,3,0,1,0,0,6,6,0,3,3,0,0,0,3,6,0,0,0,0,0,0,0,0,0,0,0
5693_a39b89ff.jpg,Train,0,7,0,0,0,0,0,0,0,0,0,7,0,1,1,1,0,7,7,0,1,1,1,1,7,7,7,7,1,1,1,1,7,7,7,7,1,1,1,1,7,7,7,7,1,6,1,1,0,7,7,7,1,1,1,1,0,7,7,7,1,1,1,1
5694_55cf828d.jpg,Train,0,0,0,0,0,0,0,0,0,0,0,0,0,0,0,0,0,0,0,0,0,0,0,0,0,0,0,0,0,0,0,0,0,0,0,0,0,0,0,0,0,1,1,1,1,1,0,0,1,1,1,1,1,1,0,0,0,0,0,0,0,0,0,0
5695_74322b4e.jpg,Train,0,0,0,0,0,0,1,0,0,0,1,1,1,0,0,1,1,1,1,1,1,0,1,0,0,0,1,1,1,1,1,1,0,0,1,1,1,1,0,0,0,0,0,1,1,0,0,0,0,0,1,1,1,0,0,0,0,0,1,1,1,0,0,0
5696_3b9ce9a3.jpg,Test,0,0,0,0,1,1,0,0,3,0,1,1,1,1,0,0,0,1,1,1,1,0,1,0,0,1,1,1,0,0,1,1,0,1,1,1,0,3,1,1,0,7,1,0,1,0,1,1,0,1,1,0,0,0,0,0,1,0,1,0,1,0,0,0
5697_e2862143.jpg,Train,0,0,0,0,1,0,0,0,1,1,0,0,1,1,1,1,1,1,0,1,1,1,1,1,1,1,5,0,1,1,1,1,1,1,3,1,1,1,1,1,1,1,0,1,1,1,1,1,1,0,0,1,1,1,1,1,0,0,0,0,0,0,1,1
5698_baacbbb6.jpg,Train,1,1,1,1,1,1,1,1,1,1,1,1,1,1,1,1,1,1,1,0,0,1,1,1,1,1,1,0,0,1,1,1,1,1,1,1,1,1,1,1,1,1,1,1,1,1,1,1,1,1,1,0,1,1,1,1,1,1,1,1,1,1,1,1
5699_4d9d9b13.jpg,Train,7,0,0,0,0,0,0,0,0,0,1,0,3,0,1,0,0,3,2,6,6,1,7,6,0,2,6,2,2,1,2,2,0,10,0,0,0,0,6,6,0,0,0,2,2,0,0,0,0,7,1,2,1,1,1,0,0,0,0,1,0,0,6,0
5700_f3dc1efe.jpg,Train,0,0,0,9,0,0,0,0,1,0,0,0,0,0,0,0,1,1,0,0,6,0,0,0,0,1,0,0,1,3,3,0,1,0,0,0,0,0,3,0,0,0,0,0,10,3,3,3,0,0,0,0,0,0,0,0,0,0,0,0,0,0,0,0
5701_af6e24fc.jpg,Test,0,0,0,0,0,0,0,0,0,0,0,0,0,0,0,0,0,0,0,0,0,0,0,0,4,0,0,1,0,0,0,0,0,10,0,1,0,0,0,0,0,0,1,1,0,0,0,0,1,0,1,1,0,0,0,10,0,0,0,0,0,0,0,0
5702_ac6a61fc.jpg,Train,0,0,0,0,0,0,0,0,10,10,1,1,1,0,0,0,0,0,1,0,1,1,10,0,0,0,1,1,1,1,0,0,0,0,1,1,1,1,0,0,0,0,1,1,1,1,0,0,0,0,1,1,1,1,0,0,0,0,0,1,1,1,0,0
5703_7d214ed4.jpg,Test,0,0,0,0,0,0,0,0,0,0,0,1,7,0,0,0,0,0,9,10,7,0,0,0,0,0,0,7,7,7,0,0,0,6,0,7,7,7,0,0,0,0,0,7,9,0,0,0,0,0,0,9,0,0,0,0,0,0,0,1,1,1,1,0
5704_6e0a92ba.jpg,Test,1,0,1,1,1,1,0,0,1,1,1,0,1,1,1,1,1,1,1,1,1,1,0,0,0,1,1,1,1,0,0,0,0,1,1,1,1,1,3,0,0,1,1,1,1,0,0,0,0,1,1,1,1,1,0,0,0,0,1,1,1,0,0,0
5705_5775d4ce.jpg,Train,0,0,0,0,0,0,0,7,0,0,0,0,0,0,0,4,10,0,0,0,0,0,0,0,0,0,7,0,0,0,0,0,10,0,7,7,7,7,0,0,0,0,7,7,7,7,7,0,0,0,7,7,7,7,0,0,0,0,0,0,0,0,0,0
5706_fe375e66.jpg,Train,0,0,0,0,0,0,0,0,0,0,3,0,0,10,10,0,0,5,5,1,0,0,0,0,0,1,1,1,1,0,1,0,0,0,0,1,1,1,1,0,0,1,1,1,1,1,1,1,0,0,0,0,0,3,3,10,0,0,0,0,0,1,1,0
5707_d57cf8c6.jpg,Train,0,0,0,0,0,0,0,0,0,0,0,0,0,0,0,0,0,0,7,1,1,0,0,0,0,0,7,1,1,0,0,0,0,0,7,1,1,0,0,0,0,0,7,1,1,0,0,0,0,0,7,1,1,0,0,0,0,0,0,0,0,0,0,0
5708_86c78b7d.jpg,Train,0,0,0,0,0,0,0,0,0,7,7,0,7,4,0,0,7,7,7,7,7,0,10,0,0,0,0,7,7,0,0,0,7,7,0,7,7,7,7,0,0,7,0,7,7,7,7,0,0,0,0,7,7,7,0,0,0,0,0,7,0,7,0,0
5709_d749136d.jpg,Train,0,0,0,0,0,0,0,0,0,0,0,0,0,0,0,0,0,0,0,0,0,0,0,0,0,0,7,7,1,0,0,0,0,0,7,7,0,0,0,0,0,0,7,7,0,0,0,0,0,0,7,7,0,0,0,0,0,0,7,0,0,0,0,0
5710_61b006f0.jpg,Train,0,0,0,0,0,0,0,0,0,0,0,1,1,1,0,0,0,1,7,7,0,7,0,0,1,7,7,7,0,1,1,1,1,7,7,1,0,1,1,1,1,7,7,1,0,1,0,1,0,7,0,0,0,0,0,0,0,7,0,0,0,0,0,0
5711_31cee77d.jpg,Train,0,0,0,0,0,0,0,0,0,0,0,0,0,0,0,0,0,0,1,1,1,1,1,0,0,0,1,1,1,1,0,0,0,0,1,1,1,0,1,0,0,0,1,1,1,1,1,0,0,0,1,1,1,7,1,0,0,0,1,1,1,0,1,0
5712_1c287136.jpg,Train,0,0,5,5,5,0,0,0,5,0,0,0,0,0,0,0,5,0,1,1,1,1,0,0,0,0,0,1,1,0,0,0,0,0,1,1,1,1,1,0,0,1,0,1,1,1,1,1,0,1,0,0,0,0,0,0,0,0,0,0,0,0,0,0
5713_d9f7bfe5.jpg,Test,0,0,0,0,0,0,0,0,0,0,0,9,0,0,0,0,0,7,0,9,0,0,0,0,0,7,9,7,0,0,0,0,0,0,7,7,0,0,0,0,0,0,7,7,0,0,0,0,0,0,0,9,0,0,0,0,0,0,0,7,0,0,0,0
5714_5b086236.jpg,Train,10,0,0,0,0,0,0,3,10,10,1,0,0,1,0,0,10,0,0,0,0,0,0,0,0,1,1,0,0,1,1,0,0,0,0,1,1,0,0,0,0,0,1,0,0,0,0,0,0,0,1,1,1,3,0,0,0,0,0,1,0,0,0,0
5715_64e6f93a.jpg,Train,0,0,0,0,0,0,0,1,1,1,1,1,1,1,1,1,1,1,1,1,1,1,1,1,0,1,1,1,1,1,1,0,7,1,1,0,1,1,0,0,0,1,1,1,1,1,1,0,0,1,1,1,0,1,1,0,0,0,1,1,1,1,1,0
5716_4e207440.jpg,Train,0,0,0,1,0,0,0,0,0,0,0,1,1,0,0,0,0,0,0,0,0,0,0,0,0,0,0,0,0,0,0,0,0,0,1,0,0,0,0,0,0,0,0,0,0,0,1,1,0,0,0,0,0,0,0,0,0,0,0,0,0,0,0,0
5717_2ceb6e15.jpg,Train,0,0,0,0,0,0,0,0,0,0,0,0,7,7,0,0,0,0,0,7,7,7,0,0,0,0,0,0,7,7,0,0,0,0,1,0,7,7,0,0,0,0,1,1,7,7,0,0,0,0,1,1,0,7,0,0,0,0,1,1,0,0,0,0
5718_9e3cac58.jpg,Train,0,0,0,0,0,0,0,0,0,0,0,0,0,0,0,0,0,0,7,7,0,0,0,0,0,7,7,7,7,0,0,0,0,7,7,7,7,0,0,0,0,0,7,7,7,0,0,0,0,0,7,7,0,0,0,0,0,7,7,7,0,0,0,0
5719_abb354c8.jpg,Train,0,0,0,7,7,0,0,0,0,7,0,7,7,0,0,0,0,7,7,7,7,7,0,0,0,0,7,7,7,7,0,0,0,0,7,7,7,7,7,0,0,7,7,7,7,7,0,0,0,0,7,7,7,7,0,0,0,7,7,7,7,7,0,0
5720_516dc36d.jpg,Train,0,0,0,0,0,0,0,0,0,0,0,0,0,0,0,0,0,0,0,0,0,0,1,0,0,0,0,0,0,0,1,0,0,0,0,0,0,0,1,0,0,0,0,0,0,0,0,0,0,0,0,0,0,0,0,0,0,0,0,0,0,0,0,0
5721_32a4c76f.jpg,Train,3,0,3,0,0,0,0,0,0,3,0,1,2,1,0,0,0,0,1,1,6,0,0,0,0,0,0,1,7,1,0,0,0,0,1,0,0,6,0,0,0,0,0,0,0,0,0,0,0,0,0,0,0,0,0,0,0,0,0,0,0,0,0,0
5722_abf029d1.jpg,Test,0,0,0,0,0,0,0,0,0,0,0,0,0,0,0,0,0,0,7,7,0,0,0,0,0,0,10,7,7,0,0,0,1,0,0,7,7,0,0,0,0,0,0,7,0,0,0,0,0,0,0,0,0,0,0,0,1,1,1,0,0,1,1,0
5723_6bfa8932.jpg,Test,1,1,0,1,0,1,1,0,0,0,0,1,0,0,0,0,0,1,1,0,0,0,0,0,7,0,1,1,7,1,1,0,7,7,1,7,0,1,1,0,7,0,1,1,0,1,0,0,0,0,1,0,0,0,0,0,0,6,0,0,0,0,0,0
5724_ded04e35.jpg,Train,0,0,0,0,0,0,0,0,0,0,7,7,7,0,0,0,0,0,7,7,7,7,7,0,0,1,7,7,7,10,10,7,1,1,7,7,7,7,7,7,0,0,7,7,7,7,7,7,0,1,7,7,7,7,7,7,6,0,7,7,7,7,7,1
5725_c37ad3f8.jpg,Train,0,0,0,0,0,0,0,0,1,7,7,0,0,1,1,0,1,1,7,7,7,0,1,0,1,1,10,7,7,1,1,1,1,0,0,7,0,1,1,1,1,1,7,7,7,1,1,4,1,1,7,0,0,1,1,1,0,0,7,0,0,0,1,1
5726_74eee209.jpg,Train,0,0,0,0,0,0,0,0,0,0,0,0,0,0,0,0,0,0,0,0,0,0,0,0,0,1,0,0,0,0,0,0,0,1,0,7,7,0,1,0,0,1,0,7,7,0,1,0,0,1,10,7,7,0,1,0,0,0,0,7,7,0,0,0
5727_1ce48864.jpg,Train,0,0,0,0,5,0,0,0,0,0,0,0,5,0,0,0,0,0,0,0,0,0,0,0,0,0,0,0,0,0,0,0,0,0,0,0,0,0,0,0,0,0,0,0,0,0,0,0,0,0,0,0,0,0,0,0,0,0,0,1,1,0,0,0
5728_6a452325.jpg,Train,0,0,0,0,0,0,0,0,4,0,1,1,1,0,0,0,0,0,0,0,1,0,0,0,0,0,4,1,1,0,0,0,0,10,1,1,1,0,0,0,0,0,1,1,1,0,0,0,0,0,1,1,1,0,0,0,0,0,1,1,1,10,0,0
5729_ed11972f.jpg,Train,0,0,0,0,0,0,0,0,9,0,8,8,0,0,0,0,0,7,2,0,0,2,0,8,0,7,0,0,2,0,0,0,7,7,9,0,0,0,0,7,7,0,0,0,0,0,0,0,7,0,0,0,0,0,0,0,7,0,0,0,0,0,0,7
5730_7ad80451.jpg,Train,0,0,7,0,7,0,0,0,0,0,0,0,7,7,0,0,10,10,0,7,0,0,0,3,0,0,7,0,0,0,0,0,0,0,7,7,7,7,0,0,0,0,7,7,7,7,0,0,0,1,7,7,7,7,0,0,0,0,7,7,7,7,0,0
5731_f59f26a0.jpg,Train,0,0,0,0,0,0,0,0,0,0,6,0,0,0,0,0,0,6,0,0,2,6,6,0,0,0,1,0,0,0,1,0,0,6,6,0,0,0,1,0,0,0,0,0,0,0,0,0,0,0,0,0,0,0,0,0,0,0,0,0,0,0,0,0
5732_465c976e.jpg,Train,0,0,0,0,0,0,0,3,0,3,0,5,5,0,0,0,0,5,0,0,0,0,0,0,0,0,0,0,0,0,0,0,1,0,0,0,0,0,0,0,0,0,0,0,0,0,0,0,0,0,0,0,0,1,0,0,0,5,5,5,0,0,0,0
5733_ad26afd2.jpg,Train,0,0,3,0,0,3,0,0,0,0,0,1,1,0,0,0,0,1,0,1,1,1,1,0,0,1,0,1,1,1,0,0,0,0,0,1,1,1,0,0,0,0,0,1,1,1,0,0,0,0,0,1,1,1,0,6,0,0,0,1,1,1,0,0
5734_d05c350e.jpg,Train,0,7,0,0,0,3,0,0,0,7,7,0,0,0,1,1,0,7,7,7,1,0,1,1,0,7,7,7,1,1,2,1,0,7,0,7,1,0,1,1,0,7,7,0,0,1,1,1,0,7,7,7,1,1,6,1,0,7,7,7,3,0,1,1
5735_3a8d55d5.jpg,Test,0,2,3,0,0,0,0,0,3,0,0,10,10,0,0,0,0,0,0,7,7,2,0,0,0,0,7,7,7,0,0,3,0,0,0,7,9,0,7,0,0,0,0,0,7,0,0,0,0,0,0,0,7,0,0,0,0,0,0,0,0,0,0,0
5736_114e5101.jpg,Train,0,0,0,0,0,0,0,0,0,0,7,7,1,1,0,4,1,1,7,7,1,1,4,0,0,0,7,7,1,1,4,0,0,0,7,7,1,1,0,0,0,0,7,7,1,1,4,0,0,0,7,7,1,1,4,0,0,0,0,0,1,1,4,4
5737_63a06215.jpg,Train,1,1,1,0,0,0,0,0,7,1,1,0,0,0,0,0,7,1,1,0,7,7,7,7,7,1,1,7,7,7,7,7,7,1,1,7,7,7,7,7,7,1,1,7,7,7,0,0,7,1,1,7,7,7,0,0,7,1,1,7,7,7,0,0
5738_d5443260.jpg,Test,0,0,0,0,0,0,0,0,0,0,0,0,0,0,0,0,0,0,0,0,1,0,0,4,0,0,0,1,0,0,0,4,1,1,1,1,0,0,0,0,0,0,0,0,0,0,0,10,0,0,0,0,0,0,6,0,0,0,0,0,0,0,0,0
5739_b52f2fc2.jpg,Test,5,0,0,0,0,0,0,0,3,0,0,0,0,0,0,0,0,0,0,0,7,0,3,0,0,0,0,0,0,0,3,5,0,0,0,0,3,3,0,0,0,0,0,0,0,0,0,0,0,0,0,3,0,3,0,0,0,0,0,0,0,0,0,0
5740_d3df4f58.jpg,Train,0,0,0,0,0,0,0,0,0,0,1,1,0,0,0,0,0,0,1,1,0,0,7,0,0,0,1,1,0,0,0,0,0,0,1,1,7,0,0,0,0,0,1,1,0,0,0,0,0,0,1,1,0,0,0,0,0,6,0,1,0,0,0,0
5741_154ada5b.jpg,Train,0,0,0,0,0,0,0,0,0,0,0,0,0,0,0,0,0,8,9,0,0,0,0,0,8,8,8,5,0,0,3,0,0,8,0,9,0,2,1,0,8,8,0,0,8,8,0,0,8,8,0,0,0,0,4,0,0,10,0,0,0,0,0,0
5742_e70802f7.jpg,Train,0,0,0,0,0,0,0,0,0,0,0,0,0,0,0,0,0,9,9,0,0,0,0,0,0,9,0,1,1,0,0,0,0,9,7,0,1,0,0,0,0,9,9,1,1,0,0,0,0,9,9,1,1,0,0,0,0,0,9,1,1,0,0,0
5743_40ce446b.jpg,Train,0,0,0,0,0,0,0,0,1,0,0,0,0,1,1,1,7,7,7,7,1,1,1,0,7,7,7,7,0,1,1,1,0,7,7,0,0,1,1,0,0,7,7,7,0,1,1,0,0,7,7,7,0,1,1,0,0,0,0,0,0,0,0,0
5744_e7aa04e5.jpg,Test,0,0,0,0,0,0,1,1,0,0,7,1,1,1,1,1,0,0,0,1,1,1,0,7,4,0,1,0,1,1,1,1,3,1,0,1,1,0,1,1,0,1,0,1,0,1,1,1,0,0,0,1,1,0,3,3,0,0,0,0,3,3,3,0
5745_4a1093df.jpg,Test,0,0,0,0,0,0,0,0,0,0,0,0,0,0,0,1,1,0,0,1,1,1,1,0,1,0,0,0,1,0,1,1,1,7,7,0,1,1,1,1,0,0,7,0,1,1,1,1,0,0,7,7,0,0,0,0,0,0,0,0,0,0,0,0
5746_a6244a16.jpg,Train,1,0,0,0,0,1,1,0,1,1,0,0,0,1,1,0,1,1,5,0,0,1,1,0,1,1,5,0,1,1,1,0,1,1,0,0,1,1,1,0,1,1,0,0,1,1,1,0,1,1,0,0,1,1,1,0,0,0,0,0,0,0,0,0
5747_10505b82.jpg,Train,0,0,0,0,0,0,0,1,0,0,0,0,0,0,0,1,1,1,7,7,7,0,7,0,0,4,7,7,7,1,0,0,0,0,7,7,7,0,0,0,0,0,7,7,7,0,1,1,0,0,7,7,7,8,0,0,0,0,7,7,7,0,0,0
5748_85b84ad3.jpg,Train,0,0,1,1,0,0,0,0,0,0,1,1,0,0,0,0,0,0,1,1,0,0,0,0,0,0,1,1,0,0,0,0,0,0,1,1,0,0,0,0,1,0,1,1,0,0,0,0,0,0,1,1,0,0,0,0,0,1,1,1,0,1,1,1
5749_85a50619.jpg,Train,0,0,0,0,0,0,0,0,1,0,0,0,0,1,0,0,0,1,1,1,0,1,0,0,0,1,1,1,0,1,0,0,0,0,1,1,1,0,0,0,0,0,1,1,0,0,0,0,0,0,1,1,5,0,0,0,0,0,0,0,0,0,0,0
5750_e167cf06.jpg,Test,0,0,0,0,0,0,0,0,0,0,0,0,9,0,1,0,0,3,0,0,0,1,0,0,10,10,0,10,1,1,0,0,10,10,10,10,1,1,0,0,0,0,0,0,1,1,8,0,0,0,0,0,0,1,0,0,8,0,8,8,8,1,0,0
5751_c5536bd8.jpg,Train,0,0,0,0,0,0,0,0,0,0,7,0,0,0,0,0,0,0,0,1,1,1,0,0,0,0,0,0,1,0,0,0,1,0,0,1,1,1,0,0,1,0,0,1,1,1,0,0,0,10,0,1,1,1,0,0,1,0,0,1,1,0,0,0
5752_11d35ae4.jpg,Test,0,0,0,0,0,0,3,0,3,0,0,0,0,0,0,0,0,0,0,0,0,1,0,1,0,1,0,1,1,7,0,1,1,1,1,1,1,0,7,4,1,0,1,0,1,1,7,0,1,0,0,0,1,1,0,1,7,1,0,0,1,1,0,1
5753_2b2bd587.jpg,Train,0,0,0,0,0,0,0,0,0,0,0,0,0,0,6,0,0,0,3,0,2,0,0,0,0,0,0,1,0,0,0,3,0,0,0,2,0,0,0,3,0,0,3,3,0,0,0,0,0,0,0,0,0,0,0,0,0,0,0,0,0,0,0,0
5754_b0412ed8.jpg,Test,0,0,1,1,0,0,0,7,1,1,0,1,0,0,0,0,1,0,0,0,3,0,0,0,1,0,1,0,1,1,0,0,1,0,0,1,1,1,0,0,0,0,0,0,0,0,0,0,0,1,1,0,0,0,0,0,0,3,0,0,0,0,0,0
5755_64157a6b.jpg,Test,0,0,0,0,0,0,0,0,0,1,0,0,0,0,0,7,0,1,1,1,1,0,1,1,0,1,1,0,0,0,0,0,0,0,1,7,0,0,0,0,0,0,1,1,0,0,0,0,0,0,0,1,0,0,0,0,0,0,0,0,0,0,0,0
5756_d5643d74.jpg,Train,0,0,0,0,0,0,0,0,0,0,0,1,0,1,1,1,1,0,1,7,7,0,1,1,1,0,0,7,7,1,0,0,0,0,1,7,7,0,0,1,0,0,0,7,7,0,0,0,0,0,0,7,7,1,1,0,0,1,0,7,7,0,0,0
5757_7359adfe.jpg,Test,0,0,1,0,0,0,1,0,0,0,0,1,0,0,0,0,0,0,7,7,0,0,0,7,0,0,7,7,0,0,0,0,0,7,0,7,7,0,7,0,0,10,7,7,7,10,7,7,0,7,7,7,7,7,7,7,0,7,7,10,0,7,7,0
5758_0fe6a7e8.jpg,Test,0,1,0,0,0,1,1,0,0,1,1,0,0,0,7,0,7,1,7,1,1,1,0,0,7,1,1,7,0,1,1,0,1,1,1,1,1,1,0,1,0,1,1,1,1,0,1,1,0,1,1,0,1,1,7,1,0,1,1,1,1,1,0,0
5759_845ce1c9.jpg,Train,0,0,6,1,1,1,0,0,6,6,6,0,1,1,6,0,6,6,6,0,0,1,0,0,6,6,6,0,2,6,0,6,6,6,6,7,6,6,0,6,6,6,6,0,6,6,6,6,6,6,6,0,6,6,6,0,0,6,0,0,6,6,6,6
5760_658fdb85.jpg,Train,0,0,0,0,0,0,5,0,0,0,2,2,0,0,0,0,0,0,0,0,0,0,0,0,0,7,7,0,0,7,7,0,0,7,7,0,7,7,7,0,7,7,7,7,7,7,7,0,7,7,0,0,7,7,7,0,7,7,0,0,0,0,0,0
5761_835cde6a.jpg,Test,0,0,0,0,0,0,0,0,0,0,0,0,1,0,0,0,0,0,1,1,1,1,0,0,0,0,0,1,1,0,0,0,0,0,0,1,1,0,0,7,0,0,0,1,0,0,0,7,0,0,0,1,1,0,0,0,0,0,0,0,0,0,0,0
5762_28511fb4.jpg,Test,0,0,0,0,0,0,0,0,0,0,0,0,0,0,0,0,0,0,0,0,7,0,0,0,0,0,4,4,4,0,0,0,4,0,0,4,1,0,0,0,8,4,0,4,4,7,0,0,0,0,0,0,0,0,0,0,0,0,0,0,0,0,0,0
5763_edf13c82.jpg,Test,1,0,0,6,0,0,1,1,1,7,0,6,0,0,0,1,1,7,0,6,0,0,6,0,0,10,0,6,0,0,5,1,1,0,0,6,0,0,6,1,1,1,1,6,0,0,6,6,0,0,1,7,0,6,0,6,0,0,0,0,0,6,6,0
5764_4d46c003.jpg,Train,0,0,0,1,1,0,0,0,0,0,0,1,1,1,0,0,0,1,1,1,1,1,0,0,0,0,1,1,1,0,0,0,0,0,0,1,7,0,0,0,0,0,0,7,7,0,0,0,0,0,0,1,1,1,6,7,0,0,0,0,0,0,0,0
5765_0fed1a82.jpg,Test,0,0,0,0,0,0,0,2,0,0,0,0,0,0,0,0,0,7,7,7,7,7,0,0,0,7,7,7,0,0,7,7,0,0,7,7,0,0,7,7,0,0,0,7,0,0,0,0,0,0,0,0,0,0,0,0,0,0,0,0,0,0,0,0
5766_39b82306.jpg,Test,0,0,1,0,0,0,0,0,1,1,0,0,1,1,0,0,3,1,0,1,1,0,0,0,3,0,0,0,1,0,3,0,0,0,1,9,0,0,0,0,5,0,5,9,0,0,0,0,5,5,0,0,5,0,0,0,0,0,0,0,0,0,0,0
5767_d4023509.jpg,Train,0,0,0,0,0,0,0,0,0,0,0,1,1,1,1,0,0,0,1,1,1,1,1,0,0,0,1,1,1,1,1,0,7,0,1,1,0,1,1,0,0,0,1,1,1,1,1,0,0,0,1,1,1,1,1,0,0,0,0,0,1,1,1,0
5768_1849c979.jpg,Train,0,0,0,0,0,0,0,0,3,0,3,3,3,3,3,3,3,0,0,0,0,0,0,0,1,0,0,1,0,0,0,0,0,5,1,1,7,0,0,0,10,0,1,1,7,10,0,0,0,0,1,1,7,0,0,0,0,0,0,0,0,0,0,0
5769_dd0f6e29.jpg,Test,0,0,0,0,7,1,1,0,0,7,0,9,7,0,1,1,0,1,1,0,0,0,0,1,1,0,1,1,1,1,1,0,1,0,1,1,1,0,1,0,1,0,1,1,0,1,0,1,0,0,1,1,0,0,0,0,0,0,1,0,0,0,0,0
5770_f19bbaca.jpg,Test,0,0,0,0,0,10,0,0,0,0,0,0,0,0,0,0,0,7,7,0,10,0,0,0,1,7,7,7,7,0,0,0,1,7,7,0,7,7,7,0,7,7,7,7,0,7,7,0,7,7,7,7,7,7,7,0,7,7,7,1,7,7,7,0
5771_d2597a03.jpg,Train,0,0,0,0,0,0,0,0,0,0,0,0,0,0,0,0,0,0,1,0,0,0,1,0,0,1,1,1,1,1,1,1,0,1,1,1,0,1,1,0,1,1,1,1,0,0,0,3,1,1,1,1,0,1,0,0,0,0,1,0,0,0,0,0
5772_c65be0af.jpg,Train,0,10,0,0,0,0,0,9,10,10,0,0,4,0,0,7,10,0,10,10,0,0,0,10,10,10,0,7,0,0,7,2,10,10,0,7,0,0,0,6,4,0,0,7,7,7,0,0,0,10,0,0,7,0,0,0,0,0,10,10,7,0,0,10
5773_c622f9fd.jpg,Train,0,0,0,0,0,0,0,0,0,0,0,0,0,0,0,0,0,1,1,1,1,1,1,1,0,1,1,1,0,1,1,0,1,1,1,1,1,1,1,1,0,1,1,1,0,1,1,1,0,1,1,1,0,1,1,0,0,0,1,0,0,0,0,0
5774_b07591df.jpg,Train,10,10,0,0,0,7,7,0,0,0,0,0,7,7,7,1,0,6,0,0,0,7,0,0,0,0,0,0,7,7,7,0,0,0,0,0,0,7,7,0,0,0,0,10,0,7,7,0,0,0,0,0,0,0,7,0,0,0,0,0,0,0,0,0
5775_1419f829.jpg,Train,0,1,0,0,0,0,0,0,0,0,0,0,1,1,0,0,0,6,0,0,1,1,1,0,0,6,0,0,1,1,1,0,1,0,0,0,1,1,1,0,0,0,1,0,7,1,0,0,0,0,0,0,0,1,1,0,0,0,0,0,0,1,10,0
5776_16b50870.jpg,Train,0,0,0,0,0,0,0,0,0,0,0,0,0,0,0,1,0,1,1,0,0,0,0,1,0,1,1,0,0,7,1,0,0,1,1,0,7,7,1,0,0,1,1,0,7,7,1,0,0,1,1,0,7,7,0,0,0,1,1,0,7,7,0,0
5777_8cf05dcd.jpg,Train,0,0,0,0,0,0,0,0,0,0,0,0,0,0,0,0,0,0,0,0,0,7,7,7,0,1,1,1,0,7,7,7,0,1,1,1,0,7,7,7,0,1,1,1,0,7,7,7,0,1,1,1,0,7,7,7,1,1,1,1,0,7,7,7
5778_3999987b.jpg,Test,0,0,0,0,0,0,0,0,0,7,0,0,0,0,0,0,0,1,0,1,1,1,0,0,0,1,0,1,1,1,0,0,0,1,3,1,1,1,0,0,0,1,0,9,1,1,9,9,1,1,1,9,1,1,0,0,0,0,0,0,0,0,0,0
5779_f97cbbc6.jpg,Train,0,0,0,0,0,0,0,0,0,0,10,0,0,4,0,7,7,7,7,10,7,7,7,0,7,7,10,7,7,7,7,0,0,7,7,7,7,7,7,0,7,7,7,7,7,7,7,0,0,0,7,7,7,7,0,0,0,0,0,7,7,7,0,0
5780_1e811309.jpg,Train,0,0,1,1,1,1,0,0,0,0,0,0,0,0,0,0,1,1,1,0,1,0,1,0,1,1,1,0,1,1,1,1,0,0,7,7,7,1,1,0,0,1,1,1,1,0,1,0,0,0,7,0,0,0,0,0,3,0,0,0,0,0,0,0
5781_f378af0a.jpg,Train,0,0,0,10,0,0,0,0,0,0,0,0,1,0,0,0,0,0,0,0,0,0,0,0,0,7,0,0,0,0,0,0,0,0,1,0,0,0,0,0,0,0,1,1,5,0,0,0,0,0,1,1,0,0,0,0,0,0,0,0,0,0,0,0
5782_277b9c74.jpg,Train,0,0,0,0,0,0,0,0,0,0,0,1,0,0,0,0,0,0,0,0,0,0,0,0,0,1,1,1,0,0,0,1,7,0,0,1,0,0,10,0,0,0,0,0,0,0,0,0,0,0,0,0,0,0,7,0,0,0,0,0,0,0,0,0
5783_70f14bdb.jpg,Test,1,1,1,0,1,0,0,1,1,0,1,1,1,1,0,0,1,1,0,1,7,7,0,0,7,3,1,1,7,7,7,1,0,0,1,1,7,7,1,0,1,1,1,0,7,7,7,0,0,0,1,1,7,7,0,0,0,0,1,7,7,7,0,0
5784_0205b87a.jpg,Test,0,10,0,0,0,0,0,0,0,0,0,0,7,0,0,0,0,7,0,0,0,0,0,0,0,7,7,0,0,0,0,0,0,7,0,0,7,0,0,0,0,7,0,7,7,7,7,7,0,7,7,0,7,7,7,7,0,0,0,0,0,0,7,0
5785_97c76b41.jpg,Train,0,0,0,0,0,0,0,0,0,0,1,0,0,0,0,0,0,1,1,0,7,7,0,0,0,1,1,7,7,7,0,0,0,1,1,7,7,7,0,0,0,1,1,7,7,7,0,0,0,1,1,7,7,7,0,0,0,0,1,0,0,7,0,0
5786_9ec5e9aa.jpg,Train,0,0,0,0,0,0,0,0,0,0,0,0,0,0,7,0,0,0,0,0,0,0,0,0,0,10,0,7,7,7,0,0,0,7,0,0,7,7,7,0,7,7,0,7,0,0,7,0,0,7,0,0,0,0,0,0,0,0,0,9,9,0,0,9
5787_010a983f.jpg,Train,0,0,0,0,0,0,0,0,0,0,0,0,0,1,0,0,0,0,1,1,1,1,0,0,0,1,1,1,1,1,1,0,0,1,1,1,1,1,1,0,0,0,1,1,1,1,1,0,1,1,0,1,1,1,0,0,0,0,1,1,7,1,0,0
5788_2dd0a78c.jpg,Train,0,0,1,1,0,0,0,0,3,1,1,1,0,0,0,0,0,1,1,1,0,0,0,0,0,1,1,1,0,1,0,0,0,1,1,1,0,0,0,0,0,0,1,1,0,0,0,0,0,1,0,1,0,0,0,0,0,0,1,1,0,0,0,0
5789_fd1fa8e8.jpg,Train,0,0,0,0,0,0,0,0,0,0,0,0,0,0,0,0,0,0,1,0,0,0,0,0,0,0,1,0,0,0,0,0,0,4,1,0,0,0,0,0,0,0,0,0,0,0,0,0,0,0,0,0,0,0,0,0,8,0,0,0,0,0,0,0
5790_b8cff259.jpg,Train,3,0,0,0,0,9,0,0,0,0,0,3,0,9,0,0,0,0,2,8,8,0,0,0,0,0,6,0,8,0,0,0,0,4,0,0,9,0,7,0,0,0,0,0,0,0,0,0,3,0,0,3,0,0,4,0,3,3,4,0,4,0,7,7
5791_c3d774d7.jpg,Train,0,0,0,0,0,0,0,0,0,0,0,0,0,0,0,0,0,7,7,7,0,0,0,0,0,7,7,7,1,0,1,0,0,7,7,7,0,7,0,0,6,7,7,7,0,0,0,0,0,7,7,0,0,0,6,6,0,7,7,7,0,0,0,0
5792_00c489f7.jpg,Train,0,0,0,0,0,0,0,0,0,0,0,0,0,0,0,0,0,0,0,0,0,0,0,0,0,0,7,7,0,1,1,0,0,0,7,7,0,1,1,1,8,0,7,7,0,1,1,1,0,0,7,7,0,1,1,1,0,0,0,0,0,0,0,0
5793_05eaf111.jpg,Train,0,0,0,0,0,0,0,0,0,0,0,7,7,7,0,0,0,0,0,7,7,7,0,0,0,0,0,7,7,7,0,0,0,0,0,7,7,0,0,0,0,0,7,7,7,7,7,7,0,0,0,7,7,0,0,0,0,0,7,7,7,0,0,7
5794_47444ff6.jpg,Train,0,0,0,0,0,0,0,0,0,0,0,0,0,0,0,0,0,7,7,1,1,0,1,1,0,7,7,0,0,6,0,0,0,7,7,0,0,0,0,0,0,7,7,0,0,0,0,3,0,7,7,0,0,0,0,0,0,0,0,0,0,0,0,0
5795_d7324410.jpg,Train,0,7,0,10,0,8,0,7,7,7,7,7,7,7,7,4,7,7,7,7,7,0,7,0,0,7,7,7,7,7,7,9,7,7,7,0,7,7,7,0,7,7,7,7,7,7,7,0,0,7,7,7,7,7,7,7,7,7,7,7,7,7,7,7
5796_1304be04.jpg,Train,9,0,0,7,0,0,0,0,0,7,7,7,7,0,0,0,0,7,7,7,7,0,0,0,0,1,0,0,0,0,0,0,0,1,0,10,0,0,7,0,0,0,1,7,0,10,0,0,0,0,0,1,9,7,0,0,1,0,0,7,0,7,0,0
5797_a1eb9ff8.jpg,Train,0,0,0,0,0,0,0,0,0,0,0,0,0,0,0,0,0,0,0,0,0,0,0,0,0,0,0,0,0,0,0,0,0,0,0,7,7,7,0,0,0,0,0,0,7,7,0,0,0,0,0,0,7,7,0,0,0,0,0,0,7,1,1,0
5798_ba730829.jpg,Train,0,0,0,0,0,0,0,0,0,0,0,0,0,0,0,0,1,0,0,7,0,0,1,0,1,1,0,7,7,7,1,1,1,1,0,7,7,7,1,1,1,1,0,7,7,7,1,1,0,1,0,7,7,7,1,1,1,0,0,7,7,0,1,0
5799_d0448324.jpg,Train,0,0,0,0,0,0,0,0,1,0,0,7,0,0,0,0,1,0,0,7,7,0,0,0,1,0,0,7,7,1,1,0,0,0,0,7,7,0,0,1,0,0,0,7,0,1,0,0,0,0,0,7,7,0,0,0,0,0,0,7,7,0,0,0
5800_ccaaa28f.jpg,Train,0,0,0,0,0,0,0,0,0,0,7,7,0,0,1,0,0,0,7,7,0,0,0,0,0,1,7,7,0,1,1,1,1,1,7,7,1,0,0,1,0,0,7,9,0,0,0,0,0,0,7,9,0,0,0,0,0,0,7,7,0,0,0,0
5801_288ef776.jpg,Train,0,1,1,1,0,0,0,0,0,1,1,1,0,0,0,0,1,0,1,6,2,0,0,0,1,0,6,0,1,0,3,0,0,0,0,0,0,0,0,0,0,0,0,0,0,1,0,0,0,0,0,0,0,0,0,0,0,0,0,0,0,0,0,0
5802_ce3ad7f2.jpg,Train,0,0,0,7,7,7,0,0,0,0,0,7,7,7,3,0,0,0,0,0,7,7,0,0,10,0,0,7,7,7,0,0,0,0,0,7,7,7,7,0,0,0,0,7,7,7,0,0,0,0,0,0,7,7,0,0,0,0,0,7,7,7,0,0
5803_07aac480.jpg,Test,0,0,0,0,0,0,0,0,0,0,0,0,0,0,0,0,0,0,0,0,7,0,0,0,0,0,0,3,7,0,0,0,0,0,0,0,7,0,0,0,0,1,0,0,0,0,0,0,0,1,0,0,0,0,0,0,0,0,0,0,0,0,0,0
5804_9efb81fe.jpg,Train,0,0,0,0,0,0,0,0,0,0,0,0,0,0,0,0,0,0,0,0,0,1,0,0,0,0,0,0,0,1,0,0,0,0,0,0,3,1,0,0,0,0,0,0,0,1,0,0,0,0,0,0,0,1,0,0,0,0,0,0,0,0,0,0
5805_c9af2640.jpg,Train,0,0,0,0,0,0,0,7,0,7,0,0,7,7,7,0,0,7,7,7,7,7,7,0,7,7,7,7,7,7,7,0,0,7,7,7,7,7,7,0,0,7,7,7,7,7,7,2,7,7,7,7,7,7,7,0,7,7,7,7,7,4,7,0
5806_762227a3.jpg,Train,0,0,1,1,1,0,7,0,1,1,1,1,1,1,1,1,1,1,1,1,1,1,1,1,1,1,1,1,1,1,1,1,1,1,1,1,1,1,1,1,1,1,1,1,1,1,1,1,1,1,1,1,1,1,1,1,0,1,1,1,1,1,1,1
5807_59532aea.jpg,Train,0,0,0,1,0,1,0,0,6,6,0,1,1,1,0,0,6,6,0,0,1,1,0,0,6,6,0,1,1,1,6,6,6,6,0,7,1,1,0,6,0,0,0,0,1,1,6,6,0,0,0,1,1,1,0,0,0,0,0,1,0,1,0,0
5808_6af6872e.jpg,Train,0,0,0,0,0,0,0,0,0,7,7,7,7,0,0,0,0,7,7,7,0,0,0,0,0,7,5,7,0,0,0,0,0,7,0,7,7,0,0,0,0,7,7,7,7,0,0,0,0,7,7,7,7,0,0,0,0,0,7,7,7,0,0,0
5809_a444852c.jpg,Train,0,0,0,0,0,0,0,0,0,0,0,0,0,0,0,5,0,0,0,0,0,0,0,10,0,0,0,5,0,0,0,0,0,0,3,0,0,7,0,0,1,1,0,0,7,7,7,7,1,1,1,7,7,7,7,7,0,0,0,7,7,7,0,0
5810_b0b68604.jpg,Test,0,0,0,0,0,0,0,0,0,3,0,1,0,0,0,0,0,0,0,1,0,0,0,0,0,0,1,1,1,1,0,0,0,0,1,0,6,0,0,0,0,0,0,3,6,0,0,0,0,0,0,0,0,0,0,0,0,0,0,0,0,0,0,0
5811_cf125f06.jpg,Train,0,8,0,0,0,0,0,0,0,0,0,0,0,0,0,0,6,6,6,6,6,0,6,6,6,6,6,6,6,6,6,6,6,6,6,6,6,6,6,6,0,6,6,0,6,6,6,0,6,6,6,6,6,6,6,6,8,6,6,0,6,8,0,0
5812_5325c387.jpg,Train,0,0,0,0,0,0,0,0,0,0,0,6,6,0,0,0,0,8,0,6,6,0,0,0,0,0,6,6,6,0,0,0,0,8,0,6,6,0,0,0,0,0,0,6,6,0,0,0,0,0,2,0,6,0,0,0,0,0,0,6,6,0,0,0
5813_6094c794.jpg,Train,0,0,0,0,3,0,0,0,0,8,8,8,0,6,6,6,0,8,8,8,0,6,6,0,0,8,8,8,0,6,6,5,0,8,8,8,0,6,6,6,0,8,8,8,0,6,6,6,0,8,8,8,0,6,6,6,0,8,8,8,0,6,6,6
5814_b208f6c5.jpg,Test,0,6,0,0,0,0,0,0,0,8,8,0,8,0,8,0,8,8,8,8,8,8,8,8,8,8,8,8,8,8,8,8,8,8,8,8,8,8,8,8,8,8,8,8,8,8,0,8,8,8,8,8,8,0,0,8,0,0,8,0,0,0,0,8
5815_58a66c5b.jpg,Test,0,0,0,0,0,0,0,0,0,0,0,8,8,0,0,0,0,3,0,8,8,0,0,0,0,0,0,8,8,3,0,0,0,0,0,8,8,0,0,8,0,8,8,8,0,0,3,0,0,0,0,0,8,9,0,0,0,0,0,0,0,0,0,0
5816_b7708c8b.jpg,Train,0,0,0,0,0,0,0,0,0,0,0,6,6,0,0,0,0,0,0,6,6,0,0,6,0,0,0,6,0,0,0,0,0,0,6,6,0,0,0,0,0,0,0,6,6,0,2,0,7,0,6,6,3,0,0,0,0,0,6,6,6,0,0,0
5817_f5165cf3.jpg,Train,0,0,0,0,0,0,0,0,0,8,0,8,0,0,0,0,0,8,8,8,8,0,0,0,0,8,8,8,3,6,6,0,0,8,8,8,0,0,6,0,0,8,8,8,0,0,6,6,0,8,8,8,0,0,0,0,0,0,0,0,0,8,8,0
5818_990c46a2.jpg,Test,0,0,0,0,0,0,0,0,0,0,6,0,6,0,0,0,0,0,6,6,6,0,0,0,0,0,6,6,0,0,8,0,0,0,6,6,6,0,0,0,8,6,0,6,0,8,8,0,0,2,0,6,0,1,0,0,0,0,0,0,0,0,0,8
5819_a6639c43.jpg,Train,0,0,0,0,0,0,0,0,0,0,6,6,6,0,0,0,0,0,6,6,6,0,0,0,0,0,6,6,6,0,0,0,0,0,0,6,6,0,0,0,0,3,0,6,6,0,0,2,6,0,6,6,6,0,0,0,0,0,0,0,0,0,0,0
5820_ca757f2a.jpg,Test,0,0,0,0,0,0,0,0,0,0,0,0,0,0,0,0,0,0,3,0,8,8,0,0,0,0,0,8,8,8,0,0,0,0,0,6,8,8,0,0,0,0,0,6,8,0,0,0,0,0,0,6,0,0,0,0,0,0,0,0,0,0,0,0
5821_9c6a2265.jpg,Test,0,0,0,6,0,0,6,0,0,0,0,0,0,0,0,0,6,6,0,6,0,0,3,6,0,3,0,0,0,3,2,3,0,0,0,0,6,8,0,0,0,0,0,0,6,8,10,0,0,0,0,0,6,0,0,0,0,0,0,0,6,0,8,0
5822_f8e22bad.jpg,Test,0,0,0,0,6,0,0,0,0,0,0,0,0,0,0,0,0,0,8,8,0,6,0,0,0,0,0,8,8,6,0,0,0,0,8,8,0,6,0,0,0,0,8,8,4,6,0,0,0,0,0,0,0,6,0,0,0,0,0,0,0,0,0,0
5823_f69a1ff0.jpg,Train,0,0,0,0,0,0,0,0,0,0,0,0,0,0,0,0,0,6,6,0,6,0,8,8,0,6,6,0,6,0,8,8,0,6,6,0,6,0,0,8,0,6,6,2,6,0,4,8,5,6,2,0,2,0,8,8,0,7,7,2,0,9,7,0
5824_9edebaa9.jpg,Train,0,0,6,6,0,0,6,0,0,0,6,6,6,6,6,0,0,6,6,6,6,6,6,0,0,6,0,6,6,6,6,0,0,0,6,6,8,6,6,0,0,4,0,6,6,6,6,0,0,6,0,6,0,0,6,0,0,0,0,6,6,6,6,0
5825_ddb44bc1.jpg,Test,0,0,0,0,0,0,0,0,3,0,0,0,0,0,0,0,0,0,0,8,8,0,0,0,0,3,0,8,8,0,0,0,3,0,0,0,8,0,0,0,0,0,0,8,8,0,0,0,0,0,0,8,0,0,0,0,0,0,0,0,0,0,0,0
5826_7e79d164.jpg,Test,0,0,0,6,6,0,0,0,3,6,6,6,6,6,6,0,0,3,6,6,6,0,0,6,1,0,6,6,0,0,0,0,0,0,6,6,0,0,0,0,8,2,2,2,0,0,0,0,0,0,2,2,2,0,0,0,0,0,0,0,0,0,0,0
5827_f426976a.jpg,Train,0,0,0,0,0,0,0,0,0,0,0,6,6,6,0,6,0,0,0,6,6,6,0,6,3,0,0,6,6,0,0,0,0,0,3,6,6,6,0,0,0,0,0,6,6,0,0,0,0,0,0,6,6,0,0,0,0,0,0,6,6,0,0,0
5828_f35e6776.jpg,Train,0,0,0,0,0,0,0,0,0,0,0,8,3,0,0,0,0,0,8,8,8,0,0,0,0,0,8,8,8,0,0,0,0,0,8,8,8,0,0,0,0,0,8,0,8,0,0,0,0,0,8,8,0,0,0,0,0,8,0,8,8,0,0,0
5829_a56b9cb7.jpg,Train,3,0,0,0,0,0,0,0,0,0,0,0,0,0,0,0,0,0,0,0,0,0,0,0,8,8,8,0,0,0,6,6,8,8,8,1,1,6,6,6,0,0,0,0,0,0,0,0,0,0,0,0,0,0,0,0,0,0,0,0,0,0,0,0
5830_ebd3f146.jpg,Train,6,8,0,0,1,0,0,6,0,0,0,0,0,0,0,6,3,3,0,0,0,0,0,0,0,5,0,0,8,0,0,0,0,3,5,8,8,6,6,0,0,0,0,8,8,0,6,6,6,6,0,8,8,6,2,6,0,0,0,0,0,0,0,0
5831_7f15688d.jpg,Train,0,0,0,0,0,0,0,0,0,0,8,0,6,0,0,0,0,8,8,6,2,0,0,0,0,8,8,6,6,0,0,0,0,8,8,6,6,0,0,0,0,8,8,6,6,0,0,0,0,8,8,6,6,0,2,0,0,0,0,6,0,0,0,0
5832_50a6919c.jpg,Test,0,0,0,0,0,0,8,0,6,8,0,8,6,0,8,0,6,0,0,8,8,8,8,6,6,0,8,8,0,8,8,3,2,0,0,8,8,0,8,0,8,8,8,8,0,8,8,0,0,0,0,0,0,8,0,0,0,0,0,0,0,0,0,0
5833_97c4451a.jpg,Train,0,0,0,0,0,0,0,0,0,0,0,0,0,0,0,0,0,0,0,8,8,0,0,0,0,0,0,8,0,0,0,0,0,0,0,8,8,0,0,0,0,0,0,8,8,0,0,8,0,7,0,8,8,7,10,0,0,0,0,0,0,0,0,0
5834_3d446c52.jpg,Train,0,0,0,0,0,0,0,0,0,0,0,6,6,0,8,8,0,0,6,6,6,0,8,8,0,0,0,6,6,0,8,8,0,0,8,6,6,0,8,8,0,0,6,6,6,0,8,8,0,0,0,6,6,0,8,8,0,0,6,6,6,0,8,8
5835_199390b9.jpg,Test,0,0,0,0,0,0,0,0,0,0,0,0,0,0,0,0,0,0,8,0,0,0,0,0,0,0,8,3,0,0,0,0,0,0,8,0,2,0,0,0,0,0,0,8,0,0,2,2,0,0,0,6,0,0,6,0,0,0,0,0,0,0,0,0
5836_e265f2e1.jpg,Test,0,0,0,0,0,0,0,0,0,0,0,0,0,0,0,0,0,0,0,0,6,6,0,0,0,0,0,0,0,6,0,0,0,0,0,0,6,2,2,0,0,8,0,8,2,2,0,0,0,0,0,0,0,6,0,0,0,0,0,0,0,0,0,0
5837_d4f14375.jpg,Train,0,0,0,0,0,0,0,0,0,0,0,0,0,8,0,0,0,8,8,8,8,8,8,0,0,0,8,8,8,8,8,0,0,0,8,8,8,8,8,0,0,0,0,8,8,8,8,0,0,10,8,0,8,8,8,0,0,8,8,8,8,8,8,0
5838_7b78e309.jpg,Train,6,0,0,0,0,0,0,6,0,0,0,0,0,0,0,0,0,0,0,0,0,0,0,0,0,0,0,8,8,0,0,0,0,0,0,8,0,0,0,0,0,0,0,8,8,0,0,0,0,0,0,8,8,0,0,0,0,0,0,8,8,0,0,0
5839_3d1aca53.jpg,Train,0,0,0,0,0,0,0,0,0,0,0,0,0,0,0,0,0,0,0,3,0,6,0,0,6,0,8,8,0,6,6,6,0,0,8,8,6,0,6,6,0,0,8,8,0,6,6,6,0,0,8,8,0,0,6,6,0,0,0,0,0,0,0,0
5840_fbf4889d.jpg,Test,0,0,0,0,0,0,0,0,0,0,0,0,0,0,0,0,0,0,0,0,0,3,0,0,0,0,0,3,6,0,0,0,0,0,3,3,6,0,0,0,0,0,0,0,6,0,8,8,0,0,0,2,6,0,0,0,0,0,0,0,0,0,0,0
5841_dc5ff485.jpg,Test,0,0,0,0,0,0,6,0,0,0,0,6,6,0,0,0,0,0,6,6,0,6,0,0,1,0,6,6,6,6,0,6,1,0,6,6,0,6,0,0,6,0,6,6,6,6,0,0,0,0,6,0,6,6,0,0,0,0,0,0,0,0,0,0
5842_a08a7f48.jpg,Train,0,0,0,0,0,0,0,0,0,0,0,6,3,0,6,0,0,0,8,6,6,3,0,0,0,0,0,6,0,0,0,0,0,0,0,6,6,0,0,0,0,0,10,6,6,0,0,0,0,0,10,0,6,0,0,0,0,0,10,0,6,0,0,0
5843_c44f0a6e.jpg,Train,0,0,0,6,0,0,6,0,6,0,0,8,6,3,6,0,0,8,8,0,0,6,6,0,0,8,8,0,0,6,6,0,0,8,8,3,0,6,6,0,0,8,8,0,0,6,6,0,0,8,8,2,0,0,0,0,0,0,0,0,0,0,0,0
5844_aa14380a.jpg,Train,0,8,0,8,0,0,0,0,8,8,8,8,8,8,0,0,8,8,8,8,8,8,0,6,8,8,8,8,8,8,0,0,8,8,8,8,8,8,0,0,8,8,8,8,8,8,0,0,8,8,8,8,8,8,0,0,8,8,8,8,8,8,0,0
5845_e5e276b0.jpg,Train,6,0,0,0,0,0,0,0,0,2,0,0,0,0,0,8,8,0,6,6,0,0,0,8,8,0,6,6,6,6,8,8,4,0,6,6,6,6,8,8,8,5,0,0,2,6,4,8,8,5,9,0,0,0,0,8,0,0,0,7,0,0,0,0
5846_f1d27459.jpg,Train,0,0,0,0,6,0,0,0,0,0,8,8,8,8,0,0,0,6,8,8,8,8,0,0,6,0,0,8,8,8,0,0,0,0,8,8,8,8,0,0,6,0,8,8,8,6,0,0,6,0,8,8,8,0,0,0,0,0,8,8,8,8,0,0
5847_daf621f8.jpg,Train,0,0,0,0,0,0,0,0,2,2,0,0,0,2,0,0,6,0,0,0,5,2,0,2,6,0,0,0,0,0,0,6,0,0,0,6,0,8,0,8,6,0,0,6,6,8,0,8,0,0,0,6,0,8,0,0,0,0,0,0,0,0,0,0
5848_9c43b6d1.jpg,Train,0,0,0,0,0,0,0,0,0,0,0,0,0,0,0,0,0,0,0,3,0,0,0,8,8,8,6,8,0,6,0,8,8,8,6,0,0,6,6,8,8,8,6,0,0,6,6,8,8,8,6,0,6,6,6,8,8,8,6,6,6,6,6,8
5849_c91029a9.jpg,Train,0,0,0,0,0,0,0,0,0,0,0,0,0,6,6,0,0,0,0,0,0,0,0,0,0,0,6,6,6,0,6,8,0,0,0,6,6,6,6,0,0,0,0,8,6,6,6,8,0,0,6,0,6,6,6,0,0,0,0,6,0,6,0,0
5850_e8acbd54.jpg,Train,6,0,0,0,0,6,0,0,6,0,6,0,6,0,6,8,6,6,6,6,6,6,6,0,6,6,6,6,6,6,6,0,6,6,6,0,6,6,6,6,6,6,6,6,6,6,6,6,6,6,0,0,6,0,6,6,6,6,0,0,6,6,6,6
5851_66cab63f.jpg,Train,0,0,0,0,0,0,0,0,0,8,8,0,6,0,0,0,0,8,8,0,3,3,0,0,0,8,8,0,6,6,0,0,0,8,8,6,6,6,0,0,0,8,8,6,6,0,0,0,0,8,8,6,6,0,0,0,0,8,8,6,6,0,0,0
5852_c41c38a2.jpg,Train,0,0,0,0,0,3,0,0,0,8,0,6,0,0,0,0,8,0,0,0,6,8,6,0,8,6,6,2,6,0,6,6,8,6,6,6,6,0,6,6,8,6,6,6,6,0,6,6,0,8,0,0,0,0,0,0,0,0,0,0,0,0,0,0
5853_f41fd09c.jpg,Test,0,0,0,0,0,0,0,0,8,0,0,6,0,0,0,0,8,6,8,6,6,0,0,0,8,0,0,6,3,0,0,0,8,6,0,6,6,0,0,0,0,8,8,6,6,0,0,0,6,0,0,6,6,2,0,6,0,0,0,0,0,6,6,0
5854_a14d15fe.jpg,Test,0,0,0,0,0,6,0,0,0,0,0,0,0,0,0,0,0,0,0,0,8,0,0,6,0,0,6,6,0,0,0,0,3,0,6,6,0,0,0,0,0,0,6,0,0,0,0,0,0,0,6,0,0,0,0,0,0,0,0,0,0,0,0,0
5855_010f8429.jpg,Train,0,0,0,0,0,0,0,0,0,0,0,0,3,0,0,0,3,0,3,0,0,0,0,3,3,0,3,0,6,0,0,3,0,0,0,0,6,0,0,7,0,0,0,0,6,0,0,0,0,0,0,0,6,0,0,8,0,0,0,0,0,0,0,0
5856_b9508ff1.jpg,Train,0,0,0,0,6,0,0,0,0,0,0,6,6,0,0,0,0,0,3,6,6,3,0,0,0,0,0,6,6,3,0,0,0,0,8,6,6,0,0,0,0,0,0,6,6,0,0,0,0,0,0,6,6,0,0,0,0,0,0,6,6,0,0,0
5857_07ddf8fc.jpg,Test,0,0,0,0,0,8,0,0,0,0,0,2,0,0,6,0,0,0,0,6,0,0,0,2,0,8,6,6,6,0,0,0,0,8,0,6,6,0,0,0,0,8,0,0,6,0,0,8,0,8,0,0,6,0,0,8,0,2,0,0,0,0,0,0
5858_651571ae.jpg,Test,0,0,0,0,0,0,10,8,0,0,0,0,0,0,10,8,0,2,2,6,0,8,0,0,2,2,2,0,8,8,8,0,2,0,0,4,0,8,8,0,1,5,0,0,0,4,4,0,0,5,10,0,0,0,0,0,0,0,7,2,0,7,7,0
5859_225699c0.jpg,Train,0,0,0,0,0,0,0,0,0,0,0,6,0,0,0,0,0,0,0,6,6,0,0,0,0,0,0,6,6,6,0,0,0,0,6,6,6,6,0,0,0,0,0,0,6,6,0,6,0,0,0,6,6,0,0,0,0,0,0,6,6,0,0,0
5860_32533b59.jpg,Train,0,0,0,6,6,0,0,0,0,0,2,6,0,0,0,0,0,0,0,6,6,0,0,0,0,0,0,6,6,0,0,0,0,0,6,6,6,0,8,0,0,0,2,6,6,0,0,0,0,0,0,6,0,0,0,0,0,0,0,0,6,0,0,0
5861_dbdda09b.jpg,Train,0,0,0,0,0,10,0,0,6,0,0,6,0,10,0,0,2,6,6,0,0,0,8,8,0,6,6,0,0,0,8,8,0,6,0,6,2,0,8,8,0,6,0,6,0,4,8,8,5,6,0,0,0,0,8,8,0,6,0,2,9,7,0,8
5862_384ffa3f.jpg,Test,6,0,0,0,0,0,0,0,0,0,0,0,0,0,0,0,0,8,6,8,0,0,0,0,0,0,6,6,6,8,8,8,0,0,6,8,6,0,0,8,0,8,6,2,6,6,0,8,0,0,6,2,6,6,0,0,0,0,6,0,2,10,0,0
5863_a3b9ecdd.jpg,Train,0,0,0,0,0,0,0,0,0,0,6,6,6,6,0,0,0,0,6,6,6,6,0,0,0,0,6,6,6,0,0,0,0,0,6,6,6,0,0,4,0,0,6,0,6,6,0,0,0,7,6,0,6,6,0,0,0,0,6,0,6,6,0,0
5864_fb17f2ad.jpg,Train,0,0,0,0,0,0,0,0,0,0,8,6,0,0,8,0,0,0,8,8,0,0,8,0,0,0,8,8,3,0,8,0,0,0,8,8,6,3,8,0,0,0,8,8,6,0,8,0,0,10,8,8,6,0,8,0,0,0,8,8,0,0,8,0
5865_acb3a8d1.jpg,Test,0,0,0,3,0,0,0,0,0,0,0,0,6,0,0,0,0,0,0,8,0,0,0,0,0,0,0,8,8,0,0,0,0,0,0,8,8,0,0,0,0,0,3,0,8,0,0,4,0,0,2,0,8,0,0,0,0,0,0,0,0,0,0,0
5866_17d3df93.jpg,Train,0,8,8,8,8,0,0,0,0,8,8,8,8,8,0,0,0,8,0,8,8,8,0,0,0,8,8,8,8,8,0,0,0,8,8,8,8,6,6,0,0,8,8,8,8,6,6,0,0,8,8,8,8,6,6,0,0,8,8,8,0,6,6,0
5867_13061c68.jpg,Test,8,0,0,0,0,0,0,0,0,0,0,0,0,0,0,0,0,0,0,0,8,0,0,0,0,0,0,8,8,0,0,0,0,5,2,8,0,3,0,0,0,0,2,8,2,2,2,0,0,0,8,0,8,0,0,0,0,0,8,0,0,0,0,0
5868_7e8be6b3.jpg,Test,0,0,0,0,0,0,0,0,0,0,0,0,8,0,0,0,0,0,0,0,8,0,0,0,0,0,0,8,8,0,0,0,8,0,0,8,8,0,0,0,0,0,0,6,0,0,0,0,0,0,2,6,0,0,0,0,0,0,0,6,0,0,0,0
5869_aee55ebd.jpg,Train,8,8,8,0,0,0,0,0,8,8,8,0,8,0,0,0,8,8,8,8,8,8,8,8,8,8,8,8,8,8,8,8,8,8,8,8,8,8,8,8,8,8,8,8,8,8,8,8,8,8,8,8,8,8,8,8,8,8,8,8,8,8,8,8
5870_0b54d7c6.jpg,Test,0,0,0,3,0,0,0,0,0,0,0,0,0,0,0,0,0,0,0,0,8,0,0,0,0,0,0,0,8,6,0,0,0,0,0,2,8,6,0,0,0,0,0,7,2,0,0,0,0,0,0,7,2,0,0,0,0,0,0,0,0,0,0,0
5871_2df8d8db.jpg,Train,0,0,0,0,6,0,0,0,0,0,0,0,0,0,0,0,0,0,0,8,8,0,0,0,8,8,0,8,6,0,0,0,8,8,0,8,6,0,0,8,8,8,0,8,6,0,0,8,8,8,0,8,6,6,0,0,0,0,0,8,8,0,0,0
5872_5ff2d891.jpg,Train,0,0,0,0,0,0,0,0,6,6,6,6,8,8,8,6,6,6,6,6,8,8,2,6,6,6,6,6,8,8,6,9,6,6,6,6,8,8,6,6,6,6,6,6,8,0,6,6,6,0,6,2,6,0,6,6,0,0,0,6,0,0,6,0
5873_d5bcaf91.jpg,Train,0,0,0,6,6,0,0,0,0,0,6,6,6,0,0,0,8,8,6,6,6,0,3,6,8,8,6,6,0,8,0,6,8,8,6,6,6,0,0,6,0,8,6,6,6,0,8,8,8,2,6,6,0,0,0,8,0,0,6,0,0,0,0,0
5874_d3e02a33.jpg,Train,0,0,0,0,0,0,0,0,0,0,0,0,0,6,0,0,0,0,0,0,0,0,0,0,0,0,0,8,8,3,0,0,0,0,8,8,8,0,8,0,0,0,8,8,8,0,0,0,0,0,8,8,8,0,0,0,0,3,8,8,8,0,0,0
5875_e77b3ce7.jpg,Train,0,0,0,0,0,0,0,0,0,0,8,8,0,8,0,0,0,0,8,8,8,8,0,0,0,0,8,8,8,0,0,0,0,0,8,8,8,8,0,0,0,0,8,8,8,8,0,0,0,0,8,8,8,0,0,0,0,0,8,0,0,0,0,0
5876_edd0cbf1.jpg,Test,0,0,0,0,0,0,0,0,0,0,0,0,0,3,0,0,0,0,0,0,6,0,6,0,8,8,0,0,6,0,0,0,0,6,6,6,6,0,0,0,8,8,0,2,2,0,0,0,0,8,0,2,2,0,0,0,0,0,0,0,0,0,0,0
5877_8f39755c.jpg,Train,0,0,0,0,0,0,0,6,0,0,0,0,1,0,0,0,0,0,8,8,8,0,0,0,0,0,8,8,8,8,0,8,2,2,8,8,8,8,0,0,0,8,8,8,8,8,8,0,0,0,8,8,8,8,0,8,0,2,8,8,0,0,0,0
5878_aeeea192.jpg,Test,0,0,0,0,0,0,0,0,6,0,3,0,3,0,0,0,0,0,0,0,8,0,0,0,0,0,0,8,8,0,0,0,0,0,0,8,8,0,0,0,3,0,0,8,8,3,0,0,0,0,0,7,0,0,0,0,0,0,0,0,0,0,0,0
5879_92268516.jpg,Train,0,10,0,0,0,0,10,0,0,9,6,0,0,0,10,0,8,0,6,6,6,6,0,8,8,0,6,6,6,6,8,8,8,0,6,6,6,6,4,8,8,0,6,6,6,6,4,8,8,5,2,9,0,2,7,8,0,7,7,0,0,0,0,0
5880_35603f9e.jpg,Train,0,0,0,0,0,0,0,0,0,0,0,0,0,6,0,0,0,0,0,0,0,0,0,0,0,0,0,8,8,8,0,0,0,0,0,8,8,8,0,0,0,1,0,8,8,8,0,0,0,0,0,8,8,8,4,0,0,0,0,0,0,0,0,0
5881_68bfb6a3.jpg,Test,0,0,0,0,0,0,0,0,8,8,0,0,0,0,0,0,8,0,0,0,0,0,0,0,0,0,2,8,0,0,0,0,0,0,0,8,8,6,0,6,0,0,0,8,8,0,8,0,0,0,2,8,8,6,0,0,0,0,0,8,0,6,0,0
5882_e44e0c40.jpg,Train,0,0,0,0,0,0,0,0,0,0,0,8,0,0,8,0,0,0,0,8,8,0,6,0,0,0,0,8,8,6,8,0,0,0,0,8,8,6,8,0,0,0,0,8,8,6,8,0,0,0,0,8,8,6,6,0,0,0,0,8,0,6,0,0
5883_8e6e3d98.jpg,Test,0,0,0,0,0,0,0,0,0,0,0,0,0,6,0,0,0,0,0,6,6,6,0,0,0,0,0,6,6,6,0,0,0,0,0,6,6,6,6,0,7,0,0,0,2,2,0,0,0,0,0,0,0,6,0,3,0,0,0,0,0,0,0,0
5884_bbcb449a.jpg,Train,0,0,0,0,0,0,0,0,0,8,0,8,0,0,0,0,0,0,0,8,8,0,0,0,0,0,0,8,8,0,0,0,0,0,0,8,8,0,0,2,0,8,8,8,8,0,0,0,0,0,0,8,8,8,0,0,0,0,0,0,0,0,0,0
5885_e51ba1b1.jpg,Train,0,0,0,0,0,0,0,0,0,0,0,0,0,0,6,0,0,0,0,3,0,0,0,0,0,0,8,8,0,8,0,0,0,0,8,8,0,8,8,0,3,0,8,8,8,8,8,0,2,0,8,8,0,8,8,0,0,0,0,0,0,8,8,0
5886_785fdfa6.jpg,Train,0,9,0,0,0,0,0,0,0,0,0,9,4,0,0,0,0,0,1,0,6,6,0,0,0,0,0,0,6,0,6,0,0,0,6,6,6,6,0,0,0,0,6,6,0,6,6,1,4,0,0,0,6,2,0,6,4,0,0,0,0,0,6,0
5887_e5e75fca.jpg,Train,0,6,0,0,0,0,0,0,6,6,6,6,6,0,0,6,0,6,6,6,6,6,6,6,0,6,6,6,6,6,6,6,6,6,6,6,6,0,6,6,6,6,6,6,6,6,6,6,6,6,6,6,6,6,6,6,6,6,6,0,6,6,6,6
5888_f6cd4163.jpg,Train,6,0,6,6,6,6,0,3,6,8,0,6,0,6,0,0,0,8,8,0,6,0,0,0,0,0,6,0,0,0,0,0,0,0,6,3,3,3,10,0,0,0,6,6,0,0,0,0,0,6,6,6,0,0,0,0,0,6,6,0,0,0,4,0
5889_bb55f0e3.jpg,Train,0,0,0,0,0,0,6,0,0,0,6,0,0,0,0,0,0,3,6,6,0,6,6,0,0,6,6,6,0,6,6,0,0,6,6,0,0,3,6,0,0,6,6,0,0,0,6,0,0,6,6,6,0,0,6,0,0,6,6,0,0,6,6,0
5890_78f7d2c9.jpg,Test,0,0,0,0,0,0,0,0,0,0,0,0,6,0,0,0,0,0,0,6,6,8,0,0,0,0,0,0,6,8,6,8,0,0,0,0,6,0,3,0,0,0,0,0,2,0,7,0,7,0,0,0,8,0,0,0,0,0,0,0,0,0,0,0
5891_d92177f8.jpg,Train,0,0,0,8,8,8,8,0,0,0,0,8,8,8,8,0,0,0,8,8,8,8,8,0,0,0,8,8,8,8,8,0,0,0,8,8,8,8,8,0,6,0,8,8,8,8,8,0,8,0,0,0,8,8,8,0,0,0,8,8,8,8,8,0
5892_d4f67c67.jpg,Train,0,0,0,0,0,0,0,0,0,0,0,0,0,0,0,0,0,0,2,8,0,0,0,0,0,0,0,8,0,0,0,0,0,0,0,8,0,0,0,0,0,0,0,8,0,10,0,0,0,0,0,8,0,0,10,0,0,0,0,8,0,0,0,0
5893_617b6292.jpg,Train,6,0,0,0,2,0,0,0,0,0,0,8,8,8,0,0,0,0,0,8,8,6,0,0,0,0,0,8,8,6,6,0,3,0,0,8,8,6,6,0,2,0,0,8,8,6,6,0,0,0,0,8,8,6,6,0,1,0,0,8,8,6,6,0
5894_25af401d.jpg,Train,0,0,0,0,0,0,0,0,0,0,6,0,6,6,0,0,6,0,0,0,0,0,0,0,0,6,0,6,6,6,6,6,6,6,6,6,6,6,6,6,6,6,6,6,6,6,6,6,6,6,6,6,6,6,6,6,0,0,0,0,0,0,6,6
5895_ccd76347.jpg,Train,0,0,0,0,0,0,0,0,0,0,0,6,0,0,8,8,8,8,8,0,8,8,8,6,8,8,8,8,8,0,8,8,8,8,8,8,0,8,8,8,8,8,8,8,8,8,8,8,8,8,8,8,8,8,8,8,8,8,8,8,8,8,8,8
5896_4ed06a4a.jpg,Train,0,0,0,0,0,0,4,0,0,9,0,0,8,0,9,0,0,4,0,0,8,8,0,0,0,0,0,0,8,8,0,0,1,0,0,4,8,8,8,9,1,1,6,6,6,8,6,6,0,6,6,0,2,0,6,6,4,0,0,0,0,0,0,0
5897_6752783f.jpg,Train,0,0,0,6,0,0,0,0,0,0,0,6,6,0,0,0,0,0,0,6,6,0,0,0,0,0,0,6,6,0,10,0,0,0,0,6,6,6,0,0,0,2,0,6,6,0,0,0,0,0,0,0,6,0,0,0,0,0,0,0,6,8,0,0
5898_10d1f26d.jpg,Train,0,0,0,0,0,0,0,0,0,0,0,0,0,7,0,0,9,9,0,0,8,8,0,0,9,7,0,0,8,8,0,0,0,7,7,0,8,8,1,0,9,7,6,0,0,6,0,0,0,9,0,6,0,0,0,6,4,0,0,0,0,0,0,0
5899_6f108cd9.jpg,Train,0,0,0,0,0,0,0,0,0,0,8,0,0,0,8,0,0,6,8,8,8,8,8,8,0,6,8,8,8,8,8,8,0,0,8,8,8,0,8,8,0,0,8,8,8,8,8,8,0,0,8,8,8,8,8,8,0,0,8,8,8,8,8,8
5900_9cc5a725.jpg,Train,0,0,0,0,0,0,0,0,0,0,0,8,8,0,0,0,8,0,8,8,8,8,0,0,0,3,8,8,8,8,0,0,0,0,8,8,8,8,0,0,0,0,0,8,8,8,0,0,0,0,8,8,8,8,0,0,0,0,8,8,8,0,0,0
5901_47b94077.jpg,Train,0,0,6,8,0,0,0,0,0,8,8,8,8,8,8,0,0,8,0,8,8,8,8,0,0,8,0,8,8,8,8,0,0,8,0,0,8,8,8,0,2,8,0,8,8,8,8,0,9,8,0,8,8,8,0,0,8,8,10,8,8,0,8,0
5902_c05c140b.jpg,Train,0,0,0,0,0,0,0,0,0,0,0,0,0,0,0,0,0,0,0,6,0,0,0,0,0,0,6,6,6,0,0,0,6,0,6,6,6,0,0,0,0,9,6,6,6,0,0,0,0,0,6,6,2,0,0,0,0,0,0,6,6,0,0,0
5903_5e089452.jpg,Test,0,0,0,0,6,6,6,6,0,0,0,0,0,0,0,0,0,0,0,0,6,0,0,0,0,0,0,0,6,0,8,0,0,0,0,0,6,6,8,0,0,0,0,0,6,6,8,0,0,0,0,2,4,0,0,0,0,0,0,0,0,0,0,0
5904_f5a62237.jpg,Train,0,0,0,0,1,0,0,0,0,0,0,6,0,0,0,0,0,0,0,8,8,0,0,8,0,0,0,8,8,0,0,8,0,0,0,8,8,0,8,8,0,0,0,0,8,0,8,8,0,0,0,8,8,0,8,8,0,0,0,8,0,0,0,0
5905_ecc25498.jpg,Test,0,0,0,6,0,0,6,0,0,0,7,0,0,0,0,0,0,0,7,0,0,0,0,0,0,0,8,8,5,6,0,0,0,8,8,8,2,2,0,0,0,8,8,8,6,6,0,0,0,8,8,8,6,6,0,0,0,8,8,8,6,0,0,0
5906_b58eae38.jpg,Test,0,0,0,0,0,0,0,0,0,0,2,0,0,0,0,0,0,0,6,0,0,0,0,0,0,0,6,6,0,0,0,0,0,0,6,6,0,8,0,0,0,0,6,6,0,8,8,0,0,0,0,0,0,0,0,0,0,0,0,0,0,8,0,0
5907_da033a8c.jpg,Train,0,0,0,3,0,6,0,0,0,0,6,6,8,0,0,0,0,6,6,6,6,0,0,0,0,6,6,6,6,0,0,0,0,0,6,6,6,4,0,0,0,0,6,0,6,0,0,0,0,0,0,0,6,0,0,0,0,0,0,6,6,0,0,0
5908_74c33ce0.jpg,Train,0,0,6,0,0,0,0,0,0,0,6,0,6,0,0,0,0,6,6,6,6,6,0,0,0,0,6,6,0,0,0,0,0,6,6,6,6,0,0,0,0,6,6,6,8,0,0,0,0,6,6,6,6,0,0,0,0,6,6,6,6,0,0,0
5909_4a143e48.jpg,Train,0,0,0,0,0,6,0,0,0,0,8,8,0,0,0,0,0,0,8,8,8,0,0,0,0,0,8,8,8,0,0,0,0,0,8,8,8,0,0,0,0,0,8,8,8,8,0,0,0,0,8,8,8,0,0,0,0,0,0,8,0,0,0,0
5910_8d4c6b80.jpg,Train,0,0,0,8,8,8,0,0,0,0,0,0,8,8,0,0,0,0,4,0,8,8,4,6,0,0,0,8,8,8,0,0,0,0,0,8,8,8,6,6,6,0,6,6,0,8,6,0,6,6,0,0,6,4,0,0,0,6,0,0,6,4,0,0
5911_989eb9d0.jpg,Train,0,0,0,0,0,0,0,0,0,0,0,8,8,1,0,0,0,0,0,8,8,0,0,0,0,0,0,8,8,0,0,8,0,0,0,8,8,0,0,0,0,0,0,8,8,10,0,0,0,0,0,8,8,0,6,0,0,0,0,0,0,0,0,0
5912_82aea5a5.jpg,Test,0,6,6,6,0,6,6,6,0,0,0,0,0,0,0,0,8,8,8,0,0,8,0,0,8,8,8,8,8,8,8,0,8,8,8,8,8,8,8,0,0,8,8,8,4,0,0,1,0,8,8,8,0,8,4,1,0,0,0,0,0,0,4,0
5913_e63fcd12.jpg,Train,0,0,0,6,6,0,0,0,0,0,0,6,6,0,0,0,0,0,0,6,6,0,6,0,0,0,0,6,6,6,0,0,8,0,0,6,6,0,0,0,0,0,6,6,6,0,0,0,0,0,0,6,6,0,0,0,0,0,0,6,6,0,0,0
5914_27078a91.jpg,Train,0,0,0,0,0,0,0,0,0,0,6,6,0,0,0,0,0,0,6,6,6,0,0,0,0,0,6,6,6,6,0,0,0,0,6,6,6,6,0,0,0,0,6,6,6,6,0,0,0,0,6,2,3,6,0,2,0,0,0,0,0,0,0,0
5915_0ad7d5d9.jpg,Train,6,0,0,0,6,0,6,0,6,0,0,0,6,6,0,0,0,0,6,6,6,6,0,0,6,0,6,6,6,6,6,0,6,0,6,6,6,6,0,0,0,0,6,6,0,0,6,0,0,0,6,6,0,3,0,0,0,0,6,6,0,6,0,0
5916_19c4be5c.jpg,Test,0,0,0,0,0,8,0,0,0,0,0,0,0,0,6,0,0,0,0,0,0,8,8,0,0,0,0,0,0,8,8,0,0,8,0,0,0,8,8,0,0,6,6,6,6,0,8,0,0,6,6,6,6,0,8,0,0,6,6,0,0,0,4,0
5917_df3fa06b.jpg,Train,0,0,0,0,0,0,0,0,0,0,0,0,8,8,8,0,0,3,0,0,8,8,8,0,0,0,0,0,8,8,8,0,3,0,3,0,0,8,8,0,0,0,0,0,8,8,8,0,0,0,0,0,9,8,8,0,0,0,0,0,8,0,8,0
5918_195f270f.jpg,Train,0,0,6,6,0,6,0,0,6,0,6,6,0,0,6,6,6,0,8,6,0,0,0,3,6,0,6,6,0,0,0,0,0,0,6,6,0,0,0,0,7,0,6,6,8,0,8,0,0,0,6,6,8,0,0,0,0,0,6,0,0,0,0,0
5919_81aab610.jpg,Train,0,0,0,0,0,0,0,0,9,0,0,0,0,0,0,0,1,0,2,0,0,9,8,0,0,0,0,0,0,3,0,0,3,0,2,0,6,6,6,0,0,0,0,6,6,6,6,0,9,0,0,6,6,6,0,0,0,0,0,0,6,6,6,1
5920_4593f0b3.jpg,Train,0,0,0,0,6,6,0,0,0,6,0,6,0,6,6,0,6,6,6,6,6,6,6,6,6,6,6,6,6,6,6,6,0,6,6,6,6,6,6,6,6,6,6,6,6,6,6,6,6,6,6,6,6,6,6,6,0,6,6,6,6,6,6,6
5921_f338448d.jpg,Train,0,0,0,0,0,0,0,0,0,0,0,8,8,8,0,0,0,3,0,8,8,8,0,0,8,0,3,8,8,8,0,0,0,0,0,8,8,8,0,0,0,10,0,8,8,0,0,0,0,10,10,8,8,8,0,0,0,0,0,8,8,0,0,0
5922_22164612.jpg,Train,0,0,0,0,0,0,0,0,0,0,0,8,8,0,0,0,0,0,0,8,8,0,0,0,0,0,0,8,8,0,0,0,0,0,6,8,8,0,0,0,0,0,6,0,8,0,0,0,0,0,6,0,8,0,0,0,0,0,0,0,0,0,0,0
5923_57fe5722.jpg,Train,0,0,0,0,0,0,0,0,0,0,0,0,0,0,0,0,0,0,0,0,8,8,0,0,0,0,0,0,8,8,0,0,0,0,0,0,8,8,0,0,0,0,0,8,8,8,0,0,0,0,0,0,8,8,0,0,0,0,0,0,0,0,0,0
5924_35b3191d.jpg,Train,0,0,0,0,0,0,0,0,0,6,6,6,6,6,0,0,0,6,0,6,6,6,0,0,0,6,6,6,6,6,0,0,0,6,6,6,6,6,0,0,0,6,6,6,6,6,0,0,0,6,6,6,6,6,0,7,0,6,0,0,0,6,0,0
5925_f5a518c0.jpg,Test,0,0,0,0,0,0,0,0,0,0,0,0,9,6,0,0,0,0,0,0,0,6,0,0,0,0,0,8,6,6,0,0,0,0,6,8,6,6,8,0,0,0,0,0,6,6,0,0,0,0,0,8,6,6,0,0,0,0,0,0,0,6,0,0
5926_cdbd07bd.jpg,Train,0,6,6,6,6,0,0,0,0,6,6,6,6,6,6,6,0,6,6,6,6,6,6,6,0,6,6,6,6,6,6,0,0,6,6,6,6,0,6,0,0,6,6,6,6,6,6,6,0,6,6,6,6,6,6,6,0,6,6,0,0,6,6,0
5927_6b2df0a9.jpg,Train,0,0,0,0,8,0,0,0,6,8,8,8,8,8,8,0,0,8,8,8,8,8,8,0,3,8,8,8,8,8,8,0,0,8,8,8,8,8,8,4,0,8,8,8,8,8,8,0,0,0,8,8,8,8,8,0,0,0,0,0,8,8,8,0
5928_76671391.jpg,Test,0,0,0,0,0,0,0,0,0,0,0,0,0,0,0,0,0,0,0,6,0,0,0,0,0,0,0,6,6,0,8,0,0,0,6,6,6,0,0,0,0,0,10,0,2,0,0,0,0,0,0,0,2,0,0,0,0,0,0,0,0,0,0,0
5929_99dd3b9b.jpg,Test,0,0,0,0,0,0,0,0,0,0,0,3,0,9,0,0,0,0,0,0,8,8,0,0,0,0,0,0,8,8,0,0,0,0,0,0,8,8,0,0,3,3,0,0,8,6,3,0,0,0,0,0,0,0,2,0,0,0,0,0,0,0,0,0
5930_617b6292.jpg,Train,6,0,0,0,2,0,0,0,0,0,0,8,8,8,0,0,0,0,0,8,8,6,0,0,0,0,0,8,8,6,6,0,3,0,0,8,8,6,6,0,2,0,0,8,8,6,6,0,0,0,0,8,8,6,6,0,1,0,0,8,8,6,6,0
5931_c2bf06f6.jpg,Train,0,0,0,0,6,0,0,0,0,0,6,6,6,0,0,0,0,0,6,6,6,0,3,0,0,0,6,6,6,0,0,4,6,0,6,6,6,0,0,0,0,0,6,6,6,0,0,0,0,0,6,0,6,0,0,0,0,0,0,0,0,0,0,0
5932_7dbd459c.jpg,Train,0,0,0,0,0,8,0,0,0,8,8,8,8,8,8,8,0,8,8,8,8,0,8,8,0,8,8,8,8,8,8,8,0,8,8,8,8,8,8,8,8,8,8,8,8,8,8,8,0,8,8,8,8,8,8,8,0,8,8,8,8,8,8,8
5933_11b73088.jpg,Train,0,0,0,0,3,0,0,0,0,0,8,8,8,0,0,0,0,0,8,8,8,0,0,8,0,0,8,8,8,0,0,0,0,3,0,8,8,0,0,0,0,9,0,8,8,0,0,0,0,10,0,0,8,0,0,0,0,0,8,8,8,0,0,0
5934_3f06413e.jpg,Test,0,0,0,6,0,0,0,0,0,0,0,0,0,0,0,0,0,6,6,0,6,6,0,0,0,0,0,6,6,6,6,0,0,0,0,0,6,6,0,0,0,0,0,8,6,6,2,0,0,0,0,0,6,0,8,0,0,0,0,6,6,0,0,8
5935_5974e84e.jpg,Test,0,0,6,0,0,0,6,6,0,3,6,0,0,7,0,0,0,6,0,0,0,0,8,0,0,0,6,0,8,8,8,3,6,0,6,6,6,8,8,3,6,6,6,6,8,8,8,3,0,6,6,0,0,8,8,0,0,6,6,6,0,0,8,5
5936_de2edcad.jpg,Train,0,0,0,0,0,0,0,0,0,0,8,8,8,0,0,0,0,0,8,8,8,0,0,0,0,0,8,8,8,0,0,0,0,0,8,8,8,0,0,0,0,0,8,8,8,0,0,0,0,0,8,8,8,0,0,0,0,0,8,8,8,0,0,0
5937_178a035e.jpg,Train,0,0,0,0,0,0,0,0,8,0,8,0,0,0,0,0,0,6,8,8,8,8,0,0,6,0,8,8,8,8,0,0,0,0,8,8,8,8,0,0,0,0,8,8,8,8,0,0,0,0,8,8,8,8,0,0,0,0,8,8,8,8,0,0
5938_702bd049.jpg,Train,0,0,6,6,0,6,6,6,0,8,0,0,0,8,8,0,8,8,0,0,0,8,8,0,8,8,6,6,6,8,8,0,8,8,6,6,6,8,8,0,8,8,6,6,6,8,8,0,0,8,6,6,6,8,8,0,0,8,6,6,6,8,8,0
5939_cbb4363b.jpg,Train,0,0,8,8,8,8,8,0,0,0,8,8,8,8,8,0,0,0,8,8,8,8,8,0,0,0,8,8,8,8,8,0,0,0,8,8,8,8,8,0,0,0,8,8,8,8,8,0,0,0,8,8,8,8,8,0,0,0,8,8,8,8,0,0
5940_1d8472cb.jpg,Test,0,0,0,0,0,0,0,0,0,0,0,0,6,0,0,0,0,6,0,0,6,6,0,0,0,6,0,0,6,0,0,0,0,6,0,0,6,0,0,0,0,6,6,0,6,0,0,0,0,0,2,0,6,0,0,0,0,1,0,0,2,0,0,0
5941_69876323.jpg,Train,0,0,0,0,0,0,0,0,0,0,8,8,8,0,0,0,0,0,8,8,8,0,0,0,0,0,8,8,8,0,8,8,0,8,8,8,8,0,0,0,0,8,8,8,8,0,8,0,0,0,8,8,8,0,0,0,0,0,8,8,0,0,0,0
5942_12d79626.jpg,Train,0,3,0,0,0,0,0,0,0,0,0,6,0,0,3,0,0,0,0,0,0,0,0,0,5,0,0,0,8,3,6,0,0,0,0,8,8,0,0,0,0,0,0,8,8,0,0,0,0,0,0,8,8,0,0,0,0,1,1,8,8,0,0,0
5943_d751c710.jpg,Test,0,0,0,0,0,4,10,0,0,0,6,0,0,0,0,0,0,0,4,0,8,8,4,6,0,0,0,0,8,8,8,0,0,0,0,4,8,8,6,6,0,0,6,6,6,0,6,6,9,6,6,0,6,8,0,0,0,0,0,0,0,8,0,0
5944_e0b26831.jpg,Train,0,0,0,0,0,0,0,0,3,3,0,0,0,0,0,3,0,0,0,0,0,0,0,0,0,0,0,0,0,0,0,0,3,5,0,0,0,0,0,0,0,0,0,0,6,6,6,0,0,1,1,1,1,0,0,0,0,0,1,1,1,0,0,0
5945_33f2159b.jpg,Train,0,0,0,0,0,0,6,6,0,6,6,0,0,6,6,3,6,6,6,6,6,6,6,0,0,6,6,6,0,6,6,6,3,6,6,6,6,6,6,6,0,6,6,2,6,6,6,0,0,6,6,6,6,6,6,0,0,6,6,6,6,6,6,0
5946_c1774026.jpg,Test,0,0,0,0,9,0,0,0,0,6,0,0,4,6,1,0,0,9,9,0,8,8,0,0,7,9,9,0,8,8,0,10,4,7,9,6,0,9,0,0,4,6,6,0,6,6,0,0,4,6,0,0,2,0,0,0,0,0,0,0,8,0,0,0
5947_22e9feda.jpg,Train,0,0,0,0,0,0,0,0,0,0,0,3,0,0,0,6,0,6,3,0,6,0,0,0,0,0,8,0,6,0,0,0,0,0,8,6,6,0,0,0,0,0,8,6,6,0,0,0,0,0,8,0,6,0,0,0,0,0,8,6,6,0,0,0
5948_cf54f232.jpg,Train,0,6,0,0,0,0,0,0,0,0,8,8,0,0,0,0,0,0,0,8,0,0,0,0,0,0,8,8,0,0,0,0,0,0,8,8,0,0,8,0,0,0,8,8,0,0,0,0,0,2,8,8,0,0,0,0,0,0,8,0,0,0,0,0
5949_476586d6.jpg,Train,6,6,6,6,6,6,0,6,0,10,0,3,3,0,0,0,0,0,0,0,0,10,0,0,8,0,0,6,6,4,8,0,8,8,6,6,6,4,8,0,8,8,6,6,6,8,8,5,8,8,6,6,6,4,8,0,6,0,7,2,2,0,0,0
5950_c7e44ee3.jpg,Train,0,0,0,0,0,0,0,0,0,0,8,8,8,8,0,0,0,0,8,8,8,8,8,0,0,0,8,8,8,8,8,0,0,0,8,8,0,8,8,0,0,0,8,8,8,8,8,0,0,0,8,8,8,8,8,0,0,0,8,8,8,8,0,0
5951_4114b9f3.jpg,Train,0,0,9,9,9,0,3,3,0,9,9,9,9,9,9,9,0,0,9,0,9,9,3,9,9,9,9,9,9,9,9,9,9,9,9,9,9,9,9,9,9,9,9,9,9,9,9,9,9,9,9,9,9,9,9,9,0,0,0,0,9,9,0,0
5952_3453d5cd.jpg,Test,0,0,0,0,0,0,0,0,0,0,0,0,0,0,0,0,0,0,0,5,2,0,0,0,0,0,0,5,2,0,0,0,0,2,0,5,5,0,0,0,0,0,0,5,5,5,5,5,0,0,0,5,0,0,0,0,0,0,0,0,0,0,0,0
5953_9e19ae04.jpg,Test,0,0,0,0,0,0,0,0,0,0,0,3,0,2,3,0,0,9,3,9,3,0,0,0,0,0,6,0,3,5,5,0,0,9,5,9,0,5,5,0,0,9,5,9,9,5,9,9,0,9,5,0,9,5,5,9,0,9,5,9,9,5,5,9
5954_cb896684.jpg,Train,0,0,0,0,0,0,0,0,0,2,0,6,0,0,0,0,0,0,0,5,0,0,0,0,0,0,0,6,5,6,0,0,0,0,0,0,5,6,0,0,0,0,0,6,5,6,5,0,0,0,0,6,0,6,6,0,0,0,0,0,0,0,0,0
5955_772bd807.jpg,Train,0,0,0,0,0,6,6,0,0,0,0,0,0,6,6,0,0,0,0,6,0,5,2,0,10,0,0,0,6,5,5,3,0,0,0,0,6,6,5,0,10,0,6,6,6,6,6,6,10,0,6,6,6,6,6,6,0,0,6,6,6,0,0,0
5956_052ea422.jpg,Train,0,0,0,0,0,0,2,0,0,0,0,0,0,0,0,0,0,0,0,0,9,9,2,2,0,0,0,9,9,9,0,0,0,0,0,9,9,9,0,0,0,0,0,9,9,9,0,0,0,0,0,9,9,9,0,0,0,0,0,9,9,0,0,0
5957_69fc3e08.jpg,Train,0,0,0,0,0,0,0,0,0,0,0,0,9,9,0,0,9,9,0,0,9,9,2,0,9,9,0,0,9,9,2,2,9,9,0,2,9,2,2,0,9,9,2,0,9,9,8,0,0,9,0,0,9,9,2,0,9,0,0,0,9,9,0,0
5958_9a23d607.jpg,Train,0,5,0,5,0,0,0,0,9,5,0,9,5,5,5,5,9,5,9,9,5,5,5,5,9,5,9,0,5,5,5,5,7,5,5,9,5,5,0,0,0,5,5,5,5,0,0,0,9,5,5,0,0,0,0,0,0,0,0,0,0,0,0,0
5959_3c220b8e.jpg,Train,0,0,0,0,0,0,0,0,9,9,9,9,9,9,9,9,9,9,9,9,9,9,9,9,9,9,9,9,9,9,9,9,9,9,9,9,9,9,9,9,9,9,9,9,9,9,9,7,9,9,9,9,9,9,9,9,9,7,9,9,9,9,9,9
5960_78eab370.jpg,Train,0,0,0,0,0,0,0,0,0,9,0,9,9,0,5,9,0,9,9,9,9,5,5,0,0,9,9,9,9,5,5,9,0,9,9,9,9,5,5,9,0,9,9,9,9,5,5,9,3,9,9,9,0,0,5,9,0,0,0,2,0,0,0,0
5961_23767119.jpg,Test,0,0,0,0,0,0,0,0,0,0,0,0,0,0,0,0,0,0,0,3,0,9,3,0,3,0,5,5,9,2,5,2,5,5,5,5,5,5,5,5,0,5,5,5,5,5,0,5,0,5,5,5,5,5,5,5,0,5,5,5,5,5,5,5
5962_ca859e27.jpg,Train,0,0,5,0,0,0,0,0,0,5,5,0,0,0,0,0,0,5,5,0,9,9,0,0,0,5,5,2,9,9,0,0,0,5,5,0,9,9,0,0,0,5,5,0,9,0,0,2,0,5,5,0,9,9,0,2,0,5,5,0,9,9,0,0
5963_5b22c87e.jpg,Train,0,0,0,5,5,0,0,0,0,0,0,5,5,0,0,0,0,0,0,5,5,0,0,0,0,0,0,5,5,0,0,0,0,0,0,5,5,0,0,0,0,0,0,5,5,0,0,0,0,0,0,5,5,0,0,0,0,0,0,5,5,0,0,0
5964_2ed417e1.jpg,Train,0,0,0,0,0,0,0,0,0,0,0,9,0,0,0,2,0,0,9,9,9,0,0,0,0,0,0,9,0,0,0,0,0,0,9,9,9,0,0,0,0,0,9,9,0,0,0,0,0,0,9,9,9,0,0,0,0,0,0,9,9,0,0,0
5965_cb549988.jpg,Train,0,0,0,0,9,0,0,0,0,0,0,0,0,2,0,0,0,0,0,0,0,0,0,7,0,0,0,0,0,0,9,0,1,0,0,0,0,0,0,2,1,0,0,0,0,0,0,0,0,0,4,0,10,0,0,0,1,7,9,7,0,0,0,0
5966_fdbacc57.jpg,Test,10,0,0,0,10,0,0,0,0,7,0,10,10,0,0,0,0,0,0,0,0,0,0,0,0,0,0,0,0,0,2,0,0,0,0,0,3,3,0,10,10,0,0,0,9,0,0,0,10,10,10,0,9,9,3,0,0,10,0,9,7,7,0,0
5967_286fa2ba.jpg,Train,0,0,0,0,9,0,0,0,0,0,0,9,9,2,0,0,0,0,0,9,9,0,0,0,0,0,8,9,9,0,0,0,0,0,9,9,9,9,0,0,0,0,0,9,9,9,0,0,0,1,0,9,9,9,0,0,0,9,9,9,9,9,0,0
5968_e6191184.jpg,Train,0,6,3,0,0,0,0,0,0,0,0,0,6,6,6,0,0,3,6,5,0,6,0,0,6,6,0,0,5,6,6,0,5,0,5,5,6,6,0,0,0,0,5,2,0,0,0,5,6,6,0,6,0,6,0,6,5,5,5,6,6,6,6,6
5969_2ca539aa.jpg,Train,0,0,0,0,0,9,0,0,0,0,5,9,9,9,0,0,0,0,5,9,9,9,0,0,0,0,5,9,9,9,0,0,0,0,5,9,0,9,0,9,0,0,5,9,9,9,0,9,0,0,5,9,9,9,0,9,0,0,0,9,9,9,0,0
5970_259ee2a0.jpg,Train,0,0,0,0,0,0,0,0,5,5,5,0,0,5,5,0,0,5,5,5,5,5,5,0,5,5,5,5,5,5,5,0,0,5,0,5,5,5,5,6,0,5,5,5,5,5,5,0,0,5,5,5,5,5,5,0,0,5,5,5,5,5,2,0
5971_326885ee.jpg,Train,0,5,5,0,0,0,0,0,0,5,5,5,5,5,0,0,2,5,5,5,5,5,0,0,0,5,5,5,5,5,0,0,0,5,5,5,5,5,0,0,2,5,5,5,5,5,0,0,0,5,5,5,5,5,0,0,0,5,5,0,5,0,0,8
5972_c5e9e2c4.jpg,Test,0,0,0,0,0,0,0,0,0,9,5,0,0,0,3,0,0,9,0,0,2,5,3,0,0,0,0,0,5,5,0,0,0,9,0,0,5,3,0,0,2,9,0,3,5,0,0,0,6,9,1,0,0,0,0,0,0,0,0,0,0,0,0,0
5973_6cb990e2.jpg,Train,0,0,0,0,0,0,0,0,0,0,9,0,9,0,0,0,0,5,9,9,9,0,0,0,0,5,9,9,9,0,0,0,5,5,9,9,9,0,0,0,0,5,9,9,9,0,0,0,0,5,9,9,9,0,0,0,0,0,0,4,0,0,0,0
5974_ebf59da9.jpg,Test,0,0,0,0,0,0,0,0,0,0,0,0,0,0,0,0,0,2,5,5,0,0,0,0,0,0,5,5,0,0,0,0,0,5,5,5,3,3,0,0,0,5,0,0,0,0,0,0,0,6,0,0,0,0,0,0,0,0,0,0,0,0,0,0
5975_36a3bba3.jpg,Train,9,9,9,0,0,0,0,0,9,9,9,9,9,9,9,0,9,9,9,9,9,9,9,0,9,9,9,9,9,9,9,0,9,9,9,9,9,0,0,0,9,9,7,9,7,9,9,0,9,9,9,9,9,9,9,0,0,0,0,9,9,0,0,0
5976_59365cb7.jpg,Train,0,0,0,9,9,0,0,0,0,0,9,9,9,9,0,0,0,0,9,9,9,9,0,0,0,0,9,9,9,9,0,0,0,0,9,9,7,0,0,0,0,0,9,9,0,9,2,0,0,0,9,1,0,9,0,0,0,0,9,9,9,0,0,0
5977_6fbcf375.jpg,Train,0,0,5,0,0,0,0,0,0,0,5,5,9,9,9,0,0,0,5,5,9,9,9,0,8,0,5,5,9,9,9,0,0,5,5,5,9,9,9,0,0,0,5,5,9,9,9,0,0,0,5,5,9,9,9,0,0,0,5,5,0,9,9,0
5978_8ff01e23.jpg,Train,0,0,0,5,5,5,0,0,0,9,9,9,5,5,5,0,0,9,9,5,5,5,5,0,0,2,9,9,5,5,5,0,0,9,9,9,5,5,5,0,0,9,9,9,5,0,5,0,0,9,9,9,5,5,5,0,10,9,9,5,5,5,5,0
5979_b7994ce4.jpg,Train,0,0,9,0,9,9,0,0,0,9,9,9,9,9,0,0,0,9,9,9,9,9,0,0,0,9,9,0,9,9,0,0,0,9,9,9,9,9,0,0,0,9,9,9,9,0,0,0,0,9,9,9,9,9,0,0,0,9,9,0,0,9,0,0
5980_510c2864.jpg,Train,0,0,0,0,0,0,0,0,0,0,9,9,9,9,0,0,0,0,9,9,9,9,2,0,0,0,9,9,9,9,0,0,0,0,9,9,9,9,0,0,0,0,9,9,9,9,0,0,0,0,9,9,0,9,0,0,0,0,0,0,0,0,0,0
5981_0f8a6272.jpg,Train,0,0,5,5,5,0,0,0,0,5,5,5,5,0,0,0,0,0,5,5,5,0,0,0,0,5,5,5,5,0,0,0,0,5,5,5,5,0,0,0,0,5,5,5,0,0,0,0,0,5,5,5,5,0,0,0,0,0,5,5,5,0,0,0
5982_f4073a3f.jpg,Test,0,0,0,0,0,0,0,0,0,0,0,10,6,0,0,0,0,0,3,0,0,0,0,0,0,0,0,0,2,0,0,0,0,0,2,3,10,0,0,0,0,0,3,3,0,0,0,0,0,0,0,3,0,0,0,0,0,2,3,9,0,0,0,0
5983_f87bdf42.jpg,Train,6,0,0,0,0,0,0,6,0,5,0,0,0,0,0,10,6,6,0,0,0,0,0,0,6,6,0,0,0,0,6,0,0,0,0,0,0,0,6,0,0,0,0,0,2,0,7,7,0,0,0,0,0,0,7,7,7,0,0,0,0,0,0,7
5984_12d0672e.jpg,Train,0,0,0,0,0,0,0,0,0,9,0,5,5,5,5,5,0,5,5,5,5,5,5,5,0,5,5,5,5,5,5,0,0,5,5,5,5,5,5,5,0,5,5,0,5,5,5,5,0,5,5,0,5,5,5,0,0,5,5,0,5,5,5,5
5985_826e1e60.jpg,Train,0,0,0,0,0,0,0,0,0,0,9,9,0,0,0,0,0,0,9,9,0,0,0,0,0,0,0,9,0,0,0,0,0,0,9,9,0,0,0,0,0,0,9,9,0,0,0,0,0,0,9,9,0,0,0,0,0,0,9,9,0,0,0,0
5986_9b3b89b0.jpg,Train,10,0,0,9,9,10,0,10,0,0,0,9,9,0,0,0,2,0,3,9,9,0,3,3,2,0,3,9,9,0,10,0,0,3,0,0,9,0,0,0,0,3,0,9,9,0,0,0,0,2,0,0,0,0,0,0,0,0,6,6,0,0,0,0
5987_2548f8dd.jpg,Train,0,0,0,10,9,9,9,10,0,0,0,0,9,9,9,0,0,0,0,0,9,9,9,0,0,2,0,5,9,9,9,0,10,0,0,0,9,9,9,10,10,0,2,0,9,9,9,10,0,6,0,6,9,9,9,0,0,0,0,0,9,9,9,10
5988_3ea6b668.jpg,Train,0,0,0,0,9,9,0,0,0,6,0,0,9,0,0,0,0,0,6,3,9,9,0,0,0,0,5,6,9,9,0,0,0,2,5,0,9,9,0,0,0,6,6,6,9,9,0,0,0,0,5,6,9,9,0,0,0,0,5,0,9,9,0,0
5989_0a5e1d1c.jpg,Test,0,0,0,0,0,0,0,0,0,0,3,5,0,0,0,0,0,0,0,5,0,0,0,0,0,0,0,5,0,0,0,2,0,0,0,5,0,0,0,6,0,0,0,5,0,0,0,0,0,0,0,5,0,0,0,0,0,0,0,0,0,0,0,0
5990_03aebfa1.jpg,Train,0,0,0,0,0,0,0,0,9,9,9,0,0,0,0,0,9,9,9,0,0,0,0,0,9,0,9,5,5,5,0,0,9,9,9,5,5,5,5,0,0,9,0,5,5,5,5,0,9,9,9,0,0,0,0,0,0,0,0,0,0,0,0,0
5991_21784af1.jpg,Test,0,0,0,0,0,0,0,0,0,0,0,3,0,3,9,0,0,0,9,9,0,0,9,0,0,0,3,0,0,9,9,0,0,9,9,0,0,9,0,0,0,9,9,9,9,9,9,0,0,9,9,9,2,7,9,0,0,9,7,9,0,7,9,0
5992_ceef38bc.jpg,Train,0,10,0,0,0,5,0,0,0,0,0,0,0,5,5,10,0,0,0,2,0,5,5,0,0,10,0,9,7,5,5,0,0,0,9,7,7,5,5,0,0,0,6,6,0,5,5,0,0,0,0,0,0,0,5,0,0,0,0,0,0,0,0,2
5993_b0604d6c.jpg,Test,0,0,0,0,0,0,0,0,0,0,0,0,0,5,0,0,0,0,0,0,0,5,0,0,0,0,9,0,0,5,0,0,0,9,9,0,0,5,0,0,9,9,9,0,5,5,0,5,9,9,0,0,0,0,6,0,0,0,0,0,5,5,5,0
5994_f573cbf3.jpg,Train,0,0,0,0,0,0,2,9,0,0,0,9,9,5,9,9,9,9,9,9,9,0,9,9,9,9,9,9,9,5,9,9,9,9,9,9,9,0,9,9,9,9,9,9,9,2,9,9,9,9,9,9,9,0,9,9,9,9,9,9,9,10,9,9
5995_044b69e1.jpg,Train,0,0,0,0,0,0,0,0,0,0,9,9,9,0,3,0,0,0,9,9,9,0,0,0,0,0,9,9,9,0,0,0,0,0,9,9,9,0,0,0,0,0,9,0,9,0,0,0,0,0,9,9,9,0,0,0,0,0,9,9,9,0,0,0
5996_dbfae4c6.jpg,Train,0,0,0,0,0,9,0,0,0,9,9,9,9,9,9,9,0,9,9,9,9,9,9,9,9,9,9,9,9,9,9,9,9,9,9,9,9,9,9,9,9,9,9,9,9,9,7,9,9,9,9,9,9,9,9,9,9,9,9,9,9,9,9,9
5997_c2d4f357.jpg,Train,0,0,0,3,0,0,0,0,0,0,0,0,6,8,8,0,0,0,0,0,8,0,0,0,0,3,1,0,0,0,0,0,0,0,3,0,6,9,0,0,0,0,3,0,0,6,6,0,0,9,8,0,0,2,0,0,6,8,8,0,2,2,2,6
5998_d26a6889.jpg,Train,0,0,0,0,0,0,0,0,0,6,0,0,0,0,0,0,0,0,0,0,0,9,0,0,0,6,0,0,0,9,6,0,0,0,0,0,8,8,0,0,0,0,0,8,8,8,0,0,8,0,0,0,0,8,0,0,0,0,0,0,8,0,0,0
5999_99370d63.jpg,Test,0,0,0,0,0,0,0,0,0,0,0,0,0,0,0,0,0,0,0,0,0,0,0,0,0,0,0,0,0,0,7,7,0,0,0,9,0,0,0,0,0,0,0,0,0,0,0,0,0,0,0,0,0,0,0,0,0,0,0,0,0,0,0,0
6000_05266540.jpg,Train,0,0,0,0,0,0,0,0,0,5,5,0,0,9,9,0,0,5,0,0,0,9,9,0,0,5,0,0,0,9,9,0,0,5,0,0,0,9,9,0,0,5,5,0,0,0,9,0,0,5,5,4,8,9,9,4,0,5,5,0,0,9,9,0
6001_82178b8b.jpg,Test,0,0,8,0,8,0,0,0,0,0,8,8,8,8,0,0,0,3,8,0,8,4,0,0,8,0,0,0,8,4,0,0,0,0,0,4,4,7,0,0,0,0,8,4,4,7,0,7,8,0,0,0,4,0,7,7,0,0,8,0,0,0,0,0
6002_4cc3958d.jpg,Train,0,0,0,0,0,0,0,0,0,0,0,0,0,0,0,0,0,0,0,0,0,0,0,0,0,0,0,0,0,0,0,0,9,9,9,9,10,0,9,9,9,0,9,9,0,0,9,9,9,9,9,9,0,0,9,9,0,0,0,0,0,0,0,0
6003_563e6649.jpg,Train,0,0,0,0,0,0,0,0,0,0,5,3,5,5,5,0,5,9,5,0,5,5,5,0,5,5,5,5,5,5,5,0,5,5,5,0,5,5,5,0,5,5,5,5,5,5,5,0,5,5,5,0,5,0,5,0,0,2,5,0,5,5,5,0
6004_060889d0.jpg,Train,0,0,0,9,9,9,9,0,0,9,9,9,0,9,9,0,9,9,0,0,9,9,9,0,9,9,0,9,9,3,9,0,9,9,9,9,9,9,9,0,9,9,9,0,9,9,9,0,9,9,0,9,9,9,9,0,9,9,9,9,9,9,9,0
6005_dac39660.jpg,Test,0,0,10,0,0,0,0,6,0,0,0,0,0,0,0,0,6,3,0,0,0,5,3,2,0,0,10,0,2,0,0,0,0,0,3,9,0,0,6,2,0,3,0,6,0,6,6,2,6,0,2,0,0,6,0,0,0,10,0,0,0,2,0,0
6006_89e9377f.jpg,Test,0,0,0,0,0,0,0,0,0,0,0,0,0,3,0,0,0,0,0,0,0,9,0,0,0,0,9,0,0,9,9,0,0,5,2,9,0,0,9,0,0,3,9,7,0,7,9,0,1,3,9,9,9,9,9,9,9,0,0,9,0,0,0,0
6007_f5cdc204.jpg,Test,0,0,0,0,0,0,0,0,0,0,3,0,0,0,0,0,0,0,0,5,0,0,0,0,0,0,0,5,0,0,0,0,0,0,0,5,5,0,0,0,0,2,5,5,5,5,5,0,0,0,0,5,0,0,0,0,0,0,0,0,5,5,0,0
6008_973d1370.jpg,Train,0,0,0,0,0,0,0,0,0,0,0,0,0,0,0,0,5,0,5,0,0,0,9,9,9,5,5,5,5,0,9,9,5,5,5,0,0,0,9,9,5,5,5,5,5,0,9,9,5,0,5,5,0,2,9,9,0,5,5,5,0,5,9,5
6009_7715eef5.jpg,Train,0,0,0,0,0,0,0,0,3,0,0,0,0,0,0,0,0,0,0,0,0,0,0,0,0,0,9,0,0,0,0,0,0,0,9,0,0,0,0,0,2,0,9,9,9,0,0,5,0,0,9,0,0,0,5,5,1,0,9,9,0,0,5,5
6010_4d9718c4.jpg,Train,0,0,0,9,9,0,0,0,0,0,9,9,9,0,0,0,0,0,9,0,9,0,0,0,0,0,9,9,9,0,0,0,0,0,0,9,9,0,0,6,0,0,9,9,9,0,0,0,0,6,9,9,9,0,0,0,0,0,0,0,9,10,0,0
6011_e92f51da.jpg,Train,0,0,0,0,0,0,0,0,0,0,0,0,0,0,0,0,0,0,0,0,0,0,1,0,0,0,0,0,8,0,0,0,0,0,0,0,0,0,0,0,0,0,0,0,8,0,8,0,0,0,0,0,0,9,0,0,0,0,0,3,8,0,0,0
6012_ba6b47ac.jpg,Test,0,0,0,0,0,0,0,0,0,0,0,0,0,0,0,0,0,0,0,9,0,3,0,0,0,0,5,3,9,5,0,0,0,0,5,0,0,9,0,0,0,0,2,0,1,9,6,0,0,0,0,0,0,0,0,6,0,0,0,0,0,0,0,0
6013_dc3c03cb.jpg,Train,0,0,0,0,0,0,0,0,0,9,9,0,9,9,0,0,0,9,9,9,9,9,0,0,0,9,9,9,9,3,0,0,0,0,9,9,9,9,0,0,2,9,9,9,9,9,0,0,0,9,9,9,9,9,0,0,0,9,9,9,9,0,0,0
6014_771822e2.jpg,Test,0,0,0,0,0,0,0,0,0,6,0,0,0,0,0,0,0,0,5,0,10,0,0,0,0,0,5,0,10,0,0,6,0,3,5,5,3,0,0,0,0,0,5,5,10,2,3,0,0,0,5,0,0,0,0,0,0,0,0,0,0,0,0,0
6015_f4b5085d.jpg,Train,0,9,0,0,0,0,0,0,0,9,0,0,0,0,0,0,0,9,5,5,0,0,0,0,9,9,5,5,5,0,0,0,9,9,5,5,5,0,0,0,9,9,5,5,5,5,0,0,9,9,5,5,0,0,0,0,0,2,5,5,5,0,0,0
6016_33ac4574.jpg,Train,0,0,0,0,0,0,0,0,0,0,0,9,9,9,0,0,0,0,0,9,9,9,0,0,0,0,0,9,9,9,0,0,0,0,8,9,9,9,0,0,0,0,0,9,9,9,0,0,0,0,0,9,9,9,0,0,0,0,0,9,9,9,0,0
6017_75c87c67.jpg,Train,0,0,0,0,0,0,0,0,0,0,0,0,0,2,0,0,0,0,0,0,0,0,0,0,0,0,0,0,0,0,0,0,0,0,0,0,0,0,0,0,0,0,0,0,0,0,0,0,0,0,0,0,0,0,0,0,0,0,0,0,0,0,0,0
6018_ac138cef.jpg,Test,0,0,0,0,0,0,2,0,0,0,0,0,0,5,0,0,0,5,0,3,0,0,5,2,0,5,5,5,0,0,5,2,0,5,5,0,0,6,5,0,0,5,5,5,3,0,5,2,0,0,5,5,0,0,5,6,0,0,5,5,5,0,5,5
6019_63f141a5.jpg,Train,0,0,0,0,0,0,0,0,0,9,0,9,9,9,9,0,0,9,9,9,9,9,0,0,0,9,9,9,9,9,9,0,0,9,9,9,9,9,9,0,8,9,9,9,8,9,7,0,0,9,9,9,8,9,9,0,0,9,9,9,0,0,0,0
6020_dcf6c68c.jpg,Train,0,0,0,0,0,0,0,0,0,0,0,0,9,0,0,0,5,5,2,0,9,0,0,0,5,0,0,0,9,0,0,0,0,5,0,0,9,0,0,0,5,5,0,0,9,0,2,0,5,5,0,0,9,0,0,0,0,5,0,0,0,0,0,0
6021_527460fa.jpg,Test,0,0,0,0,0,0,0,0,0,0,0,0,0,8,0,0,2,3,9,0,5,5,0,0,2,3,9,3,5,0,3,0,0,9,9,9,5,2,9,0,0,9,9,0,3,5,9,0,0,0,2,9,3,5,0,0,0,7,0,0,0,1,0,0
6022_585da593.jpg,Test,0,0,0,0,0,0,0,0,0,0,3,0,0,0,0,0,0,0,0,0,0,0,0,0,0,0,0,0,0,0,0,0,0,0,0,0,0,6,0,6,0,0,0,0,0,0,0,0,0,0,0,0,0,2,0,0,0,0,0,3,0,0,0,6
6023_6cb8ca0d.jpg,Test,0,0,0,0,0,0,0,0,0,0,0,0,0,0,0,0,0,0,0,0,0,0,0,0,0,0,0,0,0,0,0,0,0,0,0,0,0,8,2,2,0,0,0,9,0,0,0,0,0,0,0,0,0,0,6,0,0,0,0,0,0,0,0,0
6024_9ec2ef79.jpg,Test,0,0,0,0,0,8,0,0,0,9,9,0,0,0,8,0,0,9,0,0,0,0,9,0,0,9,0,0,9,3,0,0,0,3,3,0,6,0,2,0,5,3,9,0,0,0,8,0,0,6,0,0,0,0,0,0,0,9,9,0,0,0,0,0
6025_9c73658c.jpg,Test,0,0,0,0,0,0,0,0,0,0,0,0,0,0,0,0,0,0,0,0,0,0,0,0,2,0,0,0,9,0,0,0,7,9,0,0,9,0,0,0,3,0,0,0,9,0,0,0,6,2,0,0,0,0,0,0,0,0,0,0,0,0,0,0
6026_999da2be.jpg,Train,0,0,0,0,0,0,0,0,0,0,0,0,9,0,0,0,0,0,0,0,9,0,0,0,0,0,0,0,9,0,0,0,0,0,0,0,9,0,0,0,0,0,0,0,9,0,0,0,0,0,0,0,9,0,0,0,0,0,0,0,9,0,0,0
6027_756ea32c.jpg,Train,0,0,0,0,0,0,0,0,9,9,9,0,0,0,0,0,9,9,9,0,0,0,9,9,9,9,9,0,0,0,9,9,9,9,9,0,0,0,9,9,9,9,0,0,0,0,9,9,9,9,9,0,0,0,9,9,0,9,9,0,0,0,9,9
6028_9c7c7e2c.jpg,Test,0,0,6,6,0,0,0,0,0,0,3,3,0,0,2,0,2,0,0,3,3,0,2,0,0,2,0,9,9,2,0,0,0,0,5,9,9,0,0,0,1,0,1,9,7,0,0,0,0,0,0,0,0,0,0,0,0,0,0,0,0,0,0,0
6029_d0bfbc72.jpg,Test,10,10,0,0,0,0,0,0,0,10,0,0,0,0,0,0,0,0,0,0,0,0,0,8,0,0,5,0,0,9,0,0,0,0,5,0,0,9,10,0,0,0,0,0,0,9,0,10,3,0,5,0,0,7,0,0,0,0,0,0,0,7,7,10
6030_a0442cda.jpg,Train,0,0,0,0,0,0,0,0,0,9,9,0,0,0,0,0,0,9,0,0,0,0,0,0,0,0,9,0,9,0,0,0,0,0,9,0,0,0,0,0,0,9,9,6,0,5,0,0,0,9,9,0,9,0,0,0,0,9,9,0,7,0,0,0
6031_b53f3414.jpg,Train,0,0,10,0,0,10,0,0,10,0,0,0,0,0,0,0,0,0,0,0,0,8,3,0,0,0,0,0,3,3,0,2,0,0,0,0,0,6,3,3,3,0,0,0,6,0,0,3,0,0,0,6,0,0,3,0,0,0,0,0,10,10,5,0
6032_1989e01e.jpg,Train,0,0,0,0,0,0,0,0,0,0,0,0,0,0,0,0,0,9,9,9,5,5,5,5,9,9,9,9,5,5,0,5,9,9,9,9,5,5,5,5,9,9,9,9,5,5,5,0,9,9,9,9,5,5,5,0,0,0,9,9,5,0,5,5
6033_f221442d.jpg,Test,0,0,0,0,0,0,0,0,0,0,9,0,0,0,0,0,0,0,9,0,0,0,0,0,0,0,9,0,0,0,0,0,0,0,2,9,0,0,0,0,0,0,2,9,0,0,0,0,0,0,0,0,0,0,0,0,0,0,0,2,0,0,0,0
6034_e10acac5.jpg,Train,0,0,0,0,0,0,0,0,0,0,0,0,0,3,0,0,0,0,9,9,9,9,0,0,0,0,9,9,9,5,0,0,0,0,9,9,9,9,0,0,0,0,9,9,9,9,0,0,0,0,9,9,9,9,0,0,2,0,0,9,9,0,0,0
6035_e672f96f.jpg,Train,0,0,0,0,9,9,0,0,0,0,0,0,9,9,0,0,0,0,0,0,9,9,0,0,0,0,0,0,9,9,0,0,0,0,0,0,9,9,0,0,0,0,8,0,9,9,8,0,0,0,0,0,9,9,0,0,0,1,0,0,9,0,0,0
6036_443ed16b.jpg,Train,0,0,3,0,0,0,0,0,0,0,3,9,0,0,0,0,0,0,5,9,9,0,0,0,0,5,0,9,9,0,0,0,0,5,5,9,9,0,0,0,0,5,5,9,9,0,0,0,0,5,5,0,9,0,0,0,0,0,0,0,0,0,0,0
6037_2f835753.jpg,Test,0,0,0,0,0,0,0,0,0,0,0,3,0,0,0,0,0,0,3,0,0,0,0,0,0,0,0,0,0,0,0,0,0,0,0,9,7,0,0,0,0,0,0,7,9,0,0,0,0,0,0,0,0,0,0,0,0,0,0,0,0,0,0,0
6038_1fc8774b.jpg,Train,0,3,0,0,0,5,0,0,0,3,0,0,0,0,0,0,0,0,0,0,0,3,0,0,0,0,4,0,0,0,0,0,0,0,0,0,0,0,0,0,6,6,0,0,0,0,0,0,0,6,0,0,0,0,0,0,0,0,0,0,3,0,0,0
6039_d2473d9b.jpg,Test,6,0,0,0,0,0,0,0,0,0,0,2,0,0,0,0,0,0,0,0,0,2,2,2,2,0,0,3,5,2,0,2,0,0,0,0,5,5,0,0,0,0,0,9,5,5,9,2,0,1,0,0,2,9,9,0,0,0,0,2,0,0,0,0
6040_65a5a999.jpg,Train,0,0,0,0,0,0,0,0,0,9,9,9,9,0,9,9,0,0,9,9,9,0,9,0,0,9,0,9,9,9,8,9,0,9,9,9,9,9,9,9,0,9,9,0,9,9,9,9,0,0,9,9,9,9,9,9,0,0,9,9,9,9,9,9
6041_076703b9.jpg,Test,0,0,0,0,0,0,0,0,0,0,0,0,0,0,0,0,0,5,0,0,9,9,9,0,5,0,9,0,9,9,9,0,9,0,9,9,9,0,9,9,9,9,9,7,0,9,0,0,9,9,9,9,9,7,7,9,0,0,0,0,0,0,0,0
6042_90bfe1cf.jpg,Test,0,0,0,0,0,0,0,0,0,0,0,3,0,0,0,0,0,0,0,0,0,0,0,0,0,0,0,9,0,0,0,0,0,0,0,9,0,0,0,0,0,0,0,9,9,0,5,0,0,0,0,0,0,0,0,0,0,0,0,0,0,0,0,0
6043_173ae2a6.jpg,Train,0,0,0,5,5,5,0,0,0,0,0,5,5,5,0,0,0,0,0,5,5,5,0,0,0,0,0,5,5,5,0,0,0,0,0,5,5,5,0,0,0,6,2,5,5,5,0,0,0,0,0,5,5,0,0,0,0,0,0,0,5,0,0,0
6044_b9516255.jpg,Train,0,0,0,5,5,5,5,0,0,0,0,5,5,5,5,0,0,0,0,5,5,5,5,0,0,0,0,5,5,5,5,0,0,0,0,5,5,5,5,0,0,2,2,5,5,5,5,0,0,0,0,5,5,5,5,0,0,5,0,5,5,5,5,0
6045_d72dd92c.jpg,Train,0,0,3,3,0,9,0,0,0,0,3,0,3,0,0,0,0,0,0,0,0,0,0,0,0,0,0,0,0,0,6,0,0,0,0,0,0,0,0,0,9,0,0,0,0,0,0,0,0,0,0,0,0,10,0,9,0,0,0,0,0,10,0,0
6046_14515b03.jpg,Train,0,0,0,3,0,0,0,0,0,0,0,3,0,0,0,0,0,0,0,3,5,0,0,0,0,0,0,0,0,0,8,0,0,0,6,0,3,5,0,0,0,0,0,5,0,3,0,0,3,0,0,0,2,0,8,2,0,0,0,0,0,0,0,0
6047_7189d121.jpg,Test,0,0,0,0,0,0,0,0,0,0,0,0,8,0,0,0,0,0,0,0,0,0,0,0,2,0,9,9,0,0,0,0,0,0,9,7,0,0,2,6,2,0,9,9,9,0,5,0,0,0,0,0,0,0,5,0,0,0,0,0,0,0,0,0
6048_34ebacc1.jpg,Train,0,0,0,0,0,0,0,0,0,0,0,0,0,0,0,0,0,9,0,0,9,9,9,9,9,9,9,9,9,9,9,9,9,9,0,9,9,9,9,9,9,9,9,9,9,9,9,9,9,9,9,9,9,9,9,9,0,9,9,9,9,0,9,0
6049_a49dde4c.jpg,Test,0,0,0,0,0,0,0,0,0,0,0,0,0,0,0,0,0,0,0,0,0,0,0,5,8,0,5,5,0,0,5,0,0,0,5,5,5,5,5,5,0,0,5,5,3,3,5,5,0,0,5,5,0,5,5,5,0,0,0,0,0,0,0,0
6050_5badc0e5.jpg,Test,0,0,0,0,3,0,0,0,0,0,0,0,0,0,0,0,0,9,0,0,0,9,0,0,3,5,0,0,5,0,0,0,0,0,0,0,9,0,0,0,5,5,0,0,9,9,0,0,0,2,2,0,0,0,0,0,5,5,0,0,0,9,0,0
6051_f950b504.jpg,Train,0,0,0,0,5,5,0,0,0,0,0,0,5,5,0,0,0,0,0,0,0,5,0,0,0,0,0,0,5,5,0,0,0,0,0,0,5,5,0,0,0,0,0,2,5,5,5,5,0,0,0,0,5,0,0,0,0,0,0,0,5,5,0,0
6052_4692dfe0.jpg,Train,0,0,0,0,0,5,0,0,0,0,3,9,5,5,0,0,0,0,0,9,5,5,0,0,0,0,0,9,5,5,0,0,0,0,0,0,3,0,0,0,0,0,0,9,5,5,0,0,0,0,2,9,0,0,0,0,0,0,0,9,0,0,0,0
6053_bd7c9855.jpg,Train,0,0,0,0,6,0,0,0,0,0,10,0,5,5,0,0,0,0,2,5,5,5,5,0,0,10,10,5,5,0,5,5,0,0,5,0,5,5,6,5,0,0,0,0,5,5,6,0,0,0,0,0,0,5,6,5,10,0,0,9,0,0,0,0
6054_8f1aedf5.jpg,Test,0,10,0,0,0,0,0,0,0,0,0,0,0,10,0,0,0,0,0,0,0,0,0,0,0,0,0,0,5,0,0,0,0,0,0,5,5,0,0,0,0,0,5,0,0,0,0,0,0,0,0,0,0,0,0,0,0,0,5,0,0,0,0,0
6055_12e121ec.jpg,Train,0,0,2,0,9,9,0,0,0,9,9,0,9,9,0,0,0,9,9,9,9,9,0,0,0,9,9,9,9,9,0,0,0,9,2,9,9,9,0,0,0,9,9,9,9,9,0,0,0,9,9,9,7,9,0,0,0,9,9,9,0,9,2,0
6056_37f518bd.jpg,Train,0,0,0,0,0,0,0,0,0,9,9,5,5,0,8,0,9,9,9,5,5,5,5,5,9,9,9,5,5,5,5,0,9,9,9,5,5,5,0,0,9,9,9,5,5,0,0,0,9,9,7,5,0,0,0,0,0,9,0,0,0,0,0,0
6057_f770fa54.jpg,Train,0,0,0,0,0,0,0,0,0,9,9,0,9,0,9,0,0,9,9,9,9,9,9,0,0,9,9,9,9,9,9,0,0,0,9,9,9,9,0,0,0,9,9,9,9,9,9,0,0,9,9,9,9,9,9,0,0,9,9,9,9,9,9,6
6058_f903f260.jpg,Train,0,9,9,5,5,5,5,0,0,9,9,5,0,5,5,0,0,9,9,5,5,5,5,0,0,9,9,5,5,5,5,0,0,0,9,5,5,0,5,0,2,9,9,5,5,5,5,0,0,9,9,5,5,5,5,0,0,9,9,0,5,5,0,0
6059_784a0460.jpg,Train,0,0,0,0,0,0,0,0,3,0,0,0,0,0,0,0,0,9,0,0,2,0,0,3,2,9,2,0,6,0,2,0,0,0,0,0,0,0,0,0,0,0,0,9,0,0,0,0,0,0,0,9,9,0,0,0,0,0,0,9,0,0,0,0
6060_7b1a8cd9.jpg,Train,0,0,0,0,0,0,0,0,0,5,5,0,5,9,0,0,0,5,5,5,9,9,9,0,0,0,5,5,9,9,2,0,0,8,5,5,9,9,0,0,0,5,5,5,0,9,0,2,0,5,5,5,9,9,0,0,0,5,5,5,9,7,0,0
6061_179fd757.jpg,Train,0,0,0,5,5,5,0,0,0,0,5,5,5,5,0,0,0,0,5,5,5,5,0,0,0,0,5,5,5,5,0,0,0,0,5,5,5,5,0,0,0,0,5,5,5,0,0,0,0,0,5,5,5,5,0,0,0,0,5,5,5,0,0,0
6062_778277e0.jpg,Train,0,0,0,0,0,0,0,0,0,0,0,0,0,0,0,8,0,0,0,0,0,0,0,0,0,0,0,0,10,5,0,0,0,0,0,0,0,6,0,0,0,0,0,0,5,0,0,0,0,0,0,0,0,0,0,0,0,0,0,0,0,0,0,0
6063_e45ff270.jpg,Test,0,0,0,0,0,0,0,0,0,0,0,0,0,0,0,0,0,0,0,0,0,0,3,0,0,0,5,0,0,0,0,0,0,0,2,0,0,9,0,0,0,8,8,9,2,9,0,0,0,2,2,2,7,0,9,0,0,0,0,0,0,0,0,0
6064_edeeeb90.jpg,Test,0,0,0,0,0,0,0,0,0,3,0,2,0,0,0,0,0,0,0,0,0,0,0,0,0,8,0,0,0,8,0,0,0,0,9,0,0,0,0,0,0,9,0,9,10,0,0,0,0,9,10,0,0,0,0,0,0,7,0,0,0,0,0,0
6065_b8720ef1.jpg,Test,10,0,0,0,10,0,0,0,0,0,9,9,0,0,9,10,0,0,7,0,0,6,5,0,0,7,7,7,2,5,5,3,0,7,7,7,0,2,5,5,0,7,2,6,0,2,6,0,0,9,2,6,6,2,5,6,0,10,0,0,0,0,0,6
6066_df023656.jpg,Train,0,5,0,0,5,0,5,0,0,5,0,0,0,5,5,0,0,5,5,5,5,5,5,0,0,5,5,5,5,5,5,0,0,5,5,5,0,5,5,0,0,5,5,5,5,5,5,0,0,5,5,5,5,5,5,0,0,5,5,5,5,5,5,0
6067_212ae4b4.jpg,Train,0,0,0,0,0,0,0,0,0,0,0,9,9,9,0,0,0,0,0,9,9,9,0,0,0,0,0,9,9,9,0,0,0,0,0,0,9,9,0,0,2,0,0,9,7,0,0,0,0,0,0,9,9,9,0,0,0,0,0,9,9,0,0,0
6068_6ada2d1c.jpg,Test,0,0,0,0,0,0,0,0,0,0,0,0,0,0,0,0,0,0,0,0,0,4,0,0,9,0,0,0,0,0,0,0,0,0,0,0,0,0,0,0,0,0,0,0,0,0,0,0,0,1,1,1,0,0,0,0,0,1,1,1,0,0,0,0
6069_67def057.jpg,Test,0,0,0,0,0,0,0,0,0,0,0,5,0,0,0,0,0,0,0,0,0,0,0,5,0,0,9,9,8,9,0,0,0,0,9,9,9,9,9,0,0,0,9,9,9,9,2,0,2,0,9,9,9,2,0,2,0,0,0,0,0,0,0,0
6070_7ee2dabe.jpg,Train,0,0,0,0,0,0,0,0,0,0,9,9,0,0,0,0,0,0,9,0,0,0,0,0,0,0,9,9,0,0,0,0,0,0,9,9,9,9,0,0,0,0,9,9,9,9,0,0,0,0,9,9,9,0,0,0,0,0,0,0,0,0,0,0
6071_ef5df037.jpg,Train,0,0,0,3,0,3,0,0,5,3,5,5,0,6,3,0,9,0,5,0,0,0,0,3,3,3,3,0,0,0,0,3,3,9,3,0,0,0,0,3,0,0,0,0,9,0,0,0,0,0,0,0,0,5,3,3,0,0,0,5,0,0,0,0
6072_ecaf11c1.jpg,Train,0,0,0,0,8,0,0,0,0,0,0,0,0,0,3,0,8,8,0,0,0,0,0,0,5,0,5,0,9,0,0,0,5,0,5,0,9,0,0,0,4,0,5,0,9,0,0,0,0,0,5,0,9,0,0,1,0,0,0,0,0,0,0,0
6073_90d23711.jpg,Train,0,5,5,5,5,0,0,0,5,5,5,5,0,0,0,0,5,5,5,5,5,0,0,0,5,5,5,5,5,0,0,0,5,0,5,5,5,0,0,0,5,5,5,5,5,0,0,0,5,0,5,5,5,0,0,0,0,0,5,5,5,0,0,0
6074_7ec64149.jpg,Test,0,0,0,0,0,0,0,0,0,0,0,0,0,0,0,0,0,0,0,6,0,0,0,0,0,0,0,6,0,0,0,0,0,0,3,6,0,3,0,0,0,0,6,6,0,6,0,0,0,0,0,0,6,6,0,0,0,0,0,0,0,0,0,0
6075_bd272f0d.jpg,Test,0,3,0,0,10,0,0,0,0,3,6,0,0,6,2,0,0,2,2,7,2,2,2,0,0,6,2,7,2,2,6,0,0,0,6,6,6,6,6,0,0,2,2,6,6,6,0,0,0,6,2,6,6,6,0,0,0,0,0,0,0,0,0,0
6076_24e1a5b5.jpg,Train,0,0,0,3,0,2,0,0,0,2,0,2,2,2,3,0,3,3,2,2,2,2,3,0,3,3,2,2,2,2,3,0,3,3,2,2,2,2,3,3,3,3,2,2,2,2,3,0,3,3,2,2,2,2,3,0,0,0,2,0,0,2,3,0
6077_5ab92262.jpg,Train,0,0,2,0,0,2,0,0,0,2,2,2,2,2,2,0,0,2,2,2,2,2,2,2,0,2,2,2,2,2,2,2,0,2,2,2,2,2,2,2,0,2,2,2,2,2,2,2,0,2,2,2,2,0,2,2,0,2,2,2,2,0,2,2
6078_57cfe7f2.jpg,Train,0,2,2,0,2,2,0,0,0,2,2,2,2,2,0,0,0,2,2,2,2,2,0,0,0,2,2,2,3,3,0,0,0,0,2,2,3,3,0,0,0,0,2,2,3,3,0,0,0,2,2,0,3,3,0,0,0,2,2,0,2,2,0,0
6079_59191e9e.jpg,Test,0,0,3,3,10,0,0,2,0,0,3,3,0,3,3,0,0,9,3,3,0,3,3,0,0,3,3,3,3,3,5,3,0,3,4,3,0,3,3,3,0,3,4,3,0,3,0,2,0,3,0,3,3,0,0,0,0,3,0,0,0,0,0,0
6080_e787a9ca.jpg,Train,0,0,0,0,0,6,2,0,0,0,2,3,6,2,2,0,0,3,3,3,3,3,2,2,3,5,3,3,3,3,3,0,3,3,3,3,3,3,3,0,3,3,3,3,3,3,3,0,3,3,3,3,3,3,3,0,3,3,3,0,3,3,0,0
6081_cab04c8f.jpg,Train,0,0,0,0,0,0,0,0,0,2,2,6,2,2,2,0,2,2,2,2,2,2,2,0,2,2,2,2,2,2,2,0,2,2,6,2,2,2,2,0,2,2,2,2,2,2,2,0,0,2,2,2,2,2,2,0,0,0,0,0,0,0,0,0
6082_56be2ed3.jpg,Test,7,0,4,0,0,0,0,0,0,0,4,0,1,0,0,0,0,0,1,4,0,3,3,4,7,4,0,0,0,0,3,0,0,7,1,6,0,3,3,6,0,0,6,0,6,6,5,6,0,0,0,6,6,6,3,6,4,0,0,0,0,0,3,0
6083_2cc0481e.jpg,Test,7,0,7,0,2,7,0,0,0,4,0,0,6,0,0,0,0,7,0,0,0,0,0,0,0,0,0,2,2,0,0,0,7,0,7,2,6,2,0,6,0,0,7,6,0,2,4,6,0,0,0,6,6,9,0,0,0,0,0,6,6,6,4,0
6084_d99a5b3f.jpg,Train,0,0,3,0,0,3,0,3,2,2,2,0,0,0,3,3,2,2,2,0,0,0,3,3,2,2,2,3,0,0,3,3,2,2,2,3,0,0,3,3,2,2,2,0,0,0,3,3,2,2,2,0,2,0,3,3,0,0,0,0,0,0,0,0
6085_d90e3e9d.jpg,Train,0,0,0,0,0,0,0,0,0,3,0,3,0,3,0,3,3,3,3,3,3,3,3,3,3,3,3,3,3,3,3,3,3,3,3,3,3,3,3,3,3,3,3,3,3,3,3,3,3,3,3,3,3,3,3,3,0,0,0,0,0,0,3,0
6086_a01dc72f.jpg,Train,0,0,0,0,0,0,0,0,0,0,0,2,2,0,0,0,0,0,0,2,2,2,0,0,0,0,0,2,2,2,0,0,0,0,0,2,2,2,0,0,0,0,0,2,2,2,0,0,0,0,1,2,2,2,0,0,0,0,0,2,2,2,0,0
6087_341d1c21.jpg,Train,0,0,0,0,0,0,0,0,0,0,0,0,0,0,0,0,0,0,0,0,0,0,0,0,0,0,0,2,0,2,2,0,3,3,3,2,2,2,2,0,2,0,0,2,2,2,2,0,6,2,0,2,2,2,2,0,0,0,0,2,2,6,0,0
6088_f9cf47a9.jpg,Train,0,0,0,3,0,0,0,3,0,0,0,0,3,0,0,0,3,3,3,3,3,0,0,0,3,0,3,3,3,3,0,0,0,0,3,3,3,0,0,0,6,0,3,3,3,0,0,0,6,0,3,3,3,0,0,0,0,0,0,0,0,0,0,0
6089_0bdbbf10.jpg,Train,0,0,0,0,0,0,0,0,0,0,0,0,0,0,0,0,0,0,0,2,2,0,0,0,0,0,2,2,2,0,3,0,0,0,2,2,0,0,0,0,0,0,2,2,2,0,0,0,0,0,2,2,2,0,0,0,0,0,0,0,0,0,0,0
6090_b83144a0.jpg,Train,0,0,0,0,0,0,3,0,0,0,0,3,3,3,3,0,0,0,0,3,3,3,3,0,3,0,0,3,3,3,0,0,0,0,3,3,3,3,3,0,0,3,0,3,3,6,3,0,0,0,0,3,3,3,3,3,0,0,0,3,3,3,0,0
6091_8eb14416.jpg,Train,0,0,0,0,0,0,10,0,0,0,0,0,3,3,0,0,0,0,2,2,3,3,0,0,0,0,2,3,3,3,0,0,0,0,2,2,3,3,0,0,6,0,0,6,3,3,0,0,2,0,0,3,3,3,0,0,0,0,0,0,0,0,0,0
6092_2bb3ac29.jpg,Train,0,0,0,0,3,0,0,0,0,0,3,3,0,0,0,0,3,0,3,3,0,0,0,0,3,0,3,3,0,0,0,0,0,0,3,3,7,0,0,0,0,0,3,3,0,0,0,0,0,0,3,3,0,0,0,0,0,0,3,3,0,0,0,8
6093_3a48c32e.jpg,Train,2,3,2,2,2,2,0,0,2,2,2,2,2,2,3,2,2,2,2,2,2,2,3,2,2,2,2,2,2,2,3,2,2,2,2,2,2,3,3,2,6,2,2,2,2,3,3,0,2,2,2,2,2,3,3,0,2,0,2,2,2,2,0,0
6094_96cccbb5.jpg,Test,0,0,0,0,0,2,0,0,0,0,0,0,0,0,0,0,2,2,2,2,2,7,2,0,0,2,2,2,2,2,0,0,2,2,0,2,9,0,0,0,0,2,2,2,2,2,0,0,2,2,2,2,2,2,0,0,2,2,2,2,2,2,0,0
6095_2fb7bb45.jpg,Train,0,0,0,0,0,0,0,0,0,0,3,3,3,3,0,0,0,3,3,3,3,3,3,0,0,3,3,3,3,3,3,0,0,3,3,3,3,3,3,0,0,3,3,3,3,3,5,0,0,5,3,3,3,3,3,0,0,3,3,3,3,0,0,0
6096_bd6934c6.jpg,Train,0,0,3,3,0,2,2,0,3,3,3,3,0,2,2,0,0,3,3,3,2,2,2,2,3,3,3,3,0,2,2,2,0,3,3,3,2,2,2,3,3,3,3,3,2,2,2,2,3,3,3,3,2,2,3,2,0,0,0,0,2,2,2,0
6097_b7515d68.jpg,Test,0,0,0,3,2,3,0,0,0,3,3,0,3,3,2,0,0,0,3,3,3,3,0,0,0,0,3,3,3,3,3,0,0,0,3,3,3,3,3,0,0,0,3,3,3,3,0,0,0,3,3,3,3,3,0,0,0,0,0,0,0,0,0,0
6098_12afe167.jpg,Test,0,2,3,0,0,0,0,0,0,2,2,2,0,6,0,0,0,2,2,2,2,2,2,0,0,3,2,2,2,2,2,0,0,2,2,2,6,2,0,0,0,2,6,2,2,2,0,0,0,0,3,2,2,2,0,0,0,0,0,0,0,0,0,0
6099_acf3386f.jpg,Train,0,0,0,0,0,0,0,2,0,0,0,2,2,0,0,0,0,0,3,2,2,0,0,0,3,0,0,2,2,2,0,0,3,0,0,2,2,2,0,0,2,0,0,2,2,2,0,0,2,0,0,2,2,2,0,0,0,0,0,0,2,0,0,0
6100_526dc435.jpg,Test,0,3,0,0,7,0,0,4,3,3,0,3,3,0,3,0,0,0,9,3,3,3,3,2,0,0,3,3,0,3,3,0,0,3,0,3,10,3,3,0,0,0,3,3,4,0,4,0,0,0,0,3,3,3,4,0,0,0,0,3,0,0,0,0
6101_b1c8db9d.jpg,Test,0,0,0,0,0,0,0,0,0,6,3,3,6,3,0,6,3,3,3,3,0,0,0,6,3,3,3,3,3,3,3,0,3,3,9,3,3,3,0,0,3,3,0,3,3,3,3,0,0,3,6,3,3,3,0,3,3,3,0,3,3,3,0,3
6102_d5c181eb.jpg,Train,0,0,0,0,0,0,0,0,0,0,0,0,0,0,0,0,0,0,0,0,2,2,0,0,0,3,0,0,2,2,0,0,0,3,0,0,0,2,0,0,3,3,0,0,0,2,0,6,3,3,0,0,0,2,0,0,3,3,0,0,2,2,0,0
6103_e89e9717.jpg,Train,10,0,0,0,0,0,0,0,10,0,0,0,0,0,0,0,0,0,0,2,2,0,0,0,0,0,2,2,2,0,0,0,0,5,2,2,2,0,0,0,0,0,2,2,2,2,0,0,0,0,2,0,2,0,0,0,0,0,0,0,0,0,0,0
6104_99e017c6.jpg,Test,0,0,0,0,0,0,0,0,0,0,0,0,0,0,3,0,3,0,0,2,2,7,10,3,0,7,0,7,6,9,7,0,2,6,2,2,6,2,0,0,0,6,0,6,2,6,0,8,0,2,0,0,8,8,8,0,0,0,0,0,8,2,0,0
6105_e6534804.jpg,Test,3,0,0,3,0,0,0,0,0,0,3,2,0,0,0,0,2,2,2,2,2,6,2,2,2,9,2,2,2,6,2,7,6,6,6,2,6,6,2,6,2,6,0,6,6,6,6,6,2,6,2,6,3,2,2,0,0,0,0,0,0,0,0,0
6106_9b7044b2.jpg,Test,0,0,0,2,0,0,0,0,3,0,0,3,3,0,0,3,0,0,3,3,3,0,0,0,0,3,0,3,3,3,0,0,0,0,0,3,3,0,0,0,0,0,0,3,0,8,0,0,0,0,3,0,0,0,0,0,0,0,0,0,0,8,0,0
6107_634b5023.jpg,Train,6,0,0,3,3,3,6,10,0,0,0,3,3,3,3,2,0,3,0,3,3,3,3,3,0,3,0,3,3,3,3,3,0,3,0,3,3,3,3,3,0,3,0,3,3,3,3,0,0,3,0,3,0,3,3,3,0,0,0,3,3,3,3,3
6108_7244dc09.jpg,Train,0,3,0,0,0,0,0,0,0,0,2,2,0,0,2,0,0,0,2,0,0,0,2,2,0,0,0,2,0,2,2,2,0,0,2,2,0,2,2,2,0,0,2,2,2,2,6,2,0,0,2,2,2,2,2,2,0,0,2,2,2,2,2,2
6109_8dfd526c.jpg,Train,0,0,0,0,0,3,3,3,0,1,4,3,3,0,3,3,0,0,0,3,3,3,3,3,0,0,0,3,3,3,3,3,0,0,0,3,3,3,3,3,3,6,0,3,3,3,3,3,6,0,0,3,3,3,3,3,0,7,0,3,0,3,3,3
6110_8cd52425.jpg,Train,2,2,2,0,2,2,0,2,2,0,2,2,2,2,0,0,0,2,2,2,2,2,0,0,2,2,2,0,2,2,0,0,2,2,2,0,6,2,0,0,2,2,2,0,2,2,0,0,2,2,2,0,2,2,0,0,0,2,0,0,2,2,0,0
6111_2c77d59f.jpg,Train,0,0,0,0,0,0,4,0,0,0,4,0,0,0,3,0,9,9,0,4,0,3,3,0,0,7,7,0,7,3,3,4,4,7,0,0,6,3,3,6,7,9,6,6,6,0,5,6,4,0,6,6,0,0,3,8,0,0,0,0,0,0,3,0
6112_b20a7e1c.jpg,Train,0,0,0,0,0,0,0,0,0,6,2,2,2,0,2,2,0,0,2,2,2,0,2,2,2,2,2,2,2,0,2,2,6,6,2,2,0,0,2,2,6,6,2,2,2,2,2,2,6,0,2,2,2,0,2,2,0,0,0,0,0,0,2,2
6113_3bcc3ef7.jpg,Test,0,0,0,0,0,0,0,0,2,0,3,2,2,0,0,0,0,0,3,0,2,0,0,0,0,0,3,3,2,8,2,0,0,0,3,3,2,0,2,3,0,0,3,0,2,0,6,0,0,0,1,0,0,0,0,0,0,0,0,0,0,0,0,0
6114_aa31d3ee.jpg,Train,0,0,0,0,0,0,0,0,0,4,6,1,0,3,0,0,0,0,0,6,0,3,3,3,7,3,0,0,0,3,3,3,0,3,6,6,6,3,3,3,9,0,0,6,0,0,3,0,0,0,0,0,0,6,3,3,0,0,0,0,6,3,3,3
6115_f1d2f887.jpg,Train,0,0,0,2,0,2,0,0,0,0,0,2,2,2,0,0,0,0,0,2,2,2,0,0,0,0,0,2,2,2,0,2,0,0,0,2,2,0,0,2,0,0,0,2,0,0,0,2,0,0,0,0,2,2,0,0,0,0,0,0,0,0,0,0
6116_d2e18ac1.jpg,Test,0,0,0,0,0,0,0,0,0,0,0,0,0,0,0,0,0,0,0,0,0,0,0,0,0,0,0,4,0,0,0,6,0,6,0,0,5,0,6,0,0,0,0,1,0,0,0,0,1,0,1,1,1,1,0,0,1,1,1,1,1,0,0,0
6117_fe81976a.jpg,Test,0,0,0,0,0,0,0,0,0,0,0,3,0,0,0,0,0,0,0,3,0,3,0,0,2,0,0,3,3,0,0,0,0,3,0,3,3,3,0,0,0,0,0,3,0,0,0,0,0,0,0,3,0,0,0,0,0,0,0,0,0,0,0,0
6118_e15550be.jpg,Train,0,0,3,0,3,0,0,0,0,3,3,3,3,3,3,3,3,3,3,3,3,3,3,3,3,3,3,3,3,3,3,3,3,3,3,3,3,3,3,3,3,3,3,3,3,3,3,3,3,3,3,3,3,3,3,3,0,3,0,3,3,3,0,0
6119_f30b418a.jpg,Test,0,0,0,0,0,6,0,0,0,0,0,8,0,2,0,0,0,0,0,3,3,0,2,0,0,0,0,3,3,0,2,0,0,0,0,3,3,6,0,0,0,0,0,0,3,2,2,0,0,0,0,3,3,2,8,0,0,0,0,0,0,0,0,0
6120_06d04287.jpg,Train,0,0,0,0,0,0,0,0,0,0,0,3,3,0,0,0,0,0,0,3,3,3,0,0,0,0,0,3,3,0,5,0,3,3,0,3,3,0,5,5,0,0,0,3,3,0,5,5,0,0,0,3,0,0,5,5,0,0,0,3,3,0,0,0
6121_72252b8f.jpg,Train,0,0,0,0,0,0,0,0,0,0,0,2,2,0,3,0,0,0,0,2,2,0,0,0,0,0,0,2,2,0,0,0,0,0,3,9,2,0,0,0,0,0,0,2,2,0,0,0,0,0,0,2,2,0,0,0,0,0,0,0,0,0,0,0
6122_32fcb572.jpg,Train,0,0,8,3,3,0,0,0,0,0,0,3,3,3,3,0,0,0,3,3,3,3,3,0,0,0,3,3,3,3,3,0,0,0,3,3,3,3,3,0,0,6,3,3,3,3,3,0,0,0,3,3,3,3,3,0,0,0,3,3,3,3,0,0
6123_ead09f82.jpg,Train,0,0,0,0,0,0,0,0,0,2,0,2,0,0,0,2,0,0,2,3,3,0,0,0,0,0,3,3,3,0,0,0,0,0,0,3,3,0,0,0,0,0,0,3,3,0,0,0,0,0,0,3,3,0,0,0,0,0,0,3,3,0,0,0
6124_761d5c43.jpg,Train,0,0,6,0,0,6,0,0,0,6,6,3,3,3,0,3,0,0,3,3,3,3,3,3,0,3,3,3,3,3,3,3,0,3,3,3,3,3,3,3,2,3,3,3,6,3,3,3,0,3,3,3,3,3,3,3,0,3,3,3,3,3,3,3
6125_fcd700b1.jpg,Train,0,0,0,0,3,0,0,0,0,3,3,3,0,3,3,3,0,3,3,3,3,3,3,0,3,3,3,3,3,3,3,0,0,3,3,3,3,3,3,0,0,3,3,3,3,3,3,0,0,3,3,3,3,3,3,0,0,0,3,3,3,3,0,0
6126_b8ea0deb.jpg,Train,5,5,5,5,0,0,0,0,0,0,2,0,0,5,6,6,0,0,0,3,0,0,0,0,0,0,0,3,3,3,2,2,2,0,3,3,3,3,2,2,2,6,6,3,3,3,0,2,0,0,0,0,3,5,2,2,0,0,0,0,2,3,2,2
6127_bfd9231d.jpg,Train,0,0,0,0,0,0,0,0,3,0,0,3,2,0,0,0,0,3,0,0,3,3,0,0,0,0,0,3,3,3,0,7,0,0,3,0,3,3,0,3,3,0,0,3,3,3,0,0,0,0,0,2,3,3,0,0,0,0,2,0,0,3,0,0
6128_c11d691b.jpg,Test,0,0,0,0,0,3,0,0,0,0,0,0,0,0,0,0,0,3,3,3,5,3,0,3,0,3,3,0,3,3,0,0,0,0,3,3,3,3,0,0,0,0,3,3,3,3,0,0,0,0,3,0,3,3,8,0,0,0,3,0,0,0,0,0
6129_bc45ba27.jpg,Test,0,0,0,0,0,0,0,0,0,0,2,0,10,0,0,0,0,0,2,0,10,0,0,10,0,0,0,3,3,0,0,0,0,3,3,1,3,3,0,10,0,3,3,3,3,3,0,0,0,3,3,3,3,3,0,0,0,0,3,3,3,0,0,0
6130_4e5d68ac.jpg,Train,0,0,0,3,0,0,0,0,0,0,2,2,2,2,2,0,3,2,2,2,0,2,2,0,0,2,2,6,2,2,7,0,0,2,2,2,2,2,2,3,0,0,2,2,2,2,6,0,0,2,0,2,2,2,2,0,0,2,2,0,0,2,2,0
6131_78cdf2c6.jpg,Train,0,4,0,7,0,0,0,7,0,4,0,1,0,2,0,0,0,0,0,4,0,2,7,6,0,0,0,0,0,6,7,0,0,0,6,6,6,2,2,0,0,6,6,0,2,6,2,2,0,0,0,0,2,0,6,0,0,0,0,0,0,0,2,0
6132_22b190ce.jpg,Test,0,4,0,0,0,4,0,0,0,4,0,1,0,4,0,1,0,0,4,0,4,3,0,0,0,0,0,0,0,0,3,0,0,0,0,0,6,6,3,6,0,0,0,0,0,6,5,0,0,3,0,0,6,0,3,0,7,6,0,0,0,10,3,0
6133_4036f64d.jpg,Train,0,0,0,0,3,0,2,3,0,0,3,3,3,2,2,3,0,0,3,3,3,2,2,3,0,0,0,3,3,2,0,0,0,0,0,3,3,2,1,1,0,0,0,3,3,2,1,1,0,0,0,3,3,2,0,1,0,0,0,0,0,0,0,0
6134_72e78281.jpg,Train,0,0,0,0,0,0,0,0,0,2,0,2,0,0,0,0,2,2,0,2,2,0,2,2,0,2,0,2,2,0,2,2,2,2,3,2,0,0,2,2,2,6,0,2,2,0,2,6,2,2,0,2,2,9,2,2,2,0,0,2,2,0,2,2
6135_d4ec7850.jpg,Test,0,0,0,0,0,0,0,2,0,0,0,0,2,3,2,0,0,0,0,0,8,0,2,0,0,0,3,6,2,0,0,0,0,0,0,2,6,0,0,0,0,0,2,2,0,3,0,0,0,0,0,0,0,3,0,0,0,0,0,0,0,0,0,0
6136_06e7e87c.jpg,Test,0,0,0,0,0,0,0,0,0,0,0,3,0,3,0,0,0,0,0,3,3,0,0,0,0,0,0,2,3,0,0,0,0,0,0,3,3,0,0,0,2,0,0,3,3,0,0,0,0,0,0,0,3,0,0,0,0,0,0,0,0,0,0,1
6137_24f5a00d.jpg,Train,0,3,2,2,3,0,0,0,3,0,2,2,2,7,0,0,0,0,2,2,0,2,0,0,3,0,2,2,2,0,3,3,3,3,2,6,2,0,3,0,6,0,2,6,2,0,0,0,6,0,2,0,0,0,0,0,0,0,2,2,0,0,0,0
6138_dea61a3c.jpg,Train,0,0,0,0,0,0,0,0,0,0,0,3,3,0,0,0,0,0,0,3,3,0,0,0,0,0,0,3,3,3,3,0,3,2,3,3,3,3,3,0,0,0,0,3,3,6,3,0,0,0,0,3,3,0,3,0,0,0,0,3,3,0,0,0
6139_d8220b34.jpg,Test,0,0,0,0,0,0,0,0,0,0,2,0,0,3,3,3,7,2,2,2,0,2,2,2,0,2,2,6,7,7,7,7,2,0,2,6,6,6,6,6,2,0,6,2,2,9,0,6,7,0,6,8,0,9,9,0,0,0,0,0,0,0,0,3
6140_0ab5a41f.jpg,Train,0,0,0,0,0,0,0,0,0,0,0,0,0,0,3,3,0,0,0,3,0,3,3,3,0,0,0,3,0,3,3,3,0,2,0,2,2,3,3,3,0,2,2,2,2,3,0,3,0,0,2,2,2,8,3,3,0,0,0,0,0,0,0,0
6141_6d3e784a.jpg,Test,0,0,0,0,0,0,0,0,0,3,0,2,3,3,2,0,0,3,3,3,5,3,3,0,3,3,3,3,3,3,3,3,3,3,3,3,3,3,3,0,3,0,3,0,3,3,3,0,4,4,3,3,3,3,3,0,0,0,0,0,0,0,0,0
6142_ed2c79d2.jpg,Train,0,0,0,0,0,0,0,2,0,0,0,3,0,0,0,0,0,0,0,3,0,0,0,0,0,3,0,3,3,0,0,0,0,0,3,3,3,4,3,3,0,0,2,3,3,0,0,0,0,0,0,3,3,0,0,0,0,0,0,3,3,0,0,0
6143_9126d4b5.jpg,Train,2,2,2,2,10,0,0,0,0,2,0,2,2,0,0,0,2,2,2,2,2,0,0,0,2,2,2,2,2,0,3,3,2,2,2,2,2,3,3,3,2,2,2,2,2,0,3,3,2,2,2,2,2,0,3,0,2,2,0,2,2,0,0,0
6144_ffe25afc.jpg,Train,0,2,2,0,3,3,0,0,0,3,3,3,0,5,0,0,0,3,3,3,3,3,2,0,0,3,3,3,2,3,7,0,0,3,3,3,2,3,2,0,0,3,3,3,2,3,2,0,0,3,3,3,3,3,0,0,0,3,3,3,0,3,0,0
6145_bbae9639.jpg,Test,0,0,0,0,0,0,0,0,0,0,0,0,0,0,8,0,0,0,0,2,5,0,0,0,0,0,0,3,3,0,0,0,0,0,0,2,3,0,0,0,0,0,0,0,9,0,0,0,0,0,0,0,0,3,0,0,0,0,0,0,0,0,0,0
6146_dbf75d12.jpg,Train,0,0,0,0,2,0,0,0,0,2,2,2,2,2,2,2,3,2,2,2,2,2,2,2,0,0,2,2,2,2,2,2,0,2,2,2,6,2,2,2,0,2,2,2,2,2,2,2,0,2,2,2,2,2,2,2,0,0,0,0,0,0,0,0
6147_c917d293.jpg,Train,0,0,0,0,0,0,0,0,0,0,3,0,0,0,0,0,0,0,3,3,0,0,2,2,6,0,3,3,0,0,2,2,3,3,3,3,0,0,2,2,0,0,3,3,0,0,2,0,0,0,3,3,0,0,0,2,1,0,3,3,0,0,2,0
6148_e79df529.jpg,Train,0,0,0,9,0,0,0,3,0,0,0,0,3,0,0,0,3,0,0,2,3,0,0,0,0,0,0,3,3,3,0,0,0,0,0,3,3,3,0,0,0,0,0,3,3,3,0,0,0,0,0,3,3,0,0,0,0,0,0,0,0,0,0,0
6149_ee51b2f3.jpg,Test,0,0,0,0,0,0,0,0,0,0,0,0,6,0,0,0,0,0,0,6,0,0,0,0,0,0,0,3,3,0,0,0,0,0,0,3,0,0,0,0,0,0,0,3,3,10,0,0,0,0,0,0,0,0,10,0,0,0,0,0,0,0,0,0
6150_52e2fdac.jpg,Test,0,0,5,0,0,0,0,0,0,0,0,0,0,0,0,0,0,8,0,5,3,5,0,0,0,3,3,3,3,0,0,0,0,0,3,3,5,0,0,0,0,3,3,5,5,0,0,0,0,3,3,3,3,6,0,0,0,0,5,0,0,0,0,0
6151_60c375c4.jpg,Train,0,0,0,3,0,0,0,0,0,0,0,5,2,0,0,0,0,0,0,2,2,0,0,0,3,0,0,2,3,0,0,0,3,0,0,2,0,0,0,0,0,0,0,2,2,0,0,0,0,0,0,2,2,0,0,0,0,0,0,2,0,0,0,0
6152_e571b728.jpg,Train,0,2,0,0,0,0,0,0,0,2,0,0,0,0,2,0,0,2,2,0,2,2,2,0,0,2,0,2,2,2,2,0,0,2,2,2,2,2,9,3,0,2,2,2,2,6,2,0,0,2,6,2,2,2,2,0,0,2,0,2,2,6,0,0
6153_c5ac1024.jpg,Train,0,2,0,10,0,0,0,0,0,0,0,0,0,0,0,0,0,0,0,0,2,0,0,0,0,0,0,3,3,0,3,0,0,0,0,3,3,0,0,0,0,0,0,3,3,0,0,6,0,0,0,0,0,0,0,0,0,0,0,0,0,0,0,0
6154_a9d44d9a.jpg,Train,0,2,3,0,3,2,2,0,0,2,0,2,2,2,2,0,0,2,2,7,2,2,2,0,0,2,0,0,2,0,2,0,0,2,2,2,2,2,2,0,0,2,6,6,2,6,2,0,0,2,6,6,2,2,2,0,0,2,2,6,2,0,2,0
6155_65298140.jpg,Train,0,0,0,0,0,0,3,2,0,2,2,0,2,0,0,0,0,2,2,2,0,7,3,3,0,2,0,2,2,0,0,3,0,2,2,2,2,0,3,0,0,2,2,2,0,0,0,0,6,2,2,2,0,0,2,0,0,2,2,2,2,0,0,0
6156_1f606bea.jpg,Train,0,0,0,0,0,0,0,0,0,0,0,2,0,0,0,2,0,0,0,2,2,0,2,0,0,0,0,2,6,0,0,0,0,0,0,2,2,0,0,0,0,0,0,2,2,0,0,0,0,0,0,0,2,0,0,0,0,0,0,0,0,0,0,0
6157_b2180ff4.jpg,Test,0,0,0,0,0,0,0,0,0,0,0,0,0,3,0,0,0,0,0,3,8,0,0,0,0,0,0,3,3,0,0,0,0,0,0,3,0,2,0,0,0,10,10,3,0,2,3,0,0,0,0,3,0,0,0,0,0,0,0,0,0,0,0,0
6158_2104514f.jpg,Train,0,0,0,0,0,0,0,0,0,6,2,0,3,0,0,3,0,3,0,3,0,10,2,2,0,3,0,3,0,6,2,2,0,0,3,3,0,0,2,2,0,0,3,3,0,0,2,2,0,0,3,3,0,0,0,0,0,0,0,0,0,0,0,0
6159_ec2418de.jpg,Train,0,0,3,0,0,0,0,0,3,0,2,2,0,0,0,0,2,3,2,0,0,0,0,0,0,3,2,2,2,0,0,0,0,0,2,2,2,3,0,0,0,6,2,2,2,0,0,0,0,0,2,2,2,0,0,0,0,0,2,2,2,0,0,0
6160_3da90581.jpg,Test,0,0,0,0,0,0,0,0,0,0,0,0,0,0,0,0,0,0,0,0,3,0,0,0,0,0,0,0,3,0,0,0,0,3,0,0,3,0,0,0,0,0,0,0,3,0,0,0,0,0,0,0,0,0,0,0,0,0,0,0,0,0,0,0
6161_d5f9fa55.jpg,Test,0,0,0,0,0,0,2,0,0,0,2,2,0,0,2,0,0,2,2,3,3,3,3,2,0,0,2,0,2,2,2,0,0,0,2,7,0,7,2,2,0,0,2,2,2,2,0,0,0,2,2,2,2,2,2,0,0,2,2,2,6,2,6,0
6162_ac931c21.jpg,Train,0,0,0,0,0,0,0,0,0,0,0,0,0,0,0,0,0,0,0,0,0,0,0,0,0,0,0,0,0,0,0,0,0,0,0,2,0,0,0,0,0,0,0,2,3,0,0,0,0,8,0,0,2,0,0,7,0,0,0,0,0,0,0,0
6163_db3beed3.jpg,Test,0,0,0,0,2,0,0,0,0,0,3,3,0,0,0,0,3,0,0,2,2,0,6,0,3,0,0,0,2,2,0,0,0,0,0,6,2,3,0,0,0,0,0,5,0,0,0,0,0,0,0,5,0,0,0,0,0,0,0,0,0,0,0,0
6164_584a22ff.jpg,Train,0,0,0,0,0,0,0,0,0,0,3,3,3,0,0,0,0,3,3,3,3,3,3,3,0,0,3,3,3,3,0,0,0,0,3,3,3,3,0,0,0,0,3,3,3,3,0,0,0,0,3,3,3,3,0,0,0,0,0,0,0,0,0,0
6165_ac31ab39.jpg,Train,3,5,0,0,3,0,0,0,0,0,0,2,9,0,2,2,0,2,2,10,0,0,9,0,2,0,0,0,0,0,0,9,0,0,0,0,5,0,0,0,6,0,2,5,9,0,2,5,2,0,2,2,3,0,5,0,0,0,0,0,0,0,0,0
6166_e9f6928a.jpg,Train,0,0,3,3,3,0,0,0,3,3,3,3,3,0,3,2,3,3,3,3,3,3,3,0,3,3,3,3,3,3,3,0,3,3,3,3,3,3,3,0,3,3,3,3,3,3,3,3,3,3,3,3,3,3,3,8,0,0,3,3,3,3,3,0
6167_cfd358ca.jpg,Train,2,0,0,0,0,0,0,0,0,0,2,2,3,0,0,0,0,0,2,2,3,0,0,0,0,0,2,2,3,3,0,0,0,0,2,2,3,3,0,3,0,0,2,2,3,3,0,0,0,0,2,2,3,3,1,0,0,0,2,2,6,0,0,0
6168_33362e05.jpg,Train,3,3,3,3,0,3,3,2,3,3,0,3,0,3,3,2,3,3,3,3,3,3,3,2,3,3,0,3,0,3,3,2,3,3,3,3,0,3,3,6,3,3,0,3,0,3,3,2,3,3,0,3,0,3,3,2,0,0,0,0,0,0,0,0
6169_f5a0a9b1.jpg,Train,0,0,0,0,0,0,0,2,0,0,0,0,2,2,2,2,0,0,2,2,2,2,2,0,0,3,2,2,2,2,2,2,0,3,2,2,2,2,2,2,0,3,2,2,2,2,2,2,0,0,2,2,2,2,0,0,0,0,2,2,2,2,0,0
6170_acc65232.jpg,Test,0,0,0,0,0,0,6,0,0,0,3,0,3,0,0,0,0,3,3,0,3,3,0,6,0,2,3,0,0,3,3,0,0,0,3,3,3,0,2,0,0,0,3,0,3,0,0,0,0,0,3,2,3,2,0,0,0,3,0,0,0,0,0,0
6171_81cda1b3.jpg,Train,0,0,0,0,0,0,0,0,0,0,3,3,6,0,0,0,2,2,3,3,3,0,0,0,2,2,3,3,3,0,0,0,2,2,3,3,3,0,3,3,2,2,3,3,3,0,0,0,2,2,3,3,0,0,0,0,0,0,0,0,0,0,0,0
6172_a658cdf6.jpg,Train,0,0,0,0,0,10,0,0,0,0,0,3,3,3,3,0,0,3,3,3,3,3,0,3,3,3,3,3,3,3,0,3,3,3,3,3,3,3,3,3,3,3,3,3,3,3,3,3,3,3,3,3,3,3,3,3,0,3,3,3,3,3,3,3
6173_001cc4d6.jpg,Train,0,0,0,0,0,0,0,0,0,0,0,0,0,0,0,0,5,5,0,0,0,5,5,5,5,5,5,5,0,0,0,5,0,4,3,3,2,0,0,10,0,0,3,3,6,0,0,3,0,0,3,5,2,0,0,5,0,0,0,0,0,0,0,0
6174_63edc975.jpg,Train,0,0,0,2,6,0,0,0,0,0,0,0,0,3,6,2,6,3,3,3,3,3,1,0,0,3,3,3,3,3,3,3,0,3,3,3,3,3,3,3,0,3,3,3,3,3,3,3,3,3,3,3,3,3,0,5,0,3,3,3,3,3,3,3
6175_7ea5224d.jpg,Train,0,5,0,0,0,0,0,0,0,3,3,3,3,2,2,0,0,3,0,3,3,2,2,0,0,3,3,3,0,2,2,0,0,3,3,3,3,2,2,0,0,3,3,3,3,2,2,0,0,3,3,3,3,2,2,0,0,3,3,3,3,2,7,0
6176_6ea57663.jpg,Train,0,0,0,7,3,3,3,7,0,0,0,0,0,3,3,0,0,0,0,0,3,3,4,0,0,10,0,0,3,3,3,0,0,0,0,6,3,3,3,6,0,0,0,0,3,3,3,0,0,3,0,0,3,3,3,0,0,10,10,10,0,3,3,0
6177_cdcf1c55.jpg,Train,0,0,0,0,0,0,0,0,0,0,0,0,0,0,0,0,0,0,0,0,0,0,0,0,0,0,0,3,3,3,0,0,0,0,0,3,3,3,0,0,0,0,0,3,3,3,0,0,0,0,0,3,3,3,0,0,0,0,0,0,3,0,4,0
6178_07b05d55.jpg,Train,0,0,0,0,2,2,0,0,0,0,0,2,3,0,0,0,0,0,2,2,0,3,3,3,0,0,2,2,2,3,3,3,0,0,2,2,2,3,3,3,0,0,2,2,0,3,3,3,0,0,2,2,2,0,3,3,0,0,0,2,0,3,3,3
6179_2a6768db.jpg,Train,0,0,0,0,0,0,0,0,0,3,2,3,3,3,0,0,0,3,2,2,3,0,2,0,0,0,2,0,3,0,3,0,0,0,2,2,3,0,0,0,0,0,2,2,3,0,0,0,0,0,0,0,3,0,0,0,2,0,0,0,3,0,0,0
6180_fc3b007a.jpg,Test,0,0,0,0,0,0,0,0,0,0,0,3,6,2,0,0,0,3,3,3,0,9,0,0,0,0,3,3,2,2,0,0,0,0,0,3,6,2,0,0,0,0,3,3,6,6,0,0,0,0,5,3,6,6,0,0,0,0,3,3,6,6,0,0
6181_f0306738.jpg,Test,0,0,0,0,2,0,0,0,0,0,0,0,0,0,2,0,0,0,0,5,0,0,0,0,0,0,0,5,0,3,0,0,0,0,0,3,0,3,0,0,0,0,0,0,0,0,0,0,0,0,0,1,1,0,0,0,0,0,0,0,0,0,0,0
6182_701c981d.jpg,Train,0,0,7,7,7,0,0,0,0,0,7,7,7,6,6,6,0,0,7,7,7,0,8,6,0,0,7,7,7,6,6,6,0,0,7,7,0,6,6,6,0,0,7,7,7,6,6,6,0,0,7,2,7,6,6,6,0,0,7,7,0,6,6,6
6183_e4108ded.jpg,Train,0,7,7,6,6,6,0,0,0,7,7,6,6,0,0,0,0,7,7,0,6,6,0,0,0,7,7,6,6,6,0,0,0,7,7,6,6,0,0,0,0,7,7,0,6,0,0,0,0,7,7,0,6,0,0,0,0,7,7,0,6,0,0,0
6184_17c695fc.jpg,Train,0,0,0,7,0,0,0,0,0,0,7,7,7,7,0,0,0,0,0,7,7,7,0,0,0,0,7,7,7,7,0,0,0,0,0,7,7,7,0,0,0,0,0,7,7,0,0,0,0,0,7,7,7,7,0,0,0,0,0,0,0,7,0,0
6185_c5d64e0b.jpg,Train,0,0,0,0,0,0,0,0,0,0,6,0,0,0,0,0,0,0,6,6,0,6,0,0,7,7,6,6,6,6,0,0,7,0,6,6,6,6,0,0,7,7,6,6,6,6,0,0,7,7,6,6,0,6,0,0,7,7,6,6,6,6,6,0
6186_11379f29.jpg,Train,0,0,0,0,0,0,0,0,0,0,0,0,0,0,0,0,0,0,0,6,6,0,0,0,0,0,0,6,0,6,0,0,0,0,0,6,6,0,7,0,0,0,0,6,6,0,7,0,0,0,0,6,0,0,7,0,0,0,0,6,0,0,7,4
6187_88d54551.jpg,Train,0,0,0,0,0,0,10,0,0,0,0,0,0,0,10,0,6,0,0,0,0,0,10,0,0,6,6,6,5,0,0,0,6,0,6,6,0,0,0,0,0,0,0,0,0,0,10,0,0,0,0,0,0,0,10,0,0,10,0,0,0,0,10,0
6188_9e8e394e.jpg,Test,0,0,0,0,0,0,0,0,0,0,0,0,0,0,0,0,0,0,0,0,0,0,0,0,0,0,6,0,0,6,0,0,0,0,6,0,2,2,0,0,0,0,2,6,6,0,0,0,0,0,0,6,2,2,0,0,0,0,2,2,6,8,0,0
6189_2ca41c3c.jpg,Test,0,0,0,0,0,0,0,0,0,0,0,2,0,0,0,0,0,0,0,4,0,0,0,0,0,0,0,0,7,7,0,0,0,0,0,0,7,7,0,0,0,0,10,0,0,4,0,0,0,7,4,0,0,0,0,0,0,0,0,0,0,0,0,0
6190_29880fc5.jpg,Train,0,0,0,0,0,0,0,0,0,0,0,0,7,7,0,0,0,0,2,0,7,0,7,0,0,0,2,7,7,7,7,0,0,0,2,7,7,7,0,0,0,10,6,7,7,7,7,0,0,0,2,0,7,7,7,0,0,0,0,7,7,7,7,0
6191_4c8a32b7.jpg,Test,0,0,0,0,0,0,0,0,0,0,0,0,0,0,0,0,0,0,0,0,0,0,0,0,0,0,0,0,7,7,0,0,0,0,0,0,0,10,7,0,0,0,0,0,0,7,7,0,0,0,0,0,10,0,0,0,0,0,0,0,7,7,0,0
6192_3b82f11f.jpg,Test,0,0,0,0,0,0,0,0,0,0,0,0,0,0,0,0,0,9,0,0,6,0,0,0,6,6,0,6,6,0,6,0,6,6,6,2,6,6,6,6,6,6,6,6,6,6,6,6,6,6,6,6,6,6,6,6,0,2,6,2,6,6,6,0
6193_a5e24e0c.jpg,Train,0,0,0,0,0,0,0,0,0,0,0,0,0,0,0,0,0,6,6,0,0,6,0,0,0,6,6,6,6,0,0,0,0,6,6,6,0,0,0,0,0,0,6,6,0,6,0,0,0,6,6,6,6,6,0,0,0,0,6,6,6,6,0,0
6194_9a4be33d.jpg,Test,0,0,0,0,0,0,0,0,0,0,7,0,0,0,0,0,0,7,7,0,0,6,6,6,0,7,0,0,0,6,6,6,0,7,0,0,0,0,6,6,0,10,10,0,0,6,6,6,0,6,2,2,0,0,6,6,0,0,0,0,0,0,0,6
6195_69317d6f.jpg,Train,0,0,0,0,0,0,0,0,0,0,0,0,0,0,6,6,0,0,7,7,7,7,6,6,0,0,7,7,10,7,6,6,10,0,7,7,7,7,6,6,10,0,7,7,7,7,0,0,0,0,7,4,7,0,6,6,0,0,0,0,0,0,0,0
6196_a95763bd.jpg,Test,0,0,0,0,10,0,0,0,0,0,0,0,0,10,0,0,0,0,7,0,0,0,0,0,0,0,0,0,0,7,7,0,7,0,0,7,7,0,7,7,7,0,0,7,0,0,0,0,0,0,0,7,0,7,0,3,0,0,0,0,3,9,0,0
6197_170d662d.jpg,Train,0,0,0,0,0,0,0,0,10,10,10,7,10,0,10,10,0,7,0,7,10,0,0,0,10,7,0,10,10,0,0,0,0,0,0,0,0,0,0,0,0,0,0,7,10,0,0,7,6,0,0,0,10,0,10,0,6,0,0,10,10,0,0,0
6198_918eb4d3.jpg,Train,0,0,0,10,0,0,0,0,0,10,0,0,0,0,0,0,0,0,0,0,7,0,7,0,0,0,0,0,0,0,0,0,0,0,0,0,0,0,0,0,0,5,0,0,0,0,0,1,7,6,6,0,7,0,1,0,0,6,0,0,10,0,0,0
6199_86a21fe7.jpg,Test,0,0,0,0,0,0,0,0,0,0,0,0,0,0,0,0,0,0,0,0,0,0,0,0,0,0,0,6,0,0,0,0,0,0,0,0,0,0,0,0,0,0,0,0,0,0,0,0,0,0,8,0,0,0,0,8,0,7,0,0,0,0,10,0
6200_738d628e.jpg,Train,0,0,0,0,0,0,0,0,0,5,0,0,7,7,0,0,0,0,3,0,7,0,0,0,0,0,0,0,0,0,0,0,0,0,0,0,0,0,0,7,0,0,0,9,0,0,0,7,7,10,0,0,0,0,0,0,7,10,0,0,9,0,0,0
6201_7288c538.jpg,Test,0,0,0,0,0,0,0,0,0,0,0,0,0,0,0,0,0,0,0,0,8,0,0,0,0,0,0,0,6,0,0,0,0,0,0,0,0,0,0,0,0,0,0,0,6,0,0,0,0,7,0,0,0,0,0,0,0,7,0,0,0,0,0,7
6202_f8e6ca2e.jpg,Train,0,6,6,6,0,0,0,0,0,6,6,6,0,0,0,6,0,6,6,6,0,6,6,0,0,6,6,6,0,8,6,6,0,6,6,2,0,0,0,6,0,6,6,6,0,6,6,6,0,8,0,6,0,6,6,6,0,0,6,6,0,6,0,0
6203_656b3871.jpg,Test,0,0,0,0,0,0,0,3,0,0,3,0,0,10,0,0,0,8,6,2,7,7,0,0,0,2,2,2,7,7,0,0,0,0,6,6,7,0,0,0,0,6,6,6,0,2,0,0,0,6,6,6,0,7,0,0,0,6,2,2,0,7,0,0
6204_5510010f.jpg,Train,0,0,0,0,0,0,0,0,0,0,0,0,0,0,0,6,0,0,7,7,7,6,6,6,0,4,7,0,7,6,6,0,0,0,7,0,7,6,6,0,0,0,7,0,7,6,6,0,0,0,7,0,7,6,6,0,6,0,7,0,7,6,6,6
6205_33fd7344.jpg,Train,0,0,0,0,0,8,0,0,0,0,0,0,0,0,0,0,0,0,0,0,0,0,0,0,0,4,0,9,2,9,4,0,0,0,0,9,9,9,0,0,0,0,0,9,9,9,0,0,0,0,0,9,9,9,0,0,0,0,0,0,9,9,0,0
6206_53d3189c.jpg,Train,0,0,0,0,0,0,0,0,0,0,0,0,0,0,0,0,0,0,0,0,0,0,0,0,7,0,0,7,7,7,0,0,7,0,0,0,7,7,0,0,0,0,0,1,0,7,0,0,0,7,0,0,0,0,9,0,0,0,0,0,0,0,0,0
6207_f5b27a2e.jpg,Train,0,0,0,0,0,0,0,0,0,0,0,7,0,0,0,0,0,0,0,7,7,7,0,0,0,0,0,0,7,7,0,0,0,0,0,7,7,0,0,0,0,0,0,7,7,0,0,0,2,0,0,7,7,0,2,0,0,0,0,0,0,0,0,0
6208_263773f0.jpg,Train,0,0,0,0,0,0,0,0,0,0,0,0,0,6,0,0,0,0,0,7,7,0,0,0,6,0,7,7,7,7,0,0,0,0,0,7,7,9,0,0,0,0,0,0,7,7,0,0,0,0,7,7,7,7,0,0,0,0,7,7,7,7,0,0
6209_4e49af32.jpg,Train,10,7,0,7,5,0,0,0,5,0,10,0,0,0,0,0,0,7,7,7,0,0,0,0,0,5,0,7,0,0,10,0,0,0,0,4,7,0,0,0,1,0,0,0,0,7,0,9,0,0,7,0,0,10,0,0,0,0,0,0,0,10,7,10
6210_0f8f891f.jpg,Train,0,0,0,0,0,0,0,0,0,0,0,0,0,0,0,0,0,0,0,0,7,0,0,0,0,0,0,7,7,0,0,0,0,0,0,7,7,7,0,0,0,0,0,7,7,0,0,0,0,0,4,7,7,0,0,0,0,7,4,0,7,0,0,0
6211_f35d736f.jpg,Train,0,0,0,0,0,0,0,0,0,0,6,6,6,6,0,0,0,0,6,6,6,0,0,0,0,0,6,6,6,0,0,0,0,0,6,6,6,6,0,0,0,0,6,6,6,6,0,0,0,0,6,6,6,0,0,0,0,0,6,6,6,0,0,0
6212_9d7b4274.jpg,Train,0,0,0,0,0,0,0,0,0,0,0,0,0,0,0,0,0,0,0,0,0,0,0,0,0,0,0,1,0,0,0,0,0,0,0,0,10,0,0,0,0,0,0,0,0,0,0,0,0,0,0,0,0,0,0,0,0,0,0,0,0,0,0,0
6213_b8b0b9d3.jpg,Train,0,0,0,0,0,0,0,0,0,0,0,0,0,0,0,0,0,0,3,0,0,3,3,0,0,0,6,6,0,0,7,0,0,0,1,1,1,1,0,0,0,1,1,0,4,4,0,0,0,0,1,6,1,1,0,0,1,1,1,1,1,1,0,0
6214_4a9f23cf.jpg,Train,0,0,0,0,0,0,0,0,0,0,0,0,0,0,0,0,0,0,0,0,0,0,0,0,0,0,0,0,0,0,0,0,0,6,7,0,0,0,0,0,6,2,0,0,0,0,0,0,6,6,0,0,0,0,0,0,6,6,2,0,0,0,0,0
6215_7eea1ecc.jpg,Train,0,0,0,10,7,0,0,0,0,0,7,7,7,7,0,0,0,0,7,0,0,0,0,0,7,0,0,7,4,0,0,0,0,0,0,9,0,0,0,0,0,0,0,0,0,0,7,10,0,6,0,7,0,6,7,7,0,6,0,7,6,6,7,0
6216_a19bd8f3.jpg,Test,0,0,0,0,0,0,0,0,0,0,0,0,0,0,0,0,0,0,0,0,7,0,0,0,0,0,0,10,7,0,0,0,0,0,0,0,10,0,0,0,0,0,0,0,7,0,0,0,0,0,0,0,2,0,0,0,0,0,0,0,0,0,0,0
6217_95c92b78.jpg,Test,0,0,0,0,0,0,0,0,0,0,0,0,7,0,0,0,0,0,0,0,7,0,0,0,0,0,0,0,7,2,0,0,0,0,0,0,2,0,0,0,0,0,0,0,7,10,0,0,0,8,0,0,0,0,0,0,0,0,0,0,0,0,4,0
6218_660e0d06.jpg,Test,0,0,0,0,0,0,0,0,0,0,0,0,1,0,0,0,0,0,0,0,0,1,0,0,0,0,1,0,5,5,0,0,0,0,6,0,9,5,3,0,0,0,0,0,0,0,0,0,0,0,0,0,0,0,0,0,0,0,0,0,4,4,4,4
6219_b8bc388b.jpg,Test,0,0,0,0,0,0,0,0,0,0,0,0,0,0,0,0,0,0,6,0,0,0,0,0,0,0,0,2,0,0,0,0,0,6,2,2,6,0,0,0,0,6,6,6,6,0,0,0,0,6,6,6,6,0,0,0,0,6,6,6,0,0,0,0
6220_fcccc8e0.jpg,Test,0,0,0,0,0,0,0,0,0,0,0,0,0,7,0,0,0,0,0,0,4,7,0,0,0,0,0,0,0,0,0,0,0,0,0,0,0,7,0,0,0,0,2,0,0,7,0,0,0,0,0,0,0,4,0,0,0,7,4,6,0,0,0,0
6221_917219d7.jpg,Train,0,0,6,6,6,0,0,0,0,0,6,0,0,0,0,0,0,0,6,0,6,0,0,0,0,0,0,0,0,0,0,0,0,0,6,0,0,0,0,0,0,0,6,6,6,6,0,0,0,0,6,6,0,0,0,0,0,0,6,6,6,0,0,0
6222_f816dc0b.jpg,Train,0,0,0,0,0,7,0,0,7,0,7,7,10,7,7,0,0,10,0,0,0,0,10,10,0,0,0,0,0,0,7,0,0,0,10,0,0,0,0,0,0,0,0,2,7,0,0,0,0,0,5,0,10,7,10,0,0,0,5,0,0,0,0,0
6223_4925850d.jpg,Train,0,0,0,6,0,0,0,0,0,0,6,6,6,0,0,0,0,0,6,6,6,0,0,0,0,0,6,6,6,0,0,0,0,0,6,6,0,0,0,0,0,0,6,2,2,0,0,0,0,0,6,6,6,0,0,0,0,6,6,6,0,0,0,0
6224_2729e7cc.jpg,Train,0,0,0,0,0,0,0,0,0,0,0,7,0,0,0,0,0,0,0,7,7,0,0,0,0,0,0,7,7,0,0,0,0,0,0,7,0,0,0,0,0,0,0,0,7,0,0,0,0,0,0,7,7,10,0,0,0,0,0,7,7,0,0,6
6225_d9098484.jpg,Train,0,0,0,0,0,0,0,0,0,0,0,0,0,0,0,0,0,0,0,0,7,7,7,0,0,0,0,0,7,7,7,0,0,0,0,0,7,7,7,0,0,0,0,0,7,7,7,0,0,0,0,0,7,7,0,0,0,0,0,0,7,7,7,0
6226_262a144d.jpg,Test,0,0,0,0,0,0,0,0,0,0,0,0,0,0,0,0,0,7,6,6,0,0,0,0,0,7,6,6,6,0,0,0,0,7,6,6,6,0,0,0,0,0,6,6,0,0,0,0,0,2,0,0,0,0,0,0,0,6,0,6,0,0,0,0
6227_b930c90a.jpg,Train,0,0,0,0,0,0,0,0,0,0,0,7,0,7,0,0,0,0,0,7,7,0,0,0,0,0,0,7,7,0,0,0,0,0,0,7,7,7,0,0,0,9,0,0,7,7,0,0,0,10,0,7,0,0,0,0,0,0,0,7,0,0,0,0
6228_4a92005d.jpg,Train,0,0,3,0,0,0,0,0,0,0,0,0,0,0,0,0,9,0,0,0,0,0,0,0,0,0,7,0,0,7,7,0,7,7,7,0,0,7,7,7,7,7,0,0,0,7,7,0,0,10,0,0,0,9,0,9,0,0,0,0,0,0,0,0
6229_3dc20753.jpg,Test,0,0,0,0,0,0,0,0,0,0,0,0,0,0,0,0,0,0,0,10,7,9,0,0,0,0,0,7,0,0,0,0,0,0,0,7,7,0,0,0,9,0,0,10,0,0,0,0,0,0,0,0,4,0,0,0,0,0,0,0,0,0,0,0
6230_40480123.jpg,Train,0,0,0,6,6,0,0,0,0,6,6,6,6,0,0,0,0,6,6,6,6,0,0,0,0,0,6,6,6,0,0,0,0,6,6,6,6,0,0,4,0,6,6,6,6,0,0,0,0,6,6,6,0,0,0,0,0,0,6,6,6,0,0,0
6231_72d8c330.jpg,Train,0,0,0,0,0,0,0,0,0,0,6,0,6,6,6,0,0,6,0,6,6,0,0,0,0,6,6,6,6,6,6,6,0,6,6,6,6,6,6,6,0,6,6,6,6,6,6,0,0,6,6,6,6,6,6,0,0,0,6,6,6,6,6,0
6232_f9a5e6bd.jpg,Test,0,0,0,0,0,0,0,0,0,0,0,0,0,6,0,0,0,0,6,0,0,0,0,0,0,0,6,6,6,2,0,0,0,0,6,6,6,6,0,0,0,5,6,6,6,6,6,0,0,0,6,0,6,6,9,0,0,0,6,6,6,6,0,0
6233_c6540328.jpg,Train,7,0,10,10,0,10,0,0,7,10,10,10,0,0,7,10,10,0,7,7,0,0,10,10,0,10,0,0,0,2,0,0,10,10,7,0,6,7,0,10,7,0,0,0,0,7,0,0,0,7,7,7,10,0,0,0,0,7,10,7,10,0,7,0
6234_4bfbfc80.jpg,Test,0,0,0,0,0,0,0,0,0,0,0,0,0,0,0,0,0,0,0,3,0,0,0,0,0,0,5,6,0,6,0,0,0,0,0,6,0,0,0,0,0,0,0,0,0,0,0,0,0,0,0,0,0,0,0,0,0,0,0,0,0,4,0,0
6235_e935e21f.jpg,Train,0,0,0,0,0,0,0,0,0,0,0,0,0,0,0,6,0,0,0,0,0,0,3,6,0,0,0,7,7,0,0,0,1,7,7,7,7,7,0,0,7,7,7,4,0,7,1,0,0,0,0,0,0,0,0,4,0,0,0,0,0,0,0,0
6236_7db364e9.jpg,Test,0,0,0,0,0,0,0,0,0,0,0,0,6,0,0,0,0,0,0,0,6,0,0,0,0,0,6,0,6,6,0,0,7,0,6,0,6,0,0,0,0,0,6,0,6,0,0,0,0,4,4,0,6,4,0,0,0,0,0,0,0,0,0,0
6237_3d242d32.jpg,Train,0,0,0,0,7,0,0,0,0,0,0,0,7,0,0,0,0,0,7,7,7,0,0,0,0,0,0,7,0,0,0,0,0,0,0,7,7,0,0,0,0,0,0,7,7,0,0,0,0,0,0,7,7,0,0,4,0,0,0,7,7,0,0,0
6238_80302617.jpg,Test,6,0,6,0,0,0,3,3,0,0,0,0,3,0,0,6,0,0,0,6,6,0,3,0,0,0,0,6,2,5,5,3,3,0,0,0,0,6,5,5,6,0,0,3,0,5,0,0,6,0,0,6,6,6,0,0,2,0,0,2,6,0,6,0
6239_735e63e4.jpg,Train,0,0,0,0,0,0,0,0,0,0,6,6,6,0,0,0,2,0,0,0,6,6,0,2,0,0,6,0,0,0,0,0,0,0,6,6,6,6,0,0,0,0,6,6,6,6,0,0,2,0,6,6,6,6,0,0,0,0,6,6,6,6,0,0
6240_3b4d9329.jpg,Train,0,0,0,0,0,10,0,0,0,0,0,0,9,0,0,0,0,10,0,0,0,9,0,0,0,7,0,0,0,0,0,0,10,7,10,0,0,0,0,0,10,7,0,7,0,0,0,0,10,0,5,6,6,0,0,0,0,0,0,3,0,3,5,0
6241_d908bf8c.jpg,Test,0,0,0,0,0,0,0,0,0,10,10,0,0,0,0,0,0,0,0,7,0,7,0,0,0,10,0,7,0,0,9,0,0,0,0,7,0,0,0,0,0,0,9,9,0,0,0,0,6,0,0,7,0,0,0,7,0,0,0,0,0,0,0,0
6242_e2b9ec2d.jpg,Test,0,0,0,0,0,0,0,0,0,0,0,0,0,0,0,0,0,0,0,8,0,0,0,0,0,0,0,0,0,0,0,0,0,0,0,6,0,0,0,0,0,0,0,6,0,0,0,0,0,0,0,2,0,0,0,0,0,0,0,7,0,0,0,0
6243_5171ff0c.jpg,Test,0,0,0,0,0,0,0,0,7,7,7,0,0,0,0,7,0,0,0,0,0,0,6,0,6,0,1,0,0,0,0,0,0,0,1,1,6,7,10,7,0,6,1,1,6,7,7,7,0,6,0,1,6,0,0,7,0,3,3,0,0,10,0,0
6244_2e68013c.jpg,Test,0,0,0,0,0,0,0,0,0,7,0,0,0,0,0,0,0,10,0,0,0,0,10,0,0,0,10,0,0,0,0,0,7,10,10,0,0,7,0,1,7,7,0,0,0,0,0,0,0,0,0,0,0,6,0,0,0,5,0,5,5,5,0,0
6245_0258bbff.jpg,Train,0,0,0,0,0,0,0,0,0,0,7,0,7,0,0,0,0,7,7,7,10,7,0,0,7,7,7,7,7,7,0,0,7,7,7,7,7,7,0,0,7,7,7,0,7,7,0,0,0,7,7,0,7,7,7,0,0,7,7,0,7,7,0,0
6246_69f758a0.jpg,Test,0,0,0,0,0,0,0,0,0,0,0,6,6,0,0,0,0,0,6,0,0,0,0,0,0,0,0,6,6,0,0,0,0,0,0,6,0,0,0,0,0,0,0,6,2,0,6,0,0,0,0,6,6,0,0,0,0,0,0,6,6,0,0,0
6247_2d3ee2e4.jpg,Train,0,0,0,0,0,0,0,0,0,0,0,0,7,0,0,0,0,0,6,6,7,7,0,0,0,0,6,0,7,7,0,0,0,0,6,0,7,7,0,0,0,0,0,0,7,7,0,0,0,10,0,4,7,7,4,0,0,0,6,0,7,0,0,0
6248_f7f98ada.jpg,Test,0,0,0,7,0,0,0,0,0,0,7,0,0,0,0,0,0,0,0,7,0,0,0,0,0,0,0,0,0,0,0,0,0,0,0,0,0,0,0,0,0,0,0,7,4,0,0,0,0,0,0,4,4,0,0,0,0,0,0,0,0,0,4,0
6249_c0ec0430.jpg,Train,0,0,0,0,7,7,0,0,0,0,0,0,0,6,6,6,0,6,0,0,0,6,5,6,0,0,0,6,6,6,5,0,6,6,5,6,6,6,6,0,7,0,6,6,0,0,0,0,0,0,0,0,0,0,0,0,7,0,0,6,6,0,0,0
6250_eb4f12a3.jpg,Test,0,0,0,0,0,0,0,0,0,0,0,0,0,0,0,0,0,0,0,7,7,0,0,0,0,0,0,0,7,0,0,8,0,0,0,10,7,0,0,0,0,0,0,7,7,0,0,6,0,0,0,4,0,0,8,8,7,7,0,0,7,0,0,0
6251_11379f29.jpg,Test,0,0,0,0,0,0,0,0,0,0,0,0,0,0,0,0,0,0,0,6,6,0,0,0,0,0,0,6,0,6,0,0,0,0,0,6,6,0,7,0,0,0,0,6,6,0,7,0,0,0,0,6,0,0,7,0,0,0,0,6,0,0,7,4
6252_a02bdab6.jpg,Train,0,0,0,0,0,0,0,0,0,0,0,0,0,0,0,0,0,0,0,0,0,0,0,0,0,0,0,0,0,0,0,0,0,0,0,0,0,0,0,0,0,0,0,0,6,0,0,0,0,0,0,6,6,0,0,0,0,0,0,6,6,0,0,0
6253_3e65c4f5.jpg,Train,0,0,0,0,0,0,0,0,0,0,0,0,0,0,0,0,0,7,0,0,0,0,0,0,0,0,0,0,0,0,0,0,0,0,0,0,0,0,0,0,7,0,0,0,0,0,0,0,0,0,0,0,0,7,0,0,0,0,0,0,0,7,7,0
6254_ea3c64e1.jpg,Train,0,0,0,7,7,0,0,0,0,0,7,0,0,0,0,0,0,0,7,7,7,7,0,0,0,10,7,7,7,7,0,0,0,0,7,7,7,7,0,0,0,7,7,7,7,0,0,0,0,0,7,7,7,7,0,0,0,0,7,7,7,7,0,0
6255_54a04c96.jpg,Train,7,7,0,7,7,7,0,0,7,7,7,7,7,7,7,0,7,7,7,7,7,7,7,7,7,7,7,7,7,7,7,7,7,7,7,7,7,7,7,7,0,7,0,7,7,7,7,0,7,7,7,7,0,7,7,7,0,7,0,7,7,0,7,2
6256_30c937af.jpg,Test,0,0,0,0,0,0,0,0,0,0,0,0,0,0,0,0,0,0,4,0,0,0,0,0,0,0,7,0,6,0,0,0,0,0,7,10,2,0,0,0,0,0,7,0,0,0,0,0,0,7,0,0,0,0,0,0,0,7,7,4,0,0,4,0
6257_e71df509.jpg,Train,0,0,0,7,7,7,0,0,0,0,0,7,7,7,0,0,0,0,0,7,7,7,0,0,0,0,0,7,7,7,0,0,0,0,0,7,7,0,0,0,0,0,0,7,7,0,0,0,0,0,0,7,7,8,0,0,0,0,0,7,7,7,0,0
6258_5a0e66fe.jpg,Train,0,0,0,0,0,0,0,0,0,6,0,0,0,7,7,0,6,0,6,0,0,0,7,7,6,6,2,0,0,7,7,7,6,6,6,0,0,6,7,0,3,6,6,0,0,0,7,0,0,6,6,0,0,0,7,7,6,6,6,8,0,7,7,7
6259_454f088b.jpg,Train,0,0,0,0,0,0,0,0,0,0,0,7,7,7,0,0,0,6,7,7,7,7,0,0,0,6,7,0,7,7,0,0,0,6,7,7,7,7,6,0,6,6,7,7,7,7,6,0,6,6,7,7,0,7,6,0,0,0,0,0,0,0,0,0
6260_97825bbe.jpg,Test,0,7,0,4,10,0,0,0,10,10,0,0,7,10,0,7,0,10,0,7,7,4,0,7,0,0,0,7,0,0,7,10,0,0,7,7,0,7,7,0,0,0,0,0,0,0,7,8,6,0,0,0,0,0,0,0,0,0,0,0,0,0,0,0
6261_21063792.jpg,Test,0,0,0,0,0,0,0,0,0,0,0,0,0,0,0,0,0,2,0,0,6,0,0,0,0,6,0,6,6,2,0,0,0,6,2,6,6,6,6,0,6,6,6,6,6,6,6,0,6,6,6,6,6,6,6,0,6,0,6,6,6,2,6,0
6262_f06e9da4.jpg,Test,0,0,0,0,1,1,0,1,0,0,0,0,0,1,0,1,0,0,0,0,0,0,0,0,8,0,0,0,0,0,0,0,0,0,0,0,0,0,0,0,0,0,0,6,0,7,0,0,0,0,0,0,0,0,0,0,0,0,0,0,0,0,0,0
6263_d47a16be.jpg,Train,0,0,0,0,1,0,0,0,0,0,1,0,0,0,0,0,0,0,1,1,0,1,0,0,0,1,1,5,0,0,0,0,0,0,6,0,1,0,0,0,0,0,1,0,1,0,0,0,0,0,0,0,0,0,0,0,0,0,0,0,0,0,0,0
6264_08b09215.jpg,Train,0,0,0,7,7,7,0,0,0,0,0,7,7,7,0,6,0,0,0,7,7,0,0,0,0,0,7,7,7,7,0,0,0,0,7,7,7,7,0,0,0,0,0,7,7,7,2,6,0,0,0,7,7,7,0,6,0,0,7,0,7,0,0,6
6265_c1165bc9.jpg,Train,0,0,0,0,0,0,0,0,0,0,0,0,0,0,0,0,0,0,0,0,0,0,0,0,0,0,0,0,9,0,7,0,0,0,0,0,0,7,0,10,0,0,0,0,0,1,3,0,0,0,0,0,0,0,0,0,0,0,0,0,0,0,0,0
6266_dbe0252e.jpg,Train,10,10,0,0,0,0,0,10,0,0,0,0,0,0,0,0,0,0,6,0,0,0,0,0,6,6,6,0,6,9,0,0,6,6,6,6,6,0,0,4,0,6,6,6,6,0,0,0,6,6,6,6,6,0,0,0,6,6,6,6,6,0,0,0
6267_aa861091.jpg,Train,0,0,0,7,0,7,0,0,0,0,0,0,7,7,0,0,0,0,0,7,7,7,0,0,0,0,0,7,7,7,0,0,0,0,0,7,7,7,0,0,0,0,0,0,7,0,0,0,0,0,0,7,0,7,0,0,0,0,0,7,0,0,0,0
6268_b4a1fcc3.jpg,Train,0,0,0,0,0,0,0,10,0,0,0,0,0,0,0,0,0,0,9,0,0,0,0,0,0,0,0,10,0,0,1,0,0,0,0,0,0,0,0,0,0,0,0,0,0,0,0,0,0,0,0,0,0,0,0,0,0,0,0,0,0,0,0,0
6269_9fca9d71.jpg,Train,0,0,0,0,0,0,0,0,0,0,6,6,6,0,0,0,0,0,6,6,0,0,0,0,0,0,6,6,6,0,0,0,0,0,6,6,6,0,0,0,0,0,6,6,0,0,0,0,0,0,6,6,6,0,0,0,0,0,6,6,6,0,0,0
6270_3b13b1e3.jpg,Train,0,0,0,0,0,0,0,0,0,0,6,0,6,6,0,0,0,0,0,6,6,6,0,0,7,0,6,6,6,0,0,0,7,0,0,6,6,0,0,0,0,0,6,6,6,0,0,0,7,7,0,6,0,0,0,0,0,0,6,6,6,0,0,4
6271_2a7252a1.jpg,Train,0,0,0,0,0,0,0,0,0,0,0,0,0,0,0,0,0,6,6,6,6,0,0,0,0,0,6,6,6,0,0,0,0,6,6,6,6,0,0,0,0,6,6,6,6,0,0,0,0,6,6,6,6,0,0,0,0,6,6,6,6,0,0,0
6272_6ef30566.jpg,Train,0,0,0,0,0,0,0,0,0,0,6,0,6,6,0,0,6,0,6,6,6,6,0,0,0,0,6,6,6,6,0,0,0,0,6,6,6,6,6,0,0,0,6,6,6,6,0,0,0,0,6,6,6,6,0,0,0,0,0,0,0,0,0,0
6273_a02d73b9.jpg,Train,0,0,0,0,0,0,0,0,0,0,7,7,7,0,0,0,0,7,7,7,7,0,0,0,0,7,0,7,7,0,0,0,0,7,7,7,7,0,0,0,0,7,7,7,7,0,0,0,0,7,7,7,7,0,0,0,0,7,7,7,6,0,0,0
6274_0a88e6a7.jpg,Test,0,0,0,0,0,0,0,0,0,0,0,7,7,7,0,0,0,0,0,0,7,0,0,0,0,0,0,0,0,0,0,0,0,0,8,0,0,7,0,0,0,10,2,10,10,0,0,0,0,0,0,0,0,4,0,0,0,0,7,0,0,0,0,0
6275_ad3bd244.jpg,Train,0,0,0,0,0,0,0,0,0,9,0,0,8,0,0,0,0,0,0,0,0,0,0,0,0,0,8,8,0,8,0,0,0,0,8,7,0,8,0,0,0,0,7,7,7,7,8,0,0,0,0,0,0,0,8,0,0,9,0,0,0,0,0,4
6276_b7fd0a42.jpg,Train,0,0,8,6,0,0,8,8,8,4,0,0,0,0,8,0,0,0,6,0,7,0,0,0,0,0,6,6,7,7,0,0,0,0,6,0,7,7,0,0,0,0,6,6,7,7,0,0,0,0,0,6,7,7,0,0,0,0,0,6,0,0,0,0
6277_1107bff7.jpg,Train,0,0,0,0,0,0,0,0,0,0,0,0,7,0,0,0,0,2,0,0,7,7,0,0,0,0,0,0,7,7,0,0,0,0,0,0,7,7,0,0,0,0,0,0,10,7,0,0,0,0,10,0,7,7,0,0,8,0,7,4,7,7,0,0
6278_8f52236d.jpg,Test,0,0,0,0,0,0,0,0,0,0,0,10,0,0,0,0,0,0,0,0,5,0,0,0,0,0,0,6,6,0,0,0,0,0,0,6,2,2,0,0,0,0,0,6,6,0,7,0,0,0,0,0,6,6,0,0,0,0,0,6,6,6,0,0
6279_c7b7084f.jpg,Train,0,4,0,0,0,0,0,0,0,0,0,0,0,0,0,0,0,0,0,0,0,0,0,0,0,0,0,7,0,0,0,0,0,0,0,7,0,0,0,0,0,0,0,7,0,0,0,0,0,0,0,4,0,0,0,0,0,0,0,0,0,0,0,0
6280_8279ced9.jpg,Train,5,0,0,0,0,0,0,0,0,0,0,0,0,0,0,0,0,0,0,0,0,2,2,0,0,3,0,0,8,5,5,0,0,6,0,6,3,10,6,0,0,6,0,6,6,0,0,0,0,6,6,6,6,3,3,3,0,0,0,0,0,0,0,0
6281_4e2caffb.jpg,Train,0,2,2,2,0,0,0,0,0,5,5,5,0,5,5,5,0,5,5,0,0,0,5,5,2,5,0,0,0,0,5,5,0,5,0,0,0,0,5,5,0,0,5,0,0,0,0,0,0,5,5,0,0,0,0,0,0,0,0,0,0,0,0,0
6282_5dadd5bf.jpg,Train,0,3,0,0,0,0,6,0,0,1,1,1,0,0,0,0,1,1,1,1,0,5,5,6,1,1,1,1,0,0,0,0,1,1,1,1,0,2,5,0,1,1,1,1,0,0,5,0,1,1,1,1,3,5,5,0,0,1,1,0,0,0,0,0
6283_f6c871a3.jpg,Train,0,0,0,0,0,0,0,0,0,0,0,0,0,0,0,0,0,1,0,0,0,0,0,0,0,1,1,0,5,0,0,0,0,1,1,5,5,1,0,0,0,1,8,5,0,8,0,0,0,0,0,5,5,0,0,0,0,0,0,5,5,0,0,0
6284_27f71988.jpg,Test,0,0,0,8,8,0,0,0,1,5,0,5,1,0,0,6,0,5,0,5,5,5,5,6,6,0,0,0,0,0,0,5,0,6,0,0,2,6,0,0,6,0,0,0,2,6,5,6,2,2,6,0,0,0,0,6,0,0,6,0,5,0,2,6
6285_42aa7a8d.jpg,Test,0,0,0,0,0,4,0,0,0,0,0,0,0,0,0,0,0,0,0,0,3,0,0,0,0,8,0,1,0,0,0,0,0,1,0,1,0,0,10,0,1,1,0,0,0,0,0,0,1,0,1,6,0,2,2,0,0,0,0,0,0,0,0,0
6286_af4c2a6f.jpg,Test,0,0,0,0,0,0,0,0,0,8,0,0,0,1,8,0,0,1,1,1,1,1,1,0,0,1,0,1,1,1,1,0,0,1,1,0,1,1,1,0,0,1,1,1,1,1,1,0,0,1,1,1,0,1,1,0,0,0,0,0,0,0,0,0
6287_05001c94.jpg,Train,0,0,0,0,0,0,0,0,0,0,6,0,0,0,0,0,0,0,1,1,0,0,0,0,0,0,1,1,0,0,0,0,0,8,1,1,0,0,0,6,8,8,0,1,8,0,0,0,0,0,1,1,0,0,0,0,0,0,0,1,0,0,0,0
6288_6d2977f1.jpg,Train,0,0,0,0,8,0,0,0,0,0,0,1,1,0,0,0,0,0,0,1,1,1,0,0,0,0,0,1,1,0,0,0,4,0,0,1,1,0,0,0,0,5,0,1,1,0,0,0,0,0,0,1,1,0,2,0,0,0,0,0,0,0,0,0
6289_645bd6ad.jpg,Train,0,0,0,0,0,0,0,0,0,0,0,0,0,0,0,0,0,0,0,0,0,0,0,0,0,0,0,0,0,0,5,0,0,0,0,8,8,5,5,0,0,0,0,2,3,0,0,0,0,1,0,6,0,5,0,0,0,0,0,0,0,0,0,0
6290_dd73dd10.jpg,Test,0,0,0,0,0,0,0,0,0,0,0,0,0,0,0,0,0,0,0,0,0,0,0,0,0,0,0,0,3,0,0,0,0,0,0,6,6,0,0,0,0,0,6,6,0,0,0,2,0,0,0,2,0,0,0,0,0,0,0,0,0,0,0,0
6291_bca9dbe6.jpg,Train,0,0,0,0,0,0,0,0,0,0,0,0,1,8,0,0,0,5,5,0,1,1,0,0,0,5,0,0,1,1,0,0,0,5,0,0,1,1,0,0,0,8,5,0,1,1,0,0,0,5,5,0,1,1,3,0,0,0,0,0,0,0,0,0
6292_16c0d58a.jpg,Train,0,0,0,0,0,0,0,0,0,0,0,0,0,0,0,0,0,0,5,5,0,0,10,0,0,0,5,5,0,0,0,0,0,3,5,6,0,0,0,0,2,0,0,0,0,0,0,0,0,0,0,0,0,0,6,0,0,0,0,0,0,0,0,0
6293_888965f9.jpg,Train,0,0,1,0,0,0,0,0,1,1,1,0,0,1,0,0,1,1,1,1,0,1,1,1,0,1,1,1,1,1,1,1,1,1,1,1,8,1,1,0,1,1,1,1,6,1,1,6,1,1,1,1,6,1,1,3,1,1,1,0,0,0,0,0
6294_8ba685db.jpg,Test,0,0,0,0,0,0,0,0,0,0,0,0,6,6,0,0,0,0,0,1,0,0,0,2,0,0,0,1,1,0,0,0,0,0,0,0,0,0,0,0,0,0,0,0,0,0,8,0,0,0,0,0,0,0,9,0,0,0,0,0,0,0,0,0
6295_3aa4a8db.jpg,Train,0,0,0,0,0,0,8,0,0,0,0,0,0,0,0,5,0,0,0,0,0,0,1,0,0,1,1,0,1,0,1,1,0,1,1,0,1,0,1,6,0,0,1,0,0,0,1,1,0,0,0,0,0,0,0,0,0,0,0,0,0,0,8,0
6296_5a70e676.jpg,Train,1,1,1,1,0,5,0,1,1,1,1,1,5,8,0,1,1,1,1,1,5,5,0,0,1,1,1,1,5,5,0,0,0,1,1,1,5,5,5,0,0,1,1,1,5,5,5,0,0,1,1,1,5,5,5,0,0,1,1,1,5,5,0,0
6297_5df1c515.jpg,Train,0,0,0,0,0,0,0,0,0,0,0,0,0,0,0,0,0,8,0,0,0,1,0,0,0,0,0,0,1,1,0,0,0,5,1,0,1,1,0,0,0,0,3,0,1,3,0,0,0,5,0,0,1,1,0,0,0,0,0,0,0,0,0,0
6298_5ca55f34.jpg,Train,0,0,0,0,0,0,0,0,0,0,0,0,0,0,0,0,0,5,5,0,0,0,4,0,5,5,5,5,3,4,4,5,0,0,0,5,3,4,4,10,0,0,5,5,0,4,0,0,0,0,0,5,0,4,4,0,0,0,0,0,0,4,0,0
6299_d8d0cc15.jpg,Test,0,0,0,0,0,0,0,0,2,2,0,6,0,0,0,0,6,0,2,0,0,0,2,0,2,2,0,6,0,0,0,0,6,0,0,0,6,0,0,2,2,6,8,8,0,2,2,6,6,6,2,0,6,2,2,2,0,2,6,6,0,0,0,6
6300_efa0b1ed.jpg,Test,0,0,0,0,0,0,0,0,0,0,0,0,0,0,0,0,0,0,0,2,0,0,0,0,0,0,0,1,1,6,0,0,0,8,0,1,1,0,0,0,8,8,8,0,0,0,0,0,0,0,0,1,1,0,0,0,0,2,0,0,0,0,0,0
6301_2a0c4623.jpg,Train,0,0,0,0,0,0,0,0,0,0,1,1,1,1,0,0,0,0,1,1,1,1,0,0,2,0,0,1,1,1,0,0,0,0,1,1,1,1,0,0,0,0,1,1,1,0,0,0,0,0,1,1,1,1,0,0,0,0,0,1,1,1,0,0
6302_1f2429dc.jpg,Train,0,0,0,0,0,0,0,0,0,0,0,0,1,0,0,0,0,0,1,1,1,1,0,0,0,1,1,1,1,0,1,0,0,0,1,1,1,0,0,1,0,0,0,1,1,0,0,0,0,0,1,1,1,0,0,0,0,0,0,0,0,0,0,0
6303_efe335c9.jpg,Train,0,0,1,1,1,0,0,0,0,1,1,1,1,1,1,0,0,1,1,1,1,1,0,0,0,0,1,1,1,1,0,0,0,1,1,1,1,1,0,0,0,1,1,1,1,1,0,0,0,1,1,1,0,1,0,0,0,0,0,1,0,1,0,0
6304_8d8c792c.jpg,Train,0,0,0,0,0,3,0,0,0,1,1,1,3,1,1,0,0,1,1,1,1,1,1,0,0,1,1,1,0,1,1,0,0,1,1,1,1,1,1,6,0,0,1,1,1,1,1,0,0,1,1,1,1,1,1,0,0,0,0,1,1,1,1,0
6305_62521c90.jpg,Train,0,0,0,0,0,0,0,0,2,0,0,0,2,0,5,0,2,6,0,2,2,6,6,6,6,6,6,0,1,1,2,6,6,2,6,6,0,2,2,6,2,2,6,2,0,1,2,6,0,0,0,0,0,0,0,0,0,0,0,0,0,0,0,0
6306_a46e99b2.jpg,Train,0,0,0,0,0,0,0,0,0,0,0,0,0,0,0,0,0,0,0,0,0,0,0,0,0,0,0,0,0,0,0,0,0,0,1,0,0,0,0,0,0,0,0,0,0,0,0,0,1,1,0,0,0,0,0,0,1,0,6,0,0,0,0,1
6307_8f2dd0d6.jpg,Train,0,0,0,0,0,0,0,0,0,1,1,1,1,1,0,1,0,0,1,1,1,1,1,1,0,1,1,1,1,1,1,1,0,1,1,1,1,1,1,1,0,1,1,1,1,1,1,0,6,1,1,1,1,1,1,1,0,6,1,1,1,1,1,1
6308_c48de917.jpg,Train,0,7,0,7,7,7,0,0,0,0,0,0,0,2,0,0,1,8,0,6,0,0,8,8,0,1,1,0,7,0,0,8,0,0,0,0,0,0,1,0,0,0,0,0,7,7,0,0,0,1,0,2,1,1,0,1,0,1,0,0,0,0,0,1
6309_f3da560d.jpg,Train,0,0,3,1,0,0,0,0,0,0,1,1,0,0,0,0,0,0,1,1,0,0,0,0,0,0,1,1,0,0,0,0,0,0,1,1,0,0,0,0,0,0,1,1,0,2,0,0,6,0,1,1,0,0,0,0,6,6,0,0,0,0,0,0
6310_e7090217.jpg,Train,0,0,2,0,0,0,0,0,6,0,0,0,0,0,0,0,6,6,0,0,6,0,4,0,6,6,0,2,2,2,0,4,6,0,0,0,2,0,6,8,6,6,2,2,2,2,6,0,9,6,6,2,0,2,6,0,10,0,6,2,2,6,6,0
6311_f2e622a4.jpg,Test,0,0,0,0,0,0,0,0,0,0,0,0,3,0,0,0,0,0,0,1,1,0,0,0,0,0,0,0,1,0,0,0,0,0,0,1,0,0,0,0,1,0,0,1,0,0,6,0,1,6,6,1,6,0,6,0,1,6,0,6,1,0,0,0
6312_051a58e8.jpg,Train,0,1,0,0,0,0,0,1,1,1,0,0,0,0,8,0,0,5,5,1,1,0,0,0,0,5,5,1,1,2,0,0,0,5,5,1,1,3,0,0,0,5,5,1,1,0,0,0,0,5,5,1,1,0,0,0,0,0,0,0,0,0,0,0
6313_ac4b347b.jpg,Test,0,0,0,0,0,0,0,0,0,0,0,3,3,2,0,0,0,0,3,0,0,0,0,0,0,0,1,1,1,0,0,0,0,0,1,1,1,0,0,8,0,0,1,1,1,0,0,1,0,0,1,1,1,1,0,0,0,0,0,0,0,1,0,0
6314_54dc0ed6.jpg,Train,0,0,0,0,0,0,0,0,3,0,3,0,0,0,0,0,0,4,8,0,0,0,8,0,0,6,3,0,0,3,5,0,0,3,6,6,0,0,6,6,0,0,0,0,0,0,0,0,0,0,0,0,0,0,0,0,0,0,0,0,0,0,0,0
6315_5f522331.jpg,Train,0,0,0,0,0,0,0,0,0,0,0,0,0,2,0,0,0,0,0,0,5,0,0,0,0,1,1,0,5,5,0,0,0,1,1,0,5,5,0,0,0,1,1,0,5,5,0,8,0,1,1,5,5,5,0,0,0,0,0,0,0,0,0,0
6316_72522305.jpg,Train,0,0,0,0,0,0,0,8,8,8,8,8,0,0,0,8,8,8,0,0,0,0,0,0,0,0,0,1,1,5,1,0,0,4,0,1,1,5,0,5,0,0,0,1,1,5,0,0,0,0,0,1,1,5,0,0,0,0,0,0,0,0,0,0
6317_d187d159.jpg,Train,0,0,0,1,0,0,0,0,0,0,0,1,0,0,0,0,0,0,0,1,1,0,0,0,6,0,0,1,0,0,0,0,8,0,0,1,0,0,0,0,0,0,0,1,1,0,0,0,0,0,0,1,0,0,0,0,0,0,0,1,0,0,0,0
6318_93c06fbf.jpg,Train,8,0,0,0,0,0,1,8,0,1,0,0,1,1,0,0,3,0,0,0,1,1,1,1,3,0,0,0,7,0,1,0,0,0,0,0,0,0,3,0,0,0,0,5,0,9,0,0,1,1,0,5,0,1,1,1,1,0,0,0,0,0,0,0
6319_b3901f85.jpg,Test,6,0,0,0,6,6,0,6,0,0,0,6,3,0,0,6,0,0,0,2,3,2,2,2,0,0,6,0,0,0,0,0,6,0,6,5,8,0,1,0,0,0,0,5,8,8,0,0,0,0,9,5,0,0,0,0,0,0,0,2,0,0,0,7
6320_73bf3895.jpg,Test,0,0,0,0,0,0,0,0,0,3,0,0,0,0,0,0,0,0,0,0,0,0,0,0,1,1,1,0,0,0,5,5,1,1,1,0,0,3,0,0,1,1,1,0,7,2,0,0,1,1,0,0,7,0,5,0,1,1,0,7,7,4,0,0
6321_27309156.jpg,Test,0,8,8,8,8,8,8,8,0,2,8,8,8,8,8,8,0,0,0,0,1,8,1,0,0,0,0,0,0,0,0,0,3,1,1,1,5,5,0,0,0,1,1,0,5,5,0,0,10,0,1,0,5,5,0,0,10,0,1,0,5,5,1,1
6322_f219ff31.jpg,Test,0,0,0,0,0,0,0,0,0,0,0,1,0,0,0,0,0,0,0,1,1,0,1,0,1,1,0,0,1,0,1,1,1,0,0,1,1,0,1,0,1,0,0,0,1,0,1,0,1,0,0,0,1,0,0,0,0,0,0,0,0,0,0,0
6323_f2f5cc98.jpg,Test,0,0,1,0,0,0,0,0,2,0,0,0,0,1,0,0,0,8,3,1,0,1,0,0,0,1,0,1,1,1,1,0,0,1,0,1,1,1,1,1,0,1,0,1,1,1,0,0,0,1,1,1,1,0,5,0,0,0,0,0,0,0,0,0
6324_7e64589d.jpg,Test,0,0,0,0,0,0,0,1,0,0,0,0,0,0,0,0,0,0,1,0,0,0,1,0,0,0,1,1,0,0,1,0,0,0,1,1,0,0,1,0,0,0,1,1,0,0,1,0,0,1,1,1,0,0,0,0,0,0,0,0,0,0,0,0
6325_9f74132c.jpg,Test,0,0,0,0,0,0,0,0,0,0,3,0,0,0,0,0,0,0,0,5,1,0,0,0,0,0,0,0,5,0,0,0,0,0,0,1,5,0,0,0,0,0,0,0,0,8,0,0,0,0,0,9,0,2,0,0,0,0,0,0,0,0,0,0
6326_492f4f5b.jpg,Test,0,0,0,0,0,0,0,0,6,3,0,0,6,0,0,0,0,0,0,0,0,0,0,0,0,0,0,0,0,0,0,0,8,0,0,3,0,0,0,0,0,0,3,0,0,0,0,0,0,0,3,0,2,0,2,6,0,2,1,0,0,0,0,0
6327_ff375b7c.jpg,Train,0,2,5,0,0,0,0,0,0,2,0,5,1,1,0,0,0,0,0,0,1,1,0,0,0,0,5,5,1,1,0,0,0,1,1,1,1,1,0,0,0,0,1,1,1,1,0,0,0,0,1,1,1,0,0,0,0,0,0,0,0,0,0,0
6328_c9bd2a2d.jpg,Train,3,0,1,1,1,0,0,0,0,1,1,1,1,0,1,0,0,1,1,1,1,0,3,3,1,1,4,1,1,1,0,0,1,0,0,0,3,0,0,0,3,3,0,0,0,1,0,0,0,0,1,3,1,1,1,1,0,0,1,2,0,1,1,0
6329_444128a8.jpg,Train,0,0,1,0,0,0,0,0,0,0,0,0,0,0,0,0,0,0,0,0,5,0,0,0,0,1,1,5,5,0,0,0,1,1,1,0,5,10,0,0,1,1,0,5,5,0,0,0,1,0,0,3,5,0,0,0,0,0,0,0,0,0,0,0
6330_fe55d223.jpg,Train,3,0,9,1,0,0,9,0,1,2,2,0,8,0,2,0,1,1,0,0,1,1,1,1,1,1,1,1,1,1,1,1,1,1,1,0,0,1,1,0,1,1,1,0,0,1,1,1,1,1,0,6,4,0,1,1,1,1,0,1,1,4,1,0
6331_5c6948ba.jpg,Train,0,0,0,6,1,0,0,0,0,0,0,1,1,1,0,0,0,0,0,0,1,1,5,0,0,0,0,1,1,1,5,0,0,0,2,0,1,1,0,0,0,0,0,1,1,1,5,0,0,0,0,1,1,8,5,8,0,0,0,1,1,0,5,0
6332_d43de9ef.jpg,Train,0,0,0,8,6,0,0,0,8,8,0,0,0,0,0,1,0,0,7,0,0,0,3,0,0,1,0,0,0,0,0,0,0,0,1,7,0,1,1,1,0,1,0,0,0,1,1,0,1,0,1,0,0,1,1,1,0,1,1,1,1,1,0,0
6333_2175ab57.jpg,Test,1,0,0,1,1,0,1,1,1,0,0,0,1,1,1,1,0,1,0,1,1,1,1,1,3,1,1,1,1,1,1,1,0,1,1,1,1,1,0,0,0,0,0,0,0,1,0,0,0,0,1,1,0,0,0,0,0,0,3,1,1,1,0,3
6334_602e4bbd.jpg,Train,0,0,0,0,0,0,0,6,0,1,1,0,1,1,0,0,0,1,1,1,1,1,0,0,0,1,1,1,1,1,0,0,0,1,1,1,1,1,3,0,0,1,1,1,1,1,2,0,0,1,1,1,1,1,0,0,0,0,0,0,0,0,0,0
6335_5a6fbf2e.jpg,Train,0,0,0,0,0,0,0,0,0,0,0,0,5,0,0,0,1,0,0,0,0,0,0,0,1,1,0,0,0,0,0,0,1,1,0,0,7,0,0,0,1,1,1,0,1,0,0,0,0,5,0,0,1,4,0,1,0,0,0,0,0,4,3,1
6336_eccd3782.jpg,Test,0,1,0,0,0,0,0,0,0,0,1,0,0,0,0,0,0,1,1,1,8,0,0,0,0,1,1,1,8,0,0,0,0,0,1,0,8,10,0,0,0,0,0,0,5,5,0,0,0,0,0,0,0,0,0,0,0,0,0,0,0,0,0,0
6337_6a852636.jpg,Test,0,0,0,0,0,0,0,0,0,0,0,6,6,0,0,0,2,0,0,3,5,0,0,0,2,0,0,0,0,0,0,0,0,0,1,5,5,0,0,0,0,0,0,0,0,0,0,0,0,0,0,0,0,0,0,0,0,0,0,0,0,0,0,0
6338_34b6a33a.jpg,Test,0,0,0,0,0,0,0,0,0,0,0,0,0,0,0,0,0,0,5,0,9,0,0,0,0,0,5,0,0,0,0,0,0,0,5,0,1,8,0,0,0,0,0,0,0,8,0,0,0,0,0,0,0,0,0,2,0,1,0,0,0,0,0,0
6339_4f2ac649.jpg,Train,0,0,0,0,0,0,0,0,0,0,1,1,0,0,0,0,0,0,1,0,1,0,0,0,0,0,1,0,0,3,0,5,6,0,1,1,0,9,9,0,0,0,1,1,0,9,0,0,0,0,1,1,1,9,0,0,0,0,1,1,0,7,2,0
6340_afb25c29.jpg,Train,0,0,0,0,0,0,0,0,0,0,0,0,0,3,0,0,0,0,1,1,0,5,0,0,0,0,1,0,5,0,0,0,0,0,1,1,5,5,0,0,0,0,1,1,5,5,0,0,0,0,1,1,0,5,0,0,0,0,1,1,0,5,0,0
6341_7fba515d.jpg,Test,0,0,0,0,0,0,0,0,0,1,0,3,0,3,0,0,0,0,3,3,3,1,3,0,1,1,1,1,0,0,3,0,1,1,1,1,1,1,3,0,1,1,1,1,1,1,0,0,1,1,1,0,1,1,0,0,1,1,1,0,0,1,3,0
6342_4b342244.jpg,Train,0,0,0,0,3,0,0,0,0,0,10,0,0,10,10,0,0,2,6,6,6,6,0,0,0,2,0,6,6,6,0,9,0,0,1,0,6,6,0,10,0,0,0,0,0,6,0,0,0,0,6,0,0,0,0,0,0,0,0,0,0,0,0,0
6343_3ead0b22.jpg,Test,0,0,0,0,0,0,0,0,0,0,3,1,0,0,0,6,0,3,1,1,1,1,1,2,0,3,3,1,1,1,1,0,0,0,1,1,3,1,1,3,0,0,0,1,0,1,1,0,0,0,1,0,0,0,0,3,0,0,0,0,0,0,0,0
6344_35cdf11e.jpg,Train,6,6,6,6,0,6,6,0,6,6,2,2,0,6,6,0,6,0,0,0,6,6,6,6,0,0,0,6,6,6,6,6,0,0,6,6,6,6,0,0,6,6,6,6,6,0,5,0,2,0,5,0,2,0,0,0,0,6,0,0,6,6,6,3
6345_1f151c08.jpg,Train,1,1,0,0,0,1,0,0,1,1,1,1,1,1,0,0,0,0,0,0,0,0,0,10,0,3,0,0,0,0,2,0,1,1,0,0,8,10,1,1,1,1,0,0,0,0,1,1,0,0,0,0,0,2,0,1,0,0,6,0,5,6,0,2
6346_a035cda4.jpg,Test,7,0,7,10,0,0,0,0,7,7,7,7,7,10,10,0,2,7,0,0,0,7,0,0,0,10,0,0,10,0,0,0,0,0,0,10,7,0,7,7,0,4,0,7,7,7,7,7,0,7,0,0,0,0,0,0,0,0,0,0,0,0,2,0
6347_228393b1.jpg,Train,0,0,0,0,0,10,0,0,0,0,0,0,4,4,0,0,10,10,10,0,0,4,0,0,10,10,10,10,4,4,0,0,0,0,10,0,4,4,0,0,10,10,10,0,4,4,0,0,0,10,10,2,4,4,0,0,0,10,10,0,4,4,0,0
6348_832e8616.jpg,Train,0,0,0,0,0,0,0,0,0,0,0,0,0,0,0,0,0,0,0,0,0,3,0,0,0,0,0,10,4,0,0,0,0,0,0,10,4,4,0,0,0,0,0,0,4,10,0,0,0,0,0,4,0,4,5,10,0,0,0,0,0,0,0,0
6349_54de0fac.jpg,Train,0,0,0,0,0,0,0,0,0,0,0,4,4,4,6,6,0,0,4,4,4,4,0,0,0,4,4,4,4,4,0,0,0,0,4,4,4,4,4,0,0,4,4,4,4,4,4,0,0,4,4,0,4,4,4,0,8,8,4,4,0,1,0,0
6350_644062ce.jpg,Train,0,0,0,0,0,0,0,0,0,0,0,0,0,0,0,0,0,0,0,0,10,0,0,0,0,0,0,0,10,0,0,0,0,0,10,0,10,0,0,0,8,8,10,10,10,0,0,0,0,0,10,10,10,0,0,0,0,0,10,10,10,0,0,0
6351_4e19aab8.jpg,Train,0,10,0,0,10,0,0,0,0,0,10,10,10,10,0,10,10,0,10,10,10,10,10,0,0,0,10,10,10,10,0,0,0,0,10,10,10,10,0,0,0,0,10,10,10,10,6,6,0,0,10,10,10,10,0,6,0,0,10,10,10,10,0,0
6352_fe0ab8c2.jpg,Train,0,0,0,0,0,0,0,0,0,0,0,0,0,0,0,0,0,0,0,0,0,0,0,0,0,0,0,0,0,0,0,0,0,0,0,0,0,0,0,0,0,0,0,0,0,0,0,10,0,0,0,0,0,0,0,0,0,0,0,0,0,0,0,0
6353_aa599bbe.jpg,Train,10,0,0,0,0,10,10,0,0,0,0,0,10,0,0,0,0,10,10,10,10,0,0,0,0,10,10,10,10,10,0,0,0,0,10,10,0,0,0,0,0,10,10,10,0,0,0,0,0,10,10,10,0,0,0,2,0,10,10,10,0,0,0,0
6354_261606b1.jpg,Train,6,0,0,0,0,4,4,0,2,0,4,0,3,4,0,0,3,4,4,4,0,4,4,0,6,4,4,4,4,4,4,0,6,4,4,0,0,4,4,6,0,4,4,4,0,4,4,6,0,4,4,4,4,4,4,6,0,4,4,0,4,4,4,0
6355_b8d02616.jpg,Test,0,0,0,0,0,0,0,0,0,0,0,0,0,0,0,0,0,0,0,0,4,0,0,0,0,0,4,4,0,0,10,0,0,0,4,4,0,0,0,0,7,9,10,0,0,0,1,0,0,0,0,0,0,0,0,0,0,0,0,0,0,0,0,0
6356_efcbf83c.jpg,Train,0,10,10,10,0,0,0,0,10,10,10,0,0,0,0,0,10,10,10,10,0,0,0,0,0,10,10,4,4,0,0,0,0,10,10,4,4,0,0,10,0,10,10,4,4,0,0,0,0,0,10,4,4,0,0,0,0,10,10,4,0,0,0,0
6357_392bde36.jpg,Test,0,0,0,0,0,0,0,0,0,0,0,0,0,0,0,0,0,0,0,0,0,0,0,0,6,0,4,4,4,0,0,0,6,0,4,4,4,0,4,0,0,0,4,4,4,0,4,4,0,0,4,4,4,0,0,4,0,0,4,4,4,0,0,0
6358_e3c65f22.jpg,Test,0,0,0,0,0,0,4,4,0,0,0,0,5,3,4,4,4,0,4,0,4,4,4,0,4,0,4,0,0,4,4,0,4,4,4,8,0,0,0,0,4,4,0,8,4,0,0,0,5,4,0,8,0,2,6,2,6,0,6,0,0,2,0,0
6359_186f7233.jpg,Train,0,0,0,0,0,0,0,0,0,10,0,0,0,4,0,0,10,10,10,0,0,4,0,0,10,10,0,0,10,4,0,0,10,10,0,0,0,4,4,0,0,10,10,0,0,4,0,0,10,10,10,0,0,4,0,0,0,10,10,0,0,4,0,0
6360_904bfb7e.jpg,Train,0,0,0,10,0,0,0,0,0,0,4,4,0,0,0,0,0,0,0,4,0,10,10,0,10,0,4,4,0,0,0,10,0,0,4,4,0,0,0,0,0,0,4,4,0,0,0,0,6,0,4,4,0,0,0,0,0,0,4,4,0,0,0,0
6361_1b07b35e.jpg,Test,0,0,0,0,0,0,8,0,7,0,0,0,0,0,1,0,7,0,0,0,0,1,0,0,0,0,0,0,0,0,7,0,0,0,0,0,0,7,0,2,0,7,0,10,0,0,7,0,7,7,0,0,0,0,7,7,7,7,0,0,0,0,7,7
6362_58f2cef3.jpg,Test,0,0,0,10,0,0,0,0,0,7,0,0,0,0,10,10,7,0,0,4,4,9,0,0,0,0,0,4,4,0,0,0,0,1,0,0,4,0,0,0,0,5,5,5,0,0,0,0,0,0,5,0,5,5,5,0,0,0,0,0,0,0,0,0
6363_21071700.jpg,Train,0,0,0,0,0,0,10,0,0,0,10,10,10,10,10,0,0,0,4,10,10,10,0,0,0,0,4,4,10,10,0,0,0,0,4,4,10,10,0,0,0,10,4,4,10,10,0,0,0,0,4,4,0,10,10,0,0,0,4,0,0,10,0,0
6364_a0da66be.jpg,Train,4,4,4,4,4,4,0,4,4,4,4,4,4,4,0,4,4,4,4,4,10,4,0,4,4,4,4,0,4,4,4,4,4,4,4,0,4,4,4,4,0,4,4,4,4,4,4,0,0,4,2,4,4,4,4,4,4,4,0,4,4,4,4,4
6365_0d2d10dd.jpg,Train,0,0,0,0,0,0,0,0,0,0,10,10,0,10,0,10,0,0,10,10,10,10,10,0,0,0,10,10,10,10,0,0,10,0,10,10,10,10,10,0,0,0,10,10,10,10,0,0,0,10,10,10,0,10,0,0,0,0,10,10,0,10,0,0
6366_1eae50fb.jpg,Train,0,0,0,0,0,4,4,4,0,0,0,0,0,6,0,0,0,6,6,0,0,6,0,0,0,0,0,0,0,0,0,0,9,0,0,7,7,0,0,0,6,6,0,7,0,9,0,0,3,6,0,9,0,0,0,0,0,6,0,0,0,0,10,0
6367_de28632f.jpg,Train,0,0,4,4,0,0,0,0,0,4,4,4,4,4,4,0,10,4,4,4,4,4,0,0,0,4,4,4,4,4,4,0,0,4,4,4,4,4,4,0,0,4,4,4,4,4,4,0,0,4,4,0,4,4,4,0,0,4,4,4,4,4,4,0
6368_e2f5462b.jpg,Train,0,0,0,0,0,0,0,0,0,0,0,10,10,10,10,0,0,0,10,10,10,10,10,0,10,0,0,10,10,10,10,0,10,10,10,10,10,10,0,0,0,10,7,10,10,10,10,7,0,10,10,10,10,10,10,7,0,10,10,10,10,10,10,0
6369_78cfaf61.jpg,Train,0,0,0,0,0,0,0,0,0,0,0,4,4,4,0,0,0,0,10,4,4,0,0,0,0,0,0,4,4,4,0,0,0,0,4,4,4,0,0,0,10,0,10,4,4,4,0,0,0,0,0,4,4,0,0,0,0,0,0,4,4,0,0,0
6370_f674df82.jpg,Train,0,0,0,0,0,0,0,0,0,7,7,0,0,0,0,0,7,0,0,0,0,7,7,0,0,0,0,0,0,7,0,7,0,0,7,0,7,7,7,0,0,0,0,0,0,0,0,0,0,0,0,0,0,0,0,0,0,0,0,0,0,0,0,0
6371_e9fca38f.jpg,Train,0,0,0,0,0,10,0,0,0,0,10,9,10,0,0,0,0,0,0,0,10,0,0,0,0,0,10,10,0,0,0,0,0,0,0,0,0,0,0,0,0,0,0,0,0,0,0,0,0,0,0,0,0,0,0,0,0,0,0,0,0,0,0,0
6372_de766a7a.jpg,Train,0,0,0,0,0,0,0,0,0,0,10,10,10,0,0,0,4,0,10,10,10,0,0,0,4,4,10,10,10,0,0,0,4,4,10,10,0,0,0,0,4,4,10,10,10,0,0,0,4,4,8,10,10,0,0,0,4,0,0,10,10,0,0,0
6373_b867c4e5.jpg,Train,0,0,10,0,0,0,0,0,0,0,10,0,0,0,10,0,0,10,10,0,0,10,10,10,10,10,10,10,10,10,10,10,0,10,10,10,10,10,10,10,10,10,10,10,10,10,10,10,10,10,10,10,10,10,10,10,10,10,10,0,10,10,10,10
6374_e965d0c4.jpg,Test,0,10,0,0,7,0,0,0,10,0,0,0,0,10,0,0,0,0,0,0,7,10,0,10,0,0,10,0,4,4,0,0,0,0,0,10,4,4,0,0,0,0,0,0,4,0,0,0,0,0,0,0,6,0,0,0,0,0,0,0,0,10,0,0
6375_8ee35c18.jpg,Train,0,0,0,0,0,0,0,0,0,0,0,0,0,0,0,0,0,0,5,5,0,0,0,0,4,0,5,0,0,10,0,0,4,4,0,5,0,10,10,0,4,4,5,5,0,10,10,0,4,4,5,5,0,10,10,0,4,0,0,5,0,10,0,0
6376_dc47c122.jpg,Train,0,0,0,0,0,0,4,4,4,4,4,0,0,0,4,4,4,4,4,4,0,0,4,4,4,4,4,4,0,0,4,4,4,4,4,4,0,0,4,4,4,4,4,4,0,0,4,4,4,4,4,4,0,0,4,4,0,0,4,4,0,0,4,4
6377_0ce5724a.jpg,Train,0,0,0,0,0,0,10,0,0,0,10,0,0,0,0,0,0,0,10,10,10,0,0,0,0,0,0,0,0,10,10,0,0,0,0,0,10,10,10,0,0,0,0,0,10,10,10,0,7,7,0,0,10,10,10,1,0,7,0,0,10,10,10,0
6378_93312ac5.jpg,Test,0,0,0,0,0,0,0,0,0,0,0,0,0,0,0,0,0,0,0,0,0,0,0,0,0,0,0,10,0,0,0,0,0,0,0,0,0,0,0,0,0,0,0,10,0,0,0,0,0,0,0,10,0,8,0,4,0,0,0,10,0,10,0,10
6379_59055184.jpg,Train,0,0,0,0,0,0,0,0,0,0,0,0,10,0,10,0,0,4,4,4,0,0,0,10,0,0,4,4,4,0,0,0,0,4,4,4,4,0,0,0,0,4,4,4,4,0,0,0,0,4,4,4,4,2,0,0,0,4,4,0,0,0,0,0
6380_303c8d86.jpg,Train,0,0,0,0,0,0,0,0,0,0,0,4,4,0,0,0,0,0,4,4,4,0,0,10,0,0,4,4,4,0,0,0,0,0,4,4,4,0,0,0,0,0,4,4,4,0,0,0,0,0,4,4,4,0,0,0,0,0,0,4,0,0,0,0
6381_ee097176.jpg,Test,0,0,0,0,0,0,0,0,0,0,0,0,0,0,0,0,0,0,0,0,4,0,0,0,0,0,0,4,4,0,0,0,6,0,6,6,4,8,0,0,0,0,0,0,4,0,0,0,0,0,0,0,10,4,9,0,0,0,0,0,0,4,0,0
6382_3082d7b6.jpg,Test,0,0,0,0,0,0,0,0,0,0,0,0,10,10,10,0,0,10,7,10,10,10,10,0,0,0,4,4,0,0,10,4,0,0,4,0,0,10,10,0,0,0,4,4,4,10,10,0,0,4,4,0,0,10,0,10,0,0,4,0,0,10,0,0
6383_b94e1d25.jpg,Train,4,4,4,4,0,0,0,0,0,4,4,4,0,0,0,0,0,4,0,0,0,0,0,0,4,4,4,0,0,0,7,0,4,4,4,0,0,7,7,2,4,4,4,0,0,7,10,0,4,4,4,0,0,0,0,0,4,4,4,0,0,9,9,0
6384_2983dd03.jpg,Train,0,0,0,0,0,0,0,0,0,0,0,0,4,0,10,0,10,10,0,10,4,4,10,10,10,10,0,0,4,4,0,7,10,10,0,0,4,0,0,0,10,0,0,0,4,4,0,3,10,10,10,0,4,4,0,6,0,0,0,0,4,0,0,0
6385_c4b23ba6.jpg,Train,0,0,0,0,0,0,0,0,0,0,4,4,10,0,10,0,0,4,4,4,4,10,0,0,0,4,4,4,0,0,0,0,0,4,4,4,4,0,0,0,0,4,4,4,4,0,0,0,0,0,4,4,4,0,0,0,0,0,0,4,0,0,0,0
6386_2bc6c1c3.jpg,Test,0,0,0,0,0,0,0,0,0,0,0,0,0,0,0,0,0,7,0,7,0,0,0,0,0,7,7,10,10,0,0,0,0,0,0,10,0,0,0,7,7,7,7,0,0,0,0,0,0,0,0,0,0,0,0,0,0,0,0,0,0,0,0,0
6387_b6e032f1.jpg,Test,0,0,0,0,0,0,0,0,0,0,0,0,0,0,0,0,0,4,0,0,0,0,0,0,0,4,4,4,0,10,10,0,4,4,4,0,7,0,7,10,4,4,4,7,0,9,0,7,4,4,4,0,0,0,0,0,0,0,4,0,0,10,10,0
6388_d1c819f5.jpg,Train,0,0,0,7,0,0,0,0,0,0,0,7,0,0,0,0,0,7,0,7,0,0,7,0,0,0,0,0,0,0,0,0,0,0,0,0,0,0,3,3,0,0,0,0,0,0,0,0,0,0,7,0,0,7,10,0,0,0,0,0,0,2,0,0
6389_48b51452.jpg,Train,7,0,0,0,0,0,0,0,0,0,3,0,0,0,0,0,0,0,0,0,1,7,0,0,0,0,0,0,7,7,0,0,1,0,0,0,0,0,0,0,1,0,0,0,0,7,7,0,0,0,3,6,0,0,0,0,0,0,0,9,0,9,0,0
6390_3e06d928.jpg,Test,0,0,0,0,0,10,10,10,0,0,10,0,0,0,10,10,0,0,0,5,0,0,0,10,0,0,0,10,10,10,0,10,0,0,0,10,10,10,0,2,0,0,0,0,10,0,7,0,0,0,1,0,0,0,0,0,0,0,0,0,0,1,0,0
6391_2701e506.jpg,Train,0,0,0,0,0,0,2,0,0,0,0,0,0,0,0,0,0,0,0,0,0,0,0,0,10,10,0,0,0,0,0,0,10,10,0,0,0,0,0,0,0,0,4,0,0,0,0,0,0,0,0,0,0,0,0,10,0,0,0,8,0,0,0,10
6392_813687b4.jpg,Train,0,0,0,0,10,0,0,0,0,0,10,10,10,10,0,0,0,0,10,10,10,0,10,0,0,10,10,10,10,10,10,0,10,10,10,10,10,10,10,0,0,10,10,0,10,10,10,0,0,10,10,0,10,10,10,0,0,10,10,10,10,10,10,0
6393_badfb16f.jpg,Train,0,0,0,0,0,0,0,0,7,7,7,7,7,0,7,0,0,0,0,0,2,0,0,0,7,7,10,7,0,7,7,7,10,0,10,7,10,0,10,0,0,0,0,0,0,0,10,10,10,10,0,0,0,0,10,0,0,10,0,0,0,0,0,0
6394_5304d3b4.jpg,Test,0,0,0,0,7,7,0,0,0,0,0,0,7,9,0,0,10,0,0,0,7,8,7,0,0,0,9,0,0,8,7,0,0,0,0,7,0,7,7,0,0,0,0,0,0,0,0,0,2,0,0,0,7,0,0,3,0,0,0,7,7,9,3,0
6395_7599423d.jpg,Train,0,0,0,0,0,0,0,0,7,7,10,0,0,7,0,7,7,0,0,0,0,1,0,7,0,0,0,0,0,0,1,0,0,0,0,10,0,0,7,0,0,7,0,0,0,0,10,0,7,7,0,0,0,7,10,0,0,7,2,0,0,0,0,7
6396_337548ae.jpg,Train,0,0,0,0,5,5,0,0,10,0,0,0,0,0,0,0,10,0,0,4,0,0,0,0,4,4,1,4,0,1,0,1,0,4,1,1,0,0,0,0,0,0,0,0,0,0,0,0,0,0,5,0,0,0,0,0,0,0,0,0,0,0,0,0
6397_6ea13cb1.jpg,Test,0,0,4,0,0,3,3,0,7,0,4,0,0,4,3,4,0,0,4,4,0,8,0,4,4,4,0,4,4,4,4,4,4,4,0,0,8,4,4,0,4,4,4,4,4,4,4,0,0,0,4,4,4,4,6,0,6,0,0,0,0,4,6,0
6398_7fbad16f.jpg,Test,0,0,0,0,0,0,0,0,0,0,0,0,0,0,0,0,7,0,10,10,0,7,0,0,7,0,0,0,9,9,7,0,0,0,0,6,0,9,10,0,0,0,0,0,0,3,0,5,0,0,0,0,0,0,0,0,0,0,0,0,3,0,0,0
6399_68647f37.jpg,Train,0,0,0,0,0,0,0,0,0,0,0,0,0,0,0,0,0,0,0,0,10,0,0,0,0,0,0,10,10,10,0,0,0,4,0,10,10,10,4,0,4,4,0,10,10,10,4,0,4,4,4,10,10,10,4,0,0,4,0,0,10,10,4,0
6400_da4c44b3.jpg,Train,0,0,0,0,0,9,0,0,0,0,0,10,0,0,0,10,0,0,3,0,8,0,0,0,0,10,0,0,0,0,0,0,10,0,0,0,8,0,0,0,0,0,4,4,4,0,10,10,0,0,0,0,0,0,0,0,0,0,0,0,0,0,0,0
6401_ce08be11.jpg,Test,0,0,0,0,0,0,0,0,0,0,7,10,10,4,0,0,0,4,4,10,4,4,0,0,0,4,4,10,4,4,0,0,0,4,4,0,0,4,0,0,0,0,4,0,4,4,0,0,0,0,0,3,1,4,0,0,0,0,7,0,0,4,0,0
6402_9e8f4678.jpg,Train,0,0,1,0,0,0,0,0,7,7,7,10,7,1,0,0,0,0,0,0,0,0,0,0,0,0,0,7,10,0,0,0,0,0,0,10,10,0,0,0,0,0,0,0,0,0,0,0,0,0,0,0,6,0,0,0,0,0,0,5,0,0,0,0
6403_2e031ccf.jpg,Train,0,0,0,0,0,0,0,0,0,0,0,10,0,7,7,0,0,7,0,0,0,7,7,0,0,7,7,0,0,0,0,0,0,0,0,0,0,10,0,0,0,0,0,0,0,0,0,10,0,0,0,0,0,0,0,0,0,0,0,0,0,0,0,0
6404_bd9c19ce.jpg,Test,0,0,0,0,0,0,0,0,0,0,0,0,10,10,0,10,0,10,0,10,10,10,0,0,0,0,10,10,10,10,0,0,0,0,0,0,10,10,0,0,0,0,0,0,0,10,0,0,0,0,0,0,10,10,0,0,0,0,0,0,0,10,0,0
6405_ab6eaab0.jpg,Train,0,0,0,0,0,0,0,0,0,0,0,0,0,0,0,0,0,0,0,0,10,10,0,0,0,0,0,0,10,0,0,0,0,0,0,0,10,10,0,0,0,0,0,0,10,10,0,0,0,0,0,0,10,10,0,0,0,0,0,0,0,0,0,0
6406_2052ced5.jpg,Train,10,0,10,7,0,0,0,10,0,10,10,0,10,10,10,0,3,10,10,0,10,10,0,0,2,10,10,0,10,0,0,0,6,10,10,0,10,10,0,0,0,10,10,10,10,10,0,0,6,0,10,0,0,10,10,0,0,0,0,0,0,0,0,0
6407_b69b2150.jpg,Train,0,0,0,0,0,0,0,0,0,0,0,0,0,10,0,10,0,0,9,0,10,4,0,0,0,0,0,0,0,4,0,0,0,7,9,0,0,0,0,0,0,7,0,7,7,0,0,0,0,0,7,0,0,0,0,0,4,4,0,0,0,0,0,0
6408_9e0caccf.jpg,Test,0,0,0,0,0,0,0,0,0,9,0,10,10,0,0,0,0,10,4,4,0,0,0,10,0,0,4,4,0,0,0,0,0,10,4,4,0,0,0,10,4,0,4,0,0,0,0,0,0,0,4,4,0,0,0,2,0,0,4,0,0,0,0,0
6409_8e558f7a.jpg,Train,0,0,10,0,0,0,0,0,0,0,0,4,0,4,10,0,10,0,0,4,4,4,0,0,0,0,10,0,4,7,0,10,0,0,0,4,4,4,0,0,0,0,0,4,4,4,0,6,0,0,0,4,4,4,0,0,0,0,10,0,4,4,0,0
6410_f1cfc59e.jpg,Train,0,0,0,0,0,0,0,0,0,0,0,0,4,0,0,0,0,0,10,10,4,4,0,0,0,0,10,10,4,4,0,0,0,0,10,10,4,4,0,0,0,0,0,10,4,4,0,0,0,0,0,10,4,4,0,0,0,0,10,10,0,4,0,0
6411_6decd884.jpg,Test,0,0,0,0,0,0,0,0,1,0,0,10,7,0,0,0,0,0,7,0,0,0,0,0,0,0,0,7,10,0,10,0,0,0,0,0,0,0,0,0,0,0,0,0,0,0,0,0,0,0,0,0,0,0,0,0,0,0,5,0,0,0,0,0
6412_80a30bdd.jpg,Test,0,0,0,10,0,0,10,0,0,0,0,0,0,0,0,0,0,0,0,0,0,10,0,0,0,0,7,7,0,0,0,7,0,0,7,7,0,7,4,0,0,0,0,0,0,0,0,0,0,0,8,0,0,8,0,0,0,0,0,0,0,8,0,0
6413_5dc5ab1f.jpg,Train,0,10,0,0,0,0,0,0,0,0,0,9,7,0,0,0,0,7,7,0,7,0,7,7,0,0,0,8,0,0,7,0,0,0,0,0,0,0,0,0,0,0,0,0,0,0,0,0,0,0,0,0,0,0,0,0,0,6,0,0,0,0,0,0
6414_161b8ab0.jpg,Test,0,0,0,0,3,0,0,0,0,10,10,0,0,0,5,0,0,10,0,0,0,7,0,0,0,0,10,0,7,9,7,0,0,0,0,0,0,0,0,0,0,0,0,0,0,0,0,4,0,0,0,0,0,0,4,4,0,0,0,0,0,0,0,0
6415_ace0a056.jpg,Train,0,0,0,0,0,0,0,0,10,10,10,10,10,5,0,10,0,10,10,0,0,5,6,0,7,10,10,0,0,0,0,0,0,10,0,0,5,0,0,0,0,0,0,0,0,0,7,0,0,0,0,0,0,0,0,0,0,0,0,0,0,7,0,0
6416_62bcc981.jpg,Train,0,0,0,10,10,0,0,10,0,10,10,10,10,0,0,0,0,10,10,10,0,4,4,0,0,10,10,10,0,4,4,0,0,10,10,10,0,4,4,0,0,10,10,10,0,4,4,0,6,10,10,10,0,4,4,0,0,10,0,10,0,4,4,0
6417_65820d27.jpg,Test,0,10,0,0,0,0,0,0,0,0,0,0,0,10,0,0,0,0,4,0,0,0,10,0,6,4,4,4,4,0,0,4,0,0,4,4,4,10,4,4,0,4,4,4,4,0,0,0,0,0,4,4,0,0,0,0,0,0,4,4,4,0,0,0
6418_a9b5958c.jpg,Train,0,0,0,0,0,0,0,0,0,0,0,4,4,4,4,4,0,0,0,4,4,4,4,0,0,0,10,0,4,4,4,0,0,0,0,4,4,0,4,0,0,0,0,4,4,4,4,0,0,0,0,0,4,4,4,0,0,4,4,4,4,4,4,0
6419_a06a259b.jpg,Train,0,0,0,0,0,0,0,0,0,0,0,0,10,10,4,4,0,0,4,0,0,10,4,4,0,4,4,4,10,4,4,4,0,0,4,0,4,0,4,4,0,4,4,0,10,10,4,4,0,0,0,0,10,10,4,4,0,0,0,0,10,10,0,0
6420_bcca710c.jpg,Train,0,0,0,0,0,0,0,3,0,0,7,0,0,0,3,0,0,0,4,0,0,8,4,0,0,0,0,0,4,4,4,4,0,4,4,4,8,4,4,4,8,4,4,8,8,4,4,0,0,4,4,4,4,4,4,0,8,0,0,4,0,0,0,6
6421_77b8207a.jpg,Train,0,0,0,0,0,0,0,0,0,0,7,0,4,0,10,0,0,4,0,7,0,0,0,0,0,0,10,0,10,10,4,0,0,0,7,0,0,10,7,7,10,0,0,0,0,0,7,7,0,0,0,0,8,0,0,0,10,0,0,0,0,0,0,0
6422_14e9be95.jpg,Train,0,0,0,0,0,0,0,0,0,0,0,0,0,0,0,0,0,0,0,0,0,0,0,0,0,0,0,4,0,10,0,0,0,0,0,4,10,10,0,0,0,0,4,4,10,10,0,0,0,0,4,4,0,10,10,10,0,0,0,0,0,0,0,0
6423_504da893.jpg,Train,0,10,0,2,0,0,0,0,0,0,0,0,7,10,0,0,0,0,0,0,0,0,0,0,0,0,0,0,0,0,6,0,0,0,10,0,10,10,0,0,0,0,10,6,0,10,0,0,0,10,10,0,10,10,0,0,0,0,10,10,10,10,0,0
6424_c427be96.jpg,Train,0,0,0,0,0,3,0,0,0,0,0,0,0,3,0,0,0,0,0,0,0,0,0,0,0,10,0,0,0,0,0,0,0,0,0,0,7,9,0,0,0,0,0,0,0,4,0,0,0,0,0,0,4,4,0,0,0,0,0,0,0,4,0,0
6425_e2c40247.jpg,Test,0,0,0,0,0,0,0,0,0,0,0,0,4,0,0,0,0,0,4,4,4,4,0,0,0,0,4,4,4,0,0,0,0,0,4,0,4,4,0,0,0,0,4,0,4,4,0,0,0,0,4,0,4,4,0,0,0,0,4,0,4,0,0,0
6426_7245b8ca.jpg,Test,0,0,0,0,0,10,0,0,0,0,0,0,0,0,0,0,0,0,10,10,0,10,0,0,0,0,10,9,0,10,0,0,0,10,10,10,0,10,0,0,0,10,10,10,0,10,0,0,0,0,10,10,10,10,0,0,0,0,0,10,10,10,0,6
6427_4dd6de4a.jpg,Train,0,0,0,0,0,0,0,0,9,0,0,0,0,0,0,0,0,10,0,10,10,10,0,0,0,10,0,0,10,10,0,0,0,10,10,0,10,10,0,0,0,10,10,10,10,0,0,0,0,0,10,0,10,10,0,0,0,0,10,10,10,10,0,0
6428_8ef34c09.jpg,Test,0,0,0,0,0,4,4,0,0,0,0,0,5,4,4,0,4,0,4,0,5,0,4,4,4,4,0,0,0,0,4,4,4,4,4,8,0,0,0,0,4,4,4,8,8,4,0,0,0,4,4,8,4,0,2,0,0,5,0,6,4,0,2,8
6429_90a6edbc.jpg,Train,0,0,0,0,0,0,0,0,10,0,0,0,0,8,0,0,0,0,0,7,0,0,0,0,0,0,7,0,0,8,0,10,0,0,0,0,0,0,0,0,0,0,0,0,0,0,0,0,0,0,0,0,0,0,0,0,0,0,0,0,0,0,0,0
6430_033d6367.jpg,Train,0,0,0,0,0,0,0,0,0,0,10,10,0,0,10,0,0,10,10,0,10,0,4,0,0,10,10,0,0,4,4,0,0,0,10,10,0,4,4,0,4,10,10,10,0,4,4,0,0,10,10,10,0,0,4,2,0,10,10,10,0,0,4,0
6431_e69ff9f6.jpg,Test,0,0,0,0,0,4,0,3,0,0,4,0,0,4,4,4,4,4,0,4,0,0,7,0,4,4,0,4,0,0,8,0,0,4,4,4,4,4,4,4,0,4,1,6,4,4,4,4,0,0,1,0,0,0,10,4,0,0,0,0,0,0,0,10
6432_ce03d1d9.jpg,Test,0,0,0,0,10,0,0,0,0,0,0,0,0,0,0,0,0,0,0,10,10,4,10,10,10,0,4,4,10,10,0,10,0,0,4,4,10,10,0,0,0,0,4,4,10,10,0,0,0,0,4,0,10,10,0,0,0,0,6,4,10,10,0,0
6433_22b38bea.jpg,Train,0,0,0,0,10,0,0,0,0,10,0,10,10,0,10,10,10,10,0,10,10,10,10,10,0,10,0,10,10,10,0,9,0,0,0,10,10,10,10,0,0,0,0,10,10,10,10,0,0,0,0,10,10,10,10,0,0,0,0,10,10,10,10,0
6434_fe9f37cb.jpg,Train,0,0,0,0,0,0,0,0,0,10,10,10,0,0,0,0,0,10,10,10,10,0,0,10,0,10,10,10,10,4,0,0,0,10,10,10,10,4,0,4,0,10,10,10,0,4,4,0,0,10,10,10,10,4,4,0,10,10,10,10,0,4,4,0
6435_4693b920.jpg,Test,0,0,5,0,0,0,0,0,10,0,0,0,0,0,0,0,0,0,0,0,3,4,6,3,4,7,0,0,6,4,4,4,0,0,9,0,3,4,4,9,0,0,0,9,0,4,4,4,4,0,0,9,4,4,4,4,0,0,5,5,5,4,0,1
6436_6a3a3afb.jpg,Train,7,7,0,0,0,0,0,7,7,7,8,0,0,0,0,7,7,7,3,3,0,0,0,7,7,7,0,3,3,0,10,0,0,7,0,0,9,9,10,0,0,0,0,0,9,8,7,0,7,0,9,0,8,8,0,0,0,0,0,0,0,0,0,0
6437_66b9bd20.jpg,Train,0,3,0,3,0,0,0,0,0,0,10,0,10,10,0,0,0,0,10,10,10,10,0,0,0,0,10,10,10,10,0,0,0,0,10,10,0,10,0,0,0,0,10,10,10,10,0,0,0,0,10,10,10,10,0,0,0,0,0,10,10,0,0,0
6438_d9f911fd.jpg,Train,0,0,0,0,0,0,0,0,0,0,0,7,0,0,0,0,0,0,0,0,7,7,7,7,0,0,0,0,0,0,0,0,0,0,4,0,4,4,0,0,0,0,4,0,4,0,0,0,0,0,0,0,4,0,0,0,0,0,0,0,4,0,0,0
6439_51005ac7.jpg,Train,0,0,0,10,10,0,7,0,0,10,0,10,10,7,7,0,0,3,5,0,0,0,0,0,0,0,0,6,5,5,6,0,0,0,5,0,0,0,0,10,0,0,5,5,0,2,0,0,0,10,0,10,0,0,0,0,0,10,0,0,0,0,0,0
6440_30818ab3.jpg,Train,0,0,0,0,0,0,0,0,10,0,0,0,0,0,0,0,10,9,0,0,0,0,0,0,10,0,0,0,0,4,4,0,10,10,0,0,4,4,4,0,10,10,0,0,4,4,4,0,10,10,6,0,4,4,4,8,10,0,0,0,0,0,4,0
6441_376fd21c.jpg,Train,0,0,0,0,0,0,0,0,0,0,0,0,0,0,0,0,0,0,0,0,0,0,0,0,0,0,0,0,0,0,0,0,0,0,0,0,7,0,0,3,0,7,0,7,0,0,0,0,0,0,0,10,7,0,0,0,0,0,0,0,0,9,0,0
6442_8412d0da.jpg,Test,0,0,0,0,0,0,0,0,3,0,0,0,0,0,0,0,3,4,3,0,0,0,7,0,4,4,4,0,0,0,0,0,4,4,4,10,10,0,0,10,4,4,4,10,0,0,0,0,0,4,0,10,10,10,0,0,0,4,0,0,0,10,0,0
6443_9b4a68c7.jpg,Test,0,0,0,0,0,0,0,0,0,0,5,0,0,0,0,0,0,0,10,0,0,7,0,0,0,7,7,0,1,7,0,0,0,7,0,4,1,0,0,0,0,0,0,4,1,0,0,0,0,0,1,0,1,0,0,0,0,0,0,0,1,0,1,0
6444_24c5030c.jpg,Train,0,0,0,10,0,4,0,0,0,0,4,4,0,4,0,0,0,0,4,4,4,0,0,4,0,0,4,4,4,4,0,0,0,0,4,4,4,4,0,0,0,0,4,4,4,4,4,0,0,0,4,4,4,4,0,0,4,0,4,4,4,4,0,0
6445_d7e2627b.jpg,Train,0,0,0,0,0,0,0,0,0,0,0,4,0,0,10,10,0,10,4,4,4,10,10,10,0,0,0,4,4,10,10,10,0,0,4,4,4,10,10,10,4,0,4,4,4,10,10,10,0,0,4,0,0,10,10,10,0,0,4,4,4,10,10,10
6446_6b45a422.jpg,Train,0,0,0,0,10,0,0,0,0,0,10,10,10,7,0,0,0,0,0,10,10,0,0,0,10,0,0,7,10,10,0,0,0,0,0,0,0,0,0,0,0,0,0,0,0,0,0,0,0,0,0,0,0,0,0,0,0,0,0,0,0,0,0,0
6447_f6eb9bc5.jpg,Test,0,0,0,0,0,0,0,0,0,0,2,0,0,0,0,2,0,0,0,0,10,0,0,0,0,0,0,10,10,0,0,0,0,0,10,0,0,0,7,0,0,0,10,10,10,0,6,0,0,0,0,0,0,0,0,0,0,0,0,0,0,10,0,0
6448_aeb1a15e.jpg,Test,0,0,0,0,0,0,0,0,0,0,0,0,0,0,0,0,0,10,10,10,10,0,0,0,0,0,10,10,10,0,0,0,0,0,0,10,10,0,0,0,0,10,10,10,4,0,0,0,0,10,10,10,0,0,0,0,0,10,10,10,0,0,0,0
6449_1338f26b.jpg,Train,0,0,0,0,0,0,0,0,0,0,4,4,0,0,0,0,0,10,4,4,0,4,4,4,0,10,4,4,0,0,4,4,10,0,4,4,0,0,4,4,0,0,4,4,0,0,4,4,0,0,0,4,0,4,4,0,0,0,4,4,0,4,4,4
6450_6720f8d1.jpg,Train,4,0,0,0,0,0,10,10,4,4,4,0,0,0,10,0,4,4,4,10,10,10,10,0,4,4,4,10,10,0,10,10,4,4,4,10,10,10,10,10,4,4,0,10,10,10,10,10,4,4,0,10,10,0,10,10,4,4,0,0,10,10,10,10
6451_21d075ba.jpg,Train,0,0,0,0,0,0,0,0,0,0,4,0,0,4,0,4,4,4,4,4,4,4,0,0,4,4,4,4,4,4,0,0,4,4,4,4,0,4,4,0,0,0,4,0,0,0,0,0,0,0,0,1,0,0,0,0,0,0,0,0,0,0,0,0
6452_819c27f7.jpg,Train,0,0,10,0,0,0,0,0,0,0,0,0,10,0,0,0,0,4,4,4,4,0,0,0,0,4,4,4,0,0,0,10,0,4,4,4,4,0,0,0,0,4,4,4,4,0,0,0,0,4,4,4,4,0,0,0,0,4,4,4,4,0,0,0
6453_7889a04c.jpg,Train,0,0,0,0,10,0,0,0,10,10,10,10,10,0,0,0,0,10,10,10,7,4,0,0,0,10,10,10,4,4,7,10,0,10,10,10,4,4,0,0,0,10,10,10,4,4,0,0,0,10,10,10,4,4,0,0,0,10,10,10,4,0,0,0
6454_89b7e3fe.jpg,Test,0,0,10,0,0,0,0,0,0,0,10,0,10,0,0,10,10,10,0,10,10,10,10,0,0,10,10,10,10,10,10,10,0,10,10,10,10,10,10,10,0,10,10,10,10,0,10,0,0,10,10,10,10,10,10,0,0,10,10,10,10,0,0,0
6455_14c29dea.jpg,Train,0,0,0,0,0,0,0,0,0,0,0,0,10,0,0,0,0,0,0,0,0,10,0,0,0,0,0,10,10,10,0,0,0,0,0,0,10,10,0,0,0,0,0,0,10,0,0,0,0,0,0,10,10,10,0,0,0,0,0,0,10,10,0,0
6456_3c0faef1.jpg,Train,0,0,0,0,0,10,0,0,0,0,0,0,10,10,0,10,0,10,0,0,10,10,10,0,0,4,4,0,10,10,0,0,10,4,4,0,10,10,0,0,0,4,0,0,10,10,0,0,0,4,0,0,10,10,10,0,0,4,4,0,10,10,0,0
6457_04847fe7.jpg,Train,0,0,0,0,0,0,0,0,0,0,0,7,0,0,0,0,0,0,7,7,0,0,0,0,0,0,0,0,0,0,0,0,7,0,0,7,0,0,0,7,0,0,0,0,7,0,0,7,0,7,0,10,0,0,10,0,0,0,10,0,10,0,10,10
6458_e9725f67.jpg,Test,0,0,9,0,0,0,10,0,0,0,0,9,0,0,0,0,0,0,10,10,0,0,0,0,0,0,0,10,0,0,0,10,0,0,10,10,0,0,0,0,0,0,0,10,10,0,0,0,0,0,0,10,0,0,6,0,0,0,0,0,0,0,0,0
6459_c5f73835.jpg,Test,0,0,0,0,10,0,0,0,3,0,3,4,0,0,0,0,0,0,0,4,0,0,0,0,0,10,4,4,4,0,0,0,0,0,4,4,4,0,10,0,0,10,0,0,7,0,7,0,7,7,4,0,4,10,0,0,10,0,0,0,4,10,10,0
6460_fd1f8c09.jpg,Train,0,0,0,0,0,0,0,0,0,0,4,4,4,0,0,0,0,0,0,4,4,0,0,0,0,0,4,4,4,0,0,0,0,0,4,4,4,0,0,0,0,0,4,4,4,0,0,0,0,0,4,4,4,0,0,0,0,0,0,4,4,0,0,0
6461_3b411259.jpg,Test,0,0,0,0,0,0,0,0,0,0,0,0,0,4,0,0,0,4,4,0,0,4,0,0,0,4,4,4,4,4,4,0,0,4,4,4,4,4,4,0,0,4,4,4,4,4,4,0,0,4,4,4,4,4,4,0,0,4,4,4,4,4,4,0
6462_d3ffd361.jpg,Train,0,0,0,0,0,10,10,0,10,0,0,0,0,10,10,0,0,10,4,4,4,0,0,0,10,10,10,4,4,0,0,0,10,10,4,4,4,4,0,0,0,10,10,4,4,0,0,0,10,10,0,4,4,0,0,0,0,0,0,0,0,0,0,0
6463_6ff44843.jpg,Test,0,0,0,0,0,0,0,0,0,0,0,0,0,0,0,0,0,10,0,0,0,0,0,0,0,10,10,10,0,0,4,4,0,0,10,0,0,0,4,4,0,0,10,10,0,4,4,4,0,0,10,10,0,0,0,1,0,0,0,0,0,0,0,0
6464_5e8d37bf.jpg,Train,0,0,0,0,0,0,0,0,0,10,10,0,4,4,0,0,10,10,10,10,4,4,10,9,0,10,10,10,4,4,0,0,10,0,10,10,4,4,7,10,0,10,10,10,4,4,0,10,0,10,10,10,4,0,0,10,0,0,10,0,0,4,0,10
6465_0bc69955.jpg,Train,0,0,0,0,0,10,0,0,0,0,0,0,0,10,10,0,0,0,4,0,4,0,0,0,0,0,4,4,0,0,0,0,0,0,4,4,4,0,0,0,0,0,4,4,0,3,0,0,0,0,4,4,4,0,4,0,0,0,4,4,4,0,0,0
6466_7046ecd7.jpg,Train,0,10,0,0,0,0,0,10,0,0,0,0,0,0,10,0,0,10,0,10,0,0,0,10,0,0,10,10,10,0,0,0,2,0,10,10,10,0,0,0,10,0,10,0,10,0,0,0,2,10,0,10,0,0,0,0,0,0,0,0,0,0,0,0
6467_54de0fac.jpg,Test,0,0,0,0,0,0,0,0,0,0,0,4,4,4,6,6,0,0,4,4,4,4,0,0,0,4,4,4,4,4,0,0,0,0,4,4,4,4,4,0,0,4,4,4,4,4,4,0,0,4,4,0,4,4,4,0,8,8,4,4,0,1,0,0
6468_dad12805.jpg,Train,0,0,0,0,0,0,0,0,7,0,0,0,0,0,0,0,0,0,4,4,4,4,0,0,0,0,4,4,4,4,10,10,0,0,4,4,4,4,0,0,0,0,4,4,4,4,7,0,0,0,4,4,4,4,0,0,0,0,4,4,4,4,0,0
6469_bcd6246f.jpg,Train,0,0,0,0,0,0,0,0,0,0,4,0,0,0,0,0,0,0,4,4,0,0,0,0,0,0,4,4,0,0,0,0,0,0,4,4,0,0,0,0,0,0,0,4,0,0,0,0,0,0,4,0,0,10,0,0,0,0,4,4,0,0,0,0
6470_63989108.jpg,Train,0,0,0,0,0,0,0,0,0,0,0,0,0,0,0,0,0,7,7,0,0,9,7,0,0,9,7,7,8,0,7,0,8,8,0,7,0,0,0,0,0,0,0,0,7,1,0,0,0,0,0,0,1,0,0,0,0,5,0,0,0,0,0,0
6471_6a3a3afb.jpg,Train,7,7,0,0,0,0,0,7,7,7,8,0,0,0,0,7,7,7,3,3,0,0,0,7,7,7,0,3,3,0,10,0,0,7,0,0,9,9,10,0,0,0,0,0,9,8,7,0,7,0,9,0,8,8,0,0,0,0,0,0,0,0,0,0
6472_0e63144a.jpg,Train,0,0,0,0,0,0,0,0,0,4,0,0,0,0,0,0,0,4,4,4,4,4,4,0,0,4,4,4,4,4,4,4,4,4,4,4,4,4,4,4,4,4,4,4,4,4,4,4,0,4,4,4,4,4,4,4,7,4,4,4,4,4,4,4
6473_1bb80607.jpg,Train,0,0,0,0,0,0,0,0,0,0,10,10,10,10,0,10,0,0,10,10,10,10,0,0,0,0,0,0,10,10,4,4,0,0,10,10,10,10,0,4,0,0,10,10,10,10,0,0,10,4,10,0,10,10,4,0,0,0,10,10,10,0,0,0
6474_59082ce7.jpg,Test,0,0,0,0,0,0,0,0,0,0,0,0,0,0,0,0,0,10,10,0,0,0,7,0,0,10,10,0,0,10,10,0,0,0,10,7,0,0,0,0,0,0,0,7,3,0,0,0,0,0,0,0,0,0,0,0,0,0,0,0,0,0,0,0
6475_4971694a.jpg,Train,0,0,0,7,0,0,0,0,0,0,0,7,0,0,0,0,10,0,10,10,10,10,0,0,10,0,10,10,0,4,10,10,0,0,10,10,4,4,0,0,0,0,0,10,10,4,0,0,0,0,0,10,10,4,0,0,0,5,0,10,4,4,0,0
6476_509f3582.jpg,Train,0,0,10,0,0,0,0,0,0,0,10,0,0,4,10,0,10,10,0,0,0,4,0,0,10,10,0,0,10,4,10,0,10,10,0,10,0,4,0,0,10,10,0,0,0,4,0,0,10,10,0,0,0,4,0,0,0,10,0,0,0,4,0,0
6477_87e96c5f.jpg,Train,0,0,0,0,10,0,0,10,0,0,0,0,10,10,10,0,10,10,10,0,10,10,10,10,0,10,10,0,10,10,10,0,0,0,0,0,10,10,10,10,0,0,0,0,10,10,10,10,0,0,6,0,10,10,10,10,0,0,0,0,0,10,10,10
6478_a7226b03.jpg,Train,0,10,10,10,10,10,10,10,0,10,10,0,10,10,10,10,0,10,10,10,10,10,10,10,0,10,10,0,10,10,0,10,0,0,0,10,10,10,0,10,0,10,10,10,10,10,10,10,0,0,10,10,10,10,10,10,0,0,10,10,10,0,10,10
6479_68b6dd9f.jpg,Train,0,0,0,0,0,0,0,0,0,0,0,0,0,0,0,0,0,0,0,10,0,0,0,0,0,10,10,10,0,0,0,0,0,10,10,10,0,0,0,0,0,0,10,10,0,0,0,0,0,0,10,10,0,0,0,0,0,0,10,0,0,0,0,0
6480_76a463f1.jpg,Train,0,0,0,0,0,0,0,0,0,10,0,4,4,4,0,10,10,0,0,4,4,4,4,0,10,10,0,4,4,4,4,10,0,0,0,4,0,4,4,4,4,0,0,4,4,4,4,4,0,6,0,4,4,4,1,0,0,0,0,4,4,4,0,0
6481_36239996.jpg,Test,0,0,0,0,0,0,0,0,0,7,0,0,0,0,3,3,0,7,0,7,7,0,0,9,0,0,0,9,9,0,3,9,0,0,0,0,0,0,0,8,0,0,0,0,0,0,0,0,0,0,0,0,0,0,0,0,0,0,0,0,0,0,0,0
6482_81c3b119.jpg,Train,0,0,0,0,0,0,0,0,0,0,0,0,0,0,0,0,0,10,10,0,0,4,0,4,0,0,0,0,0,4,0,0,7,10,10,0,0,4,4,4,10,10,10,0,0,4,4,4,10,10,10,0,0,4,4,4,0,10,10,0,0,4,4,4
6483_2689e8f6.jpg,Train,0,0,0,0,0,0,10,0,0,0,0,0,10,0,10,10,10,10,10,10,10,10,10,10,10,10,10,10,10,0,10,10,10,10,10,10,10,0,10,10,0,10,10,0,10,6,7,10,10,10,10,0,10,10,10,10,0,10,0,10,10,10,10,10
6484_a5fefb30.jpg,Train,0,0,0,0,0,0,10,0,0,0,0,0,0,10,10,0,0,0,0,10,10,10,10,0,0,4,4,0,10,10,0,10,0,4,4,0,10,10,10,0,0,4,4,4,0,10,10,0,0,4,4,0,10,10,10,0,0,4,0,0,10,10,10,0
6485_c95ba4b6.jpg,Test,1,0,0,7,0,0,0,0,0,0,4,0,7,0,0,0,0,10,0,0,0,0,0,0,9,10,4,4,4,4,6,0,0,0,4,4,4,4,0,0,0,0,4,4,4,4,6,0,0,0,0,4,4,0,0,6,0,6,4,4,4,0,6,6
6486_69a44938.jpg,Train,0,0,4,4,4,4,0,2,0,0,4,4,4,4,0,0,0,0,4,4,4,4,4,7,0,0,4,4,4,0,4,0,0,0,0,4,4,4,4,0,0,0,4,4,4,4,4,0,0,0,4,4,4,4,4,0,0,0,4,4,4,4,4,0
6487_f81e084d.jpg,Train,3,0,0,0,0,3,0,0,4,0,0,0,0,3,0,3,0,9,0,3,0,0,0,0,4,0,4,4,0,4,4,4,4,4,4,4,0,4,4,4,4,0,4,4,0,4,5,5,4,0,4,5,0,5,5,5,0,0,5,0,3,0,0,0
6488_b68497b0.jpg,Test,0,0,0,10,0,0,10,0,0,0,0,0,7,0,0,0,0,0,0,0,4,0,0,0,0,0,0,10,4,4,0,0,0,0,0,0,4,4,0,0,5,0,0,0,4,4,0,0,0,0,0,0,0,4,0,0,0,0,0,0,4,4,0,0
6489_1bd32c55.jpg,Train,0,0,0,0,7,7,7,7,7,0,7,7,7,7,10,0,0,0,0,7,0,7,0,0,0,0,0,8,0,0,0,0,0,0,0,0,0,0,0,0,0,10,4,0,10,0,0,0,0,0,0,0,0,0,7,7,0,0,0,0,0,0,2,7
6490_1f3da55d.jpg,Train,0,0,0,0,0,0,0,0,0,0,0,0,0,0,0,0,0,0,0,0,0,10,0,0,0,0,4,10,10,10,0,0,0,0,4,0,10,0,0,0,0,0,4,0,10,10,0,0,0,0,0,0,10,10,0,0,0,0,0,0,0,0,0,0
6491_1c2a8476.jpg,Train,0,0,0,0,0,0,0,0,0,0,0,0,0,0,0,0,0,0,7,0,7,0,0,2,4,8,0,0,7,9,9,0,4,4,4,10,0,0,0,7,0,4,4,0,0,0,0,0,0,0,0,0,0,0,0,0,0,0,0,0,0,10,3,0
6492_ecbb5873.jpg,Test,0,0,0,0,0,0,10,0,0,0,0,0,0,0,10,0,0,0,4,0,4,4,0,10,0,4,4,4,4,4,0,10,0,4,4,4,4,4,4,10,0,4,4,4,4,4,0,0,0,4,4,4,4,4,10,0,0,0,0,4,4,4,0,0
6493_29d0fc26.jpg,Train,0,0,0,0,0,0,0,0,0,0,0,0,10,0,0,0,0,0,0,0,0,0,0,10,0,0,0,10,10,0,10,10,0,0,0,10,10,0,0,10,0,0,0,10,10,0,0,0,0,0,0,10,10,0,0,0,0,0,0,0,0,0,0,0
6494_726c0a25.jpg,Train,0,5,0,0,10,0,0,0,5,10,0,0,10,0,10,10,10,10,10,10,10,10,10,10,0,10,10,10,10,10,10,10,0,10,0,0,10,10,10,10,0,10,0,0,10,10,10,10,10,10,6,10,10,10,10,10,10,10,10,5,0,10,10,10
6495_6bf32196.jpg,Test,0,0,0,0,0,0,0,0,0,0,0,0,0,0,0,0,0,0,0,0,0,0,0,0,0,0,10,10,10,10,0,0,0,0,10,10,10,10,0,0,0,0,10,10,10,10,0,0,0,0,10,10,10,10,0,0,0,0,0,0,0,0,0,0
6496_419090b1.jpg,Test,0,0,0,0,0,0,0,0,0,0,0,10,7,10,7,0,3,0,0,0,0,10,0,0,0,0,0,7,0,10,10,0,0,0,0,0,0,0,7,0,0,0,0,0,0,0,0,0,0,0,0,0,0,0,0,0,0,0,0,0,0,0,0,0
6497_47632720.jpg,Train,0,0,0,0,0,0,0,0,0,0,0,0,0,0,0,0,0,10,0,10,0,0,0,0,0,10,10,10,10,0,0,0,0,10,10,10,0,0,0,0,0,10,10,10,10,0,0,0,0,0,0,10,10,0,8,8,0,0,10,10,10,0,0,10
6498_51a4debf.jpg,Train,0,0,0,0,0,0,0,0,0,10,0,0,10,10,10,10,0,10,10,10,10,10,10,0,10,10,10,10,10,10,10,0,0,10,10,10,10,10,10,0,0,10,10,10,10,10,0,0,0,10,10,10,10,10,10,0,0,0,10,0,0,0,0,0
6499_617cdf9b.jpg,Train,0,0,0,0,0,0,0,0,0,0,0,0,0,0,0,0,0,0,10,10,10,0,0,0,0,0,10,10,0,0,0,0,0,0,10,10,0,0,0,10,0,0,10,10,0,0,0,0,0,0,10,10,0,0,10,0,0,0,10,10,0,0,0,0
6500_eae3d665.jpg,Train,0,0,0,0,0,0,0,0,10,0,10,10,10,10,0,0,0,10,10,10,10,10,10,10,0,10,0,10,10,10,10,10,0,10,10,10,10,10,0,0,0,10,10,10,10,0,0,0,0,10,10,10,10,0,0,0,0,10,10,10,10,10,0,0
6501_a5502c84.jpg,Train,0,0,0,10,0,0,0,0,0,0,10,10,10,0,0,0,0,10,10,10,10,10,10,0,0,10,10,10,10,10,0,0,0,10,10,10,10,10,10,10,0,10,10,10,0,10,10,0,0,10,10,10,10,10,10,10,0,10,10,10,10,10,10,10
6502_cfe1fd08.jpg,Test,0,0,0,0,0,0,0,0,6,0,0,10,0,0,0,0,0,0,0,0,0,0,0,0,0,0,10,0,0,0,0,0,0,0,0,0,0,0,10,0,0,0,0,0,0,0,0,0,0,0,0,0,0,0,0,0,0,0,0,0,0,0,0,0
6503_01dcff2d.jpg,Train,0,0,0,0,0,0,0,0,0,0,0,0,10,10,0,0,0,0,10,10,10,10,10,10,0,10,10,10,10,10,10,10,0,10,10,10,10,10,10,0,0,0,10,10,10,10,10,10,6,0,10,10,10,10,10,10,0,0,0,10,10,10,10,10
6504_77e248ed.jpg,Train,0,0,0,0,0,0,0,0,0,0,0,0,0,0,0,0,0,0,0,0,4,0,0,0,0,0,0,10,4,0,0,0,10,10,0,10,4,0,0,10,10,10,0,4,4,0,3,7,10,10,10,4,4,0,0,0,0,10,0,0,4,0,0,0
6505_644dcf01.jpg,Test,10,0,0,0,0,0,0,0,0,0,0,0,0,0,0,0,0,0,4,0,4,4,0,0,0,0,0,0,4,4,0,0,0,0,0,0,4,8,0,0,0,0,0,0,4,4,0,0,0,0,0,0,4,4,0,0,0,0,0,0,10,0,0,0
6506_482078d9.jpg,Test,0,0,0,0,0,0,0,0,0,0,0,0,0,0,0,0,0,0,0,0,0,0,4,10,0,0,4,4,0,0,0,0,4,0,6,4,4,0,4,4,4,0,0,4,4,0,4,4,4,0,0,4,0,0,0,0,0,4,4,4,0,0,0,0
6507_ae1b804c.jpg,Test,10,0,0,0,10,0,10,0,10,10,0,10,7,7,7,10,0,0,0,10,10,0,4,0,0,0,0,0,10,10,0,4,0,0,0,0,0,10,10,4,0,0,0,0,0,0,10,4,0,0,0,10,10,4,10,0,0,0,0,10,0,0,10,0
6508_dadb61e9.jpg,Test,0,0,0,0,0,0,0,0,0,0,0,0,0,0,0,0,0,0,4,0,0,4,0,0,0,0,4,0,10,4,0,9,0,0,4,0,0,4,0,0,0,0,4,0,1,4,0,0,0,0,4,6,0,4,0,0,0,0,0,0,0,0,0,0
6509_6caf67c9.jpg,Train,3,3,3,0,0,0,0,0,0,0,0,4,3,0,0,0,2,0,4,4,0,0,4,0,0,0,4,4,0,2,0,0,0,9,4,7,9,0,6,0,0,0,4,4,0,0,0,2,0,0,4,4,0,0,0,9,0,0,4,4,0,0,0,0
6510_d441bf7d.jpg,Train,0,0,0,0,0,10,0,0,0,0,10,0,10,10,10,0,10,0,0,0,10,10,0,0,0,10,0,10,10,10,10,0,0,0,0,0,10,10,10,0,0,0,0,4,10,10,10,0,0,0,0,0,0,10,10,0,0,0,0,0,0,10,0,0
6511_77bd0820.jpg,Test,0,0,0,0,0,0,10,10,0,0,0,0,10,0,10,0,10,0,4,4,0,10,0,0,0,10,4,4,10,0,0,0,0,10,4,4,0,0,4,0,10,0,4,4,0,0,10,0,10,0,1,6,0,0,0,0,10,10,0,0,0,0,0,0
6512_17969028.jpg,Train,6,0,0,0,0,0,0,0,0,0,0,0,0,10,0,0,0,10,10,0,0,10,0,0,10,10,10,0,0,0,0,0,10,10,0,0,4,10,7,0,0,10,0,0,0,10,7,0,0,10,0,0,0,0,0,0,0,0,0,0,0,0,0,0
6513_08cdd648.jpg,Test,0,0,7,0,0,0,0,0,0,7,7,7,10,0,0,0,0,7,0,7,0,0,0,0,0,0,0,7,0,8,0,9,0,0,0,0,2,0,0,0,0,0,0,0,0,0,6,0,0,0,0,0,0,0,0,0,0,0,0,0,0,0,0,0
6514_ea71f252.jpg,Test,0,0,0,0,0,0,0,0,0,0,0,10,0,10,10,10,10,0,10,10,7,4,4,0,0,10,10,10,7,4,4,0,0,0,0,4,10,4,4,0,0,0,0,10,10,4,4,0,0,0,0,10,10,4,4,0,0,0,0,10,10,10,0,0
6515_8a2bd660.jpg,Test,0,0,0,0,0,0,0,0,0,0,0,0,0,0,0,0,0,0,0,0,0,0,0,0,0,0,0,10,10,10,10,10,0,0,4,10,0,0,0,10,0,4,4,0,0,0,0,0,0,4,5,0,10,0,0,0,1,1,0,0,0,0,0,0
6516_b755ddcb.jpg,Test,0,0,0,0,0,2,0,9,0,6,0,0,0,0,0,0,0,4,7,0,0,0,0,0,0,0,0,0,0,4,0,0,4,4,4,4,6,0,0,0,4,4,4,4,6,0,0,0,0,0,0,0,0,0,0,0,10,2,0,0,0,0,0,0
6517_3009f05f.jpg,Train,0,0,0,8,8,8,0,0,0,3,3,8,8,8,0,0,8,3,3,8,8,8,8,0,8,3,3,8,8,8,0,0,8,3,3,8,8,8,0,0,8,3,3,8,8,8,0,0,8,3,3,8,8,8,0,0,0,3,3,3,0,0,0,0
6518_835f2f90.jpg,Test,0,0,0,0,0,0,0,0,0,0,0,0,0,0,0,0,0,0,0,0,0,0,0,0,0,5,3,0,0,8,8,8,0,9,5,9,0,9,8,8,9,3,9,3,3,0,8,8,0,0,0,0,5,1,8,0,0,0,0,0,0,0,0,0
6519_27cc6f61.jpg,Test,0,0,0,0,0,0,0,0,2,0,0,0,0,0,0,0,0,5,0,0,2,0,3,0,3,1,0,6,0,5,5,3,0,3,0,0,0,0,3,0,0,0,3,0,0,3,3,0,3,3,6,0,0,3,5,0,0,3,6,0,0,3,0,0
6520_78054102.jpg,Test,0,0,8,8,0,0,0,0,0,0,8,8,0,0,8,8,0,0,8,8,0,5,0,0,0,0,8,8,0,5,0,0,0,0,8,2,8,5,0,0,0,0,0,8,0,3,0,0,0,0,0,8,0,3,0,0,0,0,2,0,0,0,0,0
6521_f09abd6b.jpg,Test,0,0,0,0,0,8,0,0,0,0,0,9,0,8,0,0,0,0,5,3,0,8,0,3,0,0,3,3,3,8,0,0,0,0,3,3,0,8,9,9,0,0,9,9,3,8,2,0,0,0,5,10,3,8,0,0,0,0,0,0,0,0,0,0
6522_e6cf821b.jpg,Test,0,0,0,0,0,0,0,0,0,0,0,8,8,0,0,0,0,3,0,8,8,0,0,0,0,3,9,8,8,0,0,0,0,5,9,8,0,0,0,0,0,5,8,8,0,0,0,0,0,0,0,8,0,0,0,0,0,0,0,8,0,0,0,0
6523_18d6769a.jpg,Train,0,0,0,0,0,0,0,0,0,0,0,0,0,0,0,0,0,0,0,0,0,0,0,0,0,0,0,0,0,0,0,0,0,0,0,0,0,0,0,0,0,0,8,0,0,0,5,5,0,0,6,6,0,9,0,7,0,0,9,9,3,0,0,0
6524_2e4718f1.jpg,Test,0,0,0,0,0,0,0,0,0,8,8,0,9,0,0,0,0,8,8,0,3,0,0,0,0,8,0,0,3,0,0,0,9,8,8,0,3,0,0,0,0,8,0,0,3,0,0,0,0,0,0,0,0,5,0,0,0,0,0,0,0,0,0,0
6525_d6fb1f09.jpg,Train,0,0,0,0,0,0,0,0,0,3,3,3,0,3,3,0,0,3,3,3,3,0,0,0,0,0,3,3,3,3,3,3,0,3,3,3,3,0,3,3,0,3,3,3,3,3,3,3,0,3,3,3,3,3,3,3,0,3,3,3,3,3,3,0
6526_d1a7abd3.jpg,Train,0,0,0,0,0,0,0,0,0,0,8,8,0,0,0,0,0,0,0,8,8,0,0,0,0,0,0,8,8,8,0,0,0,0,9,8,8,8,0,0,0,0,0,8,8,8,0,0,0,0,0,0,0,8,0,0,0,0,0,0,0,0,0,0
6527_87fb16c6.jpg,Train,0,0,0,0,0,0,0,0,0,0,0,0,0,0,0,0,0,0,0,0,0,0,0,0,0,0,0,0,3,3,0,0,0,0,0,0,3,3,9,0,0,0,0,0,3,3,0,0,0,0,0,0,3,3,0,0,0,0,0,3,3,3,0,0
6528_d88bcf0f.jpg,Test,0,0,0,0,0,0,0,0,0,0,0,0,0,0,0,0,0,8,0,0,5,8,0,0,8,8,0,0,3,8,8,0,8,8,9,9,5,0,0,0,9,2,0,0,0,3,2,0,8,8,1,0,8,3,0,0,0,0,0,0,0,0,0,0
6529_05d9c2ea.jpg,Train,0,0,0,10,0,0,0,0,0,3,3,3,3,3,0,3,0,0,3,3,3,3,0,3,3,3,3,3,3,3,3,3,3,3,3,3,3,3,3,3,3,3,3,3,3,3,3,3,3,3,0,3,3,3,3,3,3,3,3,3,3,3,3,3
6530_881b0236.jpg,Train,0,8,0,0,0,0,0,0,0,0,0,0,0,0,0,0,0,0,0,0,0,0,0,0,0,0,0,0,0,0,7,0,0,0,0,7,7,0,4,0,0,10,10,0,2,0,0,0,0,0,0,0,0,0,0,0,0,0,0,0,0,0,0,0
6531_28b7787f.jpg,Train,0,0,8,0,0,0,0,0,0,0,0,0,8,0,0,0,0,0,0,8,8,0,0,0,0,0,8,8,8,0,0,0,0,0,9,8,8,0,0,0,0,0,0,8,8,8,0,0,0,0,1,8,8,0,0,0,0,0,0,8,8,0,0,0
6532_f4188d0d.jpg,Test,0,0,0,0,0,0,0,0,0,0,0,0,0,0,0,0,0,8,0,8,8,8,0,0,0,8,8,3,8,8,8,0,0,8,8,0,8,0,8,8,0,8,8,0,0,0,0,0,0,0,8,0,3,3,0,0,0,0,0,0,0,0,0,0
6533_4f4b3863.jpg,Test,0,0,0,0,8,0,0,0,0,0,0,9,8,8,0,0,0,0,0,3,8,8,0,0,0,0,0,3,8,8,0,0,0,0,0,3,8,0,0,0,0,0,0,3,8,0,0,0,0,0,0,3,8,0,0,0,0,0,0,0,0,0,0,0
6534_dbf4fe81.jpg,Test,0,0,0,0,0,0,0,0,0,0,0,0,0,0,0,0,0,0,0,8,8,0,0,0,0,3,0,0,0,9,3,0,10,3,3,3,3,5,3,0,3,3,3,3,3,3,0,0,3,3,3,3,3,3,0,0,0,3,3,3,3,3,0,0
6535_2a699ec3.jpg,Train,0,0,3,3,3,0,0,0,8,3,3,3,3,0,3,0,8,3,3,3,3,3,3,0,8,3,3,3,3,3,3,0,8,3,3,3,3,3,3,3,8,3,3,3,3,3,3,3,8,3,3,3,3,3,3,0,8,3,3,3,3,3,3,0
6536_3009f05f.jpg,Train,0,0,0,8,8,8,0,0,0,3,3,8,8,8,0,0,8,3,3,8,8,8,8,0,8,3,3,8,8,8,0,0,8,3,3,8,8,8,0,0,8,3,3,8,8,8,0,0,8,3,3,8,8,8,0,0,0,3,3,3,0,0,0,0
6537_e574e69d.jpg,Train,8,8,3,3,0,0,0,0,0,0,0,3,8,8,0,0,0,0,3,3,8,8,8,0,0,0,3,3,8,8,8,0,0,0,3,3,8,8,8,0,0,0,3,3,8,8,8,0,0,0,3,3,8,8,8,0,0,0,3,3,8,8,8,0
6538_a0c87feb.jpg,Test,0,0,0,0,0,0,0,0,0,0,0,0,0,8,0,0,0,0,0,3,3,0,0,0,9,9,0,9,5,3,0,0,0,0,0,9,3,3,0,0,0,0,0,0,0,0,0,0,0,0,0,3,5,0,0,0,0,0,0,0,0,0,0,0
6539_77ff9d13.jpg,Train,0,0,0,0,0,0,0,0,0,0,0,0,0,8,0,8,3,8,8,8,0,8,6,2,0,8,8,8,0,0,6,0,6,8,8,8,0,0,6,0,6,4,8,6,0,0,6,0,0,0,0,0,0,0,0,7,0,0,0,0,10,0,0,7
6693_33bc2cdd.jpg,Test,0,0,0,0,0,0,0,0,0,0,1,0,0,1,0,0,0,0,1,1,1,1,0,0,0,0,1,1,1,1,0,0,0,0,1,1,1,1,0,0,0,0,1,1,1,0,0,0,1,0,1,0,1,1,0,0,0,0,1,0,1,1,0,0
6694_377001f8.jpg,Train,10,0,1,1,1,0,0,0,0,0,1,1,0,0,0,0,1,0,1,6,6,6,0,0,1,0,0,1,6,1,0,0,1,0,0,1,0,6,0,0,1,0,0,0,0,0,0,0,0,0,0,0,0,0,0,0,0,0,0,0,0,0,0,0
6695_4391bb2e.jpg,Train,0,0,0,0,0,0,0,0,0,0,0,0,0,0,0,0,0,0,0,1,0,0,0,0,0,0,1,1,0,0,0,0,0,0,1,1,0,0,0,0,0,6,1,1,0,0,0,0,0,0,1,0,0,0,0,0,0,0,0,0,0,0,0,0
6696_be38c3c5.jpg,Train,0,0,7,0,0,0,0,0,0,0,0,0,0,0,0,0,0,1,0,0,0,0,0,0,0,0,0,0,0,0,7,0,3,0,0,6,2,0,0,0,3,0,3,6,2,2,6,0,0,0,3,6,2,2,6,1,0,0,3,6,6,6,0,1
6697_54012c3d.jpg,Train,0,0,0,0,0,0,0,0,0,0,0,0,0,0,0,0,6,0,6,6,6,0,0,0,6,6,6,6,6,6,6,9,6,0,6,6,6,6,6,0,6,6,6,6,6,6,6,0,6,6,6,6,6,6,6,6,6,6,6,6,0,6,6,6
6698_27b4bbbe.jpg,Train,1,0,1,1,1,1,1,1,1,1,0,0,0,3,0,1,0,0,0,2,0,3,0,0,6,0,2,2,2,0,0,0,0,10,0,6,2,0,6,0,10,0,0,6,2,0,0,3,10,0,6,2,6,0,0,0,0,0,0,5,6,2,0,0
6699_ca82ef17.jpg,Test,0,0,0,0,0,0,3,0,0,0,0,0,0,0,0,0,0,0,0,0,0,0,0,1,0,1,1,0,0,0,0,0,1,1,1,1,1,1,0,0,0,1,1,1,1,1,0,1,1,1,1,1,1,1,1,1,1,0,1,0,1,1,1,0
6700_320db729.jpg,Train,0,0,0,0,0,1,0,0,0,0,1,0,1,1,0,0,0,0,1,0,0,0,7,0,1,7,0,1,1,0,0,2,1,0,6,1,0,6,2,2,6,6,6,3,2,0,2,0,6,6,6,0,2,2,2,4,6,6,6,6,0,6,3,0
6701_cacb03e3.jpg,Train,0,0,0,0,0,0,0,0,1,1,1,1,0,1,0,0,0,1,1,0,0,0,1,1,1,1,1,0,0,1,0,0,0,1,1,1,6,2,0,0,0,1,1,1,0,6,0,0,0,1,1,0,0,6,0,0,0,1,1,0,0,6,0,0
0001_06fce5df.jpg,Test,0,0,0,3,0,0,0,0,0,0,1,0,0,6,0,0,0,0,1,3,3,3,0,0,0,0,1,1,3,3,3,0,0,0,0,1,3,3,0,0,0,0,1,1,3,3,0,0,0,0,1,0,0,0,0,0,0,0,0,0,0,0,0,0
0001_bf9fb834.jpg,Test,0,0,0,0,0,0,0,0,0,0,0,6,0,0,0,0,0,0,2,6,0,0,0,0,0,0,0,6,0,0,0,0,0,0,0,0,3,0,0,0,0,0,0,0,0,0,0,0,0,0,0,0,0,0,0,0,0,0,0,0,0,0,0,0
0002_43e277e1.jpg,Train,0,0,0,0,0,0,0,0,0,0,0,0,0,0,0,0,0,0,0,3,0,0,0,0,0,0,3,3,0,0,0,0,0,0,3,3,0,0,0,0,0,0,3,3,0,0,0,0,0,3,3,3,0,0,0,0,0,0,0,0,0,0,0,0
0002_fc5e1efc.jpg,Test,0,0,0,0,0,0,0,0,0,0,0,0,0,0,0,0,0,0,3,0,0,0,0,0,0,3,0,5,0,0,0,0,0,0,9,0,9,0,0,0,0,0,0,2,2,0,0,9,0,0,0,0,0,0,0,0,0,0,0,0,0,0,0,0
3366_5b57d198.jpg,Train,0,0,0,0,0,0,0,0,0,0,0,6,6,0,6,0,10,0,10,6,0,2,6,2,10,0,0,6,0,3,6,0,10,0,0,6,0,0,6,6,10,2,6,6,0,0,6,6,10,0,6,6,0,6,6,6,0,0,0,0,0,0,0,0
3367_aaa05976.jpg,Test,0,0,0,0,0,3,0,0,0,0,3,6,0,0,10,0,0,0,6,6,0,10,10,7,0,0,6,6,0,10,10,0,3,0,6,6,0,10,0,6,0,0,6,6,0,10,0,6,0,0,6,6,2,10,0,6,0,0,6,0,0,0,0,0
3368_81e155f8.jpg,Train,0,0,0,0,0,0,0,0,0,0,0,0,0,0,0,0,0,0,0,10,0,0,0,0,0,0,10,10,0,0,0,0,0,0,10,0,0,0,0,0,0,0,0,0,0,0,0,0,0,0,10,0,0,0,0,0,0,0,0,0,0,0,0,0
3369_7fa79ea2.jpg,Train,0,0,0,0,0,0,0,0,0,0,0,0,0,0,0,0,0,0,0,0,0,0,0,0,0,0,0,0,0,0,0,0,0,0,0,0,0,0,0,0,0,0,0,0,10,0,0,0,1,0,0,0,0,0,0,0,0,0,0,0,0,0,0,0
3370_090bc37e.jpg,Test,0,0,0,0,0,0,0,0,0,0,0,0,5,0,0,0,0,0,0,0,0,10,0,0,0,0,0,0,0,0,0,0,0,0,0,0,10,0,10,0,0,10,0,10,0,0,0,0,0,0,0,0,0,0,0,0,0,0,0,0,0,5,3,0
3371_5bcadf9e.jpg,Train,0,0,0,0,0,0,0,0,0,0,0,0,0,0,0,0,0,0,0,0,0,6,6,0,0,0,0,0,6,6,6,0,0,0,6,6,6,0,0,0,0,5,6,6,6,0,0,0,0,6,0,5,6,0,0,0,0,0,0,6,6,0,0,0
3372_c1b0f82c.jpg,Train,0,0,7,0,0,0,7,0,0,0,0,0,0,7,0,7,0,0,0,0,0,7,7,0,0,0,0,0,0,7,0,10,0,0,0,0,0,0,0,0,0,0,3,0,0,0,7,10,0,0,0,0,0,2,0,7,10,10,0,0,0,0,7,7
3373_4716a1d2.jpg,Train,0,0,0,0,0,0,0,0,0,0,0,0,0,10,0,0,0,0,6,6,0,10,10,0,0,0,6,6,0,10,10,0,0,0,6,6,0,10,10,0,0,0,6,0,0,10,0,0,0,0,6,0,0,10,10,0,0,0,6,0,0,10,10,0
3374_0246f387.jpg,Train,0,0,0,0,0,0,0,0,2,2,0,0,0,0,0,2,0,6,6,6,2,0,0,0,0,9,6,6,0,0,0,2,0,0,0,0,2,0,0,6,0,0,0,0,0,6,0,0,0,0,1,9,0,0,1,0,0,0,0,9,0,0,1,0
3375_477727b8.jpg,Train,0,0,0,0,0,0,0,0,0,0,10,0,0,0,0,0,0,10,0,0,0,0,10,0,0,0,10,7,7,0,10,0,10,10,0,7,0,0,10,10,7,0,0,7,0,10,0,0,0,10,10,7,0,10,10,10,0,0,0,0,0,0,0,0
3376_49f2cb97.jpg,Test,0,0,0,0,0,0,0,0,6,0,0,0,0,0,0,0,0,0,0,0,0,0,0,0,0,0,6,6,10,10,0,0,0,0,6,6,10,10,0,0,0,0,6,6,0,7,0,0,0,0,6,6,0,10,0,0,0,0,6,6,0,0,0,0
3377_09a29a30.jpg,Train,2,0,0,0,3,0,0,0,0,0,0,0,3,2,10,2,0,10,0,6,6,10,10,0,0,0,0,0,6,10,10,0,0,0,0,6,6,10,0,0,0,0,0,6,6,0,10,0,0,0,0,6,6,0,10,0,0,0,0,0,2,0,0,0
3378_ed80ea90.jpg,Train,0,0,0,0,0,0,0,0,0,0,10,0,6,2,0,0,6,3,2,6,6,0,0,0,6,6,2,6,6,0,6,6,6,6,0,6,6,6,6,6,6,6,0,6,6,6,6,6,6,6,9,6,6,6,6,6,6,6,0,6,6,6,6,6
3379_df3b7595.jpg,Train,0,0,0,0,0,0,0,0,6,0,0,6,0,0,0,0,6,6,0,6,6,0,6,0,6,0,0,6,6,6,6,9,6,6,0,6,6,6,6,0,6,0,0,6,6,6,6,0,6,0,0,6,6,6,6,0,0,0,0,0,0,0,0,0
3380_c2005c9b.jpg,Test,0,0,0,0,0,0,0,0,0,0,0,0,0,0,0,0,0,0,10,0,0,3,6,0,0,10,10,6,6,6,0,0,0,10,0,6,6,0,0,0,0,5,0,5,6,0,0,0,0,5,5,5,5,0,0,0,0,0,0,0,0,0,0,0
3381_326854be.jpg,Train,0,0,0,0,0,0,0,0,0,0,0,4,0,4,0,0,0,0,0,0,0,0,0,0,0,3,0,0,0,0,0,0,0,0,0,1,0,0,0,0,0,0,0,0,4,4,0,0,0,0,8,0,0,0,0,0,0,4,8,0,0,0,0,0
3382_965128f3.jpg,Train,0,0,0,6,0,0,0,0,0,0,0,6,0,0,0,0,6,0,0,6,6,0,0,0,6,0,0,6,6,0,0,1,0,0,0,6,6,0,0,0,1,1,0,5,0,0,0,0,0,0,0,0,0,0,0,0,0,0,0,6,0,0,0,0
3383_552924c9.jpg,Train,10,0,0,9,0,0,0,0,0,0,0,0,2,0,0,0,0,0,0,0,0,0,0,0,0,7,0,0,0,0,10,0,0,0,0,0,0,0,0,2,0,7,0,0,0,10,0,0,0,0,0,0,0,0,0,0,0,0,0,0,0,0,0,0
3384_e8778ae3.jpg,Test,0,0,10,10,0,0,7,0,0,0,0,0,0,0,0,0,0,10,10,10,0,10,10,2,0,0,10,0,10,0,10,10,0,7,7,0,10,0,0,0,7,0,7,0,7,0,7,0,0,0,0,10,0,0,0,0,0,0,0,0,0,0,0,0
3385_1bbcfd17.jpg,Train,0,0,0,0,0,0,0,3,0,0,6,6,0,6,0,0,0,0,6,6,6,6,6,6,0,0,6,6,6,6,0,0,0,0,6,6,6,6,0,0,0,0,6,6,0,0,0,0,0,0,6,6,0,0,0,0,0,0,6,0,0,0,0,0
3386_e5e51d69.jpg,Train,0,0,7,7,0,0,0,0,0,10,7,7,0,0,0,0,0,0,7,10,9,0,0,0,0,10,10,10,0,0,10,0,0,10,7,7,0,10,10,0,0,0,7,7,0,0,10,0,0,0,0,0,6,7,0,0,0,0,0,7,0,10,0,0
3387_a4037495.jpg,Train,0,0,0,0,9,9,0,0,0,0,0,0,0,0,3,0,0,0,0,6,0,0,0,0,9,0,0,6,0,0,0,0,0,0,0,6,6,0,0,0,0,0,0,6,6,0,0,0,0,0,0,0,3,0,0,0,0,0,0,6,0,0,0,0
3388_24cf2b29.jpg,Test,0,0,0,0,0,0,0,0,0,0,0,0,6,0,0,0,0,0,0,0,6,0,0,0,0,0,0,6,0,0,0,0,0,0,5,6,0,0,0,0,0,0,0,5,0,0,0,0,0,0,0,3,0,0,0,0,0,0,0,0,0,0,0,0
3389_8e8e41eb.jpg,Train,2,0,0,2,0,2,0,0,0,0,2,3,2,0,0,2,10,10,0,0,6,0,0,2,10,10,0,6,2,0,10,10,0,10,0,0,0,0,10,10,10,0,0,0,0,0,10,0,0,0,0,6,8,0,0,10,0,0,0,0,0,0,0,0
3390_d5c30f90.jpg,Train,0,0,0,0,0,0,0,0,0,0,0,6,0,6,0,0,0,6,6,6,6,6,6,6,0,6,6,6,6,6,6,6,0,6,6,6,6,6,6,6,0,6,6,6,6,6,6,0,0,6,6,6,6,6,6,0,0,0,6,6,0,6,6,0
3391_4c6e549a.jpg,Test,0,0,0,10,0,0,0,0,0,0,10,10,0,0,0,0,0,10,10,10,0,6,0,0,0,0,10,10,0,6,0,10,0,6,0,0,6,6,0,0,6,0,0,0,0,6,0,7,0,0,0,10,0,6,0,7,0,0,0,10,0,0,0,0
3392_16b969bc.jpg,Test,0,0,6,0,0,0,0,0,0,0,6,0,0,6,0,0,0,6,6,0,0,6,0,0,0,6,6,9,0,6,6,0,0,6,6,0,0,6,6,0,0,0,0,0,0,6,0,0,0,6,0,0,0,6,3,0,0,0,0,0,0,0,0,0
3393_93f03ae6.jpg,Test,0,0,0,0,0,0,0,0,0,0,0,0,0,0,0,0,0,0,0,3,0,0,0,0,0,0,0,0,2,0,0,0,0,0,2,6,6,0,0,0,0,0,0,6,0,0,0,0,0,0,6,6,6,0,0,0,0,6,6,6,6,0,0,0
3394_7879348c.jpg,Test,0,0,0,0,0,0,0,0,0,0,6,6,0,0,0,0,0,0,0,6,6,6,0,0,0,0,6,6,6,6,0,0,6,0,0,6,6,6,0,0,0,0,6,6,6,6,0,6,0,0,6,6,6,6,0,6,0,0,0,6,0,6,0,0
3395_e8d3549d.jpg,Train,0,10,10,0,0,0,0,0,0,10,10,0,6,0,0,0,0,10,10,0,6,6,10,10,0,10,10,0,6,6,10,10,0,10,0,0,6,6,10,10,0,10,10,0,6,6,10,10,0,10,0,0,6,6,0,0,0,10,10,0,6,0,0,0
3396_7fbb02d0.jpg,Test,0,0,0,10,0,0,0,0,0,0,0,10,0,0,0,0,0,0,0,10,0,6,0,0,6,0,0,10,3,0,6,0,0,3,0,10,3,3,6,0,6,2,0,10,10,0,6,0,0,0,0,10,0,0,0,0,0,0,0,0,0,0,0,0
3397_5581397b.jpg,Test,0,4,0,0,4,0,0,0,0,0,0,4,0,0,0,0,0,7,0,0,6,6,0,0,4,0,4,6,6,6,0,0,10,10,10,0,6,0,0,4,0,0,0,0,6,0,0,0,0,0,2,0,6,0,0,0,0,0,10,6,6,0,0,4
3398_6e6bd809.jpg,Test,0,0,0,0,0,0,0,0,0,10,0,0,0,10,0,0,0,10,6,0,0,0,0,0,0,0,6,0,0,10,0,0,0,6,6,0,0,10,10,0,0,0,6,0,10,0,10,0,0,5,0,3,4,0,0,0,0,0,0,0,0,0,0,0
3399_09552619.jpg,Train,2,0,0,0,0,0,0,0,0,0,0,0,0,0,0,0,0,0,0,0,10,3,0,2,0,0,0,0,10,0,0,0,0,10,0,10,10,0,0,0,0,10,0,10,10,0,0,0,0,0,0,10,10,0,0,0,0,0,0,0,0,0,0,0
3400_89aab647.jpg,Train,0,0,0,0,0,0,0,0,0,0,0,0,0,0,0,0,0,0,0,0,0,0,0,0,0,0,0,0,0,0,0,0,0,0,0,0,6,6,0,0,0,0,0,0,6,6,0,0,0,0,0,0,0,6,0,0,0,0,0,0,6,6,0,0
3401_1afd861a.jpg,Train,0,0,0,0,0,0,0,0,0,0,0,0,0,10,0,0,0,10,0,0,6,10,0,0,0,0,0,0,6,0,0,0,0,0,0,0,6,6,0,0,0,0,0,0,6,6,0,0,0,9,9,0,0,0,6,0,0,0,0,0,0,0,0,0
3402_8944ccab.jpg,Train,0,6,6,0,6,0,0,6,6,0,0,0,0,6,0,2,0,0,0,2,0,0,0,2,0,0,0,0,2,0,0,0,0,0,0,0,0,0,0,0,0,0,0,0,2,0,6,0,0,0,0,0,0,0,0,0,0,0,0,0,0,0,0,0
3403_a8105951.jpg,Test,0,0,0,0,0,0,0,0,0,0,0,0,0,0,0,6,0,10,0,10,0,6,0,0,0,0,0,10,0,6,0,0,0,0,0,10,0,6,6,0,0,0,0,0,0,6,6,0,0,9,0,10,0,0,5,0,0,0,0,0,0,0,0,0
3404_dffc853d.jpg,Train,7,0,0,0,7,7,0,10,10,0,0,0,7,9,0,0,2,2,0,0,5,0,0,0,2,2,0,2,0,0,10,0,0,0,0,2,10,0,0,0,5,6,0,2,0,10,0,0,0,5,2,0,0,0,0,0,10,5,0,5,0,0,0,0
3405_59539dad.jpg,Train,0,0,0,0,0,0,0,0,0,0,0,6,0,0,6,0,0,0,0,6,6,6,6,3,0,10,0,6,6,6,6,0,10,10,0,0,6,6,6,0,10,10,0,0,6,6,6,0,0,10,0,0,6,6,6,0,0,0,0,0,0,0,0,0
3406_76630902.jpg,Test,0,0,0,0,0,0,0,0,0,0,0,0,0,0,0,0,0,0,5,0,0,0,0,0,6,7,6,7,6,0,5,0,5,0,5,0,6,5,0,0,6,0,0,0,6,0,0,0,6,0,0,0,0,0,0,0,0,5,0,0,0,0,0,0
3407_de49bd98.jpg,Train,0,0,0,0,0,0,0,5,0,0,0,0,1,0,0,0,0,0,0,0,6,0,0,0,0,0,0,0,6,6,0,0,10,10,0,6,6,0,0,6,10,10,6,6,6,0,0,6,0,0,0,0,0,0,0,0,0,0,0,0,0,0,0,0
3408_b378acea.jpg,Train,0,0,0,0,0,0,0,0,0,0,0,0,0,0,0,0,3,0,0,0,0,0,0,0,0,0,0,9,0,0,0,0,0,0,0,0,0,0,0,0,0,0,10,0,0,10,0,10,0,0,0,0,0,0,6,0,0,0,0,0,0,0,0,0
3409_de961361.jpg,Test,0,0,0,0,0,0,0,0,0,0,0,0,0,0,0,0,0,0,0,0,6,0,0,0,0,0,0,6,6,0,0,0,0,0,9,6,6,0,0,0,0,0,0,6,6,0,0,0,0,0,0,6,0,0,0,0,0,0,10,0,0,0,0,0
3410_2e015e99.jpg,Train,10,0,10,10,0,10,7,7,0,0,0,0,0,10,7,7,0,0,0,0,7,7,0,10,0,0,0,7,7,0,0,10,0,0,0,10,0,10,0,7,0,0,0,10,7,0,0,0,0,0,0,10,0,0,10,0,0,0,7,0,10,7,7,0
3411_4f8b5bc6.jpg,Train,0,0,0,0,0,0,0,0,0,0,0,6,6,0,0,0,0,0,6,6,6,6,0,0,0,0,6,6,6,6,0,0,0,0,6,6,6,6,0,0,0,0,0,6,6,6,0,0,0,6,0,6,6,6,0,0,0,0,0,6,6,6,0,0
3412_c12c9ee3.jpg,Train,0,0,0,4,0,0,0,0,0,0,0,0,0,0,0,0,0,0,0,0,6,6,0,0,0,0,0,4,6,6,4,4,0,0,0,0,6,6,0,0,5,0,0,6,6,6,0,0,0,0,2,0,6,6,0,0,0,0,0,0,6,6,6,3
3413_a90c2e95.jpg,Train,3,0,0,0,0,0,0,0,6,3,6,6,6,6,2,6,6,6,6,6,6,6,0,2,6,6,6,6,6,6,0,2,6,6,6,6,6,6,6,2,6,6,6,6,6,6,6,6,6,6,6,6,6,6,0,2,0,0,0,0,0,0,0,0
3414_a5b83d31.jpg,Train,0,3,3,0,9,0,0,0,6,0,0,0,6,6,0,0,2,2,6,6,6,6,6,0,10,0,6,6,6,6,0,0,0,0,6,6,6,6,0,0,4,1,6,6,6,6,0,0,0,0,6,6,6,6,0,0,0,0,0,0,0,0,0,0
3415_597621e6.jpg,Test,3,0,10,0,7,0,0,0,0,0,10,10,10,10,10,10,0,10,10,7,0,10,10,10,10,0,10,0,0,0,10,10,10,0,0,0,0,0,10,10,10,7,0,9,0,10,7,10,10,0,0,0,7,0,0,10,7,0,0,0,10,0,0,10
3416_2be6fb46.jpg,Train,0,0,0,4,0,0,0,0,0,4,0,0,0,4,0,0,0,0,4,6,6,6,4,0,0,9,9,6,2,6,0,4,10,9,7,5,6,0,4,0,0,9,7,0,6,6,0,0,0,6,0,0,6,6,0,0,0,0,0,0,6,6,0,0
3417_8c8ee709.jpg,Test,0,0,0,6,0,2,0,0,0,0,0,6,6,0,0,0,0,0,0,6,2,10,0,0,0,0,0,6,0,0,0,2,0,0,0,6,6,6,0,0,0,0,0,6,0,0,0,0,0,0,0,6,0,0,0,0,0,0,0,0,0,0,0,0
3418_777afa0b.jpg,Train,0,0,0,0,0,0,0,3,0,0,0,0,0,0,0,0,0,0,0,0,0,0,0,0,0,7,0,0,0,0,0,0,0,0,0,10,0,0,0,10,0,7,0,7,7,7,7,7,10,0,10,0,10,7,0,0,10,0,10,10,10,7,0,10
3419_4fc50e38.jpg,Test,0,0,0,0,0,0,0,0,0,0,0,0,0,0,0,0,0,0,0,6,0,0,0,0,0,0,0,6,6,6,0,0,0,0,0,0,6,6,0,0,0,0,0,0,6,6,6,0,0,6,0,0,0,5,5,0,0,0,0,0,0,5,0,0
3420_9f03a3e7.jpg,Train,0,0,0,0,0,0,2,0,0,0,0,0,2,0,6,0,0,0,6,0,0,0,6,2,0,6,6,0,0,0,6,3,0,6,6,6,0,0,6,0,0,6,0,0,1,0,6,0,0,5,6,0,0,0,6,0,0,0,0,0,0,0,0,0
3421_f32f5ddd.jpg,Train,0,0,0,0,0,0,0,0,0,0,0,0,0,0,0,0,0,0,0,10,0,0,0,6,0,0,0,10,10,0,6,6,0,9,10,10,0,6,6,6,0,6,10,10,6,6,6,6,0,0,10,0,0,6,0,6,0,0,0,0,0,0,0,0
3422_8e2c1e0e.jpg,Test,0,0,0,2,0,0,0,0,0,0,0,6,0,0,0,0,0,0,6,6,6,0,0,0,0,6,6,6,6,0,10,0,0,6,6,6,6,2,0,0,6,0,6,6,6,0,0,0,0,0,6,6,6,6,0,0,0,0,0,6,0,0,0,0
3423_b3c8712e.jpg,Train,0,0,0,0,0,0,0,0,0,0,0,6,0,3,2,0,0,3,2,6,0,6,0,0,6,6,0,6,6,6,2,0,6,6,6,6,6,6,2,0,6,6,6,6,6,6,0,0,6,6,6,6,6,6,0,0,6,6,2,6,6,6,0,0
3424_04f6fce2.jpg,Train,0,0,0,0,0,0,0,0,0,0,0,6,0,2,0,0,3,2,6,6,0,0,0,2,3,0,0,6,3,0,0,0,0,0,0,6,2,0,0,0,0,0,0,0,0,0,0,0,0,0,0,6,0,0,0,0,0,0,0,0,0,0,0,0
3425_441fc901.jpg,Test,0,0,0,0,0,0,0,0,0,0,0,0,0,0,0,0,0,0,0,6,0,0,0,0,0,0,0,6,0,0,0,0,0,0,0,0,0,0,6,0,0,0,0,6,0,0,6,1,0,0,0,6,6,0,0,0,0,0,0,6,0,0,0,0
3426_e1476539.jpg,Train,0,0,0,0,0,0,0,0,0,3,0,0,0,0,0,0,0,0,0,10,0,0,0,0,0,10,10,10,0,0,0,0,0,0,0,10,0,0,0,0,0,0,0,10,5,0,0,0,0,0,0,10,6,0,0,0,0,0,0,10,0,0,0,0
3427_33b888c0.jpg,Train,0,0,10,0,10,10,0,0,3,7,0,0,7,7,7,10,2,2,10,7,10,7,7,10,0,0,10,10,10,7,10,10,0,10,10,10,10,0,10,0,0,0,0,0,0,0,0,0,0,0,0,0,7,10,7,7,0,0,10,0,7,0,10,0
3428_4a5e0dd7.jpg,Train,0,0,0,0,0,0,0,0,0,0,0,0,0,0,0,0,0,0,0,9,0,0,0,0,0,0,0,9,0,0,0,0,0,0,0,0,9,0,0,0,0,0,0,9,9,0,0,0,0,0,0,9,9,0,0,0,0,0,0,9,0,0,0,0
3429_af507a08.jpg,Test,0,0,0,0,0,0,0,0,0,0,0,0,0,0,0,0,0,0,6,0,3,0,6,0,0,6,6,6,0,6,6,0,0,6,6,6,6,6,6,0,0,0,6,6,6,6,6,0,0,0,6,6,3,6,0,0,0,0,6,6,0,6,6,0
3430_08bfe97c.jpg,Train,0,0,0,0,0,0,0,0,0,0,0,0,0,0,0,0,0,10,10,0,10,6,0,6,0,10,10,6,10,6,0,6,0,10,10,6,10,6,0,6,0,10,10,6,10,6,8,6,0,10,0,6,0,6,0,6,0,0,0,0,0,0,0,0
3431_dbdf797e.jpg,Test,0,10,0,10,10,10,0,0,0,0,10,0,0,0,0,0,0,0,10,0,10,10,0,0,0,0,10,10,10,10,0,0,0,0,10,10,10,10,0,0,0,0,10,10,10,10,0,0,9,9,0,9,10,10,0,0,0,0,0,0,0,0,0,0
3432_7f1a8100.jpg,Test,0,0,0,0,0,0,3,0,0,2,3,0,0,8,0,6,3,0,0,0,3,3,0,3,0,0,10,0,0,0,10,10,10,10,10,0,10,0,10,0,0,0,0,10,0,0,10,9,0,10,0,10,0,0,10,10,0,0,0,0,0,0,0,0
3433_de6a973c.jpg,Train,0,0,0,0,0,0,0,0,0,0,6,0,6,0,0,0,0,6,6,0,6,6,0,0,0,6,6,0,6,6,0,0,0,6,6,0,6,6,0,0,0,0,6,0,6,6,0,0,0,0,0,0,6,0,0,0,0,0,0,0,0,0,0,0
3434_a9465003.jpg,Train,0,0,0,0,0,0,0,0,0,0,0,0,0,0,0,0,0,0,2,6,6,0,6,6,0,6,6,6,6,0,6,6,0,6,6,6,6,6,6,6,2,6,6,6,6,6,6,6,0,6,6,6,6,6,6,6,2,6,6,6,6,6,6,6
3435_d28e3500.jpg,Test,0,0,0,0,0,0,0,0,0,0,0,0,0,0,0,0,0,0,0,0,6,0,0,0,0,0,0,0,6,0,0,0,0,0,0,0,6,0,0,0,0,0,0,0,5,0,0,0,0,0,0,0,5,0,0,0,0,0,0,0,0,0,0,0
3436_a90cdfef.jpg,Test,0,0,0,0,0,0,0,0,0,0,10,0,0,0,6,0,0,0,0,10,0,0,0,10,0,0,10,10,0,0,6,6,0,0,0,10,0,0,6,6,0,0,0,0,0,0,2,0,0,0,0,0,0,0,0,0,0,0,0,0,0,0,0,0
3437_b8facedd.jpg,Train,0,0,0,0,10,0,0,0,0,0,0,0,10,10,0,0,0,0,0,0,10,10,0,0,6,6,0,0,10,10,0,0,6,6,0,10,10,0,0,0,6,6,0,10,10,5,0,0,6,6,0,10,10,0,0,0,0,0,0,0,0,0,0,0
3438_4ac6a7df.jpg,Train,6,6,0,0,3,2,0,0,0,6,4,0,6,3,0,1,3,0,0,6,0,0,0,0,3,0,2,5,2,6,2,0,0,0,0,6,0,6,2,6,0,0,0,0,6,0,2,6,0,6,6,6,0,0,0,0,0,6,0,0,0,0,0,0
3439_21e315ac.jpg,Train,4,0,0,0,0,0,0,0,0,0,4,0,7,10,4,0,0,0,0,10,0,1,10,0,4,0,0,4,0,10,10,0,4,6,6,6,6,4,0,9,0,0,6,6,6,0,10,4,6,0,6,0,2,0,10,1,0,0,0,0,0,10,10,4
3440_e77ea11b.jpg,Train,0,0,0,0,0,0,0,0,0,0,0,0,0,0,0,0,0,6,6,10,0,0,0,0,0,6,6,10,10,0,0,0,0,6,6,0,10,10,0,0,0,6,0,10,10,10,0,0,8,0,6,6,10,10,0,0,0,6,6,0,0,10,0,0
3441_fe04124c.jpg,Test,0,0,0,0,4,0,0,4,0,0,4,0,9,4,0,7,0,0,0,0,0,6,0,0,4,1,0,4,0,6,0,4,10,10,0,0,0,6,6,10,10,0,6,0,6,6,6,6,0,0,0,0,6,6,6,0,0,0,0,0,0,6,0,0
3442_5a76ac5a.jpg,Train,0,0,0,0,0,0,0,0,0,0,0,0,0,0,0,0,4,4,4,4,0,4,4,0,4,0,0,0,0,0,0,0,0,5,0,5,5,5,0,0,0,0,0,0,0,0,0,0,0,0,1,0,1,1,0,0,0,0,0,0,0,0,1,0
3443_a2366529.jpg,Train,0,0,0,0,0,0,0,0,0,0,0,0,0,0,0,0,0,0,0,0,0,0,0,0,0,0,0,6,6,0,0,0,0,0,3,6,6,0,0,0,0,0,0,6,6,0,0,0,0,0,0,6,6,0,0,0,0,0,6,6,6,0,0,0
3444_b7e89b28.jpg,Test,0,0,0,0,0,0,0,0,0,0,0,0,6,0,0,7,0,0,0,0,6,6,0,7,0,0,0,6,6,6,0,0,0,0,0,0,6,6,6,0,0,0,0,0,6,6,6,0,0,0,0,0,6,6,0,0,0,0,0,0,0,0,0,0
3445_40d77f65.jpg,Train,0,6,6,0,0,0,0,0,0,6,6,6,6,6,6,0,0,6,6,6,6,6,6,0,0,6,6,6,6,6,6,0,6,6,6,6,6,6,6,0,0,6,6,6,6,0,6,0,0,6,6,6,6,6,6,0,0,6,6,6,6,0,0,0
3446_be5c477a.jpg,Test,0,0,0,0,0,0,0,0,0,0,0,0,2,2,2,0,0,0,2,6,2,0,0,0,0,0,0,6,3,6,0,0,0,0,2,6,3,3,0,0,2,6,3,6,0,2,2,9,0,6,0,6,0,3,8,0,0,0,0,0,0,6,5,0
3447_556db5c5.jpg,Train,0,0,4,0,0,4,0,0,0,0,0,7,0,0,0,0,0,0,4,0,0,10,0,0,0,10,0,4,0,0,0,0,0,10,0,0,0,10,0,0,3,6,0,6,0,0,0,0,0,6,6,0,6,6,10,0,0,0,0,0,0,0,0,10
3448_72fcf70e.jpg,Train,0,0,0,0,0,0,0,0,0,0,0,6,6,0,0,0,0,0,0,0,6,0,0,0,0,0,0,6,6,0,0,0,0,0,0,6,6,0,0,0,0,0,0,0,6,0,0,0,0,0,0,6,6,6,0,0,0,0,0,6,0,0,0,0
3449_24d78cbf.jpg,Train,0,0,0,0,0,0,0,0,0,0,10,0,0,0,0,0,0,0,10,10,6,0,0,0,0,0,10,10,6,6,0,0,0,0,0,0,6,0,0,0,0,0,10,0,6,6,0,0,0,0,10,3,6,6,6,0,0,0,0,0,0,0,0,0
3450_80b1dc0c.jpg,Train,0,0,0,0,0,0,6,0,6,6,6,0,6,0,0,6,0,6,6,6,6,6,6,6,6,6,6,6,6,6,6,6,6,6,6,6,6,6,6,6,6,6,6,6,6,6,6,6,6,6,6,6,6,6,6,6,6,6,6,6,6,6,6,6
3451_769b7809.jpg,Train,0,0,0,0,0,0,0,0,0,0,10,0,0,0,0,0,0,0,10,10,6,6,6,0,0,10,10,10,6,6,6,0,0,10,10,0,0,6,6,0,0,0,10,10,0,0,6,0,0,10,10,0,0,6,6,0,0,10,10,0,0,0,6,0
3452_173c163b.jpg,Train,0,0,0,0,0,0,0,0,0,0,0,6,6,0,0,0,0,0,0,6,6,0,0,0,0,0,0,6,6,0,0,0,0,0,6,6,6,0,6,0,6,6,6,6,6,0,0,0,0,0,6,0,6,0,0,0,0,0,0,6,6,0,0,0
3453_bc6fe238.jpg,Test,0,4,0,0,4,4,4,0,0,0,0,0,0,0,0,0,7,0,0,0,1,0,0,1,0,0,4,4,6,0,4,4,1,0,6,6,6,6,0,0,0,0,6,6,6,6,4,10,0,4,4,6,6,0,4,10,0,0,1,6,6,0,1,10
3454_ac460eef.jpg,Test,0,0,0,0,0,0,0,0,0,0,0,0,0,0,0,0,6,6,0,6,6,6,0,0,6,6,0,6,6,6,6,0,6,6,6,6,6,6,6,6,6,6,0,6,6,6,6,6,6,0,0,6,6,6,6,6,0,0,0,6,0,6,6,0
3455_bec511a6.jpg,Test,0,0,0,0,0,0,0,0,0,10,0,0,0,0,0,0,0,0,4,0,0,0,9,3,0,0,0,4,8,6,0,5,0,0,0,4,8,4,0,0,0,0,4,0,0,4,0,0,0,10,10,0,0,0,0,0,0,0,0,4,0,0,0,6
3456_df047379.jpg,Train,0,0,0,0,0,0,0,0,0,0,0,0,0,3,3,10,0,6,6,6,6,6,6,6,4,6,6,6,6,6,6,6,0,6,6,6,6,6,6,6,0,6,6,6,6,6,6,6,0,6,5,6,6,0,6,6,0,0,0,0,0,0,0,0
3457_a8ee5432.jpg,Train,0,0,0,6,6,0,0,0,0,0,0,6,6,0,0,0,0,0,0,6,6,0,0,0,0,0,0,6,6,0,0,0,0,0,0,6,0,0,0,0,0,0,0,6,6,0,0,0,0,0,0,0,0,0,0,0,0,0,0,6,0,0,0,0
3458_09f591e3.jpg,Train,0,0,0,0,6,0,0,0,0,0,0,0,6,0,0,0,0,0,0,0,6,6,0,0,0,0,0,0,6,6,0,0,0,0,6,6,6,6,0,0,0,0,0,6,6,6,0,0,0,0,0,0,6,6,0,0,0,0,0,0,6,0,0,0
3459_e564192d.jpg,Train,0,0,0,0,0,0,0,0,0,0,6,0,6,0,0,0,0,0,6,6,6,0,0,0,0,0,6,0,6,0,0,0,0,0,6,0,6,0,0,0,0,0,6,0,6,0,2,0,0,0,6,0,6,0,0,0,0,0,0,6,6,0,0,0
3460_e08fd4eb.jpg,Train,0,0,0,0,0,0,7,0,0,0,0,0,0,0,0,0,0,0,0,9,0,10,0,0,0,0,0,0,0,0,0,0,0,0,0,0,0,0,0,0,0,0,10,0,0,0,6,9,0,0,0,0,0,0,10,0,0,0,0,0,6,0,0,10
3461_4fea36cb.jpg,Test,0,0,0,0,2,0,0,0,0,0,6,0,6,2,0,0,0,0,6,0,6,6,0,0,0,0,6,7,6,3,0,0,2,0,6,2,6,0,2,7,6,0,6,0,6,0,2,0,0,0,6,0,6,0,0,0,0,0,0,0,0,0,0,0
3462_e07fd1c2.jpg,Train,0,0,0,0,0,0,0,0,0,0,0,0,0,0,0,0,0,3,6,6,0,0,0,0,0,6,6,0,0,0,0,0,0,6,6,0,0,0,0,0,0,6,6,6,0,0,0,0,0,6,6,0,0,0,0,0,0,0,6,0,0,0,0,0
3463_d928db59.jpg,Train,0,0,0,0,0,0,0,0,0,0,0,0,6,0,0,0,0,0,0,6,6,0,0,0,0,0,0,6,6,0,0,0,0,0,2,6,6,0,0,0,0,0,0,0,6,0,0,0,0,0,0,0,6,0,0,0,0,0,0,0,0,0,0,0
3465_5100643a.jpg,Train,0,0,0,1,0,0,0,0,0,0,0,1,1,0,1,0,0,0,0,0,0,0,0,0,0,0,0,10,0,10,0,10,0,0,0,10,0,10,0,10,0,0,10,10,10,10,0,0,0,0,10,10,0,10,0,0,0,0,10,0,0,0,0,0
3466_88cdac7b.jpg,Train,0,0,0,0,0,0,0,0,0,0,3,0,3,0,0,0,6,0,6,6,6,10,10,10,6,0,6,6,6,10,10,10,6,0,6,6,6,10,0,0,6,0,6,6,0,10,0,0,6,0,6,6,0,0,0,0,0,0,0,0,0,0,0,0
3467_d4d0ffd3.jpg,Train,7,0,2,0,0,5,0,0,7,0,6,6,0,6,0,0,0,0,0,6,0,6,10,0,0,10,0,0,6,0,0,0,10,0,0,0,0,0,10,10,0,3,10,0,10,0,10,10,0,0,0,0,0,10,0,10,0,0,0,0,0,0,0,0
3468_663a4ae3.jpg,Train,0,0,0,0,0,0,0,0,0,6,6,6,6,6,6,6,0,6,6,6,6,6,6,6,0,6,6,6,6,6,6,6,0,6,6,6,6,6,6,6,0,0,6,6,0,6,6,6,0,6,6,6,6,6,6,6,0,0,0,6,6,0,0,0
3469_babe0ef8.jpg,Train,0,0,0,0,0,0,0,0,0,0,0,0,0,7,0,0,0,0,0,10,0,0,0,0,10,10,0,0,0,0,10,0,7,0,7,7,0,0,0,0,7,9,7,0,0,0,0,7,0,0,0,5,0,0,0,0,0,0,0,0,0,0,0,0
3470_938b70fb.jpg,Train,0,0,0,0,0,0,0,0,0,0,0,0,0,0,0,0,0,0,0,0,0,0,0,0,0,0,0,0,0,0,0,0,7,0,0,10,0,0,0,0,10,10,0,10,0,10,0,0,10,0,10,0,0,0,0,0,0,0,0,0,0,0,0,8
3471_ba310548.jpg,Test,0,0,0,0,0,0,0,0,0,0,0,0,1,0,0,0,0,0,0,0,0,0,0,0,0,0,0,6,6,6,0,0,0,0,0,6,6,6,0,0,0,0,0,5,6,6,0,0,0,0,3,0,5,0,0,0,0,0,0,0,0,0,0,0
3472_d52dfd2f.jpg,Train,0,0,0,0,0,0,0,0,0,0,0,0,0,0,0,3,3,0,0,2,6,10,0,0,0,0,0,0,6,10,3,0,0,0,2,0,6,10,0,7,3,10,0,6,6,0,0,0,0,10,0,6,6,10,0,0,0,0,0,0,0,0,0,0
3473_d8c81b7c.jpg,Train,0,0,0,0,0,0,0,0,0,0,0,0,0,0,10,0,0,10,10,10,10,10,10,0,0,10,10,10,0,10,10,0,0,10,10,10,10,10,10,10,0,10,10,10,10,10,10,0,0,10,10,10,10,10,10,10,0,10,10,10,0,10,10,10
3474_745f3b35.jpg,Test,0,0,0,3,0,0,0,0,0,0,6,3,3,3,3,8,10,6,6,0,6,0,0,2,10,6,6,6,6,0,6,6,0,1,6,0,0,0,6,6,1,0,6,6,0,0,6,6,0,6,6,0,0,0,0,0,0,0,0,0,0,0,0,0
3475_b3a72650.jpg,Train,0,0,0,0,0,0,0,0,0,0,0,0,0,0,0,0,0,0,6,6,0,0,6,0,8,6,2,6,6,6,2,0,0,6,6,6,0,6,6,0,0,0,6,6,0,6,0,0,0,0,6,6,0,6,6,0,0,6,6,6,0,6,5,0
3476_74d4e4bb.jpg,Test,7,0,7,7,7,7,7,0,0,7,7,7,7,7,7,7,10,7,7,0,0,10,10,0,0,0,7,0,0,10,0,0,0,7,7,0,0,10,10,0,10,0,10,10,7,10,7,10,10,0,10,0,7,2,0,6,0,10,0,0,0,0,0,0
3477_94832af7.jpg,Test,0,0,0,0,0,0,0,0,0,0,0,0,0,0,0,0,0,0,0,0,0,0,0,0,0,0,6,0,7,6,6,6,7,7,6,5,0,6,6,6,0,0,6,6,0,0,0,0,0,0,6,8,0,0,0,0,0,0,0,0,0,0,0,0
3478_511d239a.jpg,Train,0,0,0,0,0,0,0,0,0,6,6,6,6,6,6,0,0,6,6,6,6,6,6,0,0,6,6,6,6,6,6,0,0,6,0,6,6,6,6,0,0,6,0,6,6,6,6,0,0,6,10,0,6,6,6,0,0,6,0,6,6,6,6,0
3479_4f7a6976.jpg,Train,0,0,0,0,0,0,0,0,0,2,0,0,6,2,0,6,6,2,0,6,6,6,0,0,6,3,2,6,6,6,0,0,6,0,0,6,6,6,0,0,6,0,0,6,6,6,0,0,6,0,0,6,6,6,0,0,0,0,0,6,6,0,0,0
3480_97cbf15a.jpg,Test,0,3,7,0,3,3,0,0,3,0,0,7,0,3,0,0,0,0,10,0,3,6,0,0,0,10,10,10,6,6,0,0,0,10,0,0,6,6,6,0,0,0,10,0,6,6,0,0,0,0,9,0,6,6,0,0,0,7,0,0,6,6,0,0
3481_295c5855.jpg,Train,0,0,0,0,0,0,0,0,0,0,0,0,0,0,0,0,0,6,0,0,6,6,0,0,0,6,6,6,6,6,6,0,0,6,0,6,6,6,0,0,0,6,6,0,6,6,6,0,0,6,6,0,6,6,0,0,0,6,6,6,6,6,0,0
3482_429e6c9e.jpg,Train,0,10,0,0,0,0,0,0,0,0,0,3,0,0,3,0,0,0,0,0,0,0,0,10,0,7,0,10,10,0,0,0,0,9,0,0,10,9,0,0,9,9,9,10,10,9,9,9,0,0,0,0,10,0,0,0,0,0,0,0,0,0,0,0
3483_88adef29.jpg,Train,0,0,0,0,0,0,0,0,0,0,0,0,0,0,0,0,0,0,0,0,6,6,0,0,0,0,0,0,6,6,6,0,0,0,0,0,0,6,6,0,0,0,6,0,0,6,6,0,0,0,0,0,0,6,0,0,0,0,0,0,6,0,0,0
3484_403d1cdf.jpg,Train,0,0,0,0,0,0,0,0,2,0,0,0,0,0,0,0,0,4,0,0,0,4,0,0,0,0,0,0,0,0,0,0,0,0,0,0,5,5,0,0,0,6,0,0,0,6,0,0,0,0,0,8,0,5,0,7,0,8,0,8,8,8,0,0
3485_3fc9c270.jpg,Test,0,0,0,0,0,0,0,0,0,0,4,0,0,10,0,0,0,7,0,10,10,0,0,0,0,7,10,10,10,10,0,0,0,10,10,10,10,10,7,0,0,10,0,10,10,10,10,0,0,0,10,0,10,0,10,0,0,0,0,0,0,0,0,0
3486_b2a62f5b.jpg,Test,2,2,0,0,0,0,0,2,0,0,6,0,0,0,0,0,0,6,6,6,0,0,0,0,0,5,6,6,6,0,0,0,0,0,6,6,6,0,0,0,0,0,6,0,6,0,0,0,0,0,6,6,6,0,0,0,0,0,0,0,0,0,0,0
3487_79350980.jpg,Train,0,0,0,0,0,0,0,0,0,0,0,0,0,6,0,0,0,9,6,6,0,6,6,0,0,0,6,6,0,6,6,0,0,0,6,6,0,6,6,2,0,0,6,0,0,6,6,0,0,0,6,6,0,6,6,0,0,0,0,0,0,0,0,0
3488_bedf477b.jpg,Train,0,0,0,0,0,0,0,0,0,0,0,0,0,0,0,0,0,3,0,2,0,0,0,0,2,3,0,10,0,0,9,0,0,0,0,10,10,6,10,0,0,0,3,10,10,6,0,0,6,3,0,10,10,6,0,0,6,3,0,10,10,6,6,10
3489_f3cb8d45.jpg,Train,0,0,0,0,10,0,0,0,10,0,0,0,10,7,7,10,10,10,10,10,10,10,10,10,10,10,10,10,10,10,10,10,10,10,10,10,10,10,0,10,10,10,10,10,10,10,10,4,10,10,0,10,10,10,0,10,0,0,0,0,0,0,0,0
3490_27029ac1.jpg,Train,0,0,0,0,0,0,0,0,0,6,0,0,0,10,0,0,0,6,6,0,6,10,0,0,6,6,6,0,0,10,10,0,6,6,6,0,10,10,10,0,10,6,6,6,10,0,10,0,0,6,6,0,10,10,10,0,0,6,6,0,10,10,0,0
3491_3b54c25b.jpg,Train,0,0,0,0,0,0,7,0,7,7,0,7,0,0,0,0,1,0,4,4,0,7,0,1,0,0,10,4,0,0,0,7,10,0,0,0,7,7,9,7,0,10,6,0,0,10,0,0,10,4,6,0,0,10,10,6,10,10,0,0,0,10,10,0
3492_500ee36e.jpg,Test,0,0,0,0,0,0,0,0,10,0,0,0,0,0,0,0,0,0,0,6,6,0,0,0,0,6,0,6,6,0,0,0,0,0,0,6,6,0,0,0,0,0,0,6,6,0,0,0,0,0,9,2,9,0,2,0,0,0,6,0,0,0,0,0
3493_22e93b96.jpg,Train,0,0,0,0,0,0,0,0,0,0,0,0,0,0,0,0,0,0,0,6,0,0,3,0,0,0,0,0,0,0,0,0,0,0,0,0,0,0,0,0,0,0,0,0,0,0,0,0,0,0,0,0,0,0,0,0,0,0,0,0,0,0,0,3
3494_4fae75e0.jpg,Train,0,0,0,0,0,0,0,0,0,0,2,0,0,0,0,0,0,0,0,0,0,2,0,0,0,0,0,0,0,6,0,0,0,0,10,10,3,0,6,6,0,0,10,10,10,0,6,6,0,0,10,10,0,0,6,6,0,0,10,10,0,6,6,6
3495_f62f3575.jpg,Train,0,0,0,0,0,0,0,0,0,2,0,0,0,2,2,0,0,0,0,0,0,0,0,0,0,0,2,6,0,2,0,0,0,0,0,6,0,0,6,0,0,7,2,6,6,0,6,0,0,0,0,6,6,0,6,0,0,0,0,0,0,0,0,0
3496_98676136.jpg,Train,0,0,0,0,0,0,0,0,0,0,0,0,6,0,0,0,0,0,10,6,6,10,0,0,0,0,0,6,6,10,0,0,0,0,0,6,6,10,3,0,0,0,0,6,6,10,3,0,0,0,0,6,6,10,0,0,0,0,0,0,0,0,0,0
3497_34c04785.jpg,Train,0,0,0,0,0,0,0,0,0,0,0,0,6,0,0,0,0,0,0,0,6,6,0,0,0,0,6,0,6,6,0,0,0,0,0,0,6,6,0,0,0,0,10,0,6,6,0,0,0,0,10,0,6,6,0,0,0,0,0,0,0,0,0,0
3498_2ec9fdd6.jpg,Train,0,0,0,0,0,10,0,0,0,0,0,0,0,10,10,0,0,0,0,0,0,10,10,0,0,6,0,0,10,10,10,0,6,6,0,0,10,10,0,0,6,6,0,0,10,10,0,0,0,6,0,0,0,10,0,0,0,0,0,0,0,0,5,0
3499_e163d932.jpg,Train,0,0,0,2,2,0,3,0,6,0,5,0,6,2,0,0,0,0,0,0,0,0,0,0,0,0,0,0,0,0,0,0,0,0,0,0,0,0,0,0,9,0,0,0,10,10,0,6,0,0,0,0,0,0,0,0,0,0,0,0,0,0,0,0
3500_fa63f5a3.jpg,Train,0,0,0,10,10,0,3,0,0,0,0,0,10,0,0,2,0,0,0,0,0,10,0,9,0,0,0,0,0,10,0,0,0,0,0,10,4,0,0,0,0,0,4,10,0,0,0,0,0,0,0,0,10,0,0,0,0,0,4,0,0,0,0,0
3501_0660d205.jpg,Train,0,0,0,0,0,0,0,0,0,0,0,0,0,0,6,0,0,0,6,6,6,6,6,0,6,6,6,6,6,6,0,6,0,6,6,6,6,6,6,6,0,6,6,6,6,6,6,0,0,6,6,3,6,6,6,0,0,6,6,6,0,6,0,0
3502_aaa05976.jpg,Train,0,0,0,0,0,3,0,0,0,0,3,6,0,0,10,0,0,0,6,6,0,10,10,7,0,0,6,6,0,10,10,0,3,0,6,6,0,10,0,6,0,0,6,6,0,10,0,6,0,0,6,6,2,10,0,6,0,0,6,0,0,0,0,0
3503_18328ede.jpg,Train,0,0,0,0,0,0,0,0,10,0,0,0,8,0,0,0,0,9,0,8,8,0,0,10,10,0,4,0,10,0,10,10,0,10,4,0,0,10,0,0,0,4,4,4,0,4,0,10,0,4,0,0,4,4,4,0,0,0,0,0,0,0,0,0
3504_81df2722.jpg,Test,0,0,0,0,0,0,0,0,0,0,0,6,0,7,0,0,0,0,0,0,6,0,0,0,0,0,0,0,6,2,0,6,0,0,0,6,6,6,6,6,0,0,0,2,6,0,0,6,0,0,0,0,0,0,0,0,0,0,0,0,0,0,0,0
3505_13fb7d07.jpg,Train,0,0,0,0,0,0,0,0,0,0,0,0,0,0,0,0,0,0,0,0,0,0,0,0,0,0,0,6,6,0,0,0,0,0,6,6,6,6,0,0,0,0,6,6,6,6,6,0,0,0,6,6,6,6,6,0,0,0,6,6,6,6,0,0
3506_ce8c5ee8.jpg,Test,2,0,2,7,0,0,2,6,0,0,6,2,2,0,6,6,9,0,0,0,0,0,6,6,0,0,0,0,0,0,0,0,0,0,9,0,0,0,0,0,0,0,0,0,0,0,0,6,0,0,0,0,0,0,0,0,0,0,0,0,0,0,0,0
3507_5db53e5e.jpg,Test,0,0,6,2,2,0,0,2,10,2,6,0,3,3,0,0,6,6,6,2,6,0,0,7,6,6,6,0,6,0,0,7,6,6,6,0,6,6,0,0,1,6,6,0,6,1,0,0,1,6,6,0,0,0,0,0,0,0,0,0,0,0,0,0
3508_795ff7ba.jpg,Test,0,0,0,0,0,0,0,0,0,0,0,0,0,3,0,0,0,0,0,2,0,0,2,6,6,0,6,0,0,0,6,0,6,0,0,0,0,5,6,0,6,0,0,0,0,5,0,0,0,0,0,0,0,5,5,3,6,0,0,8,0,6,0,0
3509_0ec59658.jpg,Test,3,0,0,5,0,0,0,0,0,0,0,0,0,3,0,0,0,0,0,0,2,3,0,0,5,5,0,0,5,0,5,0,0,0,5,5,5,9,5,0,6,0,6,0,6,0,3,0,6,0,3,6,0,0,3,0,6,6,6,0,6,6,0,1
3510_c2be008b.jpg,Train,0,0,0,0,0,0,0,0,0,0,6,6,0,0,6,0,0,0,6,6,0,6,6,0,0,0,6,6,0,6,6,0,0,0,6,6,0,6,6,0,2,0,6,6,0,6,6,0,0,0,6,6,0,6,6,0,0,0,6,6,0,0,0,0
3511_56cc6674.jpg,Train,0,0,2,2,2,2,0,2,0,0,10,10,0,0,2,0,0,0,10,10,0,0,0,0,0,0,10,10,0,0,0,0,0,0,10,10,0,0,0,0,0,0,0,10,0,0,0,0,0,0,10,10,0,2,0,0,0,0,3,0,0,2,0,0
3512_e8d99f66.jpg,Train,0,0,0,0,0,0,0,0,2,3,0,0,0,0,0,3,0,0,10,3,0,2,0,0,0,0,7,10,10,0,0,0,0,0,10,10,10,10,0,6,0,0,10,10,10,10,0,0,0,0,10,10,10,0,0,0,0,0,0,0,0,0,0,0
3513_9bf44b02.jpg,Train,7,7,7,0,0,0,0,0,0,7,7,0,7,0,9,0,7,7,0,7,7,0,0,7,0,7,10,7,10,0,0,7,0,0,0,0,7,0,0,7,10,0,0,0,0,0,10,0,0,0,0,4,0,0,0,0,0,0,0,0,0,0,0,0
3514_5d3ed2a5.jpg,Train,0,0,0,0,0,0,0,0,0,0,0,0,0,0,0,0,0,0,0,0,0,0,0,0,0,0,10,10,6,0,0,0,0,0,10,0,6,0,0,1,6,0,10,10,6,0,0,0,0,0,0,0,6,0,0,0,0,0,0,0,0,0,0,0
3515_d02f0bf8.jpg,Train,0,0,0,0,0,0,0,0,0,0,6,6,6,0,0,0,0,0,6,6,6,6,0,3,0,0,6,6,6,0,0,0,0,0,6,6,6,0,0,0,0,0,6,6,6,0,6,6,0,0,0,0,6,0,0,0,0,0,0,0,6,6,0,0
3516_182367b5.jpg,Train,0,0,0,0,0,0,0,0,0,0,10,0,10,0,0,0,0,10,10,10,10,0,0,0,0,10,10,10,10,10,0,0,0,9,10,9,0,10,0,0,0,0,10,9,0,10,9,0,0,0,10,0,0,0,10,0,0,0,0,0,0,0,0,0
3517_8f0f7eae.jpg,Train,0,0,0,0,3,0,0,0,3,0,0,0,6,6,0,0,6,0,0,0,6,6,0,0,6,0,6,6,6,6,0,0,6,6,6,6,6,6,0,0,5,6,6,0,6,6,0,0,0,0,6,6,6,6,0,0,0,5,6,6,0,6,0,0
3518_c274c5df.jpg,Train,0,0,0,8,0,8,0,0,0,0,0,5,0,5,8,0,0,0,5,5,0,5,5,0,0,0,5,5,0,5,5,0,2,0,5,5,5,5,5,2,2,0,0,5,1,5,0,0,0,0,0,5,0,5,5,0,0,0,0,5,0,0,0,0
3519_10c10d9c.jpg,Test,0,0,0,0,0,0,0,0,0,0,0,0,0,0,0,0,0,8,8,0,5,0,0,0,0,8,8,2,5,0,0,0,8,8,0,0,5,0,0,0,9,8,0,0,5,0,0,0,8,8,0,5,5,0,0,0,0,0,0,0,0,0,0,0
3520_eed203ef.jpg,Train,0,0,0,0,0,0,0,0,0,0,5,0,0,0,0,0,0,0,5,5,0,0,0,0,0,0,5,5,0,0,0,0,0,0,5,5,0,0,0,0,0,0,5,5,0,0,0,0,0,0,5,6,0,0,0,0,0,0,0,2,0,0,0,0
3521_6d5932f2.jpg,Train,0,0,0,0,0,0,0,0,0,8,0,0,0,8,0,0,0,8,0,0,0,0,2,0,0,8,8,0,0,0,6,0,8,8,8,8,0,0,0,0,8,0,8,8,8,0,8,0,0,0,8,0,9,8,8,8,0,0,0,0,0,8,8,8
3522_87a2f5fa.jpg,Train,0,0,0,0,0,0,0,0,0,0,0,0,0,0,0,0,0,0,0,0,0,0,0,0,0,8,0,5,5,0,0,0,8,8,0,5,5,0,0,0,8,8,0,5,5,0,0,0,8,8,0,5,5,0,0,0,0,0,0,0,0,0,0,0
3523_7a6b8570.jpg,Train,0,0,0,0,0,0,0,0,0,0,0,0,8,0,0,0,0,5,5,5,6,0,0,0,0,5,5,5,0,0,0,0,0,5,0,5,5,5,0,0,5,5,5,5,5,5,5,5,0,5,5,5,5,5,2,0,0,5,0,5,5,5,0,0
3524_1ecee74a.jpg,Train,0,0,0,0,0,0,0,0,0,0,0,0,0,0,0,0,0,0,5,0,8,8,5,0,0,0,5,0,8,8,5,0,0,5,5,0,8,8,5,0,0,5,5,0,8,8,5,6,0,5,5,0,8,8,5,0,0,0,0,0,0,8,10,0
3525_4706ccb8.jpg,Train,0,5,0,4,0,0,0,0,0,0,0,4,0,0,0,0,8,0,5,0,8,5,0,0,0,5,5,0,5,5,8,8,0,5,5,0,5,0,8,8,0,5,5,6,5,0,6,0,0,0,5,0,5,0,0,0,0,0,0,0,0,0,0,0
3526_a4d7e728.jpg,Test,0,0,0,0,0,0,0,0,0,8,0,0,0,0,0,0,5,0,0,5,0,5,10,0,5,0,5,0,0,5,0,0,5,0,5,0,0,5,0,0,5,6,5,3,5,5,0,0,5,5,5,5,5,0,5,0,5,5,5,5,5,0,0,0
3527_e74b5f6a.jpg,Train,0,0,0,0,0,0,0,0,0,9,8,0,8,0,8,0,0,8,8,8,8,5,5,0,0,8,8,8,8,5,5,0,0,8,8,8,8,5,5,0,0,8,8,8,8,5,5,0,0,8,8,8,8,5,5,0,0,0,0,0,0,5,5,0
3528_be628123.jpg,Test,0,0,0,0,0,0,0,0,0,0,0,0,0,0,0,0,6,0,6,0,0,0,0,0,6,4,6,8,6,0,0,0,0,0,8,0,0,0,0,0,0,8,8,8,8,0,0,8,0,0,0,0,0,0,8,8,0,0,0,0,0,0,0,8
3529_51855590.jpg,Train,0,0,0,0,0,0,0,0,0,0,0,0,0,0,0,0,0,0,0,0,0,0,0,0,0,0,0,5,0,0,0,0,0,0,0,5,0,0,0,0,0,0,5,5,0,0,0,0,0,0,0,5,0,0,0,0,0,0,0,0,0,0,0,0
3530_75a0b6ad.jpg,Test,0,0,0,0,0,0,0,0,0,0,0,0,0,2,0,0,0,0,0,0,0,0,0,0,0,0,0,0,8,8,0,0,0,0,0,8,8,0,0,0,0,0,0,8,8,0,0,0,0,0,0,8,0,0,0,0,0,0,0,0,0,0,0,0
3531_445338c1.jpg,Train,0,0,8,0,0,0,0,0,0,3,8,0,0,0,3,0,0,0,0,0,0,0,0,0,8,0,0,0,0,0,0,0,0,8,0,8,8,0,0,0,8,8,8,8,8,2,9,8,0,8,8,8,8,0,8,8,8,2,0,8,8,0,8,0
3532_15a2039d.jpg,Train,0,0,9,0,0,0,0,0,0,0,8,8,0,0,0,0,0,0,8,8,0,0,0,0,0,0,8,8,0,0,0,0,0,0,8,8,0,0,0,0,0,0,8,8,0,0,0,0,0,0,8,8,0,0,0,0,0,0,0,0,0,0,0,0
3533_0d908fa6.jpg,Test,0,0,0,0,0,0,0,0,0,0,0,0,0,0,0,0,0,0,0,0,0,0,0,0,0,0,10,10,0,6,0,5,0,6,0,5,6,0,0,0,0,0,0,5,5,0,0,0,0,0,0,5,5,10,0,0,0,0,0,0,0,0,0,0
3534_db6519df.jpg,Test,0,0,0,0,0,0,0,0,0,8,8,0,0,8,8,0,0,8,8,0,0,8,8,0,0,8,8,0,0,8,8,0,8,8,8,0,0,8,0,0,0,0,8,0,0,8,8,0,0,8,0,0,0,8,8,0,0,2,0,0,0,0,8,0
3535_1ef908e1.jpg,Train,0,0,0,0,0,0,0,0,0,0,0,0,0,0,0,0,0,0,5,0,8,8,8,0,0,0,5,0,0,8,8,0,0,5,5,0,0,8,8,0,0,5,5,0,8,8,8,0,0,5,5,0,0,8,8,0,0,10,0,0,0,0,0,0
3536_a334c8ad.jpg,Train,0,0,0,0,0,0,0,0,0,0,5,8,8,0,0,0,0,5,5,8,8,8,0,0,0,5,5,8,8,8,0,0,0,5,5,8,8,8,0,0,0,5,5,8,8,0,0,0,0,5,5,8,8,0,0,0,0,5,5,8,8,0,0,0
3537_66c33808.jpg,Train,0,0,0,0,0,0,0,0,0,0,0,0,0,0,0,0,0,0,3,2,0,3,0,0,0,3,2,0,3,0,9,0,0,5,0,5,6,3,2,6,0,0,5,6,0,6,0,0,0,0,3,6,6,2,0,0,0,0,0,0,0,2,2,0
3538_c743e7b0.jpg,Train,0,0,0,0,0,0,0,0,0,0,0,0,0,0,0,0,0,8,8,0,8,8,8,8,0,0,8,0,8,8,8,8,0,0,8,0,8,8,8,8,0,0,8,8,8,2,8,8,0,0,8,8,8,0,8,8,0,0,0,0,0,0,0,0
3539_1129b89c.jpg,Train,0,0,0,9,0,0,0,0,0,8,5,5,5,9,5,0,0,5,5,5,5,0,5,5,0,5,5,5,5,0,5,0,0,5,5,5,5,0,5,0,0,5,5,5,5,0,3,0,0,5,5,5,5,10,5,5,0,0,0,0,0,0,0,0
3540_96c91734.jpg,Train,0,0,0,0,0,8,0,0,5,0,8,8,8,8,0,8,5,0,8,8,8,8,0,8,5,0,8,8,8,8,0,8,5,0,8,8,8,8,0,8,5,0,8,6,8,8,0,8,5,0,8,8,8,8,0,8,0,0,0,0,8,0,0,0
3541_ba0d38fa.jpg,Train,0,0,0,0,0,0,0,0,0,0,0,8,0,0,0,0,0,5,0,8,0,0,0,0,5,5,0,8,0,0,0,0,5,5,0,8,8,0,0,0,5,5,0,8,8,0,0,0,5,5,0,0,0,0,7,0,0,5,0,0,0,0,0,0
3542_2598e68c.jpg,Train,0,0,0,0,0,0,0,0,0,0,0,0,0,0,0,0,0,0,0,0,0,0,0,0,0,0,0,0,0,0,0,0,0,0,0,0,8,0,0,0,0,0,2,8,8,8,8,8,0,0,0,0,0,8,8,0,0,0,0,0,0,0,0,0
3543_e4db0174.jpg,Test,0,0,0,0,0,0,0,0,0,0,0,8,8,0,0,0,0,0,0,8,5,0,0,0,0,0,0,0,5,0,0,0,8,0,0,0,5,0,0,0,0,8,0,0,5,0,0,0,0,0,5,0,5,0,0,0,0,0,0,0,0,0,0,0
3544_66a934a8.jpg,Train,0,0,0,0,0,0,0,0,0,0,0,8,8,0,0,0,0,0,0,8,8,0,0,0,0,0,0,8,8,0,0,0,8,0,0,8,8,0,0,0,0,0,0,8,8,0,0,0,6,0,0,8,8,0,0,0,0,0,0,0,0,0,0,0
3545_8c7500ea.jpg,Test,0,0,0,0,8,8,0,0,8,8,8,8,8,8,8,8,8,0,0,8,0,8,0,8,8,8,8,8,8,8,8,8,8,8,8,8,8,8,8,8,8,8,8,8,8,8,0,8,0,8,8,8,8,0,0,1,0,0,0,0,0,0,0,0
3546_7c6476b3.jpg,Train,0,0,0,0,0,0,0,0,0,0,0,0,0,0,0,0,0,0,0,4,0,0,0,0,0,0,4,4,0,0,0,0,0,6,4,0,0,8,0,0,0,0,8,0,0,8,0,4,8,0,0,0,0,0,8,8,0,9,8,8,0,8,0,8
3547_57c3c6a6.jpg,Test,0,0,0,0,0,0,0,0,0,0,0,0,9,0,0,0,0,0,0,0,0,0,0,0,0,0,0,0,0,0,0,0,0,0,0,8,0,0,0,0,0,0,0,2,0,0,0,0,0,0,0,0,0,0,0,0,0,0,0,0,0,0,0,0
3548_571c5051.jpg,Train,0,0,5,0,0,0,0,0,0,8,5,0,0,8,0,0,6,0,5,0,0,8,0,0,0,9,5,0,0,8,0,0,0,10,5,5,0,8,0,0,0,10,5,5,2,8,0,0,10,0,5,5,0,0,0,0,0,0,0,0,0,0,0,0
3549_12215cf4.jpg,Test,0,0,0,0,0,0,0,0,0,0,0,0,0,0,0,0,0,0,0,0,4,0,0,0,0,0,0,0,4,0,0,0,0,0,0,0,0,0,0,0,0,0,0,0,5,6,0,0,0,0,0,5,5,0,0,0,0,5,0,1,0,6,0,0
3550_82be5182.jpg,Train,0,0,0,0,0,0,0,0,0,0,0,10,0,0,0,0,0,5,0,0,0,0,0,0,0,5,0,8,8,8,0,0,5,5,8,9,8,8,0,0,0,5,0,0,8,8,0,0,5,5,0,8,8,4,0,0,0,0,0,0,0,0,0,0
3551_de433fb2.jpg,Test,0,0,0,0,0,0,0,0,8,8,0,0,0,8,0,0,0,0,0,0,0,0,0,0,0,0,0,3,0,8,8,8,0,8,0,0,0,8,8,8,2,0,0,0,0,8,8,8,6,0,0,0,0,0,8,0,0,0,0,0,0,0,0,0
3552_f70eeb85.jpg,Train,0,0,0,0,0,0,0,0,0,0,0,6,6,0,0,0,0,0,0,5,5,0,0,0,0,0,0,0,6,0,0,0,0,0,0,0,6,0,0,8,0,0,0,0,6,0,0,0,0,0,0,0,6,0,0,10,0,0,0,0,0,0,0,0
3553_42f0c97b.jpg,Train,0,0,0,0,0,0,0,0,0,0,8,0,0,0,0,0,0,0,8,5,0,0,0,0,0,0,8,5,0,0,0,0,0,0,8,5,2,0,5,0,0,0,8,5,0,2,0,6,0,8,8,8,0,5,0,0,0,8,0,8,0,0,0,0
3554_74ba2268.jpg,Train,0,0,8,0,0,0,0,0,0,0,0,8,8,8,8,8,0,0,0,0,0,0,8,8,0,0,10,0,0,0,0,0,0,7,0,0,0,0,5,0,0,7,7,10,0,10,0,0,0,0,0,0,0,10,0,0,6,0,0,0,0,0,0,0
3555_d6b35204.jpg,Train,0,0,0,0,0,0,0,0,0,8,8,0,5,0,8,0,0,8,8,0,5,0,0,0,8,8,8,5,5,0,0,0,0,8,8,5,5,0,0,0,0,8,8,5,5,0,0,0,0,8,8,0,5,0,0,0,0,0,2,0,0,0,0,0
3556_4a53aeb9.jpg,Train,0,0,0,0,0,0,0,0,0,0,0,0,0,0,0,0,0,0,0,0,0,0,0,0,8,0,5,5,5,0,0,0,0,0,5,5,5,0,0,0,0,0,5,5,5,0,0,0,0,0,5,5,5,0,0,0,0,0,0,0,0,0,0,0
3557_deb77ccf.jpg,Train,0,0,0,0,0,0,0,0,0,0,0,0,0,0,0,0,0,0,0,0,0,0,0,0,0,0,0,0,0,0,0,3,0,0,0,5,8,8,0,0,3,0,0,5,8,8,10,0,0,0,10,5,0,8,0,0,0,0,0,0,0,0,0,0
3558_1c9ad3de.jpg,Train,0,0,0,0,0,0,0,0,0,0,0,0,9,0,0,0,0,5,5,5,5,5,0,0,0,5,5,5,5,5,9,0,0,5,5,5,5,5,0,0,0,6,5,5,5,5,0,0,0,5,5,5,5,5,5,0,0,0,0,0,0,0,0,0
3559_fa7fd82a.jpg,Train,0,0,0,0,0,0,0,0,0,0,0,0,0,0,0,0,5,8,0,0,5,5,5,8,5,8,0,5,5,5,5,0,5,8,0,5,5,5,5,0,5,8,0,5,5,5,5,0,5,8,0,5,5,5,5,0,0,0,0,0,0,0,0,0
3560_d7e5e374.jpg,Train,0,0,0,0,0,0,0,0,0,0,0,0,8,0,0,0,0,0,0,5,5,8,0,0,0,0,5,5,5,5,5,0,0,5,5,5,5,5,5,0,0,5,5,5,5,5,5,0,0,0,5,5,5,5,5,0,0,0,5,0,5,5,5,0
3561_12b04925.jpg,Train,0,0,0,0,0,0,0,0,0,0,0,0,5,0,0,0,5,0,0,5,8,0,0,0,5,0,0,5,8,0,0,0,5,0,0,8,8,8,0,0,5,0,0,8,8,0,0,0,5,0,0,8,8,0,0,0,0,0,0,0,0,0,0,0
3562_a9949fc5.jpg,Train,0,0,0,0,0,0,8,0,0,8,0,0,0,0,0,0,8,8,0,0,0,5,5,8,8,8,0,5,5,5,5,0,8,8,0,5,5,5,5,0,8,8,0,5,5,5,5,1,8,8,0,0,5,5,5,6,0,0,0,0,0,2,0,0
3563_7b9cc66d.jpg,Train,0,0,0,0,0,0,0,8,0,0,10,10,0,0,0,8,0,0,5,5,0,8,8,8,0,0,5,5,8,8,8,8,0,0,0,5,0,8,0,8,0,0,5,6,0,8,0,8,0,0,0,5,8,8,8,0,0,0,0,0,0,0,8,0
3564_9956f6ae.jpg,Test,0,0,0,0,0,0,0,4,0,0,5,0,0,0,0,0,0,0,5,0,0,0,0,0,0,0,5,9,0,0,0,0,0,0,5,5,0,0,0,0,0,0,5,5,0,0,0,0,0,0,0,0,0,0,0,0,0,0,0,2,2,0,0,0
3565_7865cfed.jpg,Train,0,0,0,0,0,0,0,0,0,0,0,0,0,0,0,0,0,0,0,0,0,0,0,0,0,0,0,0,0,0,0,0,0,0,0,0,0,8,0,0,0,0,0,0,5,5,0,0,0,6,0,5,0,0,0,0,0,0,0,5,5,0,0,0
3566_83d07c8b.jpg,Train,0,0,0,0,0,0,0,0,8,0,8,0,0,0,0,8,0,0,0,5,5,0,8,8,0,0,0,0,8,8,2,2,0,0,0,0,0,8,8,0,0,0,10,0,0,8,0,0,0,0,0,10,0,5,0,0,0,0,0,0,0,0,8,0
3567_de4d572f.jpg,Train,0,0,0,0,0,0,0,0,0,0,0,0,10,0,0,0,0,0,8,8,8,0,0,0,0,0,8,8,8,8,0,0,0,8,8,8,8,0,0,0,0,0,8,8,8,2,0,9,0,0,8,8,8,8,0,0,0,0,0,8,10,10,0,0
3568_53976bd1.jpg,Test,0,0,0,0,0,0,0,0,0,0,0,0,0,0,0,0,0,0,0,0,0,0,8,8,0,0,0,0,0,0,8,8,0,5,5,0,0,0,8,8,0,5,5,0,0,0,8,8,0,0,5,0,0,0,8,0,0,0,0,0,0,0,0,0
3569_7053090a.jpg,Train,0,0,8,6,0,0,0,3,0,0,0,6,0,0,0,6,2,2,0,2,0,0,6,6,0,0,6,6,2,0,6,6,0,5,6,0,0,0,2,2,0,5,0,5,0,0,5,0,0,0,6,0,8,0,0,8,6,2,0,0,0,0,0,0
3570_98edc54f.jpg,Test,0,0,0,0,0,0,0,0,0,0,0,0,5,0,0,0,8,8,0,0,5,9,0,0,8,8,0,0,0,5,0,0,8,0,0,0,5,5,5,0,8,0,0,0,5,0,5,0,0,0,0,0,5,0,5,0,0,0,0,0,0,0,0,0
3571_227a6d7c.jpg,Train,0,0,0,0,0,0,0,0,0,0,0,0,8,0,0,0,9,0,0,0,8,0,0,0,0,0,0,8,8,0,5,5,0,0,0,8,8,0,3,5,0,0,0,0,8,0,5,0,0,0,0,0,8,0,5,0,0,0,0,0,0,0,0,0
3572_1ecd6555.jpg,Test,0,0,0,0,0,0,0,0,0,0,0,8,0,0,0,0,0,0,8,8,8,0,0,0,0,0,8,8,0,0,0,8,0,0,8,8,8,0,0,0,2,0,0,0,8,0,0,0,0,0,0,8,8,0,0,0,0,0,0,0,0,0,0,0
3573_270c033d.jpg,Train,0,0,0,4,0,0,0,0,0,0,3,0,0,0,0,0,0,0,5,5,5,0,0,0,0,0,5,5,5,0,0,0,0,0,5,5,5,0,0,0,0,0,5,5,5,0,0,0,0,0,5,5,0,0,0,0,0,0,5,0,0,0,0,0
3574_3aceca50.jpg,Train,0,0,0,0,0,0,0,0,0,0,8,0,0,0,0,0,0,0,5,0,0,0,0,0,0,5,5,0,0,0,0,0,0,5,5,8,8,8,0,8,0,0,5,0,0,8,0,0,0,0,5,5,8,8,8,0,0,0,0,0,0,0,0,0
3575_23229a94.jpg,Train,0,0,0,0,0,0,0,0,0,0,0,8,8,0,0,0,0,0,0,8,8,0,0,0,0,0,0,8,8,0,0,0,0,0,0,8,8,0,0,0,0,0,0,8,8,0,0,0,0,0,0,8,8,0,0,0,0,0,0,0,2,0,0,0
3576_f2fdaaab.jpg,Test,0,0,0,0,0,0,0,0,0,0,0,0,0,0,0,0,0,0,8,0,0,0,0,0,0,0,9,5,9,0,0,0,0,9,0,5,5,0,0,0,0,0,0,5,0,0,0,0,0,0,5,5,0,0,0,0,0,0,0,0,0,0,0,0
3577_9329cbaa.jpg,Train,0,0,0,5,0,0,0,0,0,0,0,5,0,0,0,0,0,0,0,5,0,0,0,0,0,0,0,5,5,0,0,0,0,0,0,5,5,0,0,0,0,0,5,5,5,0,0,0,0,0,5,5,5,0,0,0,0,0,0,0,0,0,0,0
3578_cad71767.jpg,Train,0,0,0,0,0,0,0,0,0,0,0,0,0,0,0,0,0,0,0,0,0,0,0,0,0,0,7,8,8,0,0,0,0,0,0,8,8,0,0,0,0,0,5,8,8,0,0,0,0,0,5,8,8,0,0,0,0,8,0,8,8,0,0,0
3579_99b1b2a4.jpg,Train,0,0,0,0,0,0,0,0,0,0,0,0,0,0,10,0,0,0,0,8,8,0,0,0,0,0,8,8,0,0,0,0,0,0,8,8,8,0,0,0,0,8,8,8,8,0,0,0,0,8,8,8,0,0,0,0,0,8,8,8,0,0,0,0
3580_528845bc.jpg,Test,0,0,0,0,0,0,0,0,0,0,0,0,0,10,0,0,0,0,0,0,0,0,5,0,8,0,0,6,5,0,0,3,0,0,0,0,5,5,3,3,0,0,0,0,0,5,3,3,0,0,0,3,6,0,0,3,0,0,0,3,3,5,5,5
3581_de6ceedc.jpg,Train,0,0,0,0,0,0,0,0,0,0,0,0,0,0,0,0,0,0,0,0,0,0,0,0,0,0,8,8,8,8,0,0,0,0,8,8,8,8,0,0,0,0,0,8,8,8,0,0,0,0,2,8,8,0,0,0,0,0,10,8,8,0,0,0
3582_7a972b32.jpg,Train,0,0,0,0,8,0,8,0,0,0,0,8,8,0,0,8,8,0,0,8,8,0,4,0,8,8,8,8,8,8,4,0,0,8,8,8,0,0,4,0,8,8,8,8,0,0,0,0,10,2,8,8,0,3,0,0,0,0,0,0,0,0,10,0
3583_79bda9db.jpg,Train,0,0,0,0,0,8,8,0,0,0,8,8,0,0,0,0,0,0,0,8,8,0,0,0,8,8,0,0,0,8,8,8,8,8,0,8,8,0,0,0,0,0,0,8,8,8,9,8,0,0,0,8,8,8,0,8,0,0,8,0,0,0,0,8
3584_23a3a8b5.jpg,Train,0,0,0,8,8,8,8,0,8,0,8,8,8,8,8,0,0,0,8,8,8,8,8,0,0,0,8,8,8,8,8,0,0,0,8,8,8,8,8,0,0,0,8,8,8,8,8,0,0,0,8,8,8,8,8,0,0,0,0,8,8,0,0,0
3585_805b3ad7.jpg,Train,0,0,0,0,0,0,0,0,0,0,0,0,0,0,0,0,0,8,0,0,8,0,0,0,0,8,0,5,5,0,0,0,0,8,8,5,5,0,0,0,0,8,5,5,5,0,0,0,0,8,5,5,5,0,0,0,0,0,0,0,0,0,0,0
3586_25cecead.jpg,Train,0,8,0,0,0,0,0,0,8,8,8,0,0,0,0,0,8,8,8,0,0,0,0,0,8,8,8,0,0,5,0,0,0,8,8,0,5,5,0,0,8,8,8,0,5,5,5,0,8,8,8,0,10,5,0,0,0,0,0,0,0,0,0,0
3587_68044599.jpg,Test,0,0,0,0,0,0,0,0,0,0,0,0,8,0,0,0,0,0,0,8,0,0,0,0,0,0,8,5,0,0,0,0,0,0,0,5,0,0,0,0,0,0,0,5,4,0,0,0,0,0,10,0,0,0,0,0,0,0,0,0,0,0,0,0
3588_b1fe8762.jpg,Test,0,0,0,0,0,0,0,0,0,0,0,0,0,0,0,0,0,0,8,8,2,0,0,0,0,0,8,8,0,0,0,0,0,0,8,8,8,0,0,0,0,0,8,8,0,0,0,0,0,0,8,8,0,0,0,0,0,0,0,8,0,0,0,0
3589_798da43c.jpg,Test,0,0,0,0,0,0,0,0,0,0,0,0,0,0,0,0,0,0,0,0,0,0,0,0,0,0,5,0,0,0,0,0,0,5,5,0,0,0,0,0,0,5,5,5,0,0,0,0,0,0,5,0,0,0,0,0,0,0,0,0,0,0,0,0
3590_1e20af6f.jpg,Train,0,0,0,0,0,0,0,0,0,0,0,5,5,0,0,0,0,0,0,9,5,5,0,0,0,0,0,0,5,5,0,0,0,0,0,5,5,5,0,0,0,0,0,0,5,5,0,0,0,0,0,0,5,5,0,0,0,0,0,0,0,0,0,0
3591_80f553fe.jpg,Train,0,0,0,0,0,0,0,0,0,0,0,0,0,0,0,0,0,0,0,8,8,0,0,0,0,0,0,8,8,8,0,0,0,8,0,8,8,0,0,0,0,0,0,8,8,0,0,0,0,0,0,8,0,0,0,0,0,0,0,0,0,0,0,0
3592_003b84f4.jpg,Train,0,0,0,0,0,0,0,0,0,0,0,8,8,0,0,0,0,0,8,8,8,0,0,8,0,0,0,8,8,0,0,0,0,5,0,8,8,0,0,0,0,5,0,8,8,0,0,0,0,5,0,8,8,0,0,0,0,0,2,0,0,0,0,0
3593_d8bdd0e7.jpg,Train,0,0,0,0,0,0,0,0,0,0,8,0,0,0,0,0,9,8,8,0,0,9,0,0,0,8,0,0,0,5,0,0,0,8,0,0,0,5,0,0,0,8,0,0,0,5,0,0,5,8,0,5,0,5,0,7,10,8,0,0,0,0,0,0
3594_522d6391.jpg,Train,0,0,0,7,0,0,0,0,0,6,8,0,0,0,0,0,0,6,6,6,0,4,4,4,0,0,0,0,0,0,0,0,0,8,0,0,0,0,5,0,0,0,0,0,0,3,5,8,0,0,8,0,0,5,3,0,0,0,8,8,0,0,0,8
3595_91f50080.jpg,Test,0,0,0,0,0,0,0,0,0,0,0,0,0,0,0,0,0,8,0,0,0,8,0,0,0,5,5,9,0,2,5,8,0,5,5,2,0,5,5,0,0,5,5,5,5,5,6,0,0,5,5,0,5,5,5,0,0,0,0,0,0,0,0,0
3596_8d83789e.jpg,Test,0,0,0,0,0,0,0,0,0,0,0,8,0,0,0,0,0,0,0,8,8,0,0,0,0,0,0,8,8,0,0,0,8,8,0,8,8,8,0,0,0,2,0,8,0,0,0,0,0,5,8,8,0,0,0,0,0,0,0,0,0,0,0,0
3597_d7e5e374.jpg,Train,0,0,0,0,0,0,0,0,0,0,0,0,8,0,0,0,0,0,0,5,5,8,0,0,0,0,5,5,5,5,5,0,0,5,5,5,5,5,5,0,0,5,5,5,5,5,5,0,0,0,5,5,5,5,5,0,0,0,5,0,5,5,5,0
3598_9f301afc.jpg,Train,0,0,0,0,0,0,0,0,0,0,8,0,8,8,0,8,0,8,8,8,8,8,8,0,8,8,8,8,8,8,8,0,0,8,8,0,8,8,8,0,0,8,2,0,8,8,8,0,0,8,8,0,8,8,8,0,0,0,0,0,0,0,10,0
3599_c76f1750.jpg,Train,0,0,0,0,0,0,0,0,0,0,0,8,0,0,9,0,0,5,0,8,8,0,0,0,5,5,0,0,8,0,0,0,5,5,10,0,8,8,2,0,5,3,0,8,8,8,0,0,5,5,0,8,0,8,0,0,0,0,0,0,0,0,0,0
3600_befd21f7.jpg,Train,0,0,0,0,0,0,0,0,9,0,0,0,0,0,0,0,0,0,0,0,0,5,0,0,0,8,0,0,5,5,0,0,8,8,10,0,5,5,0,0,8,8,8,0,5,5,0,0,8,8,0,5,5,5,0,0,0,0,0,0,0,0,0,0
3601_bf276d28.jpg,Train,0,0,0,0,0,0,0,0,0,0,8,0,0,0,0,0,0,5,5,0,0,0,0,0,0,0,5,8,0,0,0,0,0,5,5,5,0,0,0,6,0,5,5,5,0,0,0,0,0,5,0,5,0,0,0,0,0,0,0,0,0,0,0,0
3602_89dec967.jpg,Train,0,0,0,0,0,0,0,0,0,0,0,0,0,0,0,0,0,0,0,0,5,8,8,0,0,5,0,0,5,8,8,0,5,5,8,0,0,8,8,0,5,5,2,0,8,8,8,0,5,5,5,0,8,8,8,0,0,0,0,0,0,0,0,0
3603_5d7a7f1b.jpg,Train,0,0,0,0,0,8,0,0,0,0,0,8,0,0,0,0,0,0,0,8,8,0,0,0,0,5,0,8,8,8,0,0,0,5,0,8,8,0,0,0,0,5,5,8,8,0,0,0,0,5,5,8,8,0,0,0,0,0,0,0,0,0,0,0
3604_a6f3cf86.jpg,Train,0,0,0,0,0,0,0,0,9,0,0,0,0,0,0,0,0,8,0,0,8,0,0,0,0,8,0,8,8,0,0,0,8,0,0,8,8,0,0,0,8,8,0,8,8,0,0,0,0,0,0,8,8,0,0,0,0,0,0,0,0,0,0,0
3605_e2876d71.jpg,Test,0,0,0,0,0,0,0,0,0,0,0,9,0,0,8,0,0,0,5,5,0,8,8,0,0,0,5,3,0,8,8,0,0,0,5,0,0,8,8,0,0,0,5,0,0,8,8,0,0,0,10,5,0,8,8,0,0,0,0,0,0,0,0,0
3606_97c2d850.jpg,Train,0,0,0,0,0,0,0,0,0,0,0,0,0,0,0,0,0,5,0,0,8,8,0,0,5,5,0,8,8,8,0,0,0,5,0,0,8,8,0,0,5,5,0,0,8,8,0,0,2,0,0,0,0,8,0,0,0,0,0,0,0,0,0,0
3607_fd85cf55.jpg,Train,0,0,0,0,0,0,0,0,0,0,0,0,0,0,0,0,0,0,0,0,5,0,0,0,0,0,0,0,5,0,0,0,0,8,0,0,5,0,0,0,0,2,0,0,5,0,0,0,0,0,0,0,5,0,0,0,0,0,0,0,0,0,0,0
3608_addb01ee.jpg,Train,0,0,0,0,0,0,0,0,0,8,0,0,0,0,5,0,0,0,8,0,0,0,5,8,0,0,8,8,0,0,5,9,0,0,8,8,0,0,5,0,0,0,8,8,0,0,5,0,0,0,0,8,0,0,5,0,0,0,0,0,0,0,0,0
3609_a2866b83.jpg,Train,0,0,0,0,0,0,0,0,0,8,8,0,0,0,0,0,0,8,5,5,5,5,0,0,1,5,5,5,9,5,0,0,0,5,5,5,8,5,0,0,0,5,5,0,0,5,4,0,0,5,5,5,0,5,0,0,0,0,0,0,0,0,0,0
3610_c1490997.jpg,Train,0,0,0,0,0,0,0,0,0,0,0,0,0,0,0,0,0,0,0,8,8,0,0,0,0,0,0,8,8,0,0,0,0,0,8,8,8,0,0,0,0,0,0,8,8,0,0,0,0,8,0,8,8,0,0,0,0,0,0,0,0,0,0,0
3611_7169cdc7.jpg,Test,0,0,0,0,0,0,0,0,0,0,0,0,0,0,0,0,0,0,0,0,8,0,0,0,0,0,0,8,8,0,0,0,10,0,8,8,0,0,0,0,0,0,0,0,0,0,0,0,0,0,0,0,0,0,0,0,0,0,0,0,0,0,0,0
3612_0b1fb1f7.jpg,Test,8,8,0,0,0,8,0,8,8,8,8,8,0,8,0,8,0,8,8,8,8,0,0,0,8,8,0,8,0,1,8,0,0,3,0,0,0,0,0,0,0,8,8,8,0,8,0,0,8,8,8,8,0,0,0,0,8,0,0,8,0,8,0,0
3613_592f6bd2.jpg,Train,0,0,0,0,0,0,0,0,0,0,0,0,0,0,0,0,0,0,5,5,0,0,0,8,0,5,5,0,0,0,0,8,0,5,5,0,0,0,0,8,0,5,5,1,0,0,0,8,0,5,5,0,0,0,0,8,0,0,0,0,0,0,0,0
3614_6b823776.jpg,Test,0,0,0,0,0,0,0,0,0,0,0,0,0,0,0,0,0,0,0,0,8,0,0,0,0,0,0,0,8,0,0,0,0,0,0,8,8,0,0,0,0,0,0,0,0,0,0,0,0,0,0,8,8,0,0,0,0,0,0,0,8,0,0,0
3615_a5601567.jpg,Train,0,0,0,8,8,0,0,0,0,0,8,8,8,0,0,0,0,0,0,8,8,0,0,0,0,0,0,0,8,0,0,0,0,0,0,2,8,0,0,0,0,0,0,0,8,0,0,0,0,0,0,0,8,8,0,0,0,0,0,0,0,0,0,0
3616_854696b2.jpg,Train,0,0,0,0,0,0,0,0,0,0,0,0,0,10,0,0,0,4,0,5,0,0,0,0,5,0,0,5,5,5,5,5,5,10,0,5,5,5,5,5,5,0,9,5,5,5,5,5,5,5,7,5,5,5,5,5,5,5,0,5,5,5,5,5
3617_e3022511.jpg,Train,0,0,0,0,0,0,0,0,0,0,0,0,0,0,0,0,0,5,5,5,5,0,0,0,5,5,5,5,5,0,5,5,5,5,5,5,5,3,5,5,5,5,5,5,5,0,5,5,5,5,5,5,5,5,5,0,0,0,0,0,0,0,0,0
3618_dee6a602.jpg,Test,0,8,0,0,0,0,0,0,0,6,0,0,9,9,0,0,0,0,2,5,0,0,5,0,5,5,2,5,0,0,5,0,5,5,5,0,3,5,0,0,6,5,5,5,0,2,0,0,0,5,5,5,0,6,0,0,5,5,5,5,0,6,0,0
3619_98314467.jpg,Test,0,0,0,0,0,0,0,8,0,0,0,8,0,0,0,0,0,0,8,8,8,0,0,0,0,0,8,8,8,0,0,0,0,2,8,8,0,0,0,0,0,2,2,8,0,0,0,0,0,0,0,8,0,0,0,0,0,0,0,0,0,0,0,0
3620_87aebf89.jpg,Test,0,0,0,0,0,0,3,0,0,0,0,0,0,0,0,0,0,8,0,5,0,0,0,0,0,0,0,5,0,0,0,0,0,0,0,5,5,0,0,0,0,0,0,5,5,0,0,0,0,0,0,0,5,0,0,0,0,0,0,0,0,0,0,0
3621_337d99af.jpg,Train,0,0,0,0,0,0,0,0,0,0,0,0,8,8,0,0,0,0,0,0,0,8,0,0,0,0,0,0,0,8,0,0,0,0,0,0,8,8,0,0,0,0,0,0,8,8,0,0,0,0,0,0,8,8,8,0,0,0,0,0,0,0,10,0
3622_3cf1f182.jpg,Train,0,0,0,0,0,0,0,0,0,0,0,0,0,0,0,0,0,5,0,0,0,0,0,0,5,0,0,0,0,0,0,0,5,0,0,0,0,0,0,0,5,0,0,0,0,0,0,0,5,0,9,9,0,0,0,0,5,0,5,0,5,0,0,0
3623_9a3499db.jpg,Test,10,0,0,0,0,0,8,8,0,0,0,0,0,0,0,0,0,0,0,5,0,0,0,0,0,3,0,3,0,3,5,0,0,0,0,6,6,0,2,6,0,0,5,6,0,0,6,0,0,0,0,0,5,9,0,0,0,0,0,0,0,0,10,0
3624_5d4852f2.jpg,Train,0,0,0,0,0,0,0,0,0,0,0,0,0,0,0,0,0,0,0,0,0,0,0,0,0,0,0,0,5,0,8,0,0,0,0,0,5,0,0,0,0,0,0,0,5,5,0,0,0,0,0,0,5,5,0,0,0,0,0,0,5,0,0,0
3625_c77ee447.jpg,Test,0,0,0,0,0,0,0,0,0,0,0,0,0,0,0,0,0,0,0,8,8,8,0,0,0,0,0,8,8,8,0,5,0,0,0,8,8,8,0,0,0,0,0,0,8,8,0,0,0,0,0,0,2,8,0,0,0,0,0,0,0,0,0,0
3626_c0ac007d.jpg,Train,0,0,0,0,0,0,0,0,0,0,0,0,0,0,8,8,8,8,8,8,8,8,8,8,8,8,8,8,8,8,8,0,0,0,8,8,8,8,0,8,8,0,8,8,8,8,0,0,8,0,0,0,0,0,0,6,8,0,0,3,0,0,8,0
3627_481747ef.jpg,Train,0,0,0,0,0,0,0,0,0,0,0,10,0,0,0,0,10,0,0,4,10,0,0,0,0,0,0,0,0,0,0,0,0,0,0,0,5,0,0,0,0,9,0,0,5,5,0,0,1,1,0,0,5,5,10,0,0,0,0,0,0,0,0,0
3628_be10397c.jpg,Train,0,0,0,0,0,0,0,0,0,0,0,0,0,0,0,0,0,0,0,0,0,0,0,0,0,0,0,0,2,8,0,0,0,0,8,0,5,0,0,0,0,0,0,0,5,0,0,0,0,0,0,0,5,0,0,0,0,0,0,0,5,8,0,0
3629_77e9e847.jpg,Train,0,0,0,0,0,0,0,0,0,0,0,8,8,0,0,0,0,0,0,8,8,8,0,0,0,0,0,8,8,8,0,0,0,0,8,8,8,8,0,0,0,0,0,8,8,8,0,0,0,0,8,8,8,8,0,0,0,0,0,0,0,0,0,0
3630_6cc8b3c8.jpg,Train,0,0,0,0,0,0,0,0,0,8,8,8,8,8,0,0,0,8,8,8,0,0,0,0,0,8,8,0,6,0,0,0,9,8,8,0,0,3,0,0,0,8,8,0,0,0,3,0,0,8,8,0,0,0,0,0,0,0,8,0,0,0,0,0
3631_71f7cfda.jpg,Train,0,0,6,6,0,0,0,0,0,0,8,4,8,8,0,0,2,0,0,2,8,8,6,6,2,2,2,2,8,8,2,6,6,2,6,6,8,2,2,6,6,5,0,0,8,8,6,2,6,5,0,0,8,2,6,0,0,5,5,0,8,8,2,0
3632_20c11951.jpg,Train,0,0,0,0,0,0,0,0,0,0,0,0,0,0,0,0,0,8,9,0,9,5,0,0,0,8,8,0,0,5,0,0,3,8,8,0,0,5,0,0,0,8,8,10,0,5,0,0,5,8,8,0,0,5,0,0,10,0,0,0,0,0,0,0
3633_8378557a.jpg,Train,0,0,0,0,0,10,0,0,0,0,0,0,0,9,9,0,0,0,9,0,9,9,9,0,0,9,9,9,9,9,9,0,3,9,9,9,0,9,9,9,0,9,9,9,9,9,0,9,0,9,9,9,9,9,9,9,0,9,9,9,9,9,9,9
3634_8704349f.jpg,Train,0,0,0,0,0,0,0,0,0,0,3,3,3,0,0,6,0,2,7,0,0,0,0,0,10,7,7,0,0,0,0,0,2,2,7,7,0,0,0,0,2,0,7,9,0,0,0,0,6,0,7,7,0,0,0,0,0,0,0,0,0,0,0,0
3635_d631ca36.jpg,Train,0,0,0,0,0,0,0,0,0,0,7,0,0,0,0,0,0,0,7,0,0,9,10,10,0,7,7,2,9,0,9,0,0,7,7,0,0,9,0,0,0,0,7,0,0,9,0,10,0,7,7,0,0,9,10,10,0,0,7,0,0,9,0,0
3636_aedf4248.jpg,Train,0,0,0,8,0,0,0,0,0,0,2,8,0,0,0,0,0,9,0,0,0,0,0,0,0,9,9,0,6,0,0,0,0,9,9,0,0,0,0,0,0,9,9,0,0,0,0,0,0,9,9,0,0,0,0,0,9,0,0,0,0,0,0,9
3637_16297f82.jpg,Train,0,0,0,0,0,0,0,0,0,0,0,0,0,0,0,0,0,9,9,9,9,9,9,9,0,9,9,9,9,9,9,9,0,9,9,9,9,9,9,9,0,9,9,9,9,9,9,9,0,9,9,9,9,9,9,0,0,7,9,7,0,7,7,0
3638_0a3e9bb4.jpg,Train,0,0,0,0,0,0,0,0,0,0,0,0,0,9,0,0,0,0,9,0,0,9,0,0,0,0,9,0,9,9,0,0,0,9,9,0,9,0,0,0,0,9,9,9,9,9,0,0,0,9,9,9,9,9,0,0,0,0,9,9,10,9,0,0
3639_8e48c87f.jpg,Train,0,0,0,0,0,0,0,0,0,0,0,0,0,0,0,0,0,0,0,0,0,7,7,0,0,0,0,0,0,0,0,0,0,0,0,0,0,0,0,0,0,0,0,0,0,0,0,0,7,0,8,2,0,2,0,8,2,5,8,8,10,0,10,10
3640_d7c9c545.jpg,Test,0,0,0,0,0,0,0,0,0,0,0,0,0,9,0,0,0,0,0,0,5,8,0,0,0,7,5,0,0,9,6,0,0,2,0,0,9,9,0,0,9,8,2,2,7,0,0,0,0,0,2,0,9,8,0,0,0,0,0,8,0,0,0,0
3641_4329128b.jpg,Train,0,0,0,0,0,0,0,0,0,0,0,0,0,0,0,0,0,0,0,2,9,0,0,0,0,0,0,9,6,0,0,0,0,0,2,9,9,0,0,0,2,0,9,9,0,0,0,0,2,0,9,9,0,0,0,0,0,8,0,0,0,0,0,0
3642_2842b22e.jpg,Train,2,0,0,0,0,0,0,0,0,0,0,9,2,0,0,0,0,0,0,9,0,0,0,0,0,0,0,9,0,0,0,0,0,0,0,9,0,0,0,0,0,0,0,9,9,0,0,0,0,0,0,9,9,0,0,0,0,0,0,0,2,0,0,0
3643_b477e64f.jpg,Train,0,0,0,0,9,0,0,0,0,0,0,9,9,0,0,0,0,0,0,6,0,0,0,0,0,0,9,9,9,2,0,0,0,0,9,9,3,9,0,0,0,0,9,3,9,9,0,0,0,6,9,9,9,0,0,0,0,0,0,9,9,9,0,0
3644_4635f308.jpg,Test,0,0,0,0,0,0,0,0,0,0,0,0,0,0,0,0,0,0,0,8,0,0,0,0,0,0,0,0,7,0,0,0,0,0,0,0,7,0,0,0,2,0,0,8,0,0,0,0,0,0,0,0,7,0,0,0,0,0,0,0,7,0,0,0
3645_8a6a3639.jpg,Train,0,0,0,0,0,0,0,0,0,0,9,9,0,0,0,0,0,0,9,9,6,0,0,0,0,0,9,9,0,0,0,0,0,0,7,9,0,0,8,0,0,8,9,9,3,8,0,0,0,0,9,9,0,0,0,0,0,0,7,0,0,0,0,0
3646_33fabed0.jpg,Train,0,0,0,0,0,0,0,0,0,0,0,0,0,0,0,0,0,0,0,0,0,7,7,0,0,0,0,0,0,0,7,0,0,0,0,0,0,7,0,0,10,0,0,0,0,7,7,0,0,0,0,0,0,7,7,0,10,0,0,10,7,0,0,0
3647_5d69fa39.jpg,Train,0,0,0,0,0,0,0,0,0,0,9,0,0,7,0,0,0,9,9,0,0,7,0,0,0,9,9,0,2,7,0,0,10,9,9,9,7,7,9,0,0,9,9,0,7,7,0,0,2,9,9,9,0,7,0,0,0,9,0,0,0,0,0,9
3648_ae4181cc.jpg,Train,0,0,0,0,0,0,0,0,0,0,0,0,0,0,0,0,0,0,9,9,8,0,0,0,0,0,9,9,8,1,0,0,0,0,9,9,0,0,0,0,0,0,7,9,0,0,0,0,0,9,9,9,0,0,2,0,0,0,0,9,0,0,0,0
3649_6c024937.jpg,Test,0,0,0,0,0,0,0,0,0,0,0,0,0,0,0,0,8,8,8,0,0,0,8,8,8,0,0,8,0,0,0,0,0,0,0,0,0,0,0,0,0,0,8,0,8,0,0,0,4,0,8,0,0,0,0,0,0,0,8,8,0,0,0,0
3650_a7292282.jpg,Test,0,0,0,0,0,0,0,8,0,0,0,0,0,0,0,0,0,0,9,0,0,0,0,0,0,0,0,0,6,0,0,0,0,0,9,0,0,0,0,0,2,2,9,0,0,0,0,0,2,9,9,0,0,0,0,0,0,2,0,0,0,0,0,0
3651_7a7ce22e.jpg,Train,0,0,0,0,0,0,0,0,0,0,0,0,7,0,0,0,0,0,0,9,0,0,0,0,0,0,0,9,0,0,0,0,0,6,9,0,9,0,0,0,0,0,9,7,0,0,0,0,0,0,0,9,0,0,0,0,0,0,0,0,0,0,0,8
3652_4635f308.jpg,Train,0,0,0,0,0,0,0,0,0,0,0,0,0,0,0,0,0,0,0,8,0,0,0,0,0,0,0,0,7,0,0,0,0,0,0,0,7,0,0,0,2,0,0,8,0,0,0,0,0,0,0,0,7,0,0,0,0,0,0,0,7,0,0,0
3653_494d96f0.jpg,Train,0,0,0,0,0,0,0,0,0,0,0,0,0,0,0,0,0,0,0,0,0,8,8,0,9,9,9,9,0,9,0,0,9,9,9,9,0,9,9,0,9,9,9,9,0,9,9,0,9,9,9,9,9,9,9,0,0,0,2,0,2,0,2,0
3654_ff5cbb0d.jpg,Test,0,0,0,0,0,0,0,0,0,0,0,0,0,0,0,0,0,0,0,9,0,0,0,0,0,9,0,0,0,0,0,0,0,0,0,9,0,0,0,0,0,0,7,0,0,0,0,0,0,0,7,6,0,0,0,0,0,0,0,0,0,0,0,0
3655_f2ed5022.jpg,Train,0,0,0,0,0,0,0,0,0,0,0,0,0,0,0,0,2,0,0,7,0,0,0,0,0,0,3,7,7,0,0,0,0,0,0,7,7,0,0,0,0,0,7,7,0,0,0,0,0,0,0,7,8,0,0,0,0,0,0,0,0,0,0,0
3656_2de9e2bc.jpg,Train,0,0,0,0,0,0,0,0,2,9,9,0,0,0,0,0,0,9,9,0,0,0,0,0,0,9,9,0,0,0,0,0,0,9,9,0,0,0,0,0,0,9,9,0,2,0,0,0,0,0,9,9,0,0,0,0,0,0,9,9,0,0,0,0
3657_7268005d.jpg,Train,0,0,0,0,0,0,0,0,0,0,0,0,0,0,0,0,0,0,0,0,2,0,0,2,0,0,0,2,2,0,0,0,0,0,0,0,8,0,0,0,0,0,8,9,0,0,0,0,0,6,0,0,0,0,0,6,0,0,0,0,0,0,0,0
3658_0e182cc8.jpg,Test,0,0,8,0,0,0,0,0,9,8,8,0,0,0,0,0,0,0,0,0,0,0,0,0,0,0,0,0,0,0,0,8,0,0,0,0,0,0,0,8,0,0,0,0,0,2,0,0,0,0,0,0,9,0,0,0,0,0,0,0,0,0,0,8
3659_1164b38e.jpg,Test,0,0,0,0,0,0,0,7,0,0,0,8,0,0,0,0,0,0,9,8,0,0,0,0,0,0,2,0,9,9,0,0,0,0,10,0,8,0,0,0,0,0,9,8,7,3,1,0,0,0,9,9,9,0,0,0,0,0,9,9,9,2,0,0
3660_1de273ea.jpg,Train,7,0,0,9,0,0,0,0,7,7,0,0,0,0,0,0,7,7,0,7,7,7,0,0,7,7,0,7,7,0,0,0,7,7,0,9,7,0,0,2,7,7,2,7,7,0,0,0,7,7,0,7,7,0,0,0,7,7,0,7,7,0,0,0
3661_e46c1f4c.jpg,Test,0,0,0,0,0,0,0,0,0,0,0,0,0,0,0,0,0,0,2,0,0,0,0,0,0,0,9,2,6,0,0,0,0,0,9,2,0,0,0,0,2,0,9,7,0,0,0,0,0,9,8,8,0,0,0,0,6,0,0,0,0,0,0,0
3662_65f98afc.jpg,Test,0,0,0,0,0,0,0,0,0,0,0,0,0,0,0,0,0,0,0,0,0,0,0,0,0,0,0,0,0,0,0,0,0,4,0,0,7,0,0,0,7,0,0,0,7,0,0,0,2,2,0,0,0,2,0,3,2,0,0,0,0,0,0,0
3663_1c787cfa.jpg,Train,0,0,0,0,0,0,0,0,0,0,0,0,0,8,8,8,0,0,0,0,8,8,0,0,0,0,0,7,7,7,0,0,0,0,7,7,7,7,0,0,0,0,0,0,7,0,0,0,0,0,0,0,0,0,0,0,0,0,0,0,0,0,0,0
3664_e721fac4.jpg,Test,0,0,0,0,0,0,0,0,0,8,0,0,0,0,0,0,0,0,0,0,8,0,0,0,0,0,0,0,8,6,0,0,0,2,0,0,7,1,0,0,0,0,0,9,7,7,0,0,0,0,0,0,0,7,7,0,0,0,0,0,0,0,0,0
3665_92e3c5b7.jpg,Test,0,0,0,8,0,0,0,0,0,0,0,0,8,0,0,0,0,0,0,9,0,0,0,0,0,0,2,0,3,0,0,0,0,0,9,0,9,2,0,0,0,0,8,9,8,8,0,0,0,0,2,9,9,0,0,0,0,0,9,9,9,0,0,0
3666_8692f85a.jpg,Train,0,0,0,0,0,0,0,0,0,0,0,0,0,0,0,0,0,0,0,0,0,0,0,0,0,0,0,9,0,0,0,0,0,0,9,9,8,0,0,0,0,9,9,9,0,0,0,0,0,0,2,9,0,0,0,0,0,0,0,0,0,0,0,0
3667_5a8ba28d.jpg,Train,0,0,0,0,0,0,0,0,0,0,0,0,0,0,0,0,0,0,7,10,0,9,9,0,0,0,7,7,9,9,9,0,0,0,7,7,9,10,9,0,10,0,7,7,9,0,9,9,0,0,7,7,9,0,9,9,0,0,0,0,0,0,0,0
3668_c2063211.jpg,Train,0,0,0,0,0,0,0,0,0,0,0,0,0,0,0,0,0,0,0,0,0,0,0,0,0,0,0,0,0,0,0,0,0,0,0,9,9,0,0,0,0,0,0,0,9,10,0,0,0,0,3,9,9,0,0,0,0,0,0,0,0,0,0,0
3669_9079b8a6.jpg,Train,0,0,0,0,0,0,0,0,0,0,0,0,0,0,0,0,0,0,0,0,0,0,0,0,0,9,0,0,9,0,0,0,0,9,9,0,7,7,0,0,0,9,9,0,7,7,0,0,0,9,9,0,7,7,0,0,0,0,0,0,0,0,0,0
3670_349527b8.jpg,Train,0,0,0,0,0,0,0,0,0,0,0,0,0,0,0,0,0,9,0,9,0,0,9,0,0,9,0,9,9,9,9,9,9,9,9,9,9,9,9,9,0,9,9,9,9,9,9,9,0,9,9,0,9,9,9,9,0,2,0,0,7,2,0,0
3671_5b59a526.jpg,Train,9,9,9,0,9,0,9,0,0,0,0,0,0,0,0,0,0,10,0,0,0,0,0,0,0,7,0,0,0,0,0,0,0,0,7,0,0,0,6,0,0,0,0,0,0,0,0,0,0,0,0,0,0,6,0,0,0,0,0,0,0,0,0,0
3672_edbc3b98.jpg,Test,0,0,0,0,0,0,0,0,0,0,8,0,0,0,0,0,9,0,9,0,2,0,0,0,9,9,9,9,9,0,0,9,9,9,9,9,9,9,9,2,9,9,9,9,0,8,9,0,0,0,2,0,0,0,2,0,0,0,0,0,0,0,0,0
3673_5a8ba28d.jpg,Train,0,0,0,0,0,0,0,0,0,0,0,0,0,0,0,0,0,0,7,10,0,9,9,0,0,0,7,7,9,9,9,0,0,0,7,7,9,10,9,0,10,0,7,7,9,0,9,9,0,0,7,7,9,0,9,9,0,0,0,0,0,0,0,0
3674_750ce46b.jpg,Train,0,0,0,0,0,0,0,0,0,0,0,0,0,0,0,0,0,0,9,9,0,9,9,0,0,9,9,9,9,9,9,0,0,9,9,9,9,9,9,0,0,9,9,9,9,9,9,0,0,9,9,9,9,9,9,0,0,0,0,0,0,0,0,8
3675_699a68b8.jpg,Test,0,0,0,0,0,0,0,0,0,0,0,0,7,0,0,0,0,0,7,0,0,0,0,0,0,0,0,0,0,0,0,0,0,0,7,7,3,0,0,0,0,0,7,7,1,0,0,0,0,0,2,0,0,0,0,0,0,0,0,0,0,0,0,0
3676_e08d97b3.jpg,Test,0,0,0,0,0,0,0,0,0,8,0,0,2,0,0,0,0,5,0,2,9,8,0,0,9,0,6,9,7,0,5,5,2,9,0,9,9,0,0,0,0,9,2,9,9,0,0,0,0,0,2,9,9,0,0,0,2,0,9,0,0,0,0,0
3677_71398bd6.jpg,Train,0,0,0,0,0,0,0,0,0,0,0,0,0,0,0,0,0,9,9,9,0,7,7,0,0,0,0,9,0,7,7,0,0,0,9,9,0,7,7,0,0,0,0,9,9,0,0,0,0,0,9,0,9,9,0,0,0,0,9,0,0,10,0,0
3678_faff9749.jpg,Train,0,0,0,0,0,0,0,0,0,0,0,0,0,0,0,0,0,0,9,9,0,0,0,0,0,0,9,9,9,2,0,0,0,0,9,9,0,0,0,0,0,0,9,9,0,0,0,0,0,0,9,9,0,0,0,0,0,0,0,0,0,0,0,0
3679_c74220f3.jpg,Train,0,0,0,0,0,0,0,0,0,0,0,0,0,0,0,0,0,0,0,0,0,0,0,0,10,0,0,0,0,0,2,2,0,0,0,0,0,0,0,0,0,0,0,0,0,0,0,0,0,0,0,0,0,0,0,0,0,0,8,8,0,0,0,0
3680_b01d1878.jpg,Test,0,0,0,0,0,0,0,0,0,2,2,0,0,0,0,0,0,0,0,0,0,0,0,0,0,7,7,7,9,0,1,0,0,7,9,8,8,4,0,0,0,7,7,8,8,9,8,0,0,7,0,8,8,0,9,0,0,0,7,0,0,7,7,0
3681_948f0bd5.jpg,Train,0,0,0,0,7,0,0,0,0,0,0,0,7,0,0,0,0,4,8,3,9,7,7,0,0,7,0,7,7,7,7,0,0,7,0,7,7,7,7,0,0,9,0,7,7,7,7,0,0,7,7,7,7,7,7,0,0,7,0,7,7,7,7,0
3682_500f7752.jpg,Train,0,0,0,0,0,0,0,0,0,0,0,0,0,0,0,0,0,0,0,0,0,0,9,0,0,0,7,0,0,9,0,0,0,7,7,0,8,9,0,0,0,9,7,0,9,9,9,0,0,7,7,8,9,9,6,0,0,0,9,8,0,0,0,0
3683_153dea7c.jpg,Train,0,0,2,9,0,0,0,0,0,0,0,0,2,0,0,2,0,0,0,7,7,0,0,0,0,0,7,7,7,7,0,0,0,0,7,0,7,7,7,0,0,0,0,0,7,7,7,0,0,0,0,0,7,0,0,0,0,0,0,0,0,0,0,0
3684_2ed874c3.jpg,Test,0,0,0,0,0,0,0,0,0,0,0,0,0,0,0,0,2,0,0,9,0,0,0,0,0,0,0,9,0,0,0,0,0,0,0,9,0,0,0,0,0,0,0,9,0,0,0,0,0,0,9,8,0,0,0,0,0,0,0,0,0,0,0,0
3685_97326c39.jpg,Train,0,0,0,0,0,0,0,0,0,0,0,0,0,0,0,0,0,9,9,9,0,0,0,0,0,9,9,9,0,0,0,0,0,9,9,9,0,0,0,0,0,9,9,9,0,0,0,0,0,9,9,9,0,0,0,0,0,9,7,9,0,0,0,0
3686_9395356c.jpg,Train,0,0,0,0,0,0,0,0,0,0,0,0,0,0,0,0,0,0,7,7,1,7,0,0,0,0,7,7,7,7,0,0,0,0,7,7,7,7,0,0,0,0,7,7,7,7,0,0,0,0,7,7,7,0,0,0,0,0,0,0,0,0,0,0
3687_df71243c.jpg,Test,0,0,0,0,0,0,0,0,0,0,0,0,0,0,2,0,0,2,0,0,0,0,0,0,0,5,9,0,5,5,2,0,0,9,0,0,8,9,0,9,9,9,9,9,9,9,9,9,2,9,9,9,9,9,9,9,9,9,2,2,9,9,9,9
3688_a78c8437.jpg,Train,0,0,0,0,0,0,0,0,0,0,0,0,0,0,0,0,7,9,9,9,9,0,9,0,7,9,9,9,9,9,9,0,7,9,9,9,9,9,9,0,7,9,9,9,9,9,9,0,7,9,9,9,9,9,9,9,7,9,9,9,9,9,9,9
3689_a6831684.jpg,Train,0,3,9,0,0,0,0,0,0,9,9,0,9,0,0,0,0,9,9,0,9,0,0,0,0,9,9,0,9,9,0,0,0,9,9,0,9,9,0,0,0,9,9,9,9,9,0,0,0,9,9,9,9,9,0,0,0,0,0,0,0,0,0,0
3690_3cf6d5a1.jpg,Train,0,0,0,0,0,0,0,0,0,0,0,0,0,0,0,0,0,0,0,0,0,0,0,0,0,8,9,0,0,0,0,0,0,9,9,0,0,0,0,0,0,9,9,0,0,0,2,0,0,0,9,0,0,0,0,0,0,0,9,8,0,0,0,0
3691_971fb90d.jpg,Train,0,0,0,0,0,0,0,0,0,4,0,0,0,0,0,0,0,9,0,0,7,3,0,0,0,0,0,0,7,0,0,0,0,7,7,0,7,0,7,0,0,0,2,0,7,0,0,0,0,9,0,0,7,0,0,0,0,9,0,0,7,0,0,0
3692_1ff25916.jpg,Train,0,0,0,0,0,0,0,8,0,0,0,0,9,0,0,0,0,0,0,7,7,0,0,0,0,0,0,7,7,0,0,0,0,0,3,0,7,10,0,0,0,0,0,0,7,0,0,0,0,0,0,0,7,0,0,0,0,0,0,0,0,0,0,0
3693_a0a0a21a.jpg,Train,0,0,9,9,0,0,0,0,0,0,0,9,8,0,0,0,0,0,0,9,0,0,0,0,0,0,0,9,0,0,0,0,0,0,0,9,0,0,0,0,0,0,0,9,9,0,0,0,0,0,9,9,0,0,0,0,9,0,0,0,0,0,9,0
3694_16297f82.jpg,Train,0,0,0,0,0,0,0,0,0,0,0,0,0,0,0,0,0,9,9,9,9,9,9,9,0,9,9,9,9,9,9,9,0,9,9,9,9,9,9,9,0,9,9,9,9,9,9,9,0,9,9,9,9,9,9,0,0,7,9,7,0,7,7,0
3695_e81236f8.jpg,Test,0,0,0,8,0,0,0,0,0,10,10,0,0,0,0,0,9,10,0,0,0,0,0,0,0,0,6,0,0,0,0,0,0,0,3,8,6,0,0,0,0,0,10,0,0,0,0,0,0,0,0,0,0,0,0,0,0,0,0,0,0,0,2,0
3696_91445d1a.jpg,Test,0,0,0,0,0,1,0,0,0,0,0,0,1,0,1,0,0,0,0,0,0,0,0,0,0,0,0,0,0,0,0,0,0,0,0,9,9,0,0,0,0,0,4,10,7,10,0,0,0,0,0,0,7,2,0,0,7,0,0,0,0,0,0,0
3697_3aba7970.jpg,Train,0,0,0,0,0,0,0,0,0,0,9,0,0,0,0,0,0,0,9,0,0,0,0,0,0,0,9,0,6,6,0,0,2,2,9,0,0,0,0,0,2,9,9,9,0,0,0,0,2,9,9,9,0,0,0,0,0,0,0,0,0,0,0,0
3698_1a1ca8b4.jpg,Train,0,0,0,0,0,0,0,0,0,0,9,0,9,8,0,0,0,0,9,9,9,0,0,0,0,0,9,9,9,9,0,0,0,9,9,9,9,9,0,0,0,9,9,9,9,9,0,0,0,9,9,9,9,9,9,9,0,2,9,9,9,9,0,9
3699_74409a38.jpg,Test,0,0,0,0,0,0,0,0,0,0,0,0,0,0,0,0,0,0,0,0,9,0,0,0,0,0,0,0,9,0,0,0,0,0,0,0,9,0,0,0,0,0,0,9,9,1,0,0,0,0,0,6,9,0,2,0,0,0,0,0,0,0,0,0
3700_c45f3993.jpg,Test,0,0,0,0,0,0,0,0,0,0,0,0,0,0,0,0,0,0,0,0,0,0,0,0,0,0,0,0,0,0,0,0,0,0,0,9,0,8,0,0,0,0,0,0,0,0,0,0,0,0,0,9,9,0,0,0,0,0,0,9,9,0,0,0
3701_3c8911b5.jpg,Train,0,0,0,0,0,0,0,0,0,0,0,0,0,0,0,0,0,0,9,9,9,9,0,0,0,0,9,9,9,9,0,0,0,0,9,9,9,9,0,0,0,0,9,9,9,9,0,0,0,0,9,2,9,9,0,0,0,0,0,0,0,0,0,0
3702_50d202d9.jpg,Test,0,0,0,0,0,0,0,0,0,0,0,9,0,0,0,0,0,0,0,9,9,2,0,0,0,0,0,0,0,0,0,0,2,0,0,9,7,0,0,0,0,2,0,7,0,0,0,0,2,0,0,8,0,0,0,0,2,0,0,8,0,0,0,0
3703_bedec607.jpg,Train,0,0,0,0,0,0,0,0,0,8,8,8,8,8,8,8,0,0,0,8,8,0,0,8,0,0,0,0,8,0,0,0,0,8,0,0,0,0,0,0,0,0,0,0,0,0,0,0,0,0,0,0,0,8,0,0,0,0,0,0,0,0,0,0
3704_1ff25916.jpg,Train,0,0,0,0,0,0,0,8,0,0,0,0,9,0,0,0,0,0,0,7,7,0,0,0,0,0,0,7,7,0,0,0,0,0,3,0,7,10,0,0,0,0,0,0,7,0,0,0,0,0,0,0,7,0,0,0,0,0,0,0,0,0,0,0
3705_779a7130.jpg,Train,0,0,0,0,0,0,0,0,9,9,9,0,9,0,0,0,0,9,9,2,9,0,0,0,6,9,9,0,9,9,0,0,0,9,7,0,9,9,0,0,0,9,7,8,9,9,9,0,0,0,7,0,9,9,9,0,0,0,0,0,0,0,0,0
3706_43f7a53e.jpg,Train,8,8,8,8,8,8,0,8,8,8,8,8,8,0,9,0,0,0,0,0,0,0,0,0,0,0,0,8,0,0,0,0,0,0,0,0,0,0,0,0,8,0,0,0,0,0,8,0,2,2,0,10,0,0,8,0,0,0,0,10,0,8,8,0
3707_c17663f7.jpg,Test,0,0,0,0,7,0,0,0,0,0,0,0,0,0,0,0,0,0,3,0,0,0,0,0,0,0,0,7,0,0,0,0,0,0,0,0,7,7,0,8,0,0,0,7,0,7,0,8,0,0,2,7,8,0,6,0,0,0,0,0,0,0,0,0
3708_fda5560e.jpg,Test,0,0,0,0,0,0,0,0,0,0,8,0,0,0,0,0,0,9,3,0,0,0,0,0,0,6,9,9,0,0,0,0,2,0,9,9,3,0,0,0,0,2,9,9,0,0,0,0,2,2,0,9,0,0,0,0,0,0,0,9,0,0,0,0
3709_e45a8353.jpg,Test,0,0,0,0,0,0,0,0,0,0,0,0,0,0,9,9,7,0,0,7,10,0,7,7,0,0,4,7,10,0,7,0,9,0,0,7,7,6,0,6,7,10,0,7,7,6,0,0,7,0,0,7,7,0,7,0,7,7,0,7,7,0,0,7
3710_4ac19631.jpg,Train,0,0,0,0,0,0,0,0,0,0,0,0,0,0,0,0,0,1,9,0,0,0,0,0,0,9,9,0,0,0,0,0,0,9,9,0,0,0,0,0,0,0,7,9,0,0,0,0,0,9,9,9,0,0,0,0,10,7,0,0,0,0,0,0
3711_ef9594d7.jpg,Test,0,0,0,0,0,0,0,0,0,0,6,0,3,0,0,6,0,0,0,0,0,2,0,0,0,2,0,0,9,9,0,0,0,2,0,9,9,7,0,0,0,6,3,2,9,9,0,2,0,2,2,9,0,0,0,0,0,0,2,0,0,0,0,0
3712_039ceb20.jpg,Train,0,0,0,0,0,8,0,0,0,0,0,0,0,0,0,0,0,0,9,7,0,0,0,0,0,9,7,7,7,0,0,0,0,7,7,7,7,0,0,0,2,7,7,7,7,0,0,0,9,0,7,7,7,0,0,9,9,0,0,0,0,0,9,0
3713_4452d11c.jpg,Train,0,0,0,0,0,0,0,0,0,0,0,0,0,0,0,0,0,0,0,0,9,9,0,0,0,7,0,2,10,9,0,0,0,7,7,0,0,9,9,0,0,0,7,0,9,9,9,0,0,7,0,0,0,9,9,9,0,0,0,0,0,0,0,0
3714_98c4916b.jpg,Test,0,0,0,0,0,0,0,0,0,0,0,0,0,0,0,0,0,0,0,9,0,0,0,0,0,0,9,9,0,9,0,9,0,10,7,7,0,0,0,0,0,7,10,7,0,0,0,6,7,0,7,7,0,7,7,0,0,0,10,10,0,10,0,0
3715_5506a693.jpg,Train,0,0,0,0,0,0,0,0,0,0,0,9,0,0,0,0,0,0,0,9,0,0,0,2,0,0,0,9,0,0,0,0,0,0,0,9,0,0,6,0,0,0,0,9,9,0,0,0,0,2,0,9,9,0,2,2,0,0,0,0,0,0,0,0
3716_4e24e5c2.jpg,Test,0,0,10,0,0,0,0,0,7,0,0,0,0,0,0,0,0,0,0,8,0,0,0,0,0,0,0,0,2,8,0,0,8,8,0,0,8,0,0,10,8,0,0,0,0,0,0,0,0,2,0,0,0,0,0,0,10,0,0,0,0,0,0,0
3717_1908d708.jpg,Train,0,0,0,0,5,0,0,0,0,0,0,9,9,0,0,0,0,0,0,0,0,0,0,0,0,0,2,0,0,0,0,0,0,0,9,9,9,9,0,0,0,0,9,9,9,9,0,0,0,0,9,9,9,9,9,0,0,0,9,9,9,0,0,0
3718_a6ed4c70.jpg,Train,0,0,0,0,0,0,0,0,0,9,0,9,9,6,0,0,0,9,9,0,9,9,9,9,0,9,9,9,9,9,9,0,0,0,9,9,9,0,9,0,0,9,9,9,9,0,9,9,0,9,9,9,9,0,9,9,0,0,0,7,0,0,10,0
3719_08af8289.jpg,Train,0,0,0,0,0,0,0,0,0,0,0,0,8,8,0,0,2,0,2,0,7,0,2,0,0,0,0,0,7,0,0,0,0,0,0,0,7,0,0,8,0,0,0,7,7,0,0,0,0,0,0,0,7,0,0,0,0,0,0,0,0,0,0,0
3720_8378557a.jpg,Test,0,0,0,0,0,10,0,0,0,0,0,0,0,9,9,0,0,0,9,0,9,9,9,0,0,9,9,9,9,9,9,0,3,9,9,9,0,9,9,9,0,9,9,9,9,9,0,9,0,9,9,9,9,9,9,9,0,9,9,9,9,9,9,9
3721_bd457ea4.jpg,Train,0,0,0,0,0,0,0,0,0,9,0,0,0,0,0,0,2,9,9,0,0,0,0,0,0,0,9,0,0,0,0,0,2,0,9,9,0,0,0,0,2,0,9,9,0,0,0,0,0,9,9,9,0,0,0,0,0,2,0,0,0,0,0,0
3722_a32a330c.jpg,Test,0,0,0,0,0,0,0,0,0,0,0,0,9,0,0,0,0,0,0,0,0,0,0,0,0,0,0,0,9,0,0,0,0,9,8,0,9,9,2,0,0,9,9,0,0,9,0,0,0,0,0,0,0,0,0,0,0,0,0,0,0,0,0,0
3723_24135ca0.jpg,Train,0,0,0,0,0,0,0,0,0,4,0,2,0,0,0,0,0,0,0,3,8,8,0,0,0,0,0,0,0,8,8,0,0,0,0,0,8,4,8,0,0,0,0,8,0,8,0,0,8,0,4,8,8,2,0,0,8,8,0,8,2,0,0,7
3724_8de3a0ee.jpg,Train,0,0,7,0,0,0,0,8,7,7,0,7,0,0,0,2,0,0,0,0,0,0,0,7,0,9,7,7,0,0,0,10,10,7,7,0,0,10,10,10,0,8,9,2,0,4,0,10,8,8,0,2,0,4,0,0,0,0,2,7,0,4,4,0
3725_1ae6c586.jpg,Train,0,0,0,0,2,0,0,0,0,0,0,9,0,0,0,0,0,0,1,7,0,7,0,0,0,0,7,0,9,9,4,0,0,0,7,7,9,9,0,0,0,0,7,7,9,9,0,0,0,0,7,7,9,9,7,0,0,0,7,7,9,7,0,0
3726_c107b7a9.jpg,Train,0,0,0,0,0,0,0,0,0,0,0,0,0,0,0,0,0,0,0,9,8,0,0,0,0,0,0,9,9,0,0,0,0,0,0,9,9,0,0,0,0,0,0,8,9,0,0,0,0,0,0,9,9,6,6,0,0,0,0,0,9,0,0,0
3727_e17a1219.jpg,Train,0,0,0,0,0,8,0,0,2,6,0,0,0,8,9,0,0,0,0,0,9,9,2,0,0,0,9,0,2,9,3,0,0,0,9,0,9,9,9,0,0,0,9,9,9,9,9,0,0,0,9,9,9,9,9,2,0,0,9,9,9,9,9,0
3728_6b271a73.jpg,Test,0,0,0,0,0,0,0,0,0,0,0,0,0,0,0,8,2,0,0,0,0,0,0,0,8,0,0,0,0,0,0,0,8,4,8,8,10,0,0,0,8,8,0,0,8,0,0,0,0,9,8,0,9,7,0,2,7,0,0,8,8,0,4,0
3729_bd455d69.jpg,Test,0,0,0,0,0,0,0,0,0,0,0,0,0,0,0,0,0,0,9,0,0,0,0,0,0,0,0,0,7,0,0,0,0,0,0,7,7,0,0,0,0,0,0,0,0,0,0,0,0,6,0,0,0,6,0,6,0,0,0,0,0,0,0,0
3730_9742e896.jpg,Train,0,0,0,0,0,0,0,0,0,9,0,0,9,9,0,0,9,0,0,0,9,0,0,0,9,0,0,0,9,9,9,0,9,9,9,9,9,9,9,0,9,9,9,0,9,9,9,0,9,9,9,0,9,9,9,0,9,9,9,0,9,9,9,0
3731_6fa6d22f.jpg,Train,0,0,0,0,0,0,0,0,0,0,0,0,0,0,0,0,0,6,6,6,9,0,6,0,7,0,0,0,9,9,0,0,0,0,2,0,9,9,0,0,9,9,2,0,9,9,0,0,7,0,2,9,9,9,0,0,0,0,0,0,0,0,0,0
3732_a039c0f5.jpg,Train,0,0,0,0,0,0,0,0,0,0,0,0,9,0,0,0,0,0,9,9,9,0,0,0,0,0,9,9,9,0,0,0,0,0,9,9,9,0,0,0,0,0,0,9,9,0,0,0,0,0,0,9,9,0,0,0,0,0,0,0,0,0,0,0
3733_8814d624.jpg,Train,0,0,0,0,0,0,0,0,0,0,0,0,0,2,0,0,0,0,0,0,0,2,2,0,0,0,4,4,4,2,2,2,0,4,4,4,4,2,2,2,0,4,4,4,4,2,2,2,0,4,4,0,4,2,2,2,0,0,4,4,4,2,2,2
3734_d72c05b5.jpg,Test,4,4,4,4,4,0,0,0,4,0,4,0,0,4,8,0,0,0,0,0,4,4,0,0,6,2,2,2,0,0,4,4,6,2,0,4,0,4,4,4,6,2,0,4,4,0,4,4,0,0,0,0,4,4,4,0,0,0,0,4,4,4,0,0
3735_9d02604a.jpg,Test,4,0,0,0,0,0,0,9,10,0,0,0,0,10,8,0,0,0,0,0,8,0,0,0,0,0,0,2,2,0,7,0,0,7,0,2,9,0,0,0,0,7,8,0,9,9,0,0,8,2,8,0,0,7,0,0,0,8,8,0,8,2,0,0
3736_4f995ab9.jpg,Train,0,0,0,0,0,0,0,0,0,0,0,0,0,8,0,0,0,4,0,5,0,0,5,0,0,0,0,0,0,0,0,0,0,5,0,0,0,0,0,0,0,10,0,0,0,0,0,0,0,10,0,0,0,0,0,0,0,0,0,0,0,0,0,0
3737_a162d2a7.jpg,Train,0,0,0,0,0,0,0,0,0,0,0,4,0,0,0,0,0,0,4,4,0,0,0,0,0,0,0,4,0,0,0,0,0,0,4,4,0,0,0,0,0,0,4,8,4,0,0,0,0,0,4,0,4,0,0,0,0,0,0,0,0,0,0,0
3738_c78faccb.jpg,Train,0,0,0,0,0,0,0,0,0,0,0,0,0,0,0,0,0,2,2,9,9,0,0,0,0,0,2,2,0,4,0,0,0,0,2,2,4,4,0,0,0,2,6,2,4,4,0,0,0,2,2,2,4,4,0,0,0,0,0,6,0,0,0,0
3739_e25412e0.jpg,Train,0,0,0,0,0,0,0,0,0,0,0,0,0,0,0,0,0,0,2,2,0,0,0,0,0,0,2,2,0,4,0,0,0,0,2,0,0,4,4,0,0,0,2,0,0,4,4,0,0,0,2,0,4,4,4,0,0,0,0,0,0,0,0,0
3740_ff213f7b.jpg,Train,0,0,0,0,4,0,10,0,0,4,0,0,0,0,0,0,2,2,2,0,0,0,0,0,0,9,9,0,0,9,0,9,0,0,7,0,0,0,0,0,0,0,0,0,0,0,0,0,0,10,0,0,0,0,0,0,0,0,0,0,0,0,0,0
3741_6f75add6.jpg,Train,0,0,0,4,4,4,0,0,0,0,0,4,4,0,0,0,0,6,4,4,4,0,0,0,0,6,4,4,4,0,8,8,0,0,4,4,4,0,4,0,0,4,4,4,4,0,1,0,0,0,4,4,0,0,0,0,0,0,0,0,0,0,0,0
3742_82079deb.jpg,Train,0,0,0,0,0,0,0,0,0,0,0,0,0,0,0,0,0,0,0,0,0,0,0,0,0,0,0,4,0,2,0,0,0,0,0,4,2,2,0,0,0,0,4,4,2,2,0,0,0,0,4,4,0,2,0,0,0,0,4,0,0,0,0,0
3743_3438186c.jpg,Train,0,0,0,0,0,0,0,0,0,0,0,0,0,0,0,0,0,0,0,4,0,0,0,0,0,0,0,4,4,10,0,0,0,0,0,4,4,0,0,0,0,10,0,4,4,0,0,0,0,0,0,4,4,0,0,0,0,6,0,10,0,0,0,0
3744_15fec7bf.jpg,Train,0,0,0,0,0,0,0,0,0,0,0,2,0,0,0,0,0,0,0,2,0,0,0,0,0,0,2,2,0,0,0,0,0,0,2,2,0,0,0,0,0,0,2,2,0,0,0,0,0,0,2,2,0,0,0,0,0,0,0,0,2,0,0,0
3745_f37df099.jpg,Train,0,0,0,0,0,0,0,0,0,0,0,0,0,0,0,0,0,7,0,0,0,0,0,0,9,2,2,10,0,0,2,2,10,2,2,2,2,2,6,2,0,2,2,2,6,0,6,0,0,6,6,6,6,6,6,0,0,0,0,0,0,0,0,0
3746_2953abd9.jpg,Train,0,0,0,0,0,7,10,0,0,0,0,0,0,0,0,0,0,0,0,0,0,0,0,0,1,0,0,0,0,0,0,0,0,9,0,0,4,0,8,0,2,8,0,0,0,0,9,0,0,0,0,8,0,2,0,0,8,0,0,0,0,0,0,0
3747_026b556b.jpg,Train,0,0,0,0,0,0,0,0,0,0,0,6,0,2,0,0,0,0,2,2,2,2,0,0,0,0,2,2,2,2,0,0,0,0,2,0,2,2,0,0,0,0,2,5,2,2,0,0,0,0,2,2,2,0,0,0,0,0,2,2,2,2,0,0
3748_219ae2a2.jpg,Test,0,0,0,0,0,0,0,0,0,0,0,0,0,3,0,0,0,5,9,0,0,4,0,0,0,2,0,0,0,4,0,0,0,2,0,0,0,4,0,0,0,0,0,0,0,4,0,0,0,5,0,0,0,4,0,0,6,5,0,0,0,0,0,0
3749_9514dc01.jpg,Train,0,0,0,0,0,0,0,0,0,0,0,0,0,0,0,0,0,2,0,0,4,4,0,0,0,0,0,0,4,4,0,0,2,2,9,0,0,4,0,0,0,2,0,0,0,4,0,0,2,3,0,0,0,4,0,0,0,0,0,0,0,0,0,0
3750_3a66c629.jpg,Test,0,9,8,0,0,0,0,0,0,0,0,0,0,0,0,0,0,0,0,0,0,9,0,7,5,0,7,0,0,2,0,0,0,0,0,0,0,0,0,0,0,0,0,0,0,0,0,0,2,0,4,0,9,0,0,0,0,0,0,0,9,0,9,9
3751_da23ccbc.jpg,Test,8,0,0,0,4,0,0,0,0,0,6,4,4,8,0,0,0,6,0,0,0,0,0,0,0,6,2,0,2,2,0,0,6,2,2,2,2,2,0,0,0,0,0,2,2,2,0,0,8,8,6,2,4,0,0,0,8,8,2,0,0,8,8,1
3752_11395058.jpg,Train,0,0,0,0,0,0,0,0,4,0,0,0,0,0,0,0,4,4,4,2,0,2,4,4,4,4,4,2,7,2,4,4,4,4,4,2,0,2,4,4,4,4,4,0,0,2,4,4,4,4,4,2,0,5,4,4,4,4,4,2,0,5,4,0
3753_176f3108.jpg,Train,0,0,0,0,0,0,0,0,0,0,0,0,8,0,0,0,0,0,0,0,0,0,0,0,0,0,4,10,2,0,0,0,0,4,4,0,0,0,0,0,0,4,4,10,2,10,0,0,9,0,4,0,2,0,0,0,0,4,4,0,0,0,0,0
3754_3b145f6b.jpg,Test,0,0,0,0,0,0,0,0,0,0,0,0,0,0,0,0,0,0,0,0,0,0,0,0,0,0,4,4,0,0,0,0,0,0,4,4,0,0,0,0,0,0,0,4,0,0,0,0,6,0,4,4,0,0,0,0,0,0,0,0,0,0,0,0
3755_c4042b6d.jpg,Train,0,0,9,0,0,0,0,0,0,0,9,0,0,0,0,0,0,0,4,0,0,0,0,0,0,0,4,4,0,0,0,0,0,0,4,0,0,0,0,0,0,0,4,0,0,0,0,0,0,4,4,0,0,0,0,0,0,0,4,0,0,0,0,0
3756_dd4b8aba.jpg,Train,0,0,0,0,0,0,0,0,0,9,0,0,0,0,0,0,0,7,4,0,0,0,0,7,2,0,0,0,0,2,0,2,8,8,0,0,0,2,0,0,8,0,0,9,0,3,0,0,0,0,0,9,0,0,0,0,0,0,0,9,0,0,0,0
3757_f764d0be.jpg,Train,0,0,0,0,0,0,0,0,0,0,3,4,10,0,0,0,0,0,0,0,0,0,0,0,0,0,0,0,8,0,0,10,0,0,0,2,0,8,0,0,0,0,10,2,0,0,3,0,0,0,0,0,0,10,2,0,0,0,0,0,0,0,0,0
3758_ae141d73.jpg,Train,0,0,0,0,0,0,0,0,0,0,0,0,0,0,0,0,0,0,0,2,2,2,0,0,0,0,0,0,2,2,0,0,0,0,0,2,2,2,0,0,0,5,0,0,2,2,0,0,0,0,0,2,0,2,0,0,0,0,0,0,0,0,0,0
3759_06fa8a86.jpg,Test,0,0,0,0,0,0,0,0,0,0,0,0,0,9,0,0,0,0,0,0,0,0,0,0,0,0,0,0,8,2,0,0,0,0,0,0,0,2,0,0,0,0,0,0,0,2,6,0,0,0,0,0,0,0,6,0,0,0,0,0,2,0,0,0
3760_81375a1f.jpg,Train,0,0,0,0,0,0,0,0,0,0,0,0,0,0,0,0,0,0,2,0,0,0,0,0,0,0,2,2,0,0,0,0,0,0,0,2,0,0,0,0,0,0,2,2,0,0,0,0,0,0,6,2,0,0,0,0,0,0,0,0,0,0,0,0
3761_f48987b5.jpg,Test,0,0,0,0,0,0,0,4,0,0,0,0,0,0,0,4,8,2,0,2,2,2,0,0,0,2,0,2,2,2,8,0,0,2,0,6,2,8,8,0,0,8,0,0,0,0,0,0,0,0,0,0,0,0,0,0,0,0,0,0,0,0,0,0
3762_7fb7b392.jpg,Train,0,0,0,0,0,0,0,0,0,0,0,0,4,0,0,0,0,6,1,0,3,3,0,0,0,3,0,0,3,3,0,0,0,0,0,0,0,0,0,0,0,0,0,0,0,0,0,0,0,0,0,0,8,0,0,0,0,10,0,0,0,0,0,0
3763_0720fc32.jpg,Train,0,0,0,0,0,0,0,0,0,0,0,0,0,0,0,0,0,0,0,0,0,0,0,0,0,0,0,0,0,5,0,0,0,0,0,0,0,0,0,0,0,0,2,0,0,0,0,0,0,0,2,0,3,0,10,10,0,2,2,10,10,0,10,10
3764_e98c6a0b.jpg,Train,0,0,0,0,0,0,0,0,0,0,0,0,0,0,0,0,0,2,0,0,0,0,0,0,0,2,2,2,2,2,0,0,0,2,2,2,2,2,2,0,0,2,2,2,0,2,2,0,0,2,0,2,0,2,2,0,0,9,2,2,0,6,2,0
3765_5bb006ee.jpg,Test,0,0,0,0,0,0,0,0,0,0,0,0,10,0,10,0,7,0,0,0,2,2,0,0,0,8,0,0,0,2,9,3,0,0,0,0,0,6,0,0,1,0,0,0,0,6,0,0,0,0,0,0,0,0,0,0,0,0,0,0,0,0,10,10
3766_0e00a923.jpg,Train,0,0,0,0,0,0,0,0,0,0,0,10,0,0,0,0,0,2,10,2,10,0,2,2,0,0,7,2,0,2,2,2,0,2,2,2,0,2,0,2,0,2,2,2,0,2,2,2,0,2,2,2,0,2,0,9,0,0,0,0,0,0,0,0
3767_bc0e24f8.jpg,Test,0,0,0,0,0,0,0,0,0,0,0,0,0,0,0,0,0,0,0,10,10,0,0,0,0,0,0,10,10,0,0,0,0,0,7,2,0,2,0,0,0,0,10,10,0,2,0,0,0,0,6,2,0,2,0,0,0,0,6,2,2,0,0,0
3768_4818c5a7.jpg,Test,0,0,0,0,0,0,0,0,2,0,2,0,10,0,0,0,0,7,2,2,2,0,0,2,0,2,2,2,0,2,2,2,0,0,2,2,2,0,2,0,0,0,1,2,0,1,1,0,0,0,0,0,1,1,0,1,0,0,1,1,0,0,0,0
3769_fe61a28a.jpg,Test,0,0,0,0,0,0,0,0,0,0,0,9,5,0,0,0,0,0,0,0,2,0,0,0,0,0,0,0,6,2,0,0,0,0,0,0,6,0,0,0,0,0,0,6,2,0,0,0,0,0,0,6,5,6,0,0,0,0,0,0,0,0,0,0
3770_9edf91e5.jpg,Train,0,0,0,0,0,0,0,0,0,0,0,0,0,0,0,0,0,0,0,0,2,0,0,0,0,0,0,2,2,2,0,3,0,0,0,2,6,0,0,0,0,0,0,2,0,0,0,0,6,0,0,2,0,0,0,0,0,0,0,2,0,0,0,0
3771_d05919a5.jpg,Train,0,0,0,10,0,0,0,0,0,0,0,5,0,0,0,0,0,5,0,0,5,0,0,4,0,0,4,3,0,0,0,0,0,0,2,6,2,0,3,0,0,0,0,0,0,0,0,4,9,0,0,0,0,0,3,0,0,10,0,5,5,3,0,8
3772_54af77b7.jpg,Train,0,0,0,0,0,0,0,0,0,0,0,0,0,0,0,0,0,0,0,0,0,0,0,0,0,0,4,4,10,0,10,0,10,0,0,0,0,0,0,0,0,0,0,10,0,0,0,0,0,0,0,0,0,0,0,0,0,0,0,0,0,0,0,0
3773_8bb85671.jpg,Train,0,0,0,0,0,0,0,0,0,0,0,10,0,0,0,0,0,0,2,2,0,0,0,0,0,0,2,2,0,0,0,0,0,0,2,2,0,0,0,0,0,0,2,2,0,0,0,0,0,1,2,2,0,0,0,0,0,0,0,0,0,0,0,0
3774_c44b5822.jpg,Train,0,0,0,0,0,0,0,0,0,0,0,0,9,0,0,0,0,0,0,0,0,2,0,0,0,0,0,0,0,2,0,0,0,0,0,0,0,2,0,0,0,0,0,0,0,2,0,0,0,0,0,0,0,2,2,0,0,0,0,0,0,0,2,0
3775_963195bf.jpg,Test,0,0,0,0,0,0,0,9,8,0,1,0,0,0,0,0,7,7,1,0,0,2,2,0,0,7,0,4,0,2,2,0,7,7,0,0,0,6,6,0,0,7,0,0,0,0,2,0,0,0,0,0,0,0,2,0,0,10,0,0,0,0,2,6
3776_2a2fed44.jpg,Train,0,6,0,0,10,0,0,0,0,0,0,0,0,0,0,0,0,0,0,5,0,0,0,0,0,0,0,0,0,0,0,7,0,0,0,0,2,2,0,0,0,0,10,0,2,2,0,0,0,0,2,2,0,3,0,0,0,0,0,0,0,0,0,0
3777_03629d05.jpg,Test,0,0,0,0,0,0,0,0,0,0,0,0,0,0,0,0,0,0,0,0,0,0,0,0,0,0,4,4,0,0,0,0,0,0,4,4,0,0,0,0,0,0,4,4,0,0,0,0,0,0,0,0,0,0,0,0,6,0,0,0,0,0,0,0
3778_1c11eed4.jpg,Train,0,0,0,0,0,0,0,0,0,0,0,0,9,0,0,0,0,0,0,0,2,2,0,0,0,0,0,4,2,2,0,0,0,0,0,4,2,6,0,0,0,0,4,4,4,2,0,0,0,0,0,4,4,2,0,0,0,0,10,0,0,4,0,0
3779_710f1cbd.jpg,Train,0,0,0,0,0,0,0,0,0,0,0,0,0,0,0,0,0,0,0,0,0,0,0,0,0,0,0,0,0,0,3,0,0,0,0,0,0,0,0,0,0,0,0,0,0,0,0,0,0,0,0,1,0,0,0,0,0,0,0,1,0,0,0,0
3780_1cb35242.jpg,Train,0,0,0,0,0,0,0,0,0,0,0,0,0,0,0,0,0,0,2,2,2,2,0,0,0,2,2,2,2,2,2,0,2,2,2,2,2,2,2,0,0,2,2,2,2,2,2,0,0,2,2,0,2,2,2,0,9,0,2,2,2,2,2,0
3781_5b7df12e.jpg,Train,0,0,0,0,0,0,0,0,0,0,0,4,0,0,0,0,0,0,4,4,0,0,0,0,0,0,4,4,4,0,0,0,0,0,4,4,4,0,0,0,0,0,4,4,4,0,0,0,0,0,4,4,4,0,0,0,0,5,0,0,4,0,0,7
3782_0f9dadd6.jpg,Train,0,0,0,0,0,0,0,0,0,0,0,0,0,0,0,0,0,0,0,0,0,0,0,0,0,0,2,2,0,0,0,0,0,0,0,2,0,2,0,0,0,10,10,2,0,2,0,0,0,0,0,2,0,2,0,0,0,0,0,0,0,0,0,0
3783_93d38269.jpg,Test,0,0,0,0,0,0,0,0,0,0,0,0,0,0,0,0,0,0,0,0,0,0,0,0,0,0,4,0,2,0,0,0,0,0,4,0,2,0,0,0,0,0,0,3,5,0,0,0,0,0,4,4,0,0,0,0,0,0,0,0,0,0,0,0
3784_3770d4f6.jpg,Train,0,0,0,0,6,0,0,0,0,4,0,0,0,0,0,0,0,0,0,0,0,6,0,4,0,0,2,2,2,2,0,0,0,0,2,2,2,2,6,0,0,0,9,2,2,2,0,0,0,0,0,2,2,0,0,0,0,7,10,0,0,10,0,0
3785_3d5731e0.jpg,Train,0,0,0,0,0,0,0,0,0,0,0,0,0,0,0,0,0,0,7,0,4,4,4,8,0,0,0,7,4,4,4,0,0,0,0,0,4,4,0,0,0,0,0,0,0,0,4,0,0,0,0,0,6,4,4,0,0,0,0,0,0,4,4,0
3786_4070063d.jpg,Train,0,0,0,0,0,0,0,0,0,9,4,9,9,0,0,0,0,4,4,0,9,9,0,0,0,0,4,4,0,0,0,0,0,0,4,4,0,0,0,0,0,0,4,4,4,0,0,0,6,4,9,4,4,0,0,0,0,7,0,0,0,0,0,0
3787_244649c1.jpg,Train,0,0,0,0,0,0,0,0,0,0,0,10,0,0,0,0,0,0,0,2,0,0,0,0,0,0,0,2,2,0,0,0,0,0,0,2,2,2,0,0,0,0,0,0,2,0,0,0,1,0,0,2,2,0,0,0,0,0,0,0,0,0,0,0
3788_f49424e3.jpg,Train,0,0,0,0,0,0,0,0,0,0,0,0,0,0,0,0,0,0,0,0,0,0,0,0,0,2,2,7,7,2,2,0,7,2,2,2,2,0,6,7,0,2,2,0,6,6,6,0,6,6,6,0,6,0,0,0,0,0,3,0,0,0,0,0
3789_d2705413.jpg,Train,0,0,0,0,0,0,0,0,0,0,0,0,10,0,0,0,0,0,4,0,10,0,0,0,0,0,4,4,3,4,0,0,0,0,4,4,4,4,0,0,0,0,4,4,4,4,0,0,0,0,4,4,4,4,0,0,0,0,4,4,4,4,0,0
3790_37d43eac.jpg,Train,0,0,0,0,0,0,0,0,0,0,0,0,3,0,0,0,0,0,0,4,4,0,0,0,0,0,0,0,4,0,0,0,0,0,0,0,4,0,0,0,0,0,0,0,4,0,0,0,0,0,0,4,4,0,0,0,0,0,6,0,0,0,0,0
3791_0980f5c4.jpg,Train,3,0,0,0,0,0,0,0,0,0,0,0,0,0,0,0,0,0,0,0,0,0,0,0,0,0,0,0,0,0,0,0,0,0,0,0,4,0,0,0,0,0,0,5,0,0,0,0,0,1,0,0,0,0,1,0,0,0,0,0,1,1,0,0
3792_fafaf66e.jpg,Train,0,0,0,0,0,0,0,0,0,0,0,2,0,4,4,0,0,0,2,2,0,4,4,0,0,2,2,2,0,4,4,4,0,2,2,2,0,4,4,4,0,0,5,2,0,4,4,4,0,0,2,2,0,4,4,4,0,0,0,0,0,0,0,0
3793_236d796b.jpg,Train,0,8,8,0,0,0,0,0,0,0,0,4,0,0,0,0,6,0,4,4,4,6,6,0,0,6,4,4,4,6,6,8,0,0,4,4,4,0,0,4,0,6,0,4,4,0,0,4,0,0,0,4,1,1,1,0,0,4,4,0,0,0,0,0
3794_283be5af.jpg,Train,0,0,0,0,0,0,0,0,0,0,0,0,0,9,6,0,0,0,0,2,2,0,0,0,0,0,2,2,2,0,0,0,10,0,0,2,2,0,0,0,0,0,2,2,2,0,0,0,0,0,0,2,5,0,0,0,0,0,0,2,2,0,0,0
3795_fd4a881f.jpg,Train,10,0,0,0,0,8,0,0,0,5,0,0,0,0,0,0,0,0,5,0,8,0,0,0,0,0,0,0,0,0,0,0,0,2,9,0,10,0,9,9,5,9,9,0,0,0,7,0,0,0,9,0,0,0,0,0,0,0,0,0,0,0,0,0
3796_c5a33477.jpg,Train,0,0,0,0,4,8,4,4,0,0,0,0,0,0,0,0,0,0,0,0,0,0,0,0,5,0,0,0,0,0,0,0,5,9,0,0,0,0,0,2,0,5,4,4,5,10,0,0,0,5,5,0,0,0,0,2,0,0,0,0,0,0,0,0
3797_0af1f3d9.jpg,Test,0,0,10,0,0,0,0,0,0,5,2,0,0,0,0,0,0,10,2,2,0,0,0,0,0,0,6,0,0,0,0,0,0,6,2,2,5,2,0,0,0,0,0,0,6,2,0,0,6,0,0,0,6,0,0,0,0,0,0,0,0,0,0,0
3798_f84b492b.jpg,Train,0,0,0,0,0,0,0,0,0,0,0,0,0,0,0,0,0,0,0,4,0,0,0,0,0,0,4,4,0,0,0,0,0,4,4,0,0,0,0,0,0,4,4,0,0,0,0,0,0,0,4,0,0,0,0,0,0,0,0,0,0,0,0,0
3799_1e399287.jpg,Train,0,0,0,0,0,0,0,0,0,0,0,0,0,0,0,0,0,0,4,4,9,0,0,0,0,0,4,4,4,4,0,0,0,0,4,4,4,4,0,0,0,0,4,4,4,4,0,0,0,0,4,4,4,4,4,0,0,0,4,4,4,4,0,0
3800_26b1514c.jpg,Train,0,0,0,0,0,0,0,0,0,0,0,0,0,0,0,0,0,0,0,0,2,0,0,0,0,4,0,2,2,9,9,0,4,4,0,2,2,0,0,0,4,4,4,2,2,0,0,0,4,4,4,2,2,2,0,0,4,0,0,0,0,0,0,0
3801_a8d589f9.jpg,Train,0,0,0,0,0,0,0,0,0,0,0,0,0,0,0,0,0,0,0,0,0,0,0,0,0,0,0,0,0,3,2,9,0,0,8,2,2,2,2,0,0,0,0,9,0,0,0,0,0,0,0,9,10,0,0,0,8,0,8,8,8,0,0,8
3802_b9850058.jpg,Train,0,0,0,0,0,0,0,0,0,0,4,4,0,5,0,0,0,0,0,4,0,0,0,0,0,0,0,4,0,0,0,0,0,0,0,4,0,4,0,0,0,0,0,4,0,4,0,0,0,0,0,4,0,4,0,0,0,6,0,0,0,2,0,0
3803_c2501dc7.jpg,Train,0,0,0,0,0,0,0,0,0,0,0,0,0,0,0,0,0,0,0,0,0,0,0,0,0,0,0,0,0,0,0,0,0,4,0,0,0,4,0,0,0,0,0,0,0,0,0,0,0,0,0,0,0,0,0,0,0,0,0,0,0,0,0,0
3804_4798bb6e.jpg,Train,0,0,0,0,0,0,0,0,0,0,0,0,2,0,0,0,0,0,0,2,2,0,0,0,0,0,0,2,2,0,0,0,0,0,4,2,2,4,0,0,0,0,4,2,2,0,0,0,0,0,4,0,2,0,0,0,0,0,0,0,0,0,0,0
3805_46b434fc.jpg,Test,0,0,0,0,0,0,0,0,0,0,0,0,0,0,0,0,0,0,0,0,4,0,0,0,0,0,0,0,4,4,0,0,0,10,0,0,4,4,0,0,0,0,0,0,4,4,0,0,0,6,0,0,0,0,0,0,0,0,0,0,0,0,0,0
3806_aa4c9c9b.jpg,Train,0,0,0,0,0,0,0,0,0,0,0,0,0,0,0,0,0,0,4,0,0,0,0,0,0,0,0,0,4,0,0,0,0,0,0,0,0,0,10,0,0,7,4,0,0,0,10,0,7,0,7,0,0,0,1,0,0,0,0,0,0,0,0,0
3807_3b107d5d.jpg,Train,0,0,0,0,0,0,0,0,0,0,0,3,3,3,0,0,0,0,3,3,0,2,0,0,0,0,2,0,0,2,0,0,0,3,2,0,0,2,0,0,0,0,2,0,3,6,0,0,0,2,2,0,0,2,0,0,0,0,2,3,0,2,0,0
3808_1df2186a.jpg,Train,0,0,0,0,0,0,0,0,0,0,0,0,0,0,0,0,0,0,2,2,0,0,0,4,0,0,2,2,0,0,0,4,0,0,0,2,0,0,3,4,0,0,2,2,0,0,0,4,0,0,2,10,0,0,0,4,0,0,10,0,0,0,0,4
3809_3e8dcb89.jpg,Train,0,0,0,0,0,0,0,0,0,0,0,0,0,0,0,0,0,0,0,0,0,2,0,0,0,0,0,0,2,2,0,0,0,0,0,0,2,2,0,0,0,0,0,10,2,2,0,0,0,0,0,6,2,2,0,0,0,0,0,0,0,0,0,0
3810_348aaf99.jpg,Test,0,0,0,0,0,0,0,0,0,0,0,0,0,0,0,0,0,0,0,0,2,0,2,0,0,0,7,8,0,0,2,0,0,0,0,2,0,0,2,0,0,0,0,0,0,0,0,0,0,0,0,3,2,0,0,0,0,0,0,0,0,0,0,0
3811_ec50c44b.jpg,Test,0,0,0,0,0,8,0,0,0,0,0,0,0,0,8,0,8,4,0,0,0,0,4,0,0,0,0,0,8,8,0,8,0,0,0,4,0,10,0,0,0,0,0,0,0,8,8,0,9,0,0,0,0,8,8,0,0,0,0,0,5,5,5,0
3812_dcdc342e.jpg,Train,0,0,0,0,0,0,0,0,0,0,0,0,0,0,0,0,0,0,2,2,0,0,0,0,0,0,2,2,0,0,0,0,0,0,2,2,0,0,0,0,0,2,2,2,0,0,0,0,0,2,0,2,0,0,0,6,0,0,0,0,0,0,0,0
3813_181805a8.jpg,Test,0,0,0,0,0,0,0,0,0,0,0,0,0,0,0,0,0,0,0,0,0,0,0,0,0,0,0,0,0,0,0,0,0,0,0,0,5,0,0,0,0,0,0,0,3,0,0,0,0,0,0,0,0,10,0,0,0,0,0,0,0,0,0,0
3814_dbf93078.jpg,Test,0,0,0,0,6,0,0,0,0,0,0,0,0,6,0,0,0,0,0,0,0,7,0,0,0,0,0,0,7,0,0,4,0,0,7,7,7,10,0,7,0,7,2,2,7,7,6,0,0,7,7,7,7,7,6,0,0,0,7,7,7,7,6,0
3815_52c1c32e.jpg,Test,0,0,0,0,0,0,0,0,0,0,0,0,0,0,0,0,0,0,0,0,0,0,0,0,0,0,0,0,0,0,0,0,0,0,0,0,0,0,0,0,0,0,0,0,0,0,0,0,0,0,0,0,0,0,0,0,0,0,0,0,0,0,0,0
3816_2fb9548a.jpg,Test,0,0,0,0,0,0,0,0,0,0,0,0,0,0,0,0,0,0,0,3,0,2,9,0,0,4,4,0,0,2,9,0,0,4,4,0,0,2,2,0,0,4,4,0,0,2,0,0,4,4,4,0,0,3,0,0,0,0,0,0,0,2,0,0
3817_518ebf7c.jpg,Train,0,0,0,0,0,0,0,0,0,0,0,3,0,0,0,0,0,0,0,4,4,0,0,0,0,0,0,4,4,0,0,0,0,0,0,4,4,0,0,0,0,0,0,4,4,0,0,0,0,0,0,4,4,0,0,0,0,0,0,0,4,0,0,0
3818_712bdcff.jpg,Test,0,0,0,0,9,0,0,0,1,0,0,1,0,8,9,0,0,0,0,0,0,2,7,7,0,0,0,0,0,2,7,7,0,0,0,0,2,2,7,7,7,0,0,0,0,2,0,7,7,0,0,0,2,2,2,0,0,0,0,0,0,0,0,2
3819_f3b5ce41.jpg,Train,0,0,0,0,0,0,0,0,0,0,0,0,0,0,0,0,0,2,0,4,2,4,0,4,0,0,2,4,2,4,7,4,0,2,2,4,2,4,0,4,0,2,2,4,2,4,0,4,5,5,0,4,4,0,0,0,5,0,0,0,0,0,0,0
3820_c252dc15.jpg,Train,0,0,0,0,0,0,0,0,0,0,0,0,0,9,0,0,0,0,0,4,4,4,0,0,0,0,4,4,4,4,0,0,0,0,4,4,0,4,0,0,0,4,4,0,4,4,0,0,0,0,4,0,4,4,0,0,0,0,0,0,4,0,0,0
3821_518db497.jpg,Train,0,0,0,0,0,0,0,0,0,0,0,0,0,0,0,0,0,0,0,0,0,0,0,0,0,0,0,0,4,4,0,0,0,0,2,0,4,0,0,0,0,0,2,10,4,0,0,0,0,0,2,0,4,0,0,0,0,0,0,0,0,0,0,0
3822_51523936.jpg,Train,0,0,0,0,4,0,0,0,0,0,0,0,2,8,0,0,6,2,2,0,0,0,0,9,2,2,0,0,2,0,1,0,8,2,2,2,2,6,2,2,0,2,6,2,0,6,6,0,6,2,6,2,0,5,5,0,0,2,6,0,0,0,0,0
3823_acb0467c.jpg,Test,0,0,0,0,0,0,0,0,0,0,0,0,0,0,0,0,0,0,0,0,6,0,0,0,0,0,0,10,0,0,0,0,0,0,9,2,0,7,0,0,0,0,9,0,7,7,0,0,0,0,0,2,2,2,0,0,0,0,0,2,2,6,9,0
3824_bba0f807.jpg,Train,0,0,0,0,0,0,0,0,0,0,0,0,0,0,0,0,0,2,2,2,0,0,0,0,0,2,2,2,0,2,2,0,0,0,2,2,0,2,2,0,0,2,2,2,0,2,2,0,0,2,2,2,0,2,2,0,0,2,0,0,0,0,0,0
3825_e16e22a9.jpg,Train,0,0,0,0,0,0,0,0,0,0,7,0,0,0,0,0,8,7,7,0,0,0,2,0,0,7,7,7,0,2,2,0,0,0,7,7,0,2,2,0,0,0,0,0,0,2,2,0,0,0,0,0,0,2,2,4,0,0,0,0,2,0,2,4
3826_bd0d2394.jpg,Train,0,0,0,0,0,0,0,8,0,0,2,2,2,2,0,0,0,2,0,2,0,0,5,2,0,7,2,2,2,2,6,2,0,2,2,2,2,2,8,2,0,2,2,2,2,2,0,0,0,2,2,2,2,0,0,0,0,0,0,0,0,0,0,0
3827_0fc194f4.jpg,Train,0,0,0,0,0,0,0,0,0,0,0,0,0,0,0,10,0,0,2,2,0,0,0,0,0,2,2,2,0,0,0,0,0,0,2,2,0,0,0,0,0,0,2,2,0,0,0,0,0,0,2,2,2,0,0,0,0,0,0,0,0,0,0,0
3828_05d1a630.jpg,Test,0,0,0,0,0,0,0,0,0,0,0,0,0,0,2,0,0,0,0,0,0,0,0,3,0,0,0,0,0,0,0,4,0,0,0,0,5,2,0,4,0,0,0,0,0,2,0,4,0,0,0,0,0,5,1,4,0,0,0,0,0,0,0,0
3829_f71e87cc.jpg,Test,0,0,0,0,0,0,0,0,0,0,0,0,0,0,0,0,3,0,0,0,0,0,0,0,0,0,3,1,0,0,0,0,0,0,3,10,0,10,0,0,0,0,10,10,0,0,0,0,0,0,10,0,0,0,0,0,0,0,0,0,0,0,0,0
3830_0dae3469.jpg,Train,0,0,0,0,0,0,0,0,0,0,0,0,0,0,0,0,0,0,0,10,0,0,0,0,0,0,0,4,0,0,4,10,0,0,0,0,0,0,10,10,0,0,0,0,0,0,0,0,0,0,0,0,0,0,0,0,0,0,0,0,0,0,0,0
3831_676ff906.jpg,Train,0,0,0,0,0,0,0,0,0,0,0,0,0,0,0,0,0,4,4,0,0,4,4,0,4,4,4,4,4,4,4,0,4,4,4,0,0,4,4,0,4,4,4,0,0,4,4,0,4,4,4,0,0,4,4,0,4,4,4,0,0,4,4,0
3832_85225cc2.jpg,Train,0,0,0,0,0,0,0,0,0,0,0,0,0,0,0,0,0,0,0,0,0,10,0,8,0,0,2,6,0,2,0,0,0,0,0,6,0,2,0,0,0,0,0,0,0,2,0,0,0,6,0,5,3,0,0,3,0,10,0,3,0,0,0,0
3833_e4a51990.jpg,Train,0,0,0,0,9,0,0,0,0,0,0,0,9,0,0,0,0,0,4,2,2,0,0,0,0,4,4,2,2,0,0,0,0,4,4,0,2,0,0,0,0,4,0,2,2,0,0,0,0,4,4,2,2,2,0,0,0,4,4,2,0,0,0,0
3834_1ea2975f.jpg,Train,0,0,0,0,0,0,0,0,0,0,0,2,2,0,0,0,0,0,2,2,0,0,0,0,0,0,2,2,2,0,0,0,0,0,2,2,2,0,0,0,0,0,2,2,2,0,0,0,6,0,2,2,0,0,2,0,0,0,0,0,0,0,0,0
3835_b52bb537.jpg,Train,0,0,0,0,0,0,4,0,0,0,0,0,0,0,0,0,0,0,0,0,0,0,0,5,0,0,0,0,0,5,0,0,2,0,0,0,0,0,0,2,0,0,2,2,0,0,0,2,0,0,0,2,2,2,5,2,6,0,6,6,0,0,2,0
3836_65b93594.jpg,Train,0,0,0,0,0,0,0,0,0,0,6,0,0,0,0,0,0,0,0,0,0,0,0,0,0,0,0,0,0,0,10,0,10,0,0,0,0,0,0,0,3,0,0,6,10,0,0,0,0,0,0,0,0,0,0,0,0,0,7,0,0,0,0,0
3837_713ba28f.jpg,Train,0,0,0,0,0,0,0,0,0,0,0,0,0,0,0,0,5,2,2,0,0,2,4,4,0,2,2,0,0,2,4,0,10,2,2,0,0,2,4,0,0,2,2,0,0,2,4,0,0,0,0,0,0,0,4,4,0,0,0,0,0,0,4,0
3838_09477e8c.jpg,Train,0,0,0,0,0,0,0,0,0,0,0,0,0,0,9,9,0,0,0,0,0,0,0,5,0,9,7,8,0,7,0,0,7,0,7,0,0,0,0,0,0,10,0,10,0,0,0,0,0,0,0,0,0,0,0,0,0,0,0,0,0,0,0,0
3839_d7400b03.jpg,Train,0,0,6,0,0,0,0,0,0,0,0,0,0,0,0,0,0,0,2,2,0,0,0,0,0,2,2,2,0,2,0,0,0,3,2,0,0,2,0,0,10,2,2,0,0,6,0,0,0,0,2,0,0,2,0,0,0,0,0,0,0,0,0,0
3840_d3f57ffc.jpg,Train,0,0,0,0,0,0,0,0,0,0,0,0,0,0,0,0,0,0,0,0,2,0,0,0,0,0,0,2,0,2,0,0,0,0,10,2,0,2,0,0,0,0,0,2,2,2,0,0,0,0,0,2,2,2,0,0,0,0,0,0,0,0,0,0
3841_e694be36.jpg,Test,0,0,0,0,0,0,0,0,0,0,0,0,0,0,0,0,0,0,0,0,0,0,0,0,0,0,0,9,0,9,0,0,0,0,4,4,0,0,0,0,0,0,4,4,2,6,0,0,0,0,4,4,5,0,0,0,0,0,0,0,0,0,0,0
3842_3d6b5eb6.jpg,Train,0,0,0,0,0,0,0,0,0,0,0,0,0,0,0,0,0,4,4,4,0,0,0,0,0,4,4,0,0,0,0,0,0,4,4,0,0,0,0,0,0,4,4,0,0,0,0,0,0,0,4,0,0,0,0,0,0,4,4,0,0,0,0,0
3843_bd126d98.jpg,Test,0,0,0,0,0,0,0,0,0,0,0,0,0,0,0,0,10,0,10,0,10,0,0,0,0,0,4,0,0,0,0,0,0,0,4,0,0,2,0,0,0,4,4,0,0,5,0,0,9,7,0,0,0,0,0,0,0,0,4,0,0,0,0,0
3844_b6a6ac7b.jpg,Test,0,0,0,0,0,0,0,0,0,0,0,0,0,0,0,0,0,0,0,0,0,0,0,0,0,0,0,0,0,0,0,0,10,0,4,0,0,0,0,0,10,0,4,0,0,0,0,0,10,0,10,10,0,0,0,10,0,0,0,0,0,0,0,0
3845_75cfd0fe.jpg,Train,0,0,0,0,0,0,0,0,0,0,0,0,0,0,0,0,0,0,4,0,0,3,0,0,0,0,4,4,0,3,9,0,0,0,4,0,0,0,0,0,0,0,4,0,0,0,10,0,0,0,4,0,1,0,10,0,0,0,4,0,0,10,10,0
3846_f86fcf74.jpg,Train,0,0,0,0,0,0,0,0,0,0,0,0,0,0,0,0,0,0,0,0,0,0,0,0,0,0,0,0,4,0,0,0,0,0,0,0,0,0,9,0,0,0,0,0,0,0,0,0,0,0,0,0,0,0,0,0,0,0,0,0,0,0,0,0
3847_e337e6be.jpg,Train,0,0,0,0,0,0,0,0,0,0,0,0,0,0,0,0,0,0,0,0,0,0,0,0,0,0,4,4,10,0,0,0,10,0,0,0,0,10,0,0,0,0,0,0,0,0,0,0,0,0,0,0,0,0,0,0,0,0,0,0,0,0,0,0
3848_48ebe57e.jpg,Test,0,0,0,0,0,0,0,0,0,0,0,0,0,8,10,0,10,0,10,0,0,3,10,0,0,5,0,0,0,0,5,5,0,5,0,0,0,0,0,5,5,5,0,0,4,0,2,0,10,0,0,0,0,0,0,0,10,0,0,0,0,0,0,0
3849_632aaabc.jpg,Train,0,8,0,0,0,0,0,0,0,4,0,10,0,0,0,0,0,0,0,0,0,0,0,0,0,0,4,0,0,0,0,0,0,0,4,0,4,4,0,0,0,0,0,0,0,10,0,4,0,0,0,0,0,0,0,0,0,0,0,0,0,0,0,0
3850_80d0b2fd.jpg,Train,0,0,0,0,0,0,0,0,0,0,0,0,0,4,0,0,0,0,4,4,4,4,0,0,0,0,4,4,4,4,0,0,0,0,4,4,4,4,0,0,0,4,4,4,4,4,0,0,0,4,4,4,4,4,0,0,0,0,0,0,0,4,0,0
3851_5aa15ac8.jpg,Test,0,0,9,0,0,10,0,0,0,0,4,0,0,0,0,0,0,0,4,2,10,0,10,10,0,0,4,6,0,0,0,0,0,0,4,2,0,0,0,0,0,0,4,2,0,0,0,0,0,0,4,6,0,0,0,0,0,0,0,0,0,0,0,0
3852_247086e8.jpg,Train,0,0,0,0,0,0,0,0,0,0,0,0,0,0,0,0,0,0,4,0,4,2,2,0,0,4,4,4,4,2,2,0,0,4,0,0,4,4,6,0,0,4,0,0,4,4,2,0,0,4,0,0,4,0,2,0,0,0,0,0,0,0,0,0
3853_ea40a323.jpg,Train,0,0,0,0,0,0,0,0,0,0,0,0,0,0,0,0,0,0,2,0,4,0,0,0,0,0,2,4,4,2,0,0,0,0,2,4,0,2,0,0,0,2,2,4,4,2,0,0,0,2,4,4,4,2,0,0,0,0,0,0,0,0,0,0
3854_ec14454e.jpg,Train,0,0,0,0,0,0,0,0,0,1,0,8,0,0,7,8,0,0,10,0,2,2,0,0,0,0,0,0,2,2,7,7,0,0,0,6,2,2,0,0,0,0,0,0,2,2,6,0,0,0,0,0,0,2,6,0,0,8,0,2,6,2,0,0
3855_efd27f85.jpg,Train,0,0,0,0,0,0,0,0,0,0,0,0,0,0,0,0,0,0,0,0,9,2,0,0,0,0,3,0,0,2,0,0,0,0,0,0,0,2,0,0,0,10,10,0,2,2,2,0,7,10,0,0,2,0,0,4,0,10,0,0,0,0,0,0
3856_d46bccd0.jpg,Test,0,0,0,0,4,0,0,0,0,2,0,0,0,0,10,0,10,7,0,2,0,7,0,0,0,0,2,2,0,2,0,2,7,7,7,0,7,7,7,0,10,7,2,0,0,2,0,0,9,7,0,0,6,6,0,0,2,7,0,0,6,6,6,0
3857_63f6c602.jpg,Train,0,0,0,0,0,0,0,0,0,0,1,0,1,1,0,0,0,0,1,1,0,0,0,0,0,1,1,1,1,1,1,0,0,1,1,1,1,1,1,0,0,1,1,1,1,1,1,0,0,1,1,1,1,1,1,0,0,1,1,1,1,1,0,0
4756_0a9183e7.jpg,Test,0,0,0,0,0,0,0,0,0,0,3,10,10,0,0,0,0,2,0,10,0,10,0,0,0,2,6,10,10,10,10,10,0,0,6,10,10,10,0,10,0,2,6,10,0,10,10,0,0,6,0,0,0,10,10,10,0,0,0,0,0,0,0,0
4757_fdfb8365.jpg,Test,7,7,7,7,0,0,0,0,7,7,10,7,7,10,10,0,10,0,0,10,0,0,0,0,0,0,10,7,0,0,0,0,0,0,0,10,0,10,0,0,7,0,0,0,7,10,0,0,0,0,0,0,0,10,0,0,0,0,0,0,10,0,0,9
4758_6ac5906c.jpg,Test,0,0,0,0,0,0,3,0,0,0,0,0,0,0,0,0,0,0,9,0,6,0,0,0,0,3,10,0,2,2,0,0,0,10,10,0,6,2,0,0,7,10,10,0,6,7,0,0,7,10,10,0,6,6,0,0,0,10,10,10,2,0,0,0
4759_08b0e83c.jpg,Train,0,10,10,0,0,0,0,0,0,10,10,0,2,0,2,0,0,10,10,0,2,0,0,0,0,10,10,0,0,0,2,0,0,10,10,0,2,2,2,2,0,10,10,0,2,2,2,2,0,10,10,0,2,2,2,2,0,0,0,0,2,2,2,0
4760_42059e21.jpg,Test,0,0,3,0,9,0,0,0,0,0,0,0,0,3,0,0,0,0,0,0,3,0,3,0,0,0,0,3,3,3,3,0,0,1,0,6,3,3,3,0,0,0,0,6,0,0,0,0,0,0,0,6,0,0,0,0,0,0,0,0,0,0,0,0
4795_d482f557.jpg,Test,0,0,0,0,0,0,0,0,0,0,0,0,0,0,0,0,0,0,0,0,0,0,0,0,0,0,0,0,0,0,0,0,0,0,3,0,0,0,0,0,0,0,3,0,0,0,0,0,0,0,3,0,0,0,0,0,0,0,0,0,0,0,0,0
4845_0485c731.jpg,Train,3,0,0,0,3,0,0,0,0,0,0,0,3,0,0,0,0,0,0,3,3,0,3,0,0,0,0,3,3,0,0,0,3,0,3,3,3,0,0,0,0,0,0,0,3,0,0,0,0,0,0,3,3,0,0,0,0,0,0,3,3,0,0,0
4859_56167c1f.jpg,Test,0,0,0,0,0,0,0,0,0,0,0,0,0,3,3,0,0,3,0,2,0,0,0,0,0,0,0,0,6,0,0,0,0,0,0,6,6,0,0,0,0,0,0,6,6,3,0,0,0,0,2,0,0,0,0,0,0,0,0,0,0,0,0,0
4892_aacf327c.jpg,Test,0,0,0,0,0,0,0,0,0,0,0,0,0,0,0,0,0,0,0,0,0,0,0,0,0,0,0,0,9,4,0,0,0,0,4,0,4,4,4,0,0,8,4,0,0,4,4,0,0,8,0,0,4,4,0,0,0,0,0,0,0,0,0,0
4896_64909a63.jpg,Test,0,0,0,0,0,0,0,0,0,0,0,0,0,0,9,0,0,0,3,9,0,0,0,0,0,0,0,0,0,0,0,0,0,0,0,5,0,0,0,8,0,0,10,10,0,0,7,0,0,0,0,10,0,0,7,0,0,0,10,0,0,0,0,0
4898_f6297877.jpg,Train,0,0,0,0,0,0,0,0,0,0,0,0,0,9,9,0,9,0,4,0,0,9,9,0,0,9,4,4,9,9,9,0,0,0,4,4,0,9,9,0,10,10,4,0,0,9,9,0,0,0,4,7,0,9,9,0,10,10,4,4,0,9,0,0
4899_55c858ac.jpg,Train,0,0,0,0,0,0,0,0,0,0,0,0,0,9,9,0,0,0,4,9,0,9,9,0,0,0,4,4,0,9,9,9,0,4,4,9,0,9,0,9,0,4,4,0,0,9,0,4,0,4,4,0,0,9,9,9,0,4,4,0,0,0,9,0
5051_66d2932a.jpg,Train,0,0,0,0,0,0,0,0,0,0,9,9,0,9,0,0,0,0,9,9,3,9,0,0,0,0,0,9,0,9,0,0,0,0,9,10,10,9,0,0,0,0,9,9,0,9,0,0,0,0,7,9,0,9,0,0,0,0,9,9,0,9,0,0
5054_9c7a0c9d.jpg,Train,0,0,0,0,0,8,0,0,0,4,4,4,4,4,0,0,0,4,4,4,4,4,4,4,0,4,4,4,4,4,0,0,0,4,4,4,4,4,0,0,0,4,4,4,4,0,0,0,0,4,4,4,4,4,0,0,0,0,0,4,0,4,0,0
5057_4e9adfa7.jpg,Train,0,0,0,0,0,0,0,0,0,0,0,0,0,0,0,0,0,0,0,0,0,0,0,0,0,0,0,0,8,0,0,0,0,0,0,8,8,0,0,0,0,0,0,8,8,0,0,0,0,0,0,8,8,0,1,0,0,0,0,8,8,0,0,0
5060_40a5dc4d.jpg,Test,0,0,0,0,0,0,0,0,0,0,0,0,0,0,0,0,0,0,1,1,0,0,0,0,0,0,1,1,0,0,1,0,0,8,1,1,0,4,0,8,0,8,1,0,0,0,4,0,0,0,1,0,0,0,0,0,0,0,0,0,0,0,0,0
5061_e17c475c.jpg,Train,8,0,8,8,0,0,0,0,0,0,8,8,8,8,0,0,0,8,8,8,8,8,0,0,0,8,8,8,8,8,0,0,4,8,8,8,8,8,0,1,4,0,8,8,8,4,0,0,0,8,8,8,8,0,0,0,0,0,8,0,8,0,0,0
5062_66361eeb.jpg,Test,0,0,0,0,0,0,0,0,0,0,0,0,0,0,0,0,0,0,0,0,8,0,0,0,0,0,0,0,8,0,0,0,0,0,5,2,8,8,0,0,0,0,0,0,0,8,0,0,0,0,0,0,1,8,0,0,0,0,0,0,0,0,0,0
5063_d1c8d795.jpg,Test,0,0,0,0,0,0,0,0,0,0,0,0,0,0,0,0,0,0,0,1,1,0,1,0,0,8,1,1,1,0,0,0,1,8,1,1,1,4,4,0,0,5,0,1,0,0,0,0,0,0,0,1,0,0,0,0,0,0,1,0,0,0,0,0
5064_081cf42c.jpg,Train,0,0,0,0,0,0,0,0,0,0,0,0,0,0,0,0,0,0,8,8,0,0,0,0,0,0,8,8,0,0,0,0,1,8,8,8,4,0,0,8,0,8,8,8,0,0,0,4,5,8,8,8,0,0,8,0,0,0,0,0,0,0,0,0
5065_b8671d9a.jpg,Test,0,0,0,8,0,0,0,0,0,0,0,8,0,0,0,0,0,0,0,8,0,0,0,0,0,0,0,1,0,0,0,0,0,0,0,1,0,0,0,0,0,0,0,1,1,0,0,0,0,0,0,1,1,6,6,0,0,0,0,1,1,0,0,0
5066_41ed0e4d.jpg,Test,0,5,0,0,0,0,0,0,0,8,8,0,0,1,1,0,0,8,8,8,8,8,0,0,0,8,8,0,2,0,1,0,0,8,8,0,0,0,1,0,8,8,0,0,0,1,1,0,0,8,0,0,0,0,1,0,0,8,0,0,0,0,1,0
5081_d16996b1.jpg,Train,0,0,0,0,0,0,0,0,0,0,0,0,0,0,0,0,0,1,1,1,0,0,0,0,0,1,1,1,0,0,0,0,0,1,1,1,0,0,0,0,0,1,1,1,0,0,0,0,7,1,1,1,0,0,4,4,0,0,1,0,0,0,0,0
5082_386b1709.jpg,Train,0,0,0,0,0,0,0,0,0,0,0,0,0,0,0,0,0,0,0,0,8,8,0,0,0,0,0,0,8,8,8,8,0,0,0,0,8,8,8,8,0,0,0,0,8,8,8,8,0,0,0,0,8,8,8,8,0,0,0,0,8,8,0,8
5096_61377ef5.jpg,Train,0,0,0,0,0,0,0,0,0,0,0,0,0,0,8,0,0,0,0,1,1,0,0,0,0,8,8,1,1,0,0,0,0,8,8,1,8,0,0,0,0,8,8,1,1,0,0,2,8,8,8,1,1,0,0,0,0,8,0,0,0,0,0,0
5130_03e6b02a.jpg,Train,0,0,0,0,0,0,8,0,0,0,8,8,1,8,8,8,0,0,8,0,1,1,8,8,0,0,8,1,1,0,8,8,0,0,5,1,1,1,0,8,0,0,0,1,1,1,0,8,0,8,1,1,1,0,8,8,0,0,0,1,1,0,0,0
5141_6940f7a0.jpg,Test,0,0,0,0,0,0,0,0,0,0,0,0,0,8,0,8,0,0,8,8,8,8,0,0,0,0,8,8,8,8,0,0,0,7,8,8,7,0,0,7,7,2,8,8,0,8,7,7,0,0,0,8,0,8,0,0,0,0,0,0,0,0,0,0
5153_ec17a4bb.jpg,Test,0,0,0,4,0,0,0,0,0,0,0,0,1,8,0,0,0,0,0,8,8,0,0,0,0,0,0,0,8,0,0,0,0,0,0,0,0,0,4,0,0,0,0,0,8,0,0,0,0,0,0,5,0,0,0,0,0,0,0,0,0,0,0,0
5285_c321b5c6.jpg,Train,0,0,5,5,5,0,0,0,0,0,5,0,0,0,0,0,0,0,5,0,5,0,0,0,0,0,5,5,5,0,0,0,0,0,5,5,5,0,0,0,0,0,5,0,5,0,0,7,0,0,5,0,5,0,8,0,0,0,0,0,5,0,0,0
5297_1173ab15.jpg,Test,0,0,0,0,0,0,0,0,0,0,0,0,0,0,0,0,0,7,7,0,7,7,0,0,0,7,7,0,0,7,0,0,0,7,7,0,10,7,0,0,0,0,0,0,7,7,0,0,0,0,7,0,0,0,0,0,0,0,0,0,0,0,0,0
5362_d64bb56a.jpg,Train,0,0,0,0,0,0,0,0,0,0,0,0,0,0,0,0,0,3,3,0,0,0,0,0,0,3,3,3,0,0,0,0,0,3,3,1,0,0,0,0,0,3,3,0,0,0,0,0,0,3,3,3,0,0,0,0,0,3,3,3,0,0,0,0
5363_86fe4c3c.jpg,Train,0,0,0,0,0,0,0,0,0,0,0,0,4,0,0,0,0,0,4,4,4,0,7,0,0,0,4,4,4,0,0,0,0,3,0,4,4,4,0,0,0,0,4,4,4,0,0,0,0,0,0,4,4,0,0,0,0,0,4,0,4,0,0,0
5364_ebe45f08.jpg,Train,0,0,0,0,0,0,0,0,0,0,0,0,0,0,0,0,0,0,0,0,0,0,0,0,0,0,0,0,0,0,0,10,0,0,0,0,0,0,0,0,0,0,7,0,0,0,0,0,0,0,0,0,0,0,0,0,0,0,0,0,0,0,0,0
5365_df858000.jpg,Train,0,0,0,0,0,0,0,0,0,0,0,3,0,3,0,0,3,0,3,3,3,3,0,0,0,0,0,3,3,3,0,0,0,0,3,3,3,3,0,0,0,0,0,3,3,3,0,0,0,0,9,3,3,3,0,0,0,0,0,0,0,0,0,0
1366_a4b2aafe.jpg,Test,0,4,0,0,0,8,8,0,0,0,0,0,0,0,0,9,7,0,0,8,0,0,0,8,8,0,3,0,0,0,0,0,8,0,0,8,0,8,8,0,0,0,0,8,8,8,0,0,0,0,0,0,0,8,0,0,0,0,0,0,0,0,8,0
1367_0a5848b3.jpg,Train,0,0,0,0,0,0,0,0,0,0,0,2,0,0,0,6,8,0,0,2,0,2,0,0,2,2,2,2,0,2,2,0,2,0,2,2,2,2,2,0,0,0,2,2,2,2,2,0,0,0,2,2,0,2,2,0,0,0,0,2,2,2,2,0
1368_812ffcae.jpg,Train,0,0,8,8,8,8,0,8,0,8,8,8,0,8,8,0,0,8,10,0,8,0,8,0,8,8,8,8,8,8,8,0,8,8,8,8,8,8,8,8,8,8,8,8,8,8,8,8,8,8,8,8,8,8,8,8,8,8,8,0,0,8,8,8
1369_d8df7486.jpg,Test,0,0,0,0,0,0,0,0,0,0,0,0,0,8,0,0,0,0,8,8,0,10,8,8,8,8,8,8,8,8,8,0,8,8,8,8,8,8,8,0,2,8,8,8,8,8,0,9,8,8,7,8,8,8,9,8,0,8,2,2,8,8,0,9
1370_d8c823dd.jpg,Test,0,0,0,0,0,0,0,0,0,0,0,0,0,0,0,0,0,0,0,0,0,0,0,0,0,0,0,0,0,0,0,0,0,0,0,0,0,0,0,0,0,0,8,0,0,0,0,0,0,8,8,0,0,0,0,0,10,0,0,0,0,0,0,0
1371_2a95d1ed.jpg,Train,0,0,0,0,0,0,0,0,0,0,0,0,0,0,0,0,0,0,0,0,0,8,0,0,0,10,0,0,0,8,0,0,0,0,0,0,0,0,0,0,1,0,0,0,0,0,0,0,3,0,0,0,10,0,1,0,1,0,0,0,0,0,1,0
1372_865b9239.jpg,Test,0,0,0,0,0,8,0,0,0,0,0,8,8,0,0,0,0,0,8,8,8,2,0,0,0,0,8,0,2,0,8,0,8,8,8,0,8,0,8,0,0,0,8,0,8,0,8,0,0,0,8,8,8,8,8,8,0,8,0,0,8,0,0,0
1373_2c77a586.jpg,Train,0,0,0,0,0,0,0,0,0,0,0,0,0,8,0,0,0,0,0,0,8,8,8,0,0,0,0,0,8,8,0,0,0,0,0,0,8,8,8,0,0,0,8,0,8,8,0,0,0,0,0,0,8,8,8,0,0,0,0,0,8,8,0,0
1374_d0b519ed.jpg,Train,0,0,0,0,0,0,0,0,0,0,0,0,0,0,0,0,0,0,2,2,0,0,0,0,0,2,2,2,0,0,0,0,0,8,2,2,0,0,0,0,0,2,2,8,8,0,0,0,0,8,2,8,0,0,0,0,0,2,0,0,0,0,0,0
1375_597d2f30.jpg,Train,0,0,8,0,8,8,0,0,0,0,8,8,8,8,0,0,0,0,8,8,8,8,0,0,0,0,8,8,8,8,0,0,0,0,8,8,8,8,0,0,0,0,8,8,8,8,0,0,0,6,8,8,8,8,0,0,0,0,0,0,8,8,0,0
1376_e9f5fada.jpg,Test,8,0,0,0,0,0,0,0,0,0,0,0,8,0,0,8,0,0,0,0,0,0,0,8,4,0,0,0,0,0,0,0,4,10,0,0,0,0,8,8,0,0,0,0,0,0,0,0,0,0,5,0,0,0,0,0,0,0,0,0,0,0,0,0
1377_75f964d7.jpg,Train,0,0,0,0,0,0,0,0,0,0,0,0,8,8,0,0,0,0,8,8,8,0,0,0,0,0,0,8,8,0,0,0,0,2,2,8,8,8,0,0,0,6,2,8,8,0,0,0,0,0,2,8,8,0,0,0,0,0,8,8,0,0,0,0
1378_5dbd68aa.jpg,Train,0,0,0,0,0,0,0,0,0,2,2,0,2,2,2,0,0,2,2,2,2,2,2,0,0,0,2,2,2,2,2,0,0,2,2,0,2,2,2,0,0,2,2,0,2,2,2,0,0,2,2,0,2,2,2,0,0,2,2,2,2,2,0,0
1379_b9e8e78f.jpg,Train,0,0,0,0,0,0,0,0,0,0,0,0,0,0,0,0,0,0,2,0,0,0,0,0,0,0,2,2,2,0,0,0,0,0,2,2,2,0,0,0,0,0,2,2,2,8,0,0,0,0,2,2,2,0,0,0,0,0,0,2,2,0,0,0
1380_25978729.jpg,Train,0,0,0,0,0,0,0,0,0,0,0,0,0,0,0,0,8,8,2,2,3,2,2,0,8,8,0,2,2,2,2,0,8,8,0,3,3,2,2,0,8,8,2,0,2,2,2,0,0,0,0,0,0,0,0,0,0,0,0,0,0,0,0,0
1381_bd2e2f8c.jpg,Test,0,0,0,0,0,0,0,0,0,0,0,0,0,0,8,0,0,0,0,0,0,0,8,0,0,0,2,2,0,0,0,0,0,0,0,3,1,0,3,0,0,0,3,3,0,0,2,0,0,0,0,0,0,0,3,0,0,0,0,2,0,0,0,0
1382_47e0b33e.jpg,Train,0,0,0,0,0,3,0,0,0,0,0,8,0,2,2,2,0,0,0,8,0,2,0,0,0,0,0,8,0,0,8,0,0,3,8,0,2,9,2,2,0,0,8,8,3,3,0,2,0,0,8,8,8,0,0,2,10,10,0,0,0,4,0,0
1383_e2855082.jpg,Train,0,0,0,0,0,4,0,0,0,0,10,0,0,0,8,0,4,0,0,4,8,8,8,0,7,7,0,4,8,8,8,0,0,0,0,0,8,8,8,0,0,0,0,0,0,8,8,8,0,0,0,0,8,8,8,0,0,6,0,6,0,0,0,0
1384_808391a2.jpg,Train,0,0,0,8,0,0,0,0,0,0,0,0,0,0,0,0,0,0,8,8,0,0,0,0,0,0,8,8,0,0,0,0,0,0,8,8,0,0,1,0,0,0,8,8,0,0,0,0,0,0,0,8,0,0,0,0,0,0,0,0,0,0,0,0
1385_0ed9c905.jpg,Train,0,0,8,0,0,0,0,3,8,8,0,8,0,0,0,0,0,8,8,8,0,0,0,0,0,8,8,0,0,0,0,0,0,8,8,0,0,0,0,0,0,8,8,7,0,7,0,0,6,8,8,4,0,0,6,0,0,8,8,4,0,0,0,0
1386_17a19415.jpg,Train,0,0,0,0,0,0,0,0,8,0,0,0,8,0,0,0,8,8,8,8,8,0,0,0,8,8,8,8,8,8,0,0,8,8,8,8,8,8,0,0,8,8,8,8,8,8,0,0,8,8,8,8,8,8,0,0,8,8,8,8,8,0,0,0
1388_35c9cacd.jpg,Test,8,0,8,0,0,0,0,2,3,8,0,0,0,0,0,0,0,8,8,8,0,8,8,8,8,8,8,8,0,8,8,8,8,8,8,8,0,8,8,8,8,8,8,0,8,4,8,8,8,8,8,8,8,8,8,0,8,8,8,8,8,8,0,0
1389_a0b9a46c.jpg,Test,0,0,0,0,0,0,0,0,0,0,0,0,0,4,4,0,0,0,0,0,0,0,8,0,4,4,0,0,0,0,8,0,4,0,9,0,0,0,8,0,0,0,0,0,0,0,9,0,0,0,6,0,0,0,8,0,0,0,0,0,0,0,8,0
1390_565f40e7.jpg,Train,8,8,8,0,0,0,0,0,8,8,8,8,8,8,0,0,8,8,8,8,8,8,0,6,8,8,8,8,0,8,8,0,8,8,8,8,8,8,8,0,8,8,8,8,0,0,8,0,0,0,8,0,0,0,8,0,8,0,8,8,0,8,0,0
1391_265a0101.jpg,Train,0,0,0,0,0,0,0,0,0,9,9,8,0,0,0,0,0,8,8,8,8,8,8,8,0,8,8,8,8,8,8,8,6,8,8,8,8,8,8,9,0,8,8,8,8,8,8,8,8,2,8,8,8,8,8,8,8,2,0,8,8,8,8,8
1392_adef69ae.jpg,Train,0,0,0,0,0,0,0,0,0,0,0,8,8,0,0,0,0,2,2,0,2,0,0,0,0,2,2,8,0,0,0,0,0,2,2,8,0,0,0,0,0,2,2,8,0,0,0,0,8,2,2,8,0,8,0,0,0,0,0,8,0,0,0,0
1393_47061b1a.jpg,Train,0,0,0,0,0,0,0,0,0,0,0,8,0,8,0,0,0,0,0,8,0,8,0,0,8,8,8,8,4,8,8,8,8,0,8,8,0,8,8,8,8,0,8,8,8,8,0,8,0,0,8,8,9,0,8,8,0,8,9,9,8,9,9,9
1394_4e32af08.jpg,Train,0,0,0,0,4,0,0,4,0,0,0,0,0,0,0,0,0,0,4,0,0,0,0,0,0,0,7,0,2,8,4,0,0,0,7,7,0,2,4,0,0,0,0,2,0,9,0,8,3,0,0,0,2,2,2,8,0,0,0,0,0,8,0,0
1395_0fbd6e28.jpg,Train,0,0,8,8,0,0,0,0,0,0,8,8,8,8,0,0,0,0,8,8,8,8,0,0,0,0,8,8,8,8,0,0,0,0,8,8,8,8,0,0,0,0,8,8,8,8,0,1,0,0,8,8,8,0,0,0,0,0,8,0,0,0,0,0
1396_c13ad8ed.jpg,Train,0,0,0,0,0,0,0,0,0,0,0,0,0,0,0,0,0,0,2,0,0,0,0,0,0,0,2,0,0,0,0,0,0,2,2,0,0,0,0,0,8,0,3,0,0,0,0,0,8,2,0,0,0,0,0,0,0,0,0,0,0,1,0,0
1397_06331c88.jpg,Train,0,0,0,0,0,0,0,0,0,0,0,0,0,0,0,0,0,0,0,0,0,0,0,0,0,8,0,0,0,0,0,0,8,8,8,0,0,0,0,0,8,8,0,0,0,0,0,0,8,8,0,0,0,0,0,8,8,8,0,0,0,0,0,9
1398_43601a60.jpg,Train,0,0,0,0,0,0,0,0,0,10,0,0,0,7,10,0,0,0,0,4,0,0,8,0,0,0,0,0,0,8,8,0,0,0,0,0,0,2,8,0,0,6,6,0,0,8,8,0,0,6,6,0,0,8,8,4,0,3,0,0,0,7,8,0
1399_4619316a.jpg,Train,0,0,0,0,0,0,0,0,0,0,0,0,2,2,0,0,0,0,2,8,2,2,0,0,0,0,2,2,2,0,0,0,0,0,2,0,3,0,0,3,0,0,0,0,2,2,0,0,0,0,2,0,3,0,3,0,0,0,0,0,0,0,0,0
1400_e3af6d97.jpg,Train,0,0,0,0,0,0,0,0,0,0,0,0,0,0,0,0,0,0,8,0,0,0,0,0,0,0,8,8,0,0,0,0,0,0,8,8,0,0,0,0,0,0,8,8,0,0,0,0,0,0,8,8,0,0,0,0,0,0,8,8,0,0,0,1
1401_1ba97f6b.jpg,Train,0,0,0,0,0,8,0,0,0,0,4,0,8,9,9,0,0,8,0,8,8,0,8,8,0,8,8,0,8,8,3,0,0,8,8,8,8,8,8,8,0,2,4,8,8,8,8,8,0,8,4,8,8,0,8,8,0,0,8,8,8,0,8,8
1402_deee740d.jpg,Test,0,0,0,0,0,0,0,0,0,0,8,0,0,0,0,0,0,0,9,8,0,0,0,0,0,8,0,0,0,0,0,0,0,8,8,0,0,0,0,0,0,8,0,0,0,0,0,0,8,8,0,0,0,0,0,0,8,8,0,0,0,0,0,0
1403_76d59f86.jpg,Train,0,0,0,8,0,8,0,0,0,0,8,8,8,8,0,0,0,0,8,8,8,8,0,0,0,0,8,8,8,8,0,0,0,0,8,8,8,8,0,0,0,0,8,8,0,8,0,0,0,8,8,8,8,8,0,0,0,0,0,0,0,8,0,0
1404_a508f9a3.jpg,Train,8,8,4,0,0,0,0,0,0,7,0,0,0,9,8,0,8,8,0,2,2,0,0,0,0,0,0,2,2,0,0,8,0,0,0,0,2,8,0,8,8,0,8,0,0,0,0,0,0,0,0,0,0,0,0,2,2,0,8,0,0,7,6,2
1405_d88ee88e.jpg,Train,0,0,0,0,0,0,0,0,0,0,0,8,0,0,0,0,0,0,8,8,0,0,0,0,0,0,8,8,0,0,0,0,0,0,8,8,0,0,0,0,0,0,8,8,0,0,0,0,0,0,8,8,0,0,0,0,0,0,8,8,0,0,0,0
1406_e1488215.jpg,Test,0,0,0,0,0,0,0,0,0,0,0,0,0,0,0,0,0,0,0,0,0,0,0,0,0,0,5,0,0,0,0,0,0,0,0,0,0,0,0,0,0,0,0,0,0,0,0,0,0,3,0,0,0,0,0,0,0,0,0,0,0,0,0,0
1407_f9502238.jpg,Train,0,0,0,0,0,0,0,0,0,0,0,8,8,8,0,0,0,0,8,8,8,8,0,0,0,0,8,8,8,0,0,0,0,0,8,8,8,0,0,0,0,0,8,8,8,0,0,0,0,0,8,8,8,8,0,0,0,0,0,8,8,0,0,4
1408_384950ad.jpg,Train,0,0,0,0,0,0,0,8,0,0,0,0,0,0,0,0,0,8,8,8,8,8,8,0,8,8,8,8,8,3,8,0,8,8,8,8,8,0,8,0,0,8,8,8,8,0,8,0,0,8,8,8,8,0,8,0,0,0,0,0,0,0,0,0
1409_b83c28cb.jpg,Train,0,0,0,0,0,0,0,0,0,0,0,0,0,0,0,0,0,0,7,0,0,0,8,0,0,0,0,0,0,0,0,0,0,0,0,0,0,0,10,0,0,0,10,0,0,0,0,4,9,0,0,0,3,0,0,0,0,0,0,0,0,0,0,0
1410_2d3f1b5a.jpg,Train,0,0,0,0,0,0,0,0,0,0,0,0,0,2,2,0,0,0,8,8,2,0,2,0,0,2,2,2,2,2,0,0,0,0,2,2,0,8,2,8,0,0,2,2,2,0,2,0,0,0,0,0,0,0,0,0,0,0,0,0,0,2,0,0
1411_42771397.jpg,Train,0,0,0,0,0,0,0,0,0,0,0,0,8,8,0,0,0,8,8,8,8,8,8,0,0,7,0,7,2,2,0,0,7,7,7,7,2,2,7,0,7,0,2,9,2,2,2,3,0,0,3,10,10,0,3,8,0,10,10,0,9,3,0,0
1412_b66afcce.jpg,Test,0,0,0,0,0,0,0,0,0,0,0,0,0,0,0,0,0,0,8,0,0,0,0,0,0,0,8,8,0,0,0,0,0,0,8,0,0,0,0,0,0,0,8,0,0,0,0,0,0,0,8,0,0,0,0,3,0,0,8,8,0,0,0,0
1413_a6a0f1f7.jpg,Test,0,0,0,0,0,0,0,0,0,0,0,0,0,0,0,0,0,0,0,0,0,0,0,0,0,0,0,0,0,0,0,0,8,8,0,0,0,0,0,0,8,8,8,0,0,0,0,0,8,8,8,8,8,8,8,0,0,0,0,0,8,0,0,0
1415_6b758dcd.jpg,Test,0,0,0,2,0,0,0,0,0,0,0,0,0,0,0,0,0,0,0,0,0,0,0,0,0,0,0,0,0,0,0,0,0,0,0,0,0,0,0,0,0,0,0,0,0,0,0,0,8,8,8,8,8,8,0,0,0,0,0,8,0,0,0,0
1417_6a9570ee.jpg,Train,0,0,0,0,0,0,0,0,8,8,0,0,0,8,0,0,0,8,0,0,0,0,0,0,0,0,8,4,0,0,0,0,0,8,0,0,0,3,0,0,0,0,0,8,8,8,0,0,0,0,0,8,8,0,0,0,0,0,0,0,0,0,0,0
1418_996b7656.jpg,Train,0,0,3,0,0,0,0,0,0,8,0,0,0,0,0,0,0,8,0,0,2,8,8,0,0,8,0,0,2,2,2,0,0,8,3,0,2,2,9,3,0,8,0,0,2,2,0,0,0,4,0,0,0,0,3,0,0,0,0,0,0,0,0,0
1419_0fb3a252.jpg,Train,0,0,0,0,0,0,0,0,0,0,8,8,8,8,0,0,0,0,8,8,8,8,0,0,0,0,8,8,8,8,0,0,0,0,8,8,8,8,0,0,0,0,8,8,0,8,0,0,4,4,8,8,8,9,0,0,0,0,0,0,0,0,0,0
1420_780d85eb.jpg,Train,0,0,0,0,0,8,0,0,0,8,0,0,0,9,0,0,0,0,0,0,0,0,10,0,3,0,0,0,10,0,9,0,0,8,8,0,8,7,0,0,0,8,8,8,8,7,0,0,0,8,8,8,0,0,0,4,0,8,8,8,9,0,0,0
1421_57774312.jpg,Train,0,0,0,0,0,0,0,0,0,0,8,8,8,8,0,0,0,0,8,8,8,8,0,0,0,0,8,8,8,8,0,0,0,0,8,8,8,8,0,0,0,0,8,8,8,8,0,0,0,0,8,8,8,8,0,0,0,0,8,0,0,0,0,0
1422_2e937364.jpg,Train,0,0,0,0,0,0,0,0,0,0,8,8,8,0,0,0,8,0,0,8,8,0,0,0,0,0,8,8,8,0,0,0,0,0,8,8,8,0,0,0,0,8,8,8,8,0,3,3,0,8,8,8,8,0,0,0,0,0,0,0,0,0,0,0
1423_b5829cc1.jpg,Train,8,8,0,0,0,0,1,8,0,7,0,2,0,0,0,0,8,8,0,0,2,0,8,0,0,0,0,2,2,2,0,0,8,0,0,2,2,0,0,8,8,0,0,0,0,0,0,0,2,0,0,0,0,0,0,2,0,0,8,0,0,0,0,2
1424_f82f7349.jpg,Train,8,9,0,0,0,0,0,0,0,0,8,0,0,0,0,0,8,8,0,0,0,8,8,0,0,0,0,4,0,0,8,8,0,2,2,2,8,8,8,8,0,0,2,2,2,0,0,0,0,0,0,0,0,0,0,0,0,0,0,0,0,0,0,0
1425_24fa4821.jpg,Test,0,0,0,0,0,0,0,0,10,0,0,0,0,0,0,0,0,0,0,0,0,0,0,10,0,0,0,0,0,0,10,0,0,8,0,0,0,8,8,0,0,0,0,0,0,0,0,0,0,0,0,0,0,0,0,10,0,0,0,0,0,0,0,0
1426_7f674c17.jpg,Train,0,0,0,0,0,0,0,0,0,8,0,8,0,8,0,0,0,8,8,8,0,2,0,0,8,0,8,8,0,2,0,0,0,0,8,8,0,2,0,0,0,0,8,8,3,0,0,0,0,0,8,8,8,8,0,0,10,10,8,8,0,0,0,0
1427_2f4a945b.jpg,Train,0,0,0,0,0,0,0,0,0,8,8,8,0,0,0,0,0,8,8,8,0,0,0,0,0,8,8,8,0,2,2,0,0,8,8,8,8,2,2,0,0,8,8,8,0,2,2,0,0,8,8,8,0,0,2,0,1,0,0,8,0,0,0,0
1428_c8fe76ef.jpg,Train,0,0,0,0,0,0,0,0,0,0,0,0,8,8,0,0,0,0,0,0,8,0,0,0,0,0,0,0,0,0,0,0,0,0,0,0,0,0,0,0,0,0,0,0,0,0,0,8,0,0,0,0,0,0,0,0,0,10,7,0,0,7,7,10
1429_005edc36.jpg,Train,0,0,0,0,2,0,0,0,0,0,0,9,0,0,0,0,0,0,0,0,0,0,0,0,0,0,0,0,0,0,0,0,0,0,0,0,0,0,0,0,8,0,8,0,0,8,8,8,8,8,2,8,8,2,0,2,0,0,0,0,0,0,0,0
1430_fdeeecb3.jpg,Test,0,0,0,0,0,8,0,0,0,0,0,0,0,0,0,0,0,0,8,8,0,8,0,0,0,0,8,8,0,8,0,0,0,0,7,8,0,0,0,0,0,0,7,8,0,0,0,0,0,0,0,8,0,0,0,0,0,8,8,0,0,0,0,0
1431_24026c25.jpg,Test,0,0,0,0,0,0,0,0,0,0,0,10,0,10,0,0,0,4,0,0,0,8,0,0,0,0,4,0,0,8,8,0,0,9,0,0,0,8,8,0,0,6,6,0,6,0,8,0,0,0,6,0,6,0,8,6,0,0,2,0,8,0,8,8
1432_d4297857.jpg,Train,0,0,0,0,0,0,0,0,0,0,0,0,2,2,1,0,0,0,8,8,2,2,0,0,0,0,8,8,0,2,0,0,0,0,8,8,2,2,1,0,0,0,8,8,0,2,1,0,0,0,8,8,0,2,1,0,0,0,8,8,2,0,1,0
1433_d9d86cd5.jpg,Train,8,8,0,0,0,0,0,8,8,0,0,0,0,0,0,0,8,8,8,8,8,0,8,8,0,8,8,8,8,8,8,8,5,8,8,8,8,8,8,8,8,8,8,8,8,8,8,8,8,8,8,8,8,8,8,8,0,8,8,8,8,8,8,8
1434_e45629c4.jpg,Train,0,0,0,0,0,0,0,0,0,0,8,8,8,0,0,0,0,0,8,8,8,0,0,0,0,0,8,8,8,0,0,0,0,0,8,8,8,0,0,0,0,0,8,8,8,0,0,0,0,0,8,8,8,0,0,0,0,0,0,8,0,0,0,0
1435_14058bfd.jpg,Train,0,0,0,0,0,0,0,0,0,8,8,8,0,0,0,0,0,8,8,8,0,0,0,0,0,8,8,8,8,0,0,0,0,8,8,0,0,0,0,0,0,8,8,8,0,0,0,0,0,8,8,8,0,0,0,0,0,0,0,0,0,0,0,0
1436_cd243a55.jpg,Train,0,0,0,0,0,0,0,0,0,8,8,8,8,8,0,0,0,8,8,8,8,8,0,0,0,8,8,8,8,8,0,0,0,8,8,8,8,8,0,0,0,8,8,8,8,8,0,0,0,9,8,8,8,8,0,0,0,1,8,8,8,0,0,1
1437_89ae95e8.jpg,Train,0,0,0,0,0,0,8,0,0,0,0,0,0,0,0,0,0,0,0,8,8,8,0,0,0,2,0,8,8,8,2,0,0,0,3,8,8,8,2,0,0,0,0,8,8,8,2,0,0,0,8,8,8,8,2,0,1,0,0,8,8,8,0,0
1438_d57f25d9.jpg,Test,0,0,0,8,8,0,0,0,0,0,0,8,8,8,0,0,0,0,0,8,8,8,0,0,0,0,0,8,4,8,0,0,0,0,0,4,4,8,0,0,1,1,0,0,0,0,0,0,0,0,0,1,0,0,0,0,0,0,0,0,0,0,0,0
1439_497960b5.jpg,Test,0,0,0,0,0,0,0,0,0,0,0,0,0,0,0,0,4,0,0,0,0,0,0,8,8,0,0,0,0,0,0,8,8,0,0,0,0,0,0,8,0,0,0,0,0,8,0,0,7,0,0,0,0,0,0,0,0,0,0,0,0,0,0,0
1440_e38ec689.jpg,Train,0,0,0,0,0,0,0,0,0,8,0,0,0,0,3,0,0,8,8,4,0,8,0,0,0,8,8,4,8,8,8,0,0,8,8,4,0,8,8,0,8,8,8,0,0,8,8,0,0,0,8,4,0,8,8,0,0,0,8,4,0,0,8,0
1441_65cc192e.jpg,Train,0,0,0,0,0,0,0,0,0,0,8,8,8,0,0,0,0,0,8,8,8,0,0,0,0,0,8,8,8,0,0,0,0,0,8,8,8,0,0,0,0,0,8,8,8,0,0,0,0,0,8,8,8,0,0,0,0,0,0,0,0,0,0,0
1442_7a37ac6e.jpg,Test,0,0,0,0,0,8,8,8,0,0,8,8,0,8,0,0,4,0,0,0,0,8,8,0,0,8,8,2,0,0,0,7,0,0,8,0,8,8,0,0,0,0,0,8,8,8,8,8,0,8,0,0,0,0,0,0,9,2,6,0,0,0,0,9
1443_ce9d3100.jpg,Train,0,0,0,0,0,0,0,0,0,0,0,0,0,0,0,0,0,0,0,0,0,0,0,0,0,0,2,2,0,0,0,8,0,0,2,0,0,0,0,0,8,0,2,3,0,0,0,0,8,0,0,0,8,0,0,0,0,0,0,0,0,0,0,0
1444_7e3e51f0.jpg,Test,0,0,0,9,8,0,0,0,0,0,0,8,0,9,0,0,0,0,0,8,8,0,0,0,0,0,0,0,4,8,0,0,0,8,8,0,0,0,0,8,0,8,8,0,0,0,8,8,5,8,0,8,8,8,8,8,8,8,8,8,8,8,8,8
1445_bf617a5b.jpg,Train,0,0,0,0,0,0,0,0,0,0,2,2,0,0,0,0,0,0,2,0,2,0,0,0,0,0,2,2,2,0,0,0,0,0,0,2,2,0,0,0,0,0,2,2,9,0,0,0,0,0,0,2,2,9,0,0,0,0,2,2,2,0,0,0
1446_08eb35d1.jpg,Train,0,0,0,0,0,0,0,0,0,0,8,8,8,8,0,0,0,0,8,0,8,0,0,0,0,0,8,8,8,0,8,0,0,0,8,8,8,8,0,0,8,8,8,8,8,8,0,0,8,8,8,8,0,9,0,0,0,0,0,8,0,0,0,0
1447_4240269c.jpg,Train,0,0,0,0,0,0,0,0,0,0,0,0,0,0,0,0,0,0,0,0,0,0,0,0,0,0,0,0,0,0,0,0,0,0,0,0,0,0,0,0,0,0,0,8,8,0,8,8,8,8,8,8,8,0,8,8,0,0,0,0,0,0,0,0
1448_f6a29cc7.jpg,Train,0,0,0,0,0,0,0,0,0,10,0,0,0,0,0,0,0,0,0,0,0,0,0,0,0,0,0,0,0,0,0,0,8,8,0,8,0,0,8,0,2,8,0,0,6,0,0,0,0,0,0,0,0,0,0,0,0,0,0,0,0,0,0,0
1449_55836c41.jpg,Train,0,0,0,0,0,0,0,0,0,0,0,0,0,0,0,0,0,0,0,0,0,0,0,0,0,0,0,2,0,0,0,0,0,0,3,2,0,0,0,0,0,8,2,0,0,0,0,0,0,8,0,3,0,0,0,0,0,0,10,0,0,0,0,0
1450_018c5190.jpg,Test,0,0,0,0,0,0,8,0,0,0,0,0,0,0,8,0,0,0,0,0,0,0,0,0,4,4,0,0,0,0,1,0,0,0,4,0,0,0,0,0,4,0,5,5,0,0,0,0,4,0,0,0,0,0,0,0,0,0,0,0,0,0,0,0
1451_d08ad0f8.jpg,Test,0,0,0,0,0,8,8,8,0,8,8,8,8,0,0,0,0,0,0,0,0,0,0,0,0,0,9,0,0,0,0,0,0,0,0,0,8,1,0,2,0,0,0,0,0,0,8,0,0,0,0,0,4,0,0,3,0,9,0,0,0,0,0,0
1452_d50f5f5f.jpg,Train,0,0,0,0,0,0,0,0,8,8,8,0,0,0,0,0,0,0,0,0,2,0,0,0,0,0,8,8,2,2,2,0,0,8,8,8,2,0,0,0,0,8,8,0,2,0,6,0,0,8,8,2,0,0,0,0,0,8,0,0,0,0,0,0
1453_52f3acd3.jpg,Test,0,0,0,0,0,0,0,0,0,0,8,0,0,0,0,0,0,0,8,0,0,0,0,0,0,0,8,0,0,0,0,0,0,6,8,8,0,0,0,0,0,8,8,8,0,0,0,0,10,0,8,9,0,0,0,0,0,0,0,0,0,0,0,0
1454_79bfeac1.jpg,Train,0,0,0,0,0,0,0,0,0,0,0,0,0,2,2,0,0,0,0,0,2,8,0,0,0,0,0,2,2,8,3,0,0,0,0,2,2,8,0,0,0,0,0,0,2,8,0,0,0,0,2,3,0,8,0,0,0,0,0,2,10,0,0,0
1455_f6d8ac7a.jpg,Train,0,0,2,0,0,0,8,8,2,0,6,2,6,6,0,2,2,2,2,6,0,2,2,0,2,2,2,6,2,2,2,0,0,9,0,6,2,2,2,2,0,0,0,0,3,3,0,0,5,6,0,0,0,5,9,0,0,0,0,0,0,0,0,0
1456_9592c132.jpg,Test,0,0,0,0,0,0,0,0,0,0,0,0,0,0,4,0,0,0,0,0,0,10,0,0,0,0,0,0,0,0,2,0,3,0,4,0,0,2,0,0,3,3,0,10,0,0,0,0,3,3,0,0,0,0,2,0,10,0,0,4,0,0,3,0
1457_0af20d2f.jpg,Train,0,0,0,0,0,0,0,0,0,0,0,8,0,0,0,0,0,2,2,8,0,7,0,0,0,0,2,0,0,4,8,0,0,2,2,8,8,8,8,0,0,2,2,9,8,8,8,7,0,2,2,7,7,8,8,7,0,2,2,0,0,8,8,8
1458_adea1b0f.jpg,Train,0,0,0,0,0,0,0,0,0,0,0,8,8,0,0,0,0,0,8,8,0,0,0,0,0,0,8,8,8,0,0,0,0,0,8,8,8,0,0,0,0,0,0,8,8,0,0,0,0,0,8,8,8,0,0,0,1,1,8,8,0,0,0,0
1459_8ffdf44f.jpg,Test,0,0,0,0,0,0,0,0,0,8,8,0,0,0,0,0,0,0,8,8,0,0,0,0,0,0,0,2,2,0,0,0,0,0,9,5,2,0,0,0,0,0,0,0,9,0,0,0,0,0,0,5,3,0,0,0,0,0,0,0,0,0,0,0
1460_749363df.jpg,Test,0,0,0,0,0,0,0,0,0,0,8,0,0,0,0,0,0,0,2,0,0,0,0,0,3,0,2,9,0,0,0,0,0,0,3,0,0,0,0,0,0,0,3,3,0,0,0,0,0,0,0,0,0,0,0,0,0,0,0,0,0,0,0,0
1461_39fcc75e.jpg,Train,0,0,0,0,0,0,0,0,0,0,0,9,0,0,0,0,0,0,10,4,8,0,0,0,0,4,0,0,8,8,0,0,0,0,0,0,8,8,0,0,0,3,0,0,0,0,0,0,0,0,0,0,0,0,0,0,0,8,0,0,0,2,0,0
1462_c5fbc490.jpg,Train,0,0,0,0,0,0,0,0,0,0,2,0,0,0,0,0,0,0,0,0,0,0,8,8,0,0,2,2,0,8,8,8,0,0,2,2,0,0,8,8,0,0,2,2,0,0,8,8,0,0,4,0,0,0,8,8,0,0,0,0,0,0,0,0
1463_2fb9c402.jpg,Test,0,0,0,0,0,0,0,0,0,2,0,2,0,0,0,0,0,8,0,0,0,0,0,0,2,8,8,0,8,8,0,0,0,8,8,8,8,8,8,8,8,8,0,8,8,8,8,8,0,0,0,0,8,0,0,8,0,0,0,0,0,0,0,0
1464_b9792c4c.jpg,Train,2,0,0,0,0,2,0,0,0,0,0,0,0,2,0,2,8,0,9,2,0,8,8,2,0,2,2,2,2,2,0,2,0,2,0,8,2,2,8,3,0,2,2,0,0,0,8,0,8,8,2,0,4,0,6,6,0,0,0,0,4,0,0,0
1465_99741932.jpg,Train,0,0,0,0,0,0,0,0,0,0,2,0,0,8,0,0,0,0,2,2,0,2,0,0,0,0,2,2,2,2,0,0,0,0,2,2,0,2,0,0,0,0,0,0,0,3,0,0,0,0,0,2,2,2,0,0,0,0,0,0,0,3,0,0
1466_ac757b3b.jpg,Train,0,0,0,0,0,0,0,0,0,0,3,0,0,0,0,0,8,8,0,0,0,0,0,8,8,8,8,0,8,0,0,8,0,0,0,2,8,8,0,8,0,0,2,2,0,0,0,0,0,0,0,0,0,0,0,0,0,0,0,0,0,0,0,0
1467_1df78367.jpg,Test,0,0,0,0,0,0,0,0,0,0,8,8,8,8,0,0,0,0,8,8,8,8,0,0,0,3,8,8,9,8,0,0,0,0,8,8,0,8,0,0,0,0,8,8,0,8,0,0,0,8,8,8,8,8,8,0,0,8,0,0,0,0,0,0
1468_45188098.jpg,Train,0,8,0,0,0,0,0,0,8,8,0,0,0,0,8,0,0,0,0,2,2,0,0,0,0,9,2,2,0,4,0,0,0,0,2,2,2,4,0,0,0,9,2,2,2,0,0,0,0,0,3,2,0,8,0,0,0,0,0,0,0,0,0,0
1469_f47a8227.jpg,Train,0,0,0,0,0,0,0,0,0,0,0,0,0,0,0,0,0,0,0,2,0,0,0,0,0,0,0,2,0,0,0,2,0,0,0,2,2,0,0,0,0,0,0,3,2,0,8,0,0,0,0,2,2,8,0,0,0,0,0,0,0,0,0,0
1470_ffb35e3d.jpg,Train,0,0,0,2,2,2,0,0,0,0,0,3,0,0,0,0,0,0,0,0,2,9,0,0,0,0,0,2,2,2,0,0,0,0,0,2,9,0,0,0,0,0,0,2,0,0,0,0,0,0,0,0,0,0,0,0,0,0,0,0,0,2,0,0
1471_3e9d3cf5.jpg,Train,0,0,0,0,0,0,0,0,0,0,0,0,0,3,3,0,0,0,2,2,8,8,2,0,2,8,2,8,2,8,2,0,9,8,2,8,3,8,2,0,6,8,2,8,0,8,0,0,5,8,2,8,0,0,0,0,0,0,10,0,0,0,0,0
1472_c07c5f34.jpg,Train,0,8,8,8,8,8,0,8,8,0,8,8,8,8,8,8,0,8,8,8,8,8,8,8,8,8,8,8,8,0,8,8,8,8,8,8,8,8,8,0,8,8,8,8,8,8,8,8,8,8,8,8,8,8,8,8,8,8,8,8,0,8,8,0
1473_5c3d7be5.jpg,Test,0,0,0,0,0,0,0,0,0,6,0,0,0,1,0,0,0,6,0,0,0,1,1,1,0,6,0,0,0,1,1,0,0,6,0,0,0,1,1,0,0,6,0,0,0,1,0,0,0,6,0,0,0,0,0,0,0,0,0,0,0,1,0,0
1474_5752ee5d.jpg,Train,0,0,8,0,0,0,0,0,0,0,0,0,0,0,0,0,0,0,0,1,1,1,0,0,0,0,0,0,1,1,0,0,0,6,6,0,1,1,0,0,0,6,6,1,1,1,0,0,0,5,6,1,1,1,0,0,0,0,0,1,1,0,0,0
1475_db84b410.jpg,Train,0,0,0,0,3,0,0,0,0,0,0,0,1,0,0,0,0,0,0,1,1,0,0,0,0,0,0,1,1,0,0,0,0,0,0,1,1,0,0,0,0,0,0,1,1,0,0,0,0,0,0,1,0,0,0,0,0,0,0,0,0,0,0,0
1476_20557154.jpg,Test,0,0,0,0,0,0,0,0,0,1,1,1,1,1,1,0,0,1,1,1,1,1,1,0,0,1,1,1,1,1,1,0,0,1,1,1,1,1,1,0,0,1,1,1,1,1,1,0,0,1,1,1,1,1,1,0,0,1,1,1,0,0,0,0
1477_12a0b803.jpg,Train,0,0,0,0,6,6,2,0,0,2,0,0,0,0,0,3,0,0,0,6,3,0,0,3,0,0,0,3,6,3,0,0,1,0,0,6,6,6,6,6,1,0,0,6,6,6,6,6,0,0,0,6,6,5,0,6,1,0,0,6,6,6,0,6
1478_15bcf205.jpg,Test,0,0,0,0,0,0,0,6,0,0,0,0,0,0,0,0,0,3,0,0,0,3,0,0,3,0,0,0,6,0,6,0,0,10,0,1,6,6,9,0,10,0,0,1,0,6,3,0,0,0,0,1,6,6,0,0,0,0,1,1,0,6,0,0
1479_03f90017.jpg,Train,0,0,0,0,3,1,0,0,0,0,1,0,1,1,0,0,0,1,1,1,1,1,0,0,0,1,1,1,1,1,0,0,0,1,1,1,1,1,6,0,6,1,1,1,1,1,0,0,6,1,1,1,1,1,0,0,0,1,1,1,0,1,0,0
1480_5bd277b6.jpg,Test,0,0,0,0,0,0,0,0,0,0,0,0,0,0,3,0,0,0,0,0,0,6,0,0,0,0,0,0,9,6,6,0,0,0,0,0,9,6,6,0,0,0,1,1,1,6,0,0,0,0,0,6,0,0,0,0,0,0,0,0,0,0,0,0
1481_9135c55f.jpg,Train,0,0,0,0,0,0,0,0,0,0,0,0,6,6,0,0,0,0,0,6,6,6,0,0,0,0,6,6,6,6,0,0,0,0,1,6,6,6,0,0,0,0,0,6,0,6,0,0,0,0,0,6,6,6,0,0,0,0,0,6,6,6,0,0
1482_2ce8362d.jpg,Train,0,0,1,1,1,0,0,0,0,0,1,1,1,0,3,0,0,0,1,1,1,3,6,0,0,0,1,1,1,0,6,6,0,0,1,1,0,0,6,6,0,0,1,1,1,0,6,6,0,0,0,1,1,0,6,6,0,0,0,0,0,0,0,0
1483_ce1b501b.jpg,Test,0,0,0,0,0,0,0,0,0,0,0,1,0,0,0,0,0,0,0,1,1,1,0,0,0,0,0,1,0,1,0,0,0,0,0,1,1,1,0,0,0,0,0,1,0,1,0,0,0,0,0,1,0,1,8,0,0,0,0,0,0,0,0,0
1484_130e8766.jpg,Test,0,0,0,0,0,0,0,0,0,0,1,1,6,0,0,0,0,1,1,1,6,0,0,0,0,0,1,1,6,0,0,0,0,1,1,1,0,0,0,6,0,1,1,1,2,0,0,0,0,0,1,1,0,0,0,0,0,0,0,0,6,0,0,0
1485_910eddb8.jpg,Train,0,0,0,3,3,0,0,0,0,0,6,0,1,1,0,0,3,0,6,0,1,1,0,0,0,0,6,6,1,1,0,0,0,0,6,6,1,1,0,0,0,0,6,6,1,1,0,0,0,0,6,6,1,1,0,0,0,0,0,0,1,1,0,0
1486_b181ce2f.jpg,Train,0,0,0,0,0,0,0,0,0,1,0,1,1,1,0,0,1,1,1,1,1,1,1,0,1,1,1,1,1,1,1,1,1,1,1,1,1,1,1,1,1,1,1,1,1,1,1,0,1,1,1,1,1,1,1,8,0,0,0,0,1,0,1,0
1487_de69202d.jpg,Train,0,0,0,6,1,0,0,0,0,0,6,0,1,1,1,0,0,0,6,6,1,1,1,0,0,0,6,1,1,1,0,0,0,0,3,0,1,0,0,0,0,0,3,1,1,0,1,0,0,5,0,0,1,0,1,0,0,0,0,0,1,0,1,0
1488_ed6849c1.jpg,Train,0,0,0,0,0,0,0,0,0,0,0,0,0,1,1,0,0,0,0,0,0,1,1,0,0,0,0,0,0,1,1,0,0,0,0,0,0,1,1,0,0,0,0,0,0,1,1,0,0,0,0,0,0,0,1,0,0,0,0,0,0,0,0,0
1489_19e56da1.jpg,Train,0,2,0,0,0,0,0,0,0,0,0,4,0,0,0,0,0,6,0,0,6,1,1,6,2,0,0,0,0,1,1,0,0,0,0,0,0,1,1,0,0,0,0,6,3,0,0,0,0,0,6,0,6,0,0,0,0,0,0,0,0,0,0,0
1490_e062db51.jpg,Test,0,0,0,0,0,0,0,0,0,0,0,0,0,0,0,0,0,0,0,0,0,6,6,0,0,0,0,0,0,1,6,0,0,0,0,0,0,6,6,0,0,0,0,0,0,6,6,0,0,0,0,0,0,1,0,0,0,0,0,0,0,0,0,0
1491_0ac9d793.jpg,Train,0,0,0,0,0,0,0,0,0,0,0,0,0,0,0,0,0,0,0,0,1,0,0,0,0,0,6,0,1,0,0,0,0,0,6,0,1,0,0,0,0,0,6,6,1,4,0,0,0,0,6,0,1,4,0,0,0,0,0,0,0,0,0,0
1492_9798c2b4.jpg,Train,0,0,0,0,0,0,0,0,0,0,0,6,6,0,0,0,0,0,8,0,6,0,0,0,0,0,0,6,0,6,0,0,0,0,0,0,6,6,0,0,0,0,0,6,6,0,0,0,0,0,0,0,6,6,0,0,0,0,0,0,6,6,0,0
1493_27d4e7dd.jpg,Train,0,0,0,0,0,0,0,0,0,0,0,0,0,0,0,0,0,3,1,1,6,0,0,0,0,0,1,1,6,0,0,5,0,6,1,1,6,6,0,0,0,0,1,1,6,0,0,0,0,6,1,0,6,6,0,0,0,0,0,0,0,0,0,0
1494_75b3c1b0.jpg,Train,0,0,0,0,0,0,0,0,0,0,3,0,0,3,0,0,0,0,6,0,6,3,0,0,0,0,6,6,6,6,0,0,0,0,6,0,6,0,0,0,0,0,6,0,6,6,0,0,0,0,6,0,0,0,0,0,0,0,6,0,6,0,0,0
1495_1128e653.jpg,Train,0,0,0,0,0,3,0,0,0,0,0,0,0,1,0,0,0,8,0,0,0,1,0,0,0,1,6,6,0,1,0,0,0,1,6,6,0,1,0,0,0,1,6,6,0,1,0,0,0,1,6,6,0,1,1,0,0,0,0,0,0,0,0,0
1496_9add8edf.jpg,Train,0,1,0,0,0,1,0,0,0,1,1,0,0,1,0,0,0,1,1,1,1,1,1,0,0,1,1,1,1,1,1,0,0,1,1,1,1,1,1,6,6,1,1,1,1,1,1,0,0,1,1,0,1,1,1,1,0,1,1,0,1,0,1,0
1497_c7457ede.jpg,Train,5,0,0,6,6,0,0,0,0,6,6,6,6,0,0,0,0,6,6,6,6,6,2,0,5,0,6,6,6,6,6,0,0,6,6,6,6,6,6,0,0,0,6,6,6,6,0,0,0,6,6,6,6,6,0,0,0,0,6,0,6,6,0,0
1498_e7e146dd.jpg,Test,0,0,0,0,0,0,0,0,0,0,0,0,0,0,0,3,0,0,0,6,0,0,0,0,0,0,0,6,0,0,0,0,0,0,6,6,0,0,0,0,0,0,0,0,0,0,0,0,0,0,0,0,0,0,0,0,0,0,0,0,0,0,0,0
1499_617cdf8d.jpg,Train,0,0,0,0,0,0,0,0,0,0,0,0,0,0,1,0,0,0,0,1,1,1,1,0,0,0,0,1,1,1,1,0,0,0,0,1,1,1,1,0,0,0,0,1,1,1,1,1,0,0,0,1,0,0,1,0,0,0,0,0,0,0,0,0
1500_ce27da3e.jpg,Test,0,0,0,0,0,0,0,0,0,0,0,0,0,0,0,0,0,0,0,1,1,0,0,0,0,0,0,0,1,6,6,0,0,0,0,1,1,6,6,0,0,0,0,0,0,0,2,0,0,0,0,0,0,0,0,0,0,0,0,0,0,0,0,0
1501_c62a9c4b.jpg,Train,0,0,0,0,0,0,0,0,0,0,0,0,0,6,0,0,0,0,0,0,6,6,6,0,0,0,0,0,0,6,6,0,0,0,0,0,0,6,6,0,0,0,0,0,0,6,6,0,0,0,0,0,0,6,6,0,0,0,0,0,0,0,0,0
1502_1fe67d69.jpg,Train,0,0,0,0,0,0,0,0,0,0,3,0,0,0,0,0,0,0,0,0,0,0,0,0,0,0,0,6,0,0,0,0,0,6,3,6,6,6,0,0,3,6,0,6,6,0,0,0,6,0,3,6,0,0,0,0,0,0,0,0,0,0,0,0
1503_09a59d64.jpg,Train,0,0,0,0,0,0,3,0,0,0,0,0,0,0,0,0,0,0,0,0,1,0,0,0,0,0,0,6,1,0,0,0,0,0,0,6,1,0,0,0,0,0,0,6,1,4,0,0,0,0,0,6,1,0,0,0,0,0,0,0,0,0,0,0
1504_53e60f67.jpg,Train,0,0,0,0,0,0,0,0,0,6,6,1,6,6,0,0,6,6,6,1,6,6,6,6,6,6,6,1,6,6,6,6,6,6,6,1,6,6,6,6,6,6,6,1,6,6,0,6,6,6,6,1,6,6,0,0,0,0,0,1,0,0,0,0
1505_38858b33.jpg,Train,0,0,0,0,0,0,0,0,0,0,0,0,0,0,0,0,0,0,0,0,1,0,0,0,0,0,0,1,1,0,1,0,0,0,0,1,1,0,1,0,0,0,0,1,1,1,1,0,0,0,0,0,0,1,1,1,0,0,0,0,0,0,0,0
1506_eeef7063.jpg,Train,0,0,0,0,0,0,0,0,0,0,1,1,1,0,0,0,1,0,1,1,1,0,0,0,0,0,1,1,1,0,0,0,0,0,0,1,1,0,0,0,0,4,1,1,1,0,0,0,0,0,1,1,1,0,0,0,0,0,0,0,0,0,0,0
1507_0cbe369d.jpg,Train,0,0,0,0,0,0,0,0,0,0,6,6,6,0,0,0,0,0,0,6,6,0,0,0,0,0,0,6,6,0,0,0,0,0,0,6,6,0,0,0,0,0,0,6,6,0,0,0,0,0,0,6,6,0,0,0,0,0,6,0,0,0,0,0
1508_20557154.jpg,Train,0,0,0,0,0,0,0,0,0,1,1,1,1,1,1,0,0,1,1,1,1,1,1,0,0,1,1,1,1,1,1,0,0,1,1,1,1,1,1,0,0,1,1,1,1,1,1,0,0,1,1,1,1,1,1,0,0,1,1,1,0,0,0,0
1509_c9e54f6f.jpg,Test,0,0,4,0,0,4,0,0,0,0,7,0,0,0,0,0,0,0,0,0,1,1,0,0,0,0,4,4,1,1,3,10,0,0,0,1,1,1,6,6,0,6,0,0,6,6,6,6,0,0,6,6,6,6,6,6,0,0,0,0,0,0,10,0
1510_7fcb61ca.jpg,Test,0,0,0,0,0,0,0,0,3,0,0,0,0,0,0,0,0,0,0,1,0,0,0,0,0,0,0,1,1,0,0,0,0,0,0,1,1,0,0,0,0,0,0,1,1,0,0,0,0,0,0,1,0,0,0,0,0,0,0,0,0,10,0,0
1511_5b6b9ed1.jpg,Train,0,0,0,0,0,0,0,0,0,0,0,0,0,0,0,0,0,0,0,0,0,1,1,0,0,0,0,6,6,1,1,0,0,0,0,6,6,1,1,0,0,0,0,6,6,1,1,0,0,0,0,0,0,1,0,0,0,0,0,0,0,0,0,0
1512_84b21fcf.jpg,Train,0,0,0,0,0,0,0,0,0,0,0,0,0,0,0,0,0,0,0,0,0,1,1,0,0,0,0,6,0,1,1,0,8,0,0,6,0,0,1,0,0,0,0,6,6,1,1,0,0,0,0,0,0,0,1,0,0,0,0,0,0,0,0,0
1513_387a3089.jpg,Test,0,0,0,0,6,0,0,0,0,6,6,6,6,0,0,6,0,6,0,0,0,3,0,0,0,0,0,1,6,6,0,0,6,6,6,1,6,6,3,6,0,0,0,1,6,6,6,0,0,0,0,1,6,6,0,4,0,0,1,1,6,6,0,0
1514_232aa306.jpg,Train,0,0,0,0,0,0,0,0,0,6,6,0,0,6,6,6,0,0,6,6,0,6,6,6,0,6,6,6,6,6,6,6,0,6,6,2,0,6,6,6,0,0,6,2,0,6,0,6,0,0,6,0,0,0,0,6,0,0,0,0,0,0,0,0
1515_33733f12.jpg,Train,0,0,0,0,0,0,0,0,0,0,0,0,1,0,0,0,0,0,0,1,1,0,0,0,0,0,0,1,1,0,0,0,0,0,0,1,1,0,0,0,0,0,0,1,1,0,0,0,0,0,0,0,1,0,0,0,0,0,0,0,0,0,0,0
1516_3d0d07bc.jpg,Train,0,0,0,0,0,0,0,0,0,0,0,0,1,0,0,0,0,0,0,1,1,0,0,0,0,0,0,1,1,0,0,0,0,0,0,1,1,0,0,0,0,0,0,1,1,0,0,0,0,0,0,1,1,0,0,0,0,0,0,0,0,0,0,0
1517_cc7aa014.jpg,Train,0,0,0,0,0,6,0,0,0,0,1,6,1,6,0,0,0,1,1,6,1,0,3,0,0,1,1,6,1,0,6,0,0,1,1,6,1,0,0,1,0,1,1,6,1,0,4,6,0,1,1,6,0,6,0,2,0,4,1,0,1,0,0,0
1518_b903c855.jpg,Train,0,0,1,0,1,0,0,0,0,0,0,1,1,0,0,0,0,0,1,1,1,1,0,0,0,0,1,1,1,1,1,0,0,0,0,6,1,1,0,8,0,0,0,1,0,0,0,0,0,0,7,1,0,1,0,8,0,0,0,0,0,0,0,0
1519_fd57a788.jpg,Train,0,0,0,0,0,0,0,0,0,0,6,8,0,0,0,0,0,0,0,1,0,0,0,0,0,0,0,1,0,0,0,0,0,0,1,1,0,0,0,0,2,0,1,1,0,0,0,0,0,0,1,0,0,0,0,0,0,0,0,0,0,0,0,0
1520_d2d32cb3.jpg,Test,0,0,1,0,0,0,0,0,0,0,0,0,0,6,0,0,0,1,1,0,1,0,0,0,0,1,1,1,1,1,1,1,1,1,1,1,1,1,1,1,1,1,1,1,1,1,1,1,0,1,1,1,1,1,1,1,0,1,1,0,1,0,0,0
1521_275743d4.jpg,Train,0,0,0,0,0,0,0,0,0,0,0,0,1,0,0,7,0,6,0,0,6,1,1,1,0,6,6,6,6,1,1,6,3,6,6,6,0,1,1,6,0,0,6,6,0,1,1,6,5,0,0,4,0,1,1,0,0,3,10,0,10,1,1,10
1522_adc5a81f.jpg,Train,0,0,0,0,0,0,0,0,0,0,6,6,6,0,0,0,0,0,6,6,6,0,0,0,0,0,6,0,6,6,0,0,0,0,6,0,6,6,0,0,0,0,6,0,6,0,0,0,0,0,6,0,6,0,8,0,0,0,0,0,0,0,0,0
1523_4fc8c6de.jpg,Test,0,0,0,0,0,0,0,0,0,0,0,0,8,0,0,0,0,0,0,3,0,0,0,0,0,0,0,6,6,0,0,0,0,0,0,6,0,0,0,0,0,0,0,6,6,0,0,0,0,0,6,3,0,0,0,0,0,0,0,0,0,0,0,0
1524_2b540e7f.jpg,Train,0,0,0,0,0,0,0,0,0,8,6,6,6,1,0,0,0,0,6,6,0,1,1,0,0,0,6,0,0,1,1,0,0,0,6,0,0,1,1,0,0,0,6,0,0,1,0,0,0,0,0,0,0,1,1,0,0,0,0,0,0,0,0,0
1525_bb4e3e72.jpg,Train,0,0,0,0,0,0,0,0,0,0,0,0,0,0,0,0,0,0,0,1,1,0,0,0,0,0,6,1,1,0,0,0,0,0,6,1,1,0,0,0,0,0,3,1,1,0,0,0,0,0,3,1,0,0,0,0,0,0,0,1,0,0,0,0
1526_602735b5.jpg,Train,6,6,2,0,1,0,0,0,0,0,0,0,1,1,0,0,0,0,0,1,1,1,0,0,6,6,6,1,1,1,0,0,0,0,0,1,1,1,0,0,0,0,0,1,1,1,0,0,0,0,0,1,1,0,0,0,0,0,0,1,1,0,0,0
1527_4e5a6b50.jpg,Train,0,0,0,0,0,1,0,0,0,0,1,0,1,1,0,0,0,0,1,1,1,1,0,0,0,0,1,1,1,1,0,0,0,0,1,1,1,1,0,0,0,0,1,1,1,1,0,0,0,0,0,1,1,1,0,0,0,0,0,0,0,0,0,0
1528_f9f5b1fb.jpg,Train,0,0,0,0,0,0,0,0,0,0,0,1,1,0,0,0,0,0,1,1,6,0,0,0,0,0,1,1,6,0,0,0,2,0,1,1,6,0,0,0,0,0,1,1,6,6,0,0,0,0,1,0,6,0,0,0,0,0,0,0,0,0,0,0
1529_75378276.jpg,Train,0,0,0,1,0,1,0,0,0,0,1,1,1,1,0,0,0,0,1,1,1,1,1,0,0,1,1,1,1,1,1,0,0,8,1,1,1,1,1,0,0,9,1,1,1,1,1,0,6,1,1,1,1,1,1,6,0,1,0,1,1,1,1,0
1530_0e590395.jpg,Test,0,0,0,0,0,0,0,0,0,1,9,4,1,0,0,0,0,0,1,1,1,0,0,0,0,0,1,1,1,1,0,0,0,0,1,1,1,1,0,0,0,1,1,1,1,1,0,0,0,0,1,0,1,1,0,0,0,0,0,10,0,0,0,0
1531_0ca518a0.jpg,Train,0,0,0,0,0,0,0,0,0,0,0,0,1,1,0,0,0,0,0,0,1,1,0,0,0,0,0,0,1,1,0,0,0,0,0,0,1,1,0,0,0,0,0,0,1,1,0,0,0,0,0,0,1,1,0,0,0,0,0,0,0,0,0,0
1532_a10c3d82.jpg,Train,0,0,0,0,1,1,0,0,0,0,6,0,0,6,9,0,6,0,0,0,1,1,0,0,0,0,10,0,1,1,1,6,0,0,0,3,1,1,6,0,0,10,6,6,6,6,6,0,0,0,0,6,6,0,6,0,0,0,0,0,6,6,6,9
1533_dec10901.jpg,Train,0,0,0,0,0,0,0,0,0,0,0,1,1,0,0,0,0,6,0,1,1,0,0,0,0,6,6,1,1,0,0,0,0,6,6,1,1,6,0,0,6,6,6,1,1,0,0,0,0,6,0,1,1,1,0,1,0,0,0,0,0,0,0,0
1534_00f71cf6.jpg,Train,0,0,0,0,0,0,0,0,0,0,1,0,0,0,0,0,0,0,1,1,0,0,0,0,0,0,1,1,0,6,0,0,0,0,1,1,1,1,0,0,0,0,1,1,0,0,0,0,0,0,1,1,0,0,0,0,0,0,1,1,0,0,0,0
1535_3411879e.jpg,Train,0,0,0,0,0,0,0,0,0,0,0,0,0,0,0,0,0,0,6,6,1,0,0,0,0,0,6,6,1,1,0,0,0,0,0,6,1,1,0,0,0,0,6,6,1,1,0,0,0,0,6,6,1,1,0,0,0,0,0,0,1,0,0,0
1536_2c5c967e.jpg,Train,0,0,0,6,6,0,0,0,0,0,0,6,6,6,0,0,0,0,6,6,6,6,6,6,0,0,6,6,6,6,6,0,0,0,0,6,6,6,6,6,0,0,0,6,6,6,6,0,0,0,0,6,6,6,6,0,0,0,6,6,0,6,6,0
1537_4c1407a4.jpg,Train,0,0,0,0,0,0,0,1,0,0,0,1,1,0,0,0,0,0,0,1,1,0,0,0,0,0,0,1,1,0,0,0,0,0,0,1,1,0,6,6,0,0,0,1,1,0,0,0,0,0,0,1,1,6,0,0,0,0,0,0,0,0,0,0
1538_4f0334b0.jpg,Test,0,0,0,0,0,0,0,0,1,0,0,0,0,0,0,0,1,0,0,3,0,6,0,0,1,1,0,1,1,6,0,0,1,1,0,1,1,6,5,0,1,1,3,1,1,0,0,6,1,0,0,1,1,0,0,0,0,0,0,0,0,0,0,0
1539_92f069a0.jpg,Train,0,0,0,0,0,0,6,0,0,1,0,0,0,0,6,0,1,1,0,0,0,6,6,6,1,1,0,0,0,6,6,0,1,1,0,0,0,6,6,0,1,1,0,0,2,6,6,6,0,1,0,0,2,6,6,0,0,1,0,0,0,0,0,0
1540_af495b94.jpg,Train,0,0,0,0,0,0,0,0,0,0,6,0,0,0,0,0,0,0,6,0,1,1,0,0,0,6,6,0,1,1,0,0,0,6,6,0,1,1,0,0,0,6,6,0,1,1,1,0,0,0,0,0,1,1,0,0,0,0,0,0,0,0,0,0
1541_f465f6d7.jpg,Test,0,0,0,0,0,0,0,0,0,0,0,0,0,0,0,0,0,0,1,0,0,0,0,0,0,8,1,0,0,0,0,0,0,0,1,0,0,0,0,0,0,0,1,1,0,0,0,0,0,0,1,1,0,0,0,0,0,0,1,1,0,0,0,0
1542_ecfd5bd2.jpg,Train,0,0,0,0,0,3,0,0,0,0,1,1,1,1,0,0,1,0,1,1,1,1,0,0,0,0,1,1,1,1,0,0,0,0,1,1,1,1,0,0,0,0,1,1,1,1,0,0,0,0,1,1,1,1,0,0,0,0,1,1,0,0,0,0
1543_3b719fc4.jpg,Train,0,0,0,0,0,0,0,0,0,0,6,6,0,0,0,0,0,0,0,6,0,0,0,0,0,0,6,6,0,0,0,0,0,0,6,6,0,0,0,0,0,0,6,6,0,0,0,0,0,0,6,0,0,0,0,0,0,0,6,0,0,0,0,0
1544_cfd43e88.jpg,Train,0,0,0,0,0,0,0,0,0,0,0,0,0,1,0,0,0,0,1,3,0,1,1,9,0,1,1,0,6,1,0,0,0,1,1,3,6,1,1,0,0,1,1,0,6,1,0,0,0,1,1,6,6,1,0,0,0,0,0,0,0,1,0,0
1545_459eab09.jpg,Train,0,0,0,0,0,0,0,0,0,0,6,0,0,0,0,0,0,0,6,6,0,0,0,0,0,0,6,6,0,0,0,0,0,0,6,6,0,0,0,0,0,8,6,0,0,0,0,0,0,0,0,0,0,0,0,0,0,0,0,0,0,0,0,0
1546_f351a9ea.jpg,Train,0,0,0,0,0,0,0,0,0,0,0,0,0,0,0,0,0,0,0,1,1,0,0,0,0,0,1,1,1,0,0,0,0,0,1,1,0,0,3,0,0,0,1,0,0,0,0,0,0,0,1,0,0,0,0,0,0,0,0,0,0,0,0,0
1547_de61f6c7.jpg,Test,0,0,0,0,0,0,0,0,0,0,0,0,0,0,0,0,0,0,0,6,0,0,0,0,0,0,6,6,0,0,0,0,0,0,6,6,0,0,0,0,0,0,6,6,3,0,0,0,0,0,6,6,0,0,0,0,0,0,0,0,0,0,0,0
1548_8ccc7873.jpg,Test,0,0,0,0,0,0,0,0,0,0,0,0,3,0,0,0,0,0,0,0,3,0,0,0,0,0,0,6,6,0,0,0,0,0,0,1,5,0,0,0,0,0,1,5,5,0,0,0,0,0,0,0,0,0,0,0,0,0,0,0,0,0,0,0
1549_5b9bdce1.jpg,Test,0,0,0,0,0,0,0,0,0,0,0,0,0,0,0,0,0,0,1,1,1,1,0,0,0,1,0,1,1,0,0,0,1,1,0,1,1,0,0,0,0,0,0,1,1,0,0,0,0,0,0,0,0,0,0,0,0,0,0,0,1,0,0,0
1550_5aeca442.jpg,Train,0,0,0,6,1,9,0,0,6,0,0,6,1,6,6,6,0,4,0,9,1,1,0,2,0,0,0,7,1,1,0,0,1,7,0,0,1,1,0,0,0,0,6,6,6,1,0,0,0,6,0,0,0,1,0,0,7,0,0,0,0,0,0,0
1551_4bf80611.jpg,Train,0,0,0,0,0,0,0,0,0,1,1,0,1,0,1,0,0,1,1,1,1,1,1,1,1,1,1,1,1,1,1,1,3,1,1,1,1,1,1,1,0,1,1,1,1,1,1,1,0,1,1,1,1,1,1,1,0,0,0,0,0,0,0,0
1552_23e0115d.jpg,Test,0,0,0,0,0,0,0,0,0,0,0,0,0,0,0,0,0,0,9,1,1,0,0,0,0,0,0,1,1,0,0,0,0,0,0,1,1,0,0,8,0,0,0,1,1,0,0,0,0,0,0,1,0,0,0,0,0,0,0,0,0,0,0,0
1553_cc1133eb.jpg,Train,0,0,0,0,6,6,6,3,0,0,0,0,0,6,0,0,0,0,0,1,6,0,0,0,0,0,0,1,6,6,0,0,0,0,0,1,6,6,0,0,0,0,0,1,6,0,0,0,0,0,0,1,6,0,0,0,0,0,0,1,6,0,0,0
1554_630f6a4c.jpg,Train,0,0,0,0,0,0,0,0,0,0,0,0,0,0,0,0,0,0,0,0,1,3,0,0,0,0,0,1,1,1,0,0,0,0,1,1,1,1,0,0,0,0,0,1,1,1,0,0,0,0,0,1,0,1,0,0,0,0,0,0,0,0,0,0
1555_23f62ea7.jpg,Train,0,0,0,0,0,0,0,0,0,0,0,6,0,6,0,0,6,6,0,6,0,0,6,0,6,6,2,6,6,6,6,0,6,6,0,6,6,6,6,0,6,6,6,6,6,6,6,0,1,6,6,6,6,6,6,0,0,0,0,0,0,0,0,0
1556_7ca4fc94.jpg,Test,0,0,0,0,0,0,0,0,0,1,1,1,6,0,0,0,1,1,1,1,1,1,1,1,1,1,1,1,1,1,1,1,0,1,1,1,1,1,1,1,0,1,1,1,1,1,0,0,0,1,1,1,7,1,1,0,0,0,0,0,0,0,0,0
1557_3d5aafef.jpg,Train,0,0,0,0,0,0,0,0,0,0,0,1,1,0,0,0,0,0,0,1,1,0,0,0,0,0,0,1,1,0,0,0,0,0,0,1,1,0,0,0,0,0,0,1,1,0,0,0,0,0,0,1,1,0,0,0,0,0,0,1,0,0,0,0
1558_7654b228.jpg,Train,0,0,0,0,0,0,0,0,0,0,1,0,0,0,0,0,0,1,1,1,1,0,1,0,0,1,1,1,1,1,1,0,1,1,1,1,1,1,1,1,0,1,1,1,1,1,1,1,1,1,1,1,1,1,1,1,0,1,1,1,1,1,1,1
1559_9c182cb4.jpg,Train,0,0,0,0,0,0,0,0,0,0,1,0,0,0,0,0,0,0,0,0,1,0,0,0,0,0,0,1,1,0,0,0,0,0,0,1,1,0,0,0,0,0,0,1,1,6,0,0,0,0,0,1,1,0,0,0,0,0,0,0,0,0,0,0
1560_2b1d00d1.jpg,Test,0,0,0,3,0,0,0,0,0,0,0,0,0,0,0,0,0,6,0,0,0,0,0,0,0,6,6,0,3,3,0,0,0,6,6,0,0,0,0,0,0,6,0,0,0,0,0,0,0,0,0,0,0,0,0,0,0,0,0,0,0,0,0,0
1561_037adff7.jpg,Test,0,0,0,0,0,0,0,0,0,0,0,0,0,0,0,2,6,0,0,2,1,6,0,2,0,0,3,0,1,1,6,0,0,0,0,0,1,1,6,6,3,0,0,6,0,1,6,6,0,0,0,0,1,0,6,6,6,0,2,0,0,0,0,0
1562_d4afa677.jpg,Test,0,0,0,0,0,0,0,0,0,0,0,0,6,0,0,0,0,0,0,0,0,0,0,0,0,0,0,2,6,0,0,0,0,0,0,0,6,0,0,0,0,0,0,0,6,3,3,0,0,0,0,0,2,0,0,0,0,0,0,0,0,0,0,0
1563_bf52ea05.jpg,Test,0,0,0,0,0,0,0,0,0,0,0,3,0,0,0,0,0,3,1,1,1,0,0,0,0,0,1,1,1,0,0,0,0,0,1,1,1,0,0,0,0,0,1,1,1,0,0,3,0,0,1,1,0,0,0,0,0,0,0,0,0,0,0,0
1564_773496a1.jpg,Train,0,0,0,0,0,0,0,0,0,0,0,1,0,1,0,0,0,0,1,1,1,1,1,0,0,0,1,1,1,1,1,0,0,0,1,1,1,1,0,0,0,0,1,1,1,1,0,0,0,0,1,1,1,1,0,0,0,0,0,0,0,0,0,0
1565_48ec31be.jpg,Train,0,0,0,0,0,0,0,0,0,0,0,0,0,0,0,0,0,0,0,0,1,1,0,0,0,0,6,6,1,1,0,0,0,0,6,6,1,1,0,0,0,5,6,6,1,1,0,0,0,0,6,6,1,1,0,0,0,0,0,0,0,0,0,0
1567_5f545c65.jpg,Train,0,0,0,0,0,0,0,0,0,0,0,3,0,0,0,0,0,0,0,0,0,0,0,0,0,0,0,0,0,6,6,6,0,0,0,6,6,0,0,0,1,1,1,0,0,5,0,0,0,0,0,0,0,0,0,0,0,1,0,0,0,0,0,0
1568_d8b59f73.jpg,Train,0,0,0,0,0,0,0,6,0,0,0,3,0,0,0,0,0,0,0,6,6,0,0,0,0,0,0,6,6,0,0,0,0,0,0,6,6,0,0,0,0,6,3,6,6,0,0,0,0,0,0,3,0,0,0,0,0,0,0,0,0,0,0,0
1569_9028289b.jpg,Train,0,0,0,0,6,0,0,0,0,0,0,1,1,0,0,0,0,0,0,1,6,6,0,0,0,0,0,1,6,0,0,0,0,0,0,1,6,0,0,0,0,0,1,1,6,0,0,0,0,0,1,1,0,0,0,0,0,0,1,1,1,1,1,0
1570_4973e509.jpg,Test,0,0,2,0,0,0,0,0,0,6,0,6,0,6,0,0,0,6,0,6,6,6,0,0,0,6,0,6,6,6,6,0,0,6,0,6,6,6,0,0,0,6,0,6,0,6,0,0,0,6,0,6,0,6,0,0,0,6,0,1,0,0,0,0
1571_92475101.jpg,Train,0,10,0,0,0,0,0,0,0,0,0,0,0,0,0,0,0,0,1,1,0,0,0,0,0,0,1,1,0,0,0,0,0,0,1,1,1,0,0,0,0,0,1,1,1,0,0,0,0,0,1,1,1,0,0,0,0,0,0,1,0,0,0,0
1572_6f79ef1f.jpg,Train,0,0,0,0,0,0,0,0,0,0,0,0,0,5,0,0,0,0,0,1,1,1,0,0,0,0,0,1,1,1,0,0,0,0,0,1,1,1,0,0,0,0,0,0,1,1,0,0,0,0,0,1,1,1,1,0,0,0,0,0,0,0,0,0
1573_9845b2eb.jpg,Train,0,0,0,4,4,0,0,0,0,0,0,0,4,0,0,9,0,9,9,0,1,1,0,0,7,7,7,0,1,1,1,0,0,9,7,0,1,1,1,0,7,9,7,6,0,0,0,6,0,9,7,0,0,8,0,6,0,0,7,0,0,0,0,6
1574_e83fb022.jpg,Train,0,0,0,0,0,0,0,0,6,0,8,0,0,0,0,0,0,0,1,0,6,0,0,0,0,0,1,0,6,6,0,0,0,0,1,6,6,6,0,0,0,0,1,6,6,6,0,0,0,0,0,6,0,0,0,0,0,0,0,0,0,0,0,0
1575_0c59b54f.jpg,Train,0,0,6,6,0,0,0,0,0,0,6,6,6,0,0,0,0,0,6,6,6,6,6,0,0,0,6,6,6,6,6,0,0,0,6,6,6,6,6,0,0,0,2,6,6,2,6,0,0,0,6,2,6,6,6,0,0,0,0,0,0,6,0,0
1576_0e590395.jpg,Test,0,0,0,0,0,0,0,0,0,1,9,4,1,0,0,0,0,0,1,1,1,0,0,0,0,0,1,1,1,1,0,0,0,0,1,1,1,1,0,0,0,1,1,1,1,1,0,0,0,0,1,0,1,1,0,0,0,0,0,10,0,0,0,0
1577_bc124932.jpg,Test,0,0,0,0,0,0,0,0,0,0,6,6,6,6,6,0,6,6,6,6,6,6,6,0,6,6,6,6,6,6,6,6,6,6,6,6,6,6,6,6,6,0,6,6,6,6,6,6,6,6,6,6,6,6,6,0,6,6,6,6,6,6,6,6
1578_0668a47d.jpg,Train,0,0,0,0,0,0,0,0,0,0,0,6,0,0,0,0,0,0,6,6,6,6,0,0,6,0,6,1,0,6,0,0,0,6,1,1,0,6,0,0,0,1,1,0,6,6,0,6,1,0,0,1,0,0,0,0,0,0,0,0,0,0,0,0
1579_33cf2e9f.jpg,Train,0,0,0,0,0,0,0,7,0,0,1,1,4,0,0,0,0,0,1,1,1,0,0,0,0,0,0,1,1,0,0,0,0,0,1,1,1,0,0,0,0,0,1,1,1,0,0,0,0,0,1,1,1,0,0,0,0,0,0,1,1,0,0,0
1580_2130b0c3.jpg,Train,0,0,0,0,0,0,0,0,0,0,0,0,0,0,0,0,0,1,1,1,1,0,0,0,0,1,1,1,1,1,0,0,0,1,1,1,1,1,0,0,6,1,1,1,1,0,0,0,0,1,1,1,1,0,0,0,0,0,0,0,0,0,0,0
1581_aa4a5181.jpg,Test,0,0,0,0,0,0,0,0,0,0,0,0,0,0,0,0,0,6,6,0,1,1,0,0,0,6,6,1,1,1,0,0,6,0,6,0,1,1,0,0,0,0,6,6,1,1,0,0,0,6,6,6,1,1,0,0,0,0,6,6,1,1,0,0
1582_c982460b.jpg,Test,0,0,0,0,0,0,0,0,0,0,0,0,0,0,0,0,6,5,1,0,0,1,0,0,0,0,1,0,6,0,0,0,0,3,1,6,6,0,0,0,0,0,1,6,6,0,0,0,0,6,0,0,0,5,0,0,0,0,0,0,0,0,0,0
1583_65e2197d.jpg,Test,0,0,0,0,0,0,0,0,0,0,0,0,0,0,0,0,0,0,0,0,0,0,0,0,0,0,0,0,6,0,0,0,0,0,0,0,6,6,6,0,0,0,0,0,6,6,6,0,0,0,0,0,5,0,5,0,0,0,0,0,0,0,0,0
1584_216b48df.jpg,Train,0,0,0,0,0,0,0,0,0,0,0,0,0,0,0,0,0,0,0,0,0,0,0,0,0,5,0,0,0,0,0,0,0,0,1,1,6,0,0,5,0,0,1,1,6,0,0,4,0,0,1,1,1,0,1,0,0,0,0,0,0,0,0,0
1585_94804c56.jpg,Train,0,0,0,0,0,0,0,0,0,0,1,1,0,6,0,0,0,0,1,1,0,1,0,0,0,0,1,1,1,0,0,0,0,0,1,1,0,0,0,0,0,1,1,1,0,0,0,0,0,0,1,1,0,0,0,0,0,0,0,0,0,0,0,0
1586_4b269c3e.jpg,Train,0,0,0,0,0,0,0,0,0,0,6,0,0,0,5,5,0,6,6,0,1,1,0,0,0,6,6,0,0,1,0,0,0,6,6,0,0,1,0,0,0,6,6,0,0,1,4,0,0,6,6,0,0,1,0,0,0,0,0,0,0,0,0,0
1587_f6e78b5e.jpg,Train,6,0,0,0,0,0,0,0,6,6,0,1,1,1,3,1,6,6,0,1,1,1,0,1,6,6,0,1,1,1,0,1,6,6,0,1,1,1,0,1,6,6,0,1,1,1,0,1,0,0,0,1,1,1,0,1,0,0,0,0,0,0,0,0
1588_ce1b501b.jpg,Test,0,0,0,0,0,0,0,0,0,0,0,1,0,0,0,0,0,0,0,1,1,1,0,0,0,0,0,1,0,1,0,0,0,0,0,1,1,1,0,0,0,0,0,1,0,1,0,0,0,0,0,1,0,1,8,0,0,0,0,0,0,0,0,0
1589_a103e31a.jpg,Test,0,0,0,0,0,0,0,0,0,0,0,1,0,9,0,0,0,0,1,1,1,1,0,0,0,0,1,1,1,1,0,0,0,0,1,1,1,1,0,0,0,0,1,1,1,1,0,3,0,0,1,1,1,1,0,0,0,0,0,0,0,0,0,0
1590_6d72e643.jpg,Train,0,0,0,0,0,0,0,0,0,4,4,3,3,0,0,0,4,4,4,3,3,0,0,0,4,4,4,3,3,0,0,0,4,4,4,3,3,0,0,0,4,4,4,3,3,0,0,0,4,0,4,3,3,0,0,0,0,0,0,0,0,0,0,0
1591_9c2963e9.jpg,Test,0,0,0,0,10,0,0,0,0,0,0,0,0,0,0,0,3,3,3,3,0,0,3,0,3,3,3,3,3,3,3,2,3,3,3,3,3,3,3,3,3,0,3,3,3,0,3,0,3,3,3,3,3,3,3,0,0,0,3,3,0,3,3,0
1592_ba4881c7.jpg,Train,0,0,0,0,0,0,0,0,0,0,0,0,0,0,0,0,0,0,0,3,3,0,0,0,0,0,0,3,3,3,0,0,0,0,0,3,3,2,0,3,0,0,0,3,3,0,0,0,0,0,0,0,3,0,0,0,0,0,0,0,0,0,0,0
1593_5d8d239c.jpg,Train,0,0,0,0,0,0,0,0,0,0,0,0,0,0,0,0,0,0,3,3,3,0,0,0,0,0,3,3,0,0,0,2,0,0,3,3,0,0,0,0,0,0,3,3,0,0,0,0,0,0,3,3,0,0,0,0,0,0,0,0,0,0,0,0
1594_53028868.jpg,Train,0,0,0,3,3,0,0,0,0,0,0,3,0,0,0,0,0,0,0,4,0,0,0,0,0,0,0,4,0,0,0,0,0,0,0,4,0,0,0,0,0,0,0,4,10,0,0,0,0,0,0,4,0,0,0,0,0,0,0,0,0,0,0,0
1595_d692965e.jpg,Train,0,0,3,0,0,0,0,0,0,3,3,3,0,3,3,3,0,3,3,3,3,3,3,0,0,3,0,3,3,3,3,0,0,3,0,3,3,3,3,0,0,3,3,3,0,0,3,0,0,0,0,3,0,3,3,0,0,0,0,0,0,0,0,0
1596_62c66afa.jpg,Test,7,0,2,0,0,0,0,0,7,0,3,2,0,0,0,0,0,2,3,4,4,4,0,0,0,0,3,4,4,4,0,0,0,0,3,0,4,4,0,0,0,0,2,0,7,4,0,0,0,0,3,0,8,0,0,0,0,0,0,0,0,0,0,0
1597_fa1d6bf5.jpg,Train,0,0,0,0,0,0,0,0,0,0,0,0,0,0,0,0,0,0,0,0,0,0,0,0,0,0,0,0,0,0,0,0,0,0,6,6,6,6,5,0,0,0,0,0,6,6,0,0,0,1,0,0,0,0,0,0,1,0,0,0,0,0,0,0
1598_ad8b0200.jpg,Test,0,0,0,0,0,0,0,0,0,0,0,0,0,0,6,0,0,0,0,0,4,0,3,0,0,0,0,0,4,0,0,3,0,10,0,4,4,0,3,0,0,0,0,0,0,0,0,0,0,0,0,0,0,0,0,0,0,0,0,0,0,0,0,0
1599_35d6c3cd.jpg,Train,0,0,0,0,0,0,0,10,9,0,0,0,0,0,0,0,9,0,0,0,7,0,0,0,0,0,0,0,0,0,0,10,0,9,0,0,0,6,0,0,0,0,0,6,6,0,0,0,0,0,8,6,6,0,0,0,0,0,0,0,6,0,0,0
1600_062707e9.jpg,Train,0,0,0,0,0,0,0,0,0,0,0,3,3,3,0,0,0,0,0,3,3,3,0,0,0,0,0,3,0,3,0,0,2,3,3,3,0,3,3,3,0,3,2,3,2,3,0,0,0,0,3,3,3,3,2,0,0,0,0,0,0,0,0,0
1601_33c07ae2.jpg,Train,4,4,0,0,0,0,0,0,0,0,0,0,0,0,0,0,0,0,0,0,0,5,5,0,0,0,0,0,4,0,9,0,2,0,0,5,4,4,0,0,0,0,4,0,4,0,0,0,0,0,0,0,4,0,0,0,0,0,0,0,0,0,0,0
1602_b563be69.jpg,Train,0,0,0,0,0,0,0,0,0,0,0,0,0,0,0,0,0,0,0,3,3,0,3,9,0,0,3,3,3,0,3,3,0,0,3,3,0,0,6,3,0,0,3,3,3,3,3,6,0,0,6,6,3,3,3,6,0,0,3,0,3,0,3,0
1603_5a859794.jpg,Train,0,0,0,0,0,0,0,0,0,0,0,0,0,0,0,0,0,0,8,3,0,0,3,0,3,0,3,3,0,0,0,0,3,3,3,3,3,3,3,0,0,0,3,3,0,0,3,0,0,0,0,3,0,0,0,0,0,0,0,0,0,0,0,0
1604_72b84c39.jpg,Train,0,0,3,0,0,8,0,0,0,3,3,3,3,0,3,0,3,3,3,3,3,3,3,3,3,3,3,3,3,3,3,3,3,3,3,3,3,3,3,3,3,3,3,3,3,3,3,3,3,3,3,3,3,3,3,3,3,3,3,3,3,3,3,3
1605_98333168.jpg,Train,0,0,7,0,3,0,0,4,0,0,0,0,4,0,0,0,4,0,4,0,3,3,4,0,7,0,0,7,3,3,3,0,0,0,0,7,3,3,6,6,6,6,0,0,6,3,6,6,6,0,0,0,6,3,6,0,0,0,0,0,0,3,10,0
1606_641d5c6d.jpg,Test,0,0,0,0,0,0,0,0,0,0,0,0,0,6,0,0,0,3,0,3,3,0,0,0,6,3,0,3,3,2,0,0,0,2,0,3,3,0,3,0,0,10,0,0,0,10,0,0,8,0,0,0,0,0,0,0,0,0,0,0,0,0,0,0
1607_01697c6c.jpg,Train,0,0,3,0,3,0,0,0,0,0,0,9,0,0,0,0,4,4,0,0,4,0,0,3,4,0,0,4,4,0,0,3,0,0,0,4,0,6,0,0,0,0,0,0,0,0,0,0,3,0,0,6,0,0,0,0,0,0,0,0,0,0,0,0
1608_6c513ea6.jpg,Train,0,0,0,0,0,0,0,0,0,0,4,4,3,3,0,0,0,0,4,4,3,3,0,0,4,0,4,4,3,5,5,0,0,0,4,4,3,3,0,0,0,4,4,4,0,3,0,0,0,4,4,4,0,3,5,0,0,0,0,0,0,0,0,0
1609_e40725d1.jpg,Train,0,0,2,0,0,0,0,0,0,0,0,0,0,0,0,0,0,4,4,0,4,0,4,4,0,4,4,4,4,2,4,4,2,4,4,4,4,0,4,4,0,4,4,4,4,0,4,4,0,4,4,4,4,0,4,4,2,0,4,0,0,0,0,0
1610_866faedb.jpg,Train,0,0,0,0,0,0,0,0,3,0,0,6,0,0,3,0,0,0,0,3,0,0,0,0,0,0,0,0,6,0,0,0,0,0,0,6,3,0,0,0,0,8,0,0,6,0,8,0,0,0,0,0,0,0,0,0,0,0,0,0,0,0,0,0
1611_a78da404.jpg,Train,3,3,0,3,0,0,3,0,4,0,0,0,0,0,3,0,4,3,4,4,4,4,0,0,4,0,4,4,4,4,3,0,4,0,4,4,4,4,0,0,4,0,4,4,4,4,0,0,0,0,0,0,0,0,0,0,0,0,0,0,0,0,0,0
1612_1476cfb1.jpg,Train,0,0,0,0,0,0,0,0,0,0,0,0,3,0,0,2,0,0,0,0,0,3,0,0,0,0,0,0,0,3,3,0,0,0,0,3,0,3,3,0,0,0,0,6,0,3,3,0,0,0,0,6,0,3,3,0,0,0,0,0,0,0,0,0
1613_4761cf0b.jpg,Test,0,0,0,0,0,0,0,0,0,0,0,0,0,0,0,0,0,0,3,3,3,0,3,0,0,0,3,3,0,0,3,3,0,0,3,0,2,0,3,0,0,0,3,9,8,0,3,0,0,0,3,0,0,0,3,0,0,0,0,0,0,0,0,0
1614_f909eda0.jpg,Train,0,2,0,0,6,0,0,0,0,0,0,0,0,0,0,0,0,0,0,6,0,0,0,0,0,0,0,6,6,0,0,0,2,0,0,6,0,0,0,0,0,6,0,6,0,2,6,0,3,6,0,6,3,2,6,0,0,0,0,0,0,0,0,0
1615_3e5bf758.jpg,Test,0,0,0,0,0,0,0,0,0,0,0,0,0,0,0,0,0,0,0,0,3,0,0,0,0,0,4,0,0,0,0,0,0,4,4,0,3,3,0,0,0,4,0,0,0,0,0,0,0,4,0,0,0,0,0,0,0,0,0,0,0,0,0,0
1616_7ef07f4a.jpg,Train,0,0,0,0,0,0,0,0,0,3,3,3,3,3,0,0,2,3,3,3,3,3,0,0,0,3,3,3,3,3,3,0,0,3,3,0,3,3,3,0,2,3,3,3,3,3,0,0,3,3,3,3,3,3,0,0,0,0,0,0,0,0,0,0
1617_2f748cb9.jpg,Test,0,0,2,2,0,2,0,0,0,0,0,5,0,0,2,0,0,0,0,3,0,0,0,2,0,0,3,3,0,0,0,0,0,0,3,3,0,0,0,0,0,9,0,3,0,0,0,0,0,0,9,3,0,0,0,0,0,0,0,0,0,0,0,0
1618_771ea422.jpg,Train,0,0,0,0,3,0,0,0,0,0,0,0,0,0,0,0,0,0,3,3,3,0,0,0,0,0,3,0,0,0,0,0,0,0,3,3,3,3,0,0,0,0,3,3,3,3,3,0,0,0,10,10,3,3,3,5,0,0,0,0,0,0,0,0
1619_8b5462e0.jpg,Train,0,0,0,0,0,0,0,0,0,0,0,4,4,0,0,0,0,0,3,4,4,0,0,0,0,0,0,4,4,0,0,0,0,0,0,4,4,0,0,0,0,0,0,4,4,0,0,0,0,0,0,4,0,0,0,0,0,0,0,0,4,0,0,0
1620_365ada3d.jpg,Train,0,0,0,0,0,0,0,0,0,0,0,3,3,3,0,0,0,0,0,3,3,3,0,0,0,0,0,3,3,3,0,0,0,0,0,3,3,3,0,0,0,0,0,3,3,3,0,0,0,0,0,0,0,0,0,0,0,0,0,0,0,0,0,0
1621_9b4cc895.jpg,Train,0,0,0,0,0,0,0,0,0,0,0,3,3,0,0,0,0,0,0,3,0,0,0,0,0,0,2,3,3,0,3,0,0,0,3,3,3,0,0,0,0,2,3,3,3,0,0,0,0,0,2,3,3,0,0,0,3,3,0,3,3,0,0,0
1622_37923053.jpg,Train,0,0,0,0,0,0,0,0,0,0,0,0,0,3,3,0,0,0,0,0,3,3,3,3,3,0,3,3,3,3,3,3,3,3,3,3,3,3,3,3,3,3,3,3,3,3,3,3,3,3,3,6,3,3,0,0,0,0,0,0,0,0,0,0
1623_2a7ffae9.jpg,Train,0,0,0,0,0,0,0,0,0,0,0,0,0,0,0,0,0,0,3,3,3,3,3,0,0,0,3,3,3,3,0,0,0,0,3,3,3,3,0,0,0,0,3,3,3,3,0,0,0,0,0,0,0,0,0,0,0,0,0,0,0,0,0,0
1624_90453009.jpg,Train,0,0,0,0,0,0,0,0,0,0,3,3,0,0,0,0,0,3,3,3,0,0,0,0,3,3,3,3,0,0,0,0,0,3,3,3,0,0,0,0,0,3,3,3,0,0,0,0,0,3,3,3,0,0,0,0,0,0,0,0,0,0,0,0
1625_64e6011c.jpg,Train,0,0,0,0,0,0,0,2,0,0,0,0,3,0,0,0,0,0,0,0,3,0,0,0,0,0,0,0,3,0,0,0,0,0,0,0,3,0,0,3,0,0,0,3,3,0,0,0,0,0,0,3,3,3,0,0,0,0,0,0,0,0,0,0
1626_1919592a.jpg,Train,0,0,0,0,0,3,0,0,0,0,0,0,0,0,0,0,0,4,4,0,0,0,4,3,0,4,4,3,3,3,4,3,3,0,3,3,3,3,3,3,3,3,3,0,3,0,4,0,0,0,0,0,0,0,0,0,0,0,0,0,0,0,0,0
1627_13a8b525.jpg,Test,4,0,0,0,4,0,4,0,0,0,0,0,0,0,0,0,0,0,0,1,0,4,4,0,0,1,1,0,6,4,4,4,0,6,6,6,0,4,4,4,6,0,6,6,0,0,0,0,0,0,0,0,6,0,0,6,0,0,6,6,6,4,4,4
1628_3ade7706.jpg,Train,0,0,4,4,4,0,0,0,0,0,4,4,4,0,0,0,0,0,4,0,4,0,0,0,0,0,4,4,4,0,0,0,0,0,4,4,4,0,0,0,0,0,4,4,4,0,0,0,0,0,0,4,0,0,0,0,0,0,0,0,0,0,0,0
1629_12e35d9b.jpg,Train,0,0,0,0,0,4,4,0,0,0,0,4,0,0,0,0,0,0,4,4,4,0,0,0,0,0,4,4,4,2,6,2,0,0,4,4,4,0,0,0,0,4,4,4,4,0,4,0,0,0,4,4,4,0,0,0,0,0,0,0,0,0,0,0
1630_0acc5618.jpg,Test,0,0,0,0,3,0,4,0,0,0,0,0,4,4,0,0,3,0,4,4,4,4,4,0,4,4,4,4,4,4,4,0,4,4,4,4,4,4,4,7,0,4,4,4,4,4,4,0,0,4,4,4,4,4,4,0,0,0,0,4,0,0,0,0
1631_41de7ed0.jpg,Train,0,0,0,0,0,0,0,0,0,0,0,0,0,0,3,0,0,0,4,0,4,0,3,0,0,0,4,4,4,0,3,0,0,0,4,4,4,0,3,0,0,0,4,4,4,3,3,0,0,4,4,0,4,4,3,0,0,0,0,0,0,0,0,0
1632_1b612524.jpg,Test,0,0,0,0,0,0,0,0,0,0,0,0,2,4,0,0,0,0,0,0,4,4,0,0,0,0,0,0,4,4,0,0,0,0,0,0,4,4,0,0,0,5,0,0,4,0,0,0,0,0,0,0,0,0,0,0,0,0,0,0,0,0,0,0
1633_18c2f768.jpg,Train,0,0,0,0,0,0,0,0,4,4,0,3,0,0,0,0,4,4,0,4,4,0,3,3,4,4,0,4,4,0,3,3,4,4,0,4,4,0,3,3,4,4,0,4,4,0,0,3,4,4,0,0,4,0,3,3,0,0,0,0,0,0,3,3
1634_5fb6f765.jpg,Train,0,0,0,0,0,0,0,0,0,3,3,0,0,0,0,0,0,3,3,0,0,0,0,0,0,3,3,3,3,3,3,0,2,3,3,3,3,3,3,3,0,3,3,3,3,3,3,3,0,3,3,3,3,3,3,0,0,3,3,3,3,3,3,2
1635_35b9781e.jpg,Train,0,0,2,0,0,0,0,0,0,0,3,3,2,3,0,0,0,3,3,3,3,3,0,0,0,0,3,3,3,3,0,0,0,0,3,3,3,3,0,0,0,3,3,3,3,3,0,0,0,3,3,3,3,3,0,0,0,0,3,0,5,0,0,0
1636_e4e018be.jpg,Train,0,0,0,0,0,0,0,0,0,0,0,4,4,4,2,0,0,0,0,4,4,0,4,0,0,0,0,4,4,4,4,0,0,0,0,4,4,4,4,0,0,0,0,4,4,4,4,0,0,5,0,4,4,4,4,0,0,0,0,0,0,0,0,0
1637_6d72e643.jpg,Train,0,0,0,0,0,0,0,0,0,4,4,3,3,0,0,0,4,4,4,3,3,0,0,0,4,4,4,3,3,0,0,0,4,4,4,3,3,0,0,0,4,4,4,3,3,0,0,0,4,0,4,3,3,0,0,0,0,0,0,0,0,0,0,0
1638_a7ac04e7.jpg,Train,0,0,0,0,0,0,0,0,0,3,3,3,3,3,3,0,0,3,0,3,3,3,3,0,0,3,0,3,3,3,3,0,0,3,0,3,3,3,3,0,0,3,3,3,3,3,3,0,0,3,3,3,3,3,3,0,4,6,1,0,0,0,0,0
1639_4180d2a5.jpg,Test,0,0,3,0,0,2,0,0,0,0,0,0,4,3,0,0,0,0,0,0,4,4,0,0,0,0,0,0,4,0,0,0,0,0,0,0,4,0,0,0,0,0,0,0,0,0,0,0,0,0,0,0,0,0,0,0,0,0,1,1,0,0,0,0
1640_53d6f495.jpg,Test,0,0,0,0,3,0,0,0,0,0,0,0,0,0,0,0,0,0,0,0,0,0,0,0,4,0,3,4,0,4,0,0,4,0,0,4,0,4,4,4,0,0,0,4,4,4,4,4,0,0,0,0,0,0,4,4,0,0,0,0,0,0,0,0
1641_8ff330a7.jpg,Train,0,0,0,0,0,0,0,0,0,3,3,3,0,0,4,0,0,3,3,3,3,4,4,0,0,3,3,3,0,0,4,4,0,3,3,3,0,4,4,4,0,3,3,3,0,4,4,0,0,3,3,3,0,4,4,4,0,0,0,0,0,0,0,0
1642_5518f6b6.jpg,Test,0,0,0,0,0,0,0,0,0,0,0,8,0,0,0,0,0,0,0,0,0,0,0,0,0,0,0,6,0,0,0,0,0,0,0,0,0,0,0,0,0,0,0,3,2,0,0,0,0,0,0,0,0,0,0,0,0,0,0,0,0,0,0,0
1643_0abda700.jpg,Train,0,0,0,4,0,0,0,0,5,0,0,0,5,5,5,5,0,0,0,0,0,5,5,0,2,0,0,0,4,0,0,0,6,0,0,0,4,0,0,0,0,0,0,0,4,10,0,0,0,0,6,0,4,0,0,0,0,0,0,0,0,0,0,0
1644_58e5e41f.jpg,Test,0,0,0,0,0,0,0,0,3,0,4,0,0,4,0,0,4,0,4,4,4,4,0,4,7,4,4,4,4,4,4,4,4,4,4,4,4,4,4,4,4,4,4,4,4,4,4,4,4,4,4,4,4,4,4,4,0,7,0,0,0,0,0,0
1645_fbb500bd.jpg,Train,0,0,0,4,0,0,0,0,3,3,0,4,4,4,0,0,3,0,0,4,4,4,0,0,3,3,0,4,4,4,0,0,0,3,0,4,4,4,3,0,3,0,0,4,4,4,0,0,0,0,0,4,4,4,0,0,0,0,0,0,0,0,0,0
1646_6ce5fe17.jpg,Train,0,0,0,0,0,0,0,0,0,0,0,0,3,0,0,0,0,0,4,0,3,3,0,2,0,0,4,4,3,3,0,0,0,0,4,4,3,3,0,0,0,0,4,4,3,3,0,0,0,0,0,4,3,3,0,0,0,0,0,0,0,0,0,0
1647_802d657f.jpg,Train,0,0,0,0,0,0,0,0,0,4,0,0,0,4,4,4,0,4,0,4,4,4,4,4,0,4,4,4,0,4,4,4,2,4,0,4,0,0,4,4,0,4,0,4,4,4,4,8,0,4,0,8,0,0,4,4,0,0,0,0,0,0,10,10
1648_8b5462e0.jpg,Train,0,0,0,0,0,0,0,0,0,0,0,4,4,0,0,0,0,0,3,4,4,0,0,0,0,0,0,4,4,0,0,0,0,0,0,4,4,0,0,0,0,0,0,4,4,0,0,0,0,0,0,4,0,0,0,0,0,0,0,0,4,0,0,0
1649_1578b711.jpg,Test,0,0,0,0,0,0,0,0,0,0,0,0,0,0,0,0,0,0,0,3,0,3,0,0,0,0,2,5,3,3,0,0,0,0,0,3,3,3,3,0,2,0,0,3,0,3,3,0,0,0,3,3,2,3,0,0,0,0,0,0,0,0,0,0
1650_fb748be6.jpg,Train,0,3,0,0,3,0,0,0,0,0,0,0,7,0,0,3,3,3,0,3,3,0,0,0,3,3,0,3,3,0,0,0,3,3,3,3,3,0,0,3,3,3,3,3,0,0,0,0,3,3,3,3,3,0,0,0,0,3,0,0,0,0,0,0
1651_7355f754.jpg,Train,0,0,0,0,2,0,0,0,3,0,3,3,0,0,0,3,3,3,3,0,3,0,0,10,0,0,4,0,4,3,0,3,3,3,3,0,3,3,0,0,3,3,3,4,0,0,3,0,4,3,4,4,4,4,4,7,0,0,0,0,0,0,0,0
1652_6f9f5a17.jpg,Train,0,0,0,0,0,0,0,0,3,6,3,3,3,0,0,0,3,3,3,3,3,3,3,3,3,3,3,3,3,3,3,3,3,3,3,3,3,3,3,3,3,3,3,3,3,3,3,3,3,3,3,3,3,3,3,3,0,3,0,0,3,3,3,3
1653_f86cec53.jpg,Train,0,0,0,0,0,0,0,4,0,0,0,0,0,4,0,0,0,3,0,0,0,4,4,0,0,4,0,0,0,4,4,4,0,0,0,10,0,4,4,4,0,6,0,0,0,4,4,4,0,6,6,6,0,4,4,6,0,6,6,0,0,0,4,6
1654_d9a380cb.jpg,Train,0,0,0,0,0,0,0,0,0,0,0,0,0,0,0,0,0,4,4,4,0,0,0,0,3,4,4,0,0,0,0,0,0,4,4,4,4,0,0,0,0,4,4,4,4,0,0,0,0,4,4,4,0,0,0,0,0,0,0,0,0,0,0,0
1655_35e422fd.jpg,Train,0,3,0,0,0,7,0,0,7,7,0,0,4,0,0,3,3,0,8,3,3,0,0,0,0,0,0,3,7,0,0,0,3,4,0,3,3,4,3,3,0,0,8,3,3,0,0,0,0,0,3,3,3,0,0,0,0,0,3,0,3,0,0,0
1656_cc599ada.jpg,Test,0,4,0,0,0,4,0,0,0,0,0,0,0,0,4,0,0,1,4,0,0,4,4,0,4,0,0,0,4,4,4,0,0,0,0,0,4,4,4,0,0,0,6,0,4,4,4,0,6,6,0,0,6,0,6,6,6,6,0,0,6,4,0,0
1657_eef5d404.jpg,Train,0,0,0,3,3,0,0,0,0,0,0,3,0,0,0,0,0,0,0,0,4,4,0,0,0,0,0,0,4,4,0,0,0,0,0,0,4,4,0,0,0,0,0,0,4,4,0,0,0,0,0,0,4,0,0,0,0,0,0,0,1,0,0,0
1658_66973228.jpg,Train,0,0,3,0,0,0,0,0,0,4,4,4,4,0,0,0,0,4,4,4,4,4,0,0,0,4,4,4,4,0,0,0,0,4,0,4,4,0,0,0,0,4,4,4,4,0,0,0,0,4,4,4,4,0,0,0,0,0,0,0,0,0,0,0
1659_f29c5bdb.jpg,Train,0,0,0,0,0,0,0,0,0,0,0,3,3,0,0,0,0,0,0,3,3,0,0,0,0,0,0,3,3,0,0,0,0,0,2,3,3,0,0,0,0,0,0,3,3,0,0,0,0,0,0,3,3,0,0,0,0,0,0,0,0,0,0,0
1660_9651668c.jpg,Train,0,0,0,0,7,0,0,0,0,0,4,4,3,3,2,0,0,0,4,4,3,3,0,0,0,0,4,4,4,3,0,3,0,0,4,4,4,0,0,0,0,0,0,4,4,0,0,0,0,10,0,4,4,4,3,0,0,0,4,4,4,4,0,0
1661_508ac4dc.jpg,Train,0,0,0,0,0,0,0,0,0,0,4,0,4,0,0,0,0,4,4,4,4,3,3,0,0,4,4,4,4,3,3,0,0,0,4,4,4,3,3,0,0,0,4,4,0,3,3,0,0,0,4,4,8,0,0,0,0,0,0,0,0,0,0,0
1662_d644b70c.jpg,Train,0,0,0,0,0,0,0,0,0,4,0,0,0,0,0,0,0,4,0,0,0,0,0,0,2,4,0,4,0,0,0,3,0,4,4,4,0,0,0,6,0,0,4,4,0,0,0,2,0,0,0,0,0,0,0,6,0,0,0,0,0,0,0,0
1663_fb925b52.jpg,Train,0,0,0,0,0,0,0,0,0,0,4,4,4,4,0,0,0,0,4,4,4,4,4,0,0,0,4,4,4,4,4,0,0,0,4,4,4,4,4,0,0,0,4,4,4,4,4,0,0,0,0,0,0,0,0,0,0,0,0,0,0,0,0,0
1664_58841ea8.jpg,Test,0,0,0,0,0,0,0,0,0,0,0,2,0,0,0,0,0,0,0,0,0,4,0,0,0,0,0,3,4,4,0,0,0,0,0,3,4,4,0,0,0,0,0,0,4,4,0,0,0,0,0,0,4,4,0,0,0,0,0,0,0,0,0,0
1665_6fbd567a.jpg,Test,0,0,0,0,0,0,0,0,0,0,3,0,0,0,0,0,0,0,3,3,0,3,0,0,0,0,3,3,3,3,0,0,3,2,3,3,0,3,0,0,0,0,0,5,0,3,0,0,0,0,0,2,0,0,0,0,0,0,0,0,0,0,0,0
1666_280d0bd7.jpg,Test,0,0,0,0,0,0,0,0,0,0,0,0,4,4,4,0,0,0,0,0,4,4,4,4,0,3,0,3,3,4,4,4,3,0,3,3,3,4,4,4,0,3,0,3,4,4,4,4,0,0,0,3,4,4,4,4,0,0,0,6,4,4,0,0
1667_966e0dfe.jpg,Test,0,0,0,0,0,0,0,0,0,0,0,0,0,0,0,0,0,0,3,0,0,0,0,0,0,0,0,0,3,0,0,0,0,3,9,0,0,0,0,0,0,0,3,1,0,0,0,0,4,0,0,0,0,0,0,0,0,0,0,0,0,0,0,0
1668_281ca1a1.jpg,Train,0,0,0,3,0,0,0,0,0,0,0,4,4,4,0,0,0,0,4,4,4,4,4,0,0,0,0,4,4,4,4,0,0,0,4,4,4,4,4,0,0,0,4,4,4,4,4,0,0,0,4,4,4,4,4,0,0,0,0,0,4,0,0,0
1669_4a9a4f03.jpg,Test,3,0,7,3,0,0,0,0,7,0,0,0,4,2,0,0,0,6,4,4,4,4,0,0,6,6,4,4,4,0,0,0,0,0,0,4,4,0,0,0,0,0,0,4,4,0,0,0,0,0,0,4,4,4,0,0,0,0,0,0,0,0,0,0
1670_63c09927.jpg,Train,0,0,0,0,0,0,0,0,0,0,0,3,0,4,0,0,0,0,4,0,4,4,0,0,0,0,4,4,0,4,4,0,0,0,4,4,4,4,0,4,0,0,4,0,0,4,4,4,1,0,4,4,4,4,0,0,0,0,0,0,0,0,0,0
1671_ac2c7baf.jpg,Train,0,0,0,0,0,0,0,0,0,0,4,4,0,0,0,0,0,0,4,4,4,0,0,0,0,0,4,4,0,0,0,0,0,0,4,4,0,0,0,0,0,0,4,4,4,0,0,0,0,0,4,4,0,0,0,0,0,0,0,0,0,0,0,0
1672_16b4f428.jpg,Train,0,0,3,0,0,0,0,0,0,0,4,0,3,3,3,0,0,0,4,4,0,3,0,0,0,0,4,4,3,3,3,0,0,0,4,4,3,3,3,0,0,0,4,4,3,3,5,0,0,0,4,4,3,0,1,0,0,0,4,4,3,0,0,0
1673_a22cf904.jpg,Test,0,0,0,0,0,0,0,0,0,0,0,0,0,0,0,0,0,0,4,4,0,0,0,0,0,0,4,4,0,0,0,3,0,0,0,0,5,2,0,0,0,0,4,0,0,3,0,0,0,0,0,0,0,0,0,0,0,0,0,0,0,0,0,0
1674_08ccd1e5.jpg,Train,3,3,0,3,0,0,0,0,3,3,0,3,3,3,3,0,3,3,3,3,3,3,3,3,3,3,3,3,0,3,3,0,3,3,3,3,3,3,0,0,3,3,3,0,3,3,3,0,3,3,9,0,0,6,3,0,0,0,0,0,0,0,0,0
1675_ca7e0ec0.jpg,Train,0,0,0,3,0,3,0,0,3,0,0,0,3,0,0,3,0,0,0,0,0,3,4,6,10,0,4,4,4,0,4,3,0,0,4,0,4,0,4,0,0,0,4,4,4,4,4,0,0,0,4,0,4,0,0,0,0,0,0,0,0,0,0,0
1676_ed7e831c.jpg,Train,0,0,0,3,0,0,0,3,0,0,0,3,0,3,3,0,0,4,4,0,3,0,3,0,0,4,4,4,3,0,0,0,0,4,4,0,3,0,0,0,0,4,4,0,3,0,0,0,0,4,4,0,3,0,0,0,0,0,0,0,0,0,0,2
1677_9a0bb745.jpg,Train,0,0,0,0,0,0,0,0,0,0,0,3,0,0,0,0,0,0,0,6,0,0,0,0,0,0,0,6,6,0,0,0,0,0,0,0,3,0,0,0,0,0,0,3,0,0,0,0,0,0,5,0,0,0,0,0,0,0,0,0,0,0,0,0
1678_79c785da.jpg,Train,0,0,0,0,0,0,0,0,0,0,0,0,0,0,0,0,0,0,3,3,0,0,4,4,0,0,3,3,0,0,4,4,0,0,3,3,0,0,4,4,0,0,3,3,0,0,4,4,0,0,3,3,0,0,4,4,0,0,3,3,0,0,4,4
1679_696ed9cd.jpg,Train,0,0,0,0,0,0,0,0,2,2,0,3,0,3,6,0,0,4,4,0,4,3,3,3,9,4,4,3,4,3,3,3,3,0,4,3,4,3,3,3,3,4,4,3,4,3,3,3,0,0,0,0,4,0,0,0,0,0,0,0,0,0,0,0
1680_c88b7c5b.jpg,Test,0,0,2,0,0,0,0,0,0,0,3,0,4,0,0,0,0,0,0,4,0,0,0,0,0,0,4,4,0,0,0,0,3,0,4,4,0,0,0,0,0,0,4,4,0,0,0,0,0,4,4,0,4,0,0,0,0,0,0,0,0,0,0,0
1681_2a7f9794.jpg,Train,0,0,0,0,0,0,0,0,0,4,4,4,4,0,0,4,4,4,4,4,4,4,4,4,4,4,4,4,4,4,4,4,0,4,4,4,4,4,4,0,4,0,4,0,4,4,4,4,0,4,4,4,0,4,8,10,0,0,0,10,10,0,0,0
1682_25893217.jpg,Train,0,0,0,0,0,0,0,0,0,0,0,0,0,0,0,0,0,0,0,3,3,0,0,0,0,0,0,3,3,0,0,0,0,0,0,3,3,0,0,0,0,0,0,3,0,0,0,0,0,0,0,3,3,0,6,0,0,0,0,0,0,0,0,0
1683_03853246.jpg,Test,0,0,0,0,4,0,7,0,0,0,7,7,0,0,7,7,0,0,1,0,0,6,0,1,0,0,1,0,4,4,0,0,0,0,0,4,4,4,4,4,0,0,0,4,4,4,4,7,0,0,0,4,4,4,0,0,0,0,0,0,4,4,4,0
1684_32e4f2a5.jpg,Train,0,0,0,0,0,0,0,0,0,4,4,0,4,4,0,0,0,4,4,3,4,4,0,0,0,0,4,0,4,4,0,0,0,4,4,3,4,4,0,0,0,4,4,0,4,4,0,0,0,4,4,0,4,4,0,0,0,0,0,0,4,0,0,0
1685_f4b0cece.jpg,Test,0,0,0,0,0,0,0,0,0,0,0,3,3,0,0,0,3,0,0,3,0,0,0,0,4,0,0,3,3,0,0,0,0,0,0,3,0,0,0,0,0,0,3,0,0,0,0,0,0,0,3,0,0,0,0,0,0,0,0,0,0,0,0,0
1686_dc0c5a65.jpg,Train,0,0,0,0,0,0,0,0,0,0,0,0,0,0,0,0,0,0,0,4,4,0,0,0,0,0,4,4,4,0,0,0,0,0,0,4,4,0,0,0,0,0,4,4,0,0,0,0,0,0,4,4,4,0,0,0,0,0,0,0,0,0,0,0
1687_a222f497.jpg,Test,0,0,3,0,0,0,0,0,3,0,0,0,0,0,0,0,0,0,3,3,0,3,0,0,3,0,5,3,3,5,0,0,4,0,0,3,3,3,0,0,0,0,9,9,3,9,0,0,0,0,9,9,0,9,0,0,0,0,0,0,0,0,0,0
1688_280d0bd7.jpg,Train,0,0,0,0,0,0,0,0,0,0,0,0,4,4,4,0,0,0,0,0,4,4,4,4,0,3,0,3,3,4,4,4,3,0,3,3,3,4,4,4,0,3,0,3,4,4,4,4,0,0,0,3,4,4,4,4,0,0,0,6,4,4,0,0
1689_4ffb6e04.jpg,Test,0,2,0,0,0,0,0,0,0,2,0,0,0,0,0,0,0,0,0,0,0,0,0,8,0,0,0,0,3,0,0,8,0,2,7,0,3,3,0,0,0,0,0,0,3,3,0,0,0,0,0,0,3,0,0,0,0,0,3,0,0,3,0,0
1690_b180a38d.jpg,Train,0,0,0,0,0,0,0,0,0,0,3,0,0,0,0,0,0,0,3,3,3,0,0,0,0,0,0,3,3,0,0,0,0,3,0,3,3,0,0,0,0,0,0,3,3,3,0,0,0,0,0,3,3,0,8,0,0,0,0,0,0,0,0,0
1691_0872e8ab.jpg,Train,0,0,0,0,0,0,0,0,0,0,0,0,0,0,0,0,0,0,4,4,4,0,0,0,0,4,0,4,4,0,0,0,0,0,4,4,4,0,0,0,0,4,4,4,4,0,0,0,0,0,4,4,4,0,0,0,0,0,0,0,0,0,0,0
1692_d2662bbd.jpg,Train,0,0,0,0,3,0,0,0,0,0,0,0,0,0,0,0,0,0,3,0,0,0,0,0,3,0,3,3,3,3,3,3,3,8,3,0,3,3,3,0,0,0,3,3,3,3,3,0,0,0,3,3,3,3,3,0,8,0,3,3,0,3,0,0
1693_ba02441a.jpg,Train,0,0,0,4,0,0,0,0,0,4,0,0,4,0,0,0,0,0,4,0,4,0,3,0,0,0,0,4,4,4,3,0,0,0,0,4,4,4,3,5,0,6,6,6,4,0,3,4,0,0,0,0,4,4,0,0,10,0,0,0,4,4,10,0
1694_a3e3b3af.jpg,Train,0,0,0,0,0,0,0,0,0,0,0,3,3,0,0,0,0,0,0,3,3,0,0,0,0,0,0,3,3,0,0,0,0,2,0,3,3,0,6,0,0,6,0,3,3,0,0,0,0,0,0,0,0,0,0,0,0,0,0,0,0,0,0,0
1695_9bdfa4fd.jpg,Train,0,0,0,0,0,0,0,0,0,0,0,3,0,0,0,0,0,0,0,3,0,0,0,0,0,0,0,3,3,0,0,0,0,0,0,3,3,0,0,2,0,0,0,3,3,0,0,0,0,0,0,3,3,0,0,0,0,0,0,0,0,0,0,0
1696_2107d512.jpg,Test,0,0,6,0,0,0,0,0,0,0,0,0,0,0,0,0,0,0,0,0,3,0,0,0,0,0,0,0,6,0,0,0,0,2,0,3,0,0,0,0,0,0,0,3,2,0,0,0,0,0,0,0,6,0,0,0,0,0,0,0,0,0,0,0
1697_76c7b5ed.jpg,Train,0,0,3,0,3,0,3,0,0,0,3,3,3,0,2,0,0,3,3,3,0,3,3,3,1,0,4,4,4,4,4,3,0,3,4,0,4,4,4,3,5,0,4,4,4,4,4,0,0,0,4,4,4,4,4,0,0,0,0,0,0,0,0,0
1698_bfcc9a75.jpg,Train,0,2,0,0,0,3,0,0,0,0,3,3,3,2,0,0,0,0,0,3,3,0,0,0,0,0,0,3,3,0,0,4,0,4,0,3,3,0,0,0,0,4,0,3,3,0,0,0,0,0,0,0,3,0,0,0,0,0,0,0,0,0,0,0
1699_ea220e91.jpg,Test,0,0,0,0,0,0,0,0,0,0,0,0,0,4,0,0,0,0,4,4,0,4,4,0,0,0,4,4,3,0,4,0,3,0,4,4,0,0,4,0,0,0,8,4,0,0,0,0,0,0,0,4,0,0,4,0,0,0,0,4,0,0,4,0
1700_821647c5.jpg,Test,0,0,0,0,0,0,0,0,0,0,0,3,0,0,0,0,6,0,3,0,4,4,0,0,0,0,3,3,4,3,3,3,0,0,3,3,4,4,0,0,0,0,3,0,4,0,0,0,0,0,0,8,0,0,0,0,0,0,0,0,0,0,0,0
1701_fba780e7.jpg,Train,0,0,0,2,0,0,0,0,0,0,3,3,3,3,3,0,0,0,2,3,3,3,0,0,0,0,3,3,3,5,0,0,0,3,3,3,3,0,0,0,0,0,0,3,3,3,0,0,0,0,0,3,3,3,0,0,0,0,0,0,0,0,0,0
1702_950dca7d.jpg,Train,0,0,0,0,0,1,0,1,0,0,0,7,0,4,4,0,0,0,0,1,3,4,4,0,0,0,0,0,3,4,4,0,0,0,0,0,0,4,4,0,0,0,4,4,0,0,4,0,0,4,4,4,4,0,0,4,0,0,0,0,0,0,0,0
1703_505d9ec9.jpg,Train,0,2,0,2,3,0,2,0,0,3,3,3,3,3,3,0,0,3,6,3,3,3,3,0,0,3,6,3,3,0,3,3,3,3,3,3,3,3,3,0,0,3,3,3,3,3,3,0,0,6,3,3,3,3,3,0,0,0,0,0,0,0,0,0
1704_144759fa.jpg,Train,0,0,0,0,0,0,0,0,0,0,0,4,0,0,3,0,0,4,4,4,4,4,3,0,0,4,4,4,4,4,3,0,0,4,4,4,4,4,3,0,0,4,4,4,4,4,3,0,0,4,4,4,4,4,3,0,0,0,0,4,4,0,0,0
1705_dfd18d8e.jpg,Test,0,0,0,0,0,0,4,0,0,0,0,4,0,0,0,0,0,0,0,0,0,4,4,0,0,9,0,0,4,4,4,0,0,9,8,7,7,4,4,0,6,0,6,0,2,4,4,0,6,6,6,0,6,0,4,6,6,0,6,0,0,8,4,0
1706_662c5a2c.jpg,Train,0,0,0,0,0,0,0,0,0,0,0,0,3,0,0,0,0,0,3,3,3,0,0,0,0,0,3,3,0,0,0,0,0,0,3,3,0,0,0,0,0,0,3,3,0,0,0,0,0,0,6,3,0,0,0,0,0,0,0,3,0,0,0,0
1707_b3dd4052.jpg,Test,0,0,0,0,0,0,0,0,0,3,0,0,0,0,0,0,3,4,0,2,0,0,3,6,0,0,0,4,4,0,0,0,0,0,0,4,0,2,3,2,0,0,0,4,0,8,8,0,0,0,0,0,0,0,0,0,0,0,0,0,0,0,0,0
1708_c64bc5b8.jpg,Test,0,0,0,2,0,0,2,2,0,0,0,0,3,0,0,0,0,0,0,4,0,0,1,0,0,0,0,4,4,0,0,4,0,0,2,4,4,0,4,4,0,0,0,0,0,0,0,0,0,0,0,0,0,0,0,0,0,0,0,0,0,0,0,0
1709_515595a1.jpg,Train,0,0,0,0,0,0,0,0,0,6,2,0,0,6,0,0,0,6,6,6,0,0,6,0,0,6,0,3,3,0,3,0,10,3,3,6,3,3,3,0,0,0,3,0,3,3,3,0,0,6,6,0,0,3,6,0,0,0,0,0,0,0,0,0
1710_1f013591.jpg,Train,4,0,0,9,4,0,0,0,0,0,0,0,4,0,0,0,0,4,0,4,4,4,4,0,0,0,0,4,4,4,0,7,6,6,6,6,4,4,7,0,0,6,6,6,6,0,0,0,0,6,6,0,0,4,3,0,4,4,0,0,0,4,6,0
1711_b869e978.jpg,Train,0,0,0,0,0,0,0,0,0,3,3,3,0,0,0,0,0,3,3,3,3,3,0,0,0,3,3,3,3,3,0,0,0,3,3,3,3,3,0,0,0,3,3,3,3,3,0,0,0,3,0,0,0,3,0,0,0,0,0,0,0,0,0,0
1712_784a6a24.jpg,Train,0,0,0,3,3,0,0,3,0,0,3,3,3,0,0,0,0,0,3,3,3,3,3,0,0,0,3,3,3,3,3,0,0,4,3,3,3,3,3,0,0,0,3,3,3,3,3,0,0,0,3,3,3,3,3,0,0,0,3,3,3,3,3,0
1713_9c0e23f8.jpg,Train,0,0,0,0,0,0,0,0,0,2,3,3,3,2,2,0,0,0,0,3,3,0,2,0,0,0,0,3,3,3,0,0,0,0,0,3,3,3,0,0,0,0,3,3,3,3,0,0,0,0,0,3,3,3,0,0,0,0,0,3,3,0,0,0
1714_b9abc5e4.jpg,Test,2,0,0,0,3,3,0,0,0,0,0,0,0,0,0,0,0,0,0,0,4,0,0,0,0,4,3,4,4,3,3,0,0,3,4,4,4,0,0,3,0,0,4,4,0,0,0,0,0,0,0,4,0,0,0,0,0,0,0,0,0,0,0,0
1715_b7ae1e62.jpg,Train,0,0,0,0,2,0,0,0,0,0,4,4,4,4,0,2,0,4,4,4,4,4,4,2,0,4,4,4,4,4,0,2,0,4,4,4,4,4,4,0,0,4,4,4,4,4,4,0,0,4,4,4,4,4,4,0,0,0,0,0,4,4,10,0
1716_07024b70.jpg,Train,0,0,0,0,0,0,0,0,0,0,0,3,3,0,0,0,0,0,3,3,0,3,0,0,0,0,0,3,3,0,0,0,0,0,0,3,3,6,0,0,0,0,0,3,3,0,0,0,0,0,0,3,3,0,0,0,0,0,0,0,0,0,0,0
1717_1b0a369a.jpg,Train,0,0,0,0,0,3,3,3,0,2,3,3,0,6,3,3,0,0,3,3,3,3,3,3,0,0,3,3,0,3,3,3,2,2,3,3,4,3,3,3,7,0,3,3,0,3,3,3,0,0,3,3,3,3,3,0,0,0,0,0,0,0,0,0
1718_63feb2c5.jpg,Test,0,10,10,0,0,0,10,0,10,10,0,0,10,0,10,0,10,0,10,9,3,0,0,0,0,0,10,7,0,3,0,0,0,10,10,7,0,0,0,0,0,0,0,7,0,0,0,0,0,0,0,0,0,0,0,0,0,0,0,0,0,0,0,0
1719_c709daf3.jpg,Test,0,0,0,0,9,0,0,0,0,0,0,10,0,0,0,0,0,0,0,10,3,0,0,0,0,0,0,7,0,0,0,0,0,0,0,10,10,0,7,0,0,0,0,10,10,0,7,2,0,0,0,10,0,0,2,0,0,0,0,0,0,0,0,0
1720_58a86ea7.jpg,Test,0,0,0,0,0,0,0,0,0,0,0,7,0,0,0,10,0,0,0,7,7,0,0,0,0,0,0,7,7,0,0,0,0,0,0,7,7,0,0,0,0,0,0,7,7,0,0,0,0,0,2,7,0,0,0,0,0,0,0,7,0,0,0,0
1721_5ae3dee4.jpg,Train,0,10,0,0,10,0,0,10,0,0,0,10,10,0,0,10,0,0,0,0,10,10,0,0,0,0,0,10,10,0,0,0,0,0,0,10,10,10,0,0,0,0,0,10,10,10,0,0,0,0,0,10,10,10,0,0,0,0,0,0,0,10,0,0
1722_e3f02731.jpg,Train,0,0,0,0,0,0,0,0,0,0,0,0,10,10,0,0,10,0,10,10,10,10,0,10,10,7,10,10,10,10,0,10,10,7,0,10,10,10,0,10,0,7,7,10,10,10,0,0,0,7,0,10,10,0,0,0,0,0,0,0,10,10,0,0
1723_6917230d.jpg,Test,0,2,2,0,0,0,0,0,0,0,0,0,0,2,0,0,0,10,2,0,10,0,0,2,0,10,2,10,10,7,0,10,0,10,10,10,10,10,10,0,0,0,10,10,10,0,0,10,0,0,10,10,10,10,10,10,0,10,10,10,10,0,10,10
1724_448a2220.jpg,Test,0,0,0,0,0,0,0,0,0,0,0,0,0,3,0,10,0,0,0,0,7,0,0,0,0,0,0,7,7,0,0,0,0,0,0,7,7,0,0,0,0,0,0,9,9,0,0,0,0,0,0,7,0,0,0,0,0,0,0,0,0,0,0,0
1725_5599c3b5.jpg,Train,0,0,0,0,0,0,0,0,10,7,7,7,10,0,0,0,0,7,10,0,7,7,7,0,0,7,7,7,7,7,7,0,7,7,7,9,0,9,9,0,9,7,7,7,0,0,10,0,0,7,7,7,7,0,0,0,0,0,0,0,0,0,0,0
1726_d1cf74ef.jpg,Test,0,0,0,0,0,0,0,0,0,0,0,0,10,0,0,0,3,0,0,10,0,0,0,0,0,0,10,10,0,0,0,0,0,0,10,10,0,0,2,0,0,0,10,10,10,0,0,0,0,0,8,0,0,0,0,0,0,10,0,10,0,0,0,0
1727_42e630e7.jpg,Train,0,0,0,0,0,0,0,0,0,0,10,10,0,7,0,0,0,0,10,0,0,7,7,0,0,0,10,10,0,7,7,0,0,0,10,10,0,7,7,0,0,0,10,10,0,7,0,0,0,0,10,10,0,7,7,0,0,0,10,0,0,7,0,0
1728_11a77b2e.jpg,Test,0,0,0,0,0,0,0,0,0,10,10,10,0,10,10,0,3,0,10,0,10,0,0,10,0,0,10,7,0,10,0,10,0,10,10,7,7,0,0,10,0,0,7,7,0,0,0,10,0,0,0,7,0,0,0,0,0,0,0,0,0,0,0,0
1729_f81e48f1.jpg,Train,10,0,0,0,0,0,0,0,7,0,10,10,0,0,0,0,0,10,10,10,0,0,0,0,0,10,10,10,10,0,0,0,10,0,0,10,0,0,0,0,0,10,10,10,0,0,0,0,0,0,10,10,0,0,0,0,0,0,0,0,0,0,0,0
1730_cfdb7062.jpg,Train,0,0,0,10,0,0,0,0,10,10,0,10,0,0,8,0,0,7,7,7,7,7,0,0,0,7,7,7,7,7,7,0,7,7,7,7,7,7,10,0,0,7,7,7,9,9,10,0,0,7,7,7,7,8,10,0,0,0,0,0,0,0,0,0
1731_ffde31f2.jpg,Test,0,0,10,10,0,0,0,0,0,0,10,10,10,0,10,10,7,10,0,0,10,0,0,10,0,10,10,0,0,10,10,0,0,10,10,10,10,10,10,0,7,10,10,10,0,10,0,0,0,10,10,10,0,0,10,0,0,10,10,10,0,10,10,0
1732_e700d9e2.jpg,Test,0,0,0,0,0,0,0,0,0,10,0,0,7,0,0,0,0,0,7,7,0,7,0,0,0,0,7,9,7,7,0,0,0,7,9,9,9,7,0,0,0,9,0,7,9,0,0,0,0,0,0,7,9,0,0,0,0,0,0,0,7,0,0,0
1733_533e1eba.jpg,Train,0,0,0,0,0,0,0,0,0,0,0,7,7,0,0,0,0,0,0,7,7,0,0,0,0,0,0,7,7,0,0,0,0,0,0,7,7,0,0,0,0,0,0,7,7,7,0,0,0,0,0,7,7,7,0,0,0,0,0,0,0,0,0,0
1734_fc5b9993.jpg,Train,0,0,0,0,0,0,0,0,0,7,7,2,10,0,0,0,0,0,7,2,0,0,0,0,0,7,7,0,0,0,0,0,0,7,7,2,0,0,0,0,0,0,7,2,0,0,0,0,0,7,7,10,0,0,0,0,0,0,0,10,0,0,0,0
1735_a76a1700.jpg,Train,0,10,0,6,0,0,0,0,0,0,0,7,10,0,0,0,10,0,0,3,10,10,10,0,0,0,0,0,10,10,0,0,0,0,0,0,10,10,0,0,0,0,0,10,10,10,0,0,8,8,10,10,10,10,0,0,0,0,5,5,0,0,0,0
1736_0b4de0cb.jpg,Train,0,0,0,0,0,0,0,0,0,0,0,0,10,0,0,0,0,0,2,10,10,8,0,0,0,0,0,10,10,0,0,0,0,0,0,10,2,0,0,0,0,0,10,10,10,0,0,0,0,0,0,10,10,0,0,0,0,0,0,0,0,0,0,0
1737_fb845b30.jpg,Train,0,0,0,0,0,0,0,10,0,10,10,0,0,7,0,0,0,10,10,0,0,7,0,0,10,10,10,0,0,7,7,0,0,10,0,7,0,7,7,7,0,10,0,7,0,7,0,2,0,0,0,0,0,7,0,0,0,10,0,0,0,0,0,0
1738_b8e7063f.jpg,Train,0,0,10,10,0,10,0,0,10,0,10,10,0,0,7,7,0,10,10,10,0,10,7,7,0,0,10,10,0,0,7,7,0,0,10,10,0,0,7,7,0,0,10,10,0,0,7,7,0,0,10,10,10,0,7,7,0,0,0,10,0,0,0,0
1739_a52cd0d6.jpg,Test,0,0,0,10,10,10,10,0,0,0,10,9,0,0,0,0,10,10,0,0,0,0,0,0,10,0,7,7,10,0,0,0,0,0,7,7,0,0,0,0,9,0,7,0,0,0,0,0,0,0,7,7,0,8,0,0,0,0,0,0,0,0,0,0
1740_bc9c2b95.jpg,Train,0,10,0,0,0,0,0,0,0,10,0,0,7,10,0,0,0,0,0,0,7,0,0,0,0,10,0,0,7,0,0,0,10,10,0,0,7,10,0,7,10,10,0,0,7,10,0,7,0,10,0,0,7,7,0,7,10,10,0,0,10,10,0,0
1741_68ae88f8.jpg,Train,0,0,0,0,0,0,0,0,0,0,0,0,0,0,0,0,0,0,0,0,0,0,0,0,10,0,0,0,0,0,0,0,0,0,0,0,0,0,0,0,0,0,10,0,10,10,0,0,0,0,0,0,0,0,0,0,0,0,0,0,0,0,0,0
1742_6d53928a.jpg,Train,0,0,10,7,0,0,9,0,0,7,0,0,7,7,0,7,7,7,7,7,7,7,7,7,7,7,7,7,7,7,0,7,7,7,7,7,7,7,0,7,0,7,0,7,7,7,7,7,0,7,7,7,7,7,7,7,7,7,7,7,7,7,7,7
1743_83326545.jpg,Test,0,10,10,10,0,0,10,7,0,0,0,0,0,10,10,0,0,10,9,0,0,0,0,7,10,0,3,0,0,0,0,10,0,10,0,0,0,0,0,10,7,7,10,0,0,0,7,0,7,0,0,0,0,0,0,7,0,9,0,0,0,0,0,0
1744_7835f996.jpg,Train,0,0,0,0,0,0,0,0,0,0,0,0,3,0,0,0,0,0,0,0,0,0,0,10,10,0,0,7,7,0,0,0,0,0,0,7,7,0,0,0,0,0,7,7,0,0,0,0,0,0,7,7,7,7,0,0,0,0,0,0,0,0,0,0
1745_84ef0f0b.jpg,Train,0,0,10,0,0,0,0,0,0,0,0,7,0,0,0,0,0,0,7,2,0,0,0,0,0,0,7,0,0,0,0,0,0,0,7,0,10,0,8,0,0,0,7,0,0,0,0,0,0,0,7,0,0,0,0,0,0,0,0,0,0,0,0,0
1746_41c78770.jpg,Test,0,0,0,0,0,0,0,0,10,0,0,0,0,0,2,0,10,10,10,10,10,0,0,0,10,7,0,10,0,0,10,0,10,0,10,10,10,10,10,0,10,0,10,10,10,10,10,0,10,10,10,10,0,10,10,0,0,0,0,0,0,0,0,0
1747_8407ec12.jpg,Test,0,0,0,0,0,0,0,0,0,0,0,0,0,0,0,0,0,0,0,0,0,0,0,0,0,0,0,0,0,10,0,0,0,0,0,0,10,10,7,0,0,0,0,0,10,10,0,0,0,0,0,0,7,10,0,0,0,0,0,0,7,10,0,0
1748_72dfe0b8.jpg,Train,0,0,0,0,0,0,0,0,10,10,10,0,7,10,0,0,0,0,10,7,7,0,0,0,0,3,10,7,7,0,0,0,0,0,10,7,7,10,10,10,0,0,10,7,0,0,0,0,0,0,10,0,7,0,0,0,0,0,0,0,0,0,0,0
1749_2f0d1919.jpg,Train,0,0,0,0,0,0,10,0,0,0,0,0,0,0,10,0,0,0,7,7,0,0,10,10,0,0,7,7,0,10,10,10,0,0,7,7,0,0,10,0,0,10,7,7,0,0,10,10,0,7,0,10,0,0,10,10,0,0,0,0,0,0,10,10
1750_6c34fd84.jpg,Train,0,0,10,10,10,0,0,0,0,0,7,0,10,10,0,0,0,3,7,4,10,10,0,0,0,3,7,0,10,10,10,10,0,10,7,4,10,10,0,0,0,0,7,4,10,0,0,0,0,0,7,0,10,0,0,0,0,0,0,0,0,0,0,0
1751_eda78c20.jpg,Train,0,0,10,0,10,10,0,0,0,0,10,0,0,10,0,2,0,0,10,10,10,10,7,2,0,0,10,10,10,10,10,2,0,0,10,10,0,10,7,2,0,0,10,10,0,10,0,7,0,0,10,0,0,0,7,7,0,0,0,0,10,10,10,2
1752_1c839ef4.jpg,Train,0,0,0,0,0,0,0,0,0,10,0,0,0,7,0,0,10,10,0,0,0,10,0,0,0,10,0,0,7,0,0,10,10,10,0,0,7,7,0,0,10,10,0,0,7,0,0,0,10,10,0,0,0,0,0,0,10,10,0,0,0,0,0,0
1753_2bbf8bd4.jpg,Test,0,0,0,0,3,0,0,0,0,0,0,0,9,0,0,0,10,0,0,0,7,2,0,0,10,0,3,0,7,10,0,0,0,0,0,0,7,9,0,0,0,0,0,0,7,7,0,0,0,0,0,0,7,0,2,0,0,0,0,0,0,0,0,0
1754_f8cb5f9a.jpg,Test,0,0,0,10,0,0,10,0,0,0,0,10,0,10,3,0,0,0,0,0,0,0,0,10,10,7,0,10,10,10,10,0,10,7,7,0,10,0,0,0,0,7,7,7,0,0,0,0,9,0,8,0,0,0,0,0,0,0,0,0,10,10,0,0
1755_539baaf4.jpg,Test,0,0,3,0,3,0,0,0,0,0,0,7,0,0,0,0,0,0,2,0,7,0,0,0,0,0,0,7,7,7,0,0,0,0,0,7,7,7,0,0,0,0,0,7,0,0,0,0,0,0,0,0,0,0,0,0,0,0,0,0,0,0,0,0
1756_a8988396.jpg,Test,0,10,10,10,10,10,10,10,0,0,10,10,10,10,10,0,0,0,10,10,10,9,10,10,10,7,10,10,10,10,10,10,10,0,10,10,0,0,0,10,10,0,10,10,10,10,10,10,10,10,10,10,10,0,10,0,0,0,0,0,0,0,0,0
1757_fe03da09.jpg,Train,0,0,0,0,0,9,0,0,0,0,0,0,0,9,0,0,0,0,0,0,0,0,0,0,0,0,0,0,0,10,0,0,0,0,10,7,0,10,5,0,10,0,10,7,7,10,10,10,10,0,10,7,7,10,10,10,0,0,0,0,0,0,0,0
1758_dcb21e8b.jpg,Test,0,0,0,0,0,0,0,0,0,0,0,0,10,0,0,0,0,0,0,0,10,0,0,0,0,0,0,10,0,0,0,0,0,0,0,10,0,0,0,0,0,0,0,0,10,0,0,0,0,0,0,0,0,0,0,0,0,0,0,0,0,0,0,0
1759_34b92b00.jpg,Test,0,0,0,0,0,0,0,0,0,0,0,7,0,0,0,0,0,0,0,7,0,0,0,0,0,0,0,7,0,0,0,0,0,0,0,7,7,0,0,0,0,0,0,7,9,0,0,0,0,0,0,7,0,0,0,0,0,0,0,0,0,0,0,0
1760_9d1566f0.jpg,Train,0,0,0,0,0,0,0,0,0,10,0,0,0,0,0,0,0,0,0,0,0,0,0,0,7,7,0,0,10,10,0,0,7,7,0,0,0,10,10,0,7,7,0,0,0,10,10,0,7,7,0,0,0,10,10,0,0,0,0,0,0,0,10,0
1761_269ac637.jpg,Train,0,10,0,0,0,0,0,0,0,0,0,7,0,10,10,0,0,0,7,7,0,10,10,0,0,3,7,7,0,10,10,3,0,0,7,7,0,10,10,0,0,0,7,7,0,10,10,0,0,10,7,7,0,10,0,0,0,10,0,0,0,0,0,0
1762_05848267.jpg,Train,0,0,0,0,0,10,10,0,0,0,10,10,10,10,10,0,0,0,10,10,10,10,10,0,0,0,10,10,10,10,10,0,0,0,10,10,0,10,10,0,0,0,10,10,10,10,10,0,0,0,10,10,10,10,10,0,0,0,0,10,0,10,10,0
1763_8b5df88a.jpg,Train,0,0,10,0,0,10,0,10,0,0,0,0,7,0,0,0,0,0,0,7,7,0,0,10,0,0,0,7,7,0,0,10,0,0,0,7,7,7,0,0,0,0,0,7,7,0,0,0,0,0,0,7,0,0,0,0,0,0,0,0,0,0,0,0
1764_667cfd4a.jpg,Test,0,0,0,0,0,0,0,0,0,0,0,3,10,0,0,0,0,0,0,7,0,0,0,0,0,0,0,0,10,10,7,0,0,0,0,0,10,10,7,0,0,0,0,0,10,10,0,0,0,0,0,0,10,10,0,0,0,0,0,0,0,0,0,0
1765_fd7042ad.jpg,Train,0,0,8,6,0,0,0,0,0,0,0,0,0,6,2,0,2,3,0,0,0,0,0,6,0,6,0,0,0,6,6,6,0,6,0,6,0,6,6,0,0,6,0,0,9,9,6,0,0,5,0,0,10,10,0,0,0,0,0,7,10,0,0,0
1766_ef624cc1.jpg,Train,0,0,0,0,0,2,0,0,0,0,10,10,10,0,2,0,0,0,10,10,10,10,10,10,0,10,10,10,9,10,10,10,10,10,10,10,10,10,10,0,0,10,10,10,0,0,10,0,0,10,10,10,10,10,10,0,0,10,10,10,10,10,10,10
1767_c6c1ee7a.jpg,Train,0,0,0,0,7,7,0,0,0,0,0,0,10,10,0,0,0,0,0,0,0,0,0,0,0,0,0,0,0,10,0,0,0,0,0,0,0,0,0,7,0,0,0,0,9,7,0,0,0,0,0,0,0,0,0,0,0,0,0,10,0,0,0,0
1768_494fc70c.jpg,Train,0,10,0,0,0,10,0,0,10,7,10,7,0,0,0,0,10,7,7,10,7,7,0,0,7,7,7,10,7,7,10,0,7,7,7,10,7,7,10,0,0,7,7,10,7,7,10,10,0,7,7,10,7,9,10,10,0,0,0,0,0,0,0,0
1769_fab1ddcd.jpg,Test,0,0,0,0,0,0,0,0,0,0,0,10,0,9,3,0,0,0,7,0,9,7,0,0,0,0,9,0,7,9,0,0,0,0,7,7,0,7,0,0,0,0,9,8,0,0,0,0,0,0,9,8,0,0,0,0,10,0,0,0,0,0,0,0
1770_810fec97.jpg,Test,0,0,0,0,0,0,0,0,0,0,0,10,7,0,0,0,0,0,0,10,7,0,0,0,0,7,2,0,7,0,0,0,0,7,9,0,9,0,0,0,0,9,9,0,7,0,0,0,0,0,0,0,7,0,0,0,0,0,0,0,0,0,0,0
1771_00fa8c95.jpg,Train,0,0,0,0,0,0,0,0,0,0,0,0,0,0,0,0,0,0,0,8,0,2,0,0,7,0,0,10,0,0,0,0,0,0,0,0,0,0,0,0,0,10,0,0,0,0,0,7,7,0,0,0,0,0,0,0,10,0,9,0,0,0,0,0
1772_76c77cd3.jpg,Train,0,0,0,0,0,0,0,0,10,0,10,10,9,0,0,0,0,0,10,10,0,0,0,0,0,0,7,10,0,7,7,0,0,0,0,10,10,7,7,0,0,0,0,10,10,7,7,0,0,0,10,10,0,0,7,0,0,0,0,0,0,0,0,0
1773_fa12d87f.jpg,Test,0,0,7,0,0,0,0,0,7,7,7,0,10,0,0,0,7,7,7,0,10,0,7,0,0,0,0,0,0,0,0,0,0,0,10,0,0,10,10,0,0,0,0,10,0,10,0,0,0,0,0,0,7,0,0,0,10,10,10,0,0,0,8,0
1774_74ed337b.jpg,Train,0,0,0,7,7,7,0,0,0,0,0,7,7,7,0,0,0,0,0,0,7,7,7,0,0,0,0,0,7,7,7,0,0,0,0,0,7,7,7,0,0,0,0,0,7,7,7,0,0,0,0,0,7,7,0,0,0,0,0,0,0,0,0,0
1775_85e64c1e.jpg,Train,0,0,0,0,0,10,0,0,0,7,0,0,10,10,0,0,0,7,0,0,10,10,0,0,7,7,0,0,10,10,0,0,7,7,0,0,10,10,0,0,7,7,0,0,10,10,0,0,0,7,0,0,10,10,0,0,0,0,0,0,10,2,0,0
1776_86a004e7.jpg,Train,0,10,0,0,0,0,0,0,0,0,0,9,9,0,0,0,0,0,0,0,0,0,0,0,0,0,0,0,0,0,0,0,0,0,0,0,7,7,0,0,10,10,0,0,7,7,0,0,0,0,0,0,7,9,0,0,0,10,10,0,0,0,0,0
1777_9e39b8a1.jpg,Train,0,10,0,0,0,0,0,0,0,0,10,10,0,0,0,10,0,3,0,0,0,0,0,0,7,7,0,0,7,0,0,0,0,0,9,9,7,0,0,7,0,0,0,0,0,0,0,0,0,0,0,0,0,0,0,7,0,0,0,0,0,0,0,0
1778_0160ec6b.jpg,Train,10,10,0,0,0,0,3,0,10,0,10,0,0,10,0,0,0,0,10,0,0,10,0,0,10,0,0,0,0,0,3,0,0,0,0,0,0,0,0,0,10,0,0,10,10,10,0,0,0,0,0,10,10,10,0,0,0,0,0,0,0,10,0,0
1779_d139ace3.jpg,Train,0,0,0,0,0,0,0,0,0,0,0,7,0,0,0,0,0,0,0,7,0,0,0,0,0,0,7,7,7,0,10,0,0,0,0,7,7,0,0,0,0,0,7,7,7,0,0,0,0,0,7,7,7,0,0,0,0,0,7,7,7,0,0,0
1780_b2e1cf4d.jpg,Test,0,0,0,0,0,0,0,0,0,0,0,0,0,10,0,0,0,7,7,7,7,7,7,10,0,7,7,7,7,7,7,7,10,7,7,7,7,7,7,0,0,7,7,7,7,9,7,0,7,7,7,7,7,7,7,0,0,7,7,7,7,7,7,0
1781_08344307.jpg,Test,0,0,0,0,0,0,0,0,0,0,0,0,0,0,0,0,0,0,0,0,0,0,0,8,0,0,0,2,0,0,0,2,7,7,7,7,7,0,7,2,7,7,7,7,10,0,7,10,0,7,7,7,7,7,7,0,0,0,0,7,0,0,0,0
1782_d7ac7f21.jpg,Train,0,0,0,0,0,0,0,0,0,0,0,0,0,0,0,0,0,0,7,7,0,0,0,0,0,0,7,7,0,0,0,0,0,0,7,7,0,0,0,0,0,0,7,7,0,0,0,0,0,0,7,7,0,0,0,0,0,0,0,0,0,0,0,0
1783_09ef44ee.jpg,Train,0,0,0,0,0,0,0,10,0,7,0,0,0,0,0,0,7,7,0,0,0,0,0,0,7,7,0,0,10,10,0,0,7,7,0,10,10,0,0,0,0,7,10,10,0,10,0,0,0,7,0,0,0,0,0,0,0,0,0,0,0,0,0,0
1784_44487f0b.jpg,Train,0,10,0,0,0,10,2,10,10,10,10,0,10,10,10,0,10,10,0,0,10,10,10,0,10,10,10,0,10,10,10,0,10,10,10,0,10,10,10,0,10,10,0,0,10,10,10,0,10,10,10,0,10,10,10,0,0,0,0,0,10,10,0,0
1785_e07f7734.jpg,Test,0,0,0,0,0,0,0,0,0,0,0,2,0,0,0,0,0,0,5,0,6,0,0,0,0,0,0,0,0,0,0,0,0,0,0,0,0,0,0,0,0,10,10,0,9,0,9,0,0,0,0,2,0,0,0,0,0,0,0,0,0,0,0,0
1786_349767b0.jpg,Train,0,10,0,0,0,7,0,0,10,7,0,0,0,7,0,0,10,7,7,0,10,7,7,0,0,7,7,10,10,7,7,0,0,7,7,10,0,7,7,0,0,7,7,10,10,7,7,0,0,7,0,10,10,7,0,0,0,0,0,0,10,7,0,0
1787_25ea3e68.jpg,Train,0,0,0,0,0,0,0,0,0,10,0,0,10,10,10,0,0,7,7,0,0,10,0,0,0,0,7,0,10,10,10,10,0,7,7,0,10,10,10,0,0,10,7,0,10,10,10,0,0,7,7,0,10,10,10,0,0,7,7,0,10,10,10,0
1788_0442798c.jpg,Train,0,0,9,0,0,0,0,0,0,0,0,0,10,0,0,0,0,0,10,10,0,9,9,9,0,0,0,10,10,9,9,9,0,0,0,10,10,9,7,9,0,0,10,10,10,0,9,9,0,0,0,10,10,9,9,9,0,0,0,0,10,0,0,0
1789_2863e702.jpg,Train,0,0,0,0,0,0,0,0,3,2,0,0,0,0,0,0,0,0,0,0,0,0,0,0,0,0,0,0,0,0,0,0,0,0,0,0,0,0,0,0,0,0,0,0,0,0,0,0,0,0,10,0,0,0,0,0,0,0,0,0,0,0,0,0
1790_e734beee.jpg,Train,0,10,0,0,0,0,0,0,0,10,0,7,7,7,0,0,0,0,0,7,7,7,0,0,0,0,0,7,7,7,0,0,0,0,0,7,7,7,0,0,0,0,0,7,7,7,0,0,0,0,0,7,1,7,0,0,0,0,0,7,7,0,0,0
1791_44b88cd4.jpg,Test,0,0,0,0,0,0,0,0,0,0,0,10,0,0,0,0,0,0,0,7,0,0,0,0,0,0,0,7,7,0,0,0,0,0,0,7,7,0,0,0,0,0,0,9,7,0,0,0,0,0,0,0,0,0,0,0,0,0,0,0,0,0,0,0
1792_b3dde3cb.jpg,Train,0,0,0,0,0,0,10,0,10,0,10,10,7,7,0,0,0,0,10,10,7,7,0,0,0,0,10,10,7,7,0,0,0,0,0,10,7,7,0,0,0,0,10,0,7,7,0,0,0,0,10,10,0,0,0,0,0,0,10,10,7,7,0,0
1793_d0f68945.jpg,Test,0,0,0,0,0,0,0,0,0,0,0,0,0,0,0,0,0,0,0,0,0,1,0,0,0,0,0,0,0,0,10,0,0,0,0,0,9,0,0,0,0,0,0,2,7,0,0,0,0,0,0,0,7,0,0,0,0,0,0,0,0,0,0,0
1794_4b9b1ad0.jpg,Train,0,0,0,0,0,0,0,0,0,0,0,10,10,10,0,0,0,0,0,10,10,10,0,0,0,0,3,10,10,10,3,0,0,0,0,10,10,10,0,0,0,0,0,10,10,0,0,0,0,0,0,10,10,10,0,0,0,0,0,0,10,10,0,0
1795_6c217159.jpg,Train,0,0,7,10,10,10,0,0,5,0,0,0,0,0,0,0,0,0,0,0,0,0,0,0,0,5,9,0,0,0,9,0,7,0,0,0,0,0,7,0,0,0,0,0,0,0,0,0,0,0,0,0,0,0,0,0,0,0,0,0,0,0,0,0
1796_254d979e.jpg,Train,0,0,0,0,0,0,0,0,0,0,0,10,10,0,0,3,0,0,0,0,0,0,0,0,0,0,0,10,10,10,0,0,0,0,0,10,10,10,0,0,0,0,0,10,10,10,0,0,0,0,0,0,10,10,0,0,0,0,0,0,0,0,0,0
1797_4cdfed49.jpg,Test,0,0,0,0,0,0,0,0,0,0,0,0,0,0,0,0,10,0,9,0,10,0,9,0,9,9,7,7,7,7,9,0,9,9,7,7,7,7,9,0,10,7,7,7,7,7,0,0,7,7,7,7,7,7,7,0,0,7,0,7,7,7,7,0
1798_fc2a60b9.jpg,Train,0,0,0,0,0,0,0,0,10,0,0,0,10,0,0,0,0,0,10,10,10,0,10,0,0,0,10,0,10,0,0,0,0,0,7,10,10,2,2,0,0,0,10,10,0,0,2,0,0,0,10,10,0,0,2,0,0,0,10,10,10,2,2,0
1799_b765aa19.jpg,Test,0,0,0,0,0,0,0,0,0,0,10,0,0,0,7,0,0,0,0,7,0,7,7,0,0,0,0,10,0,7,7,0,0,0,0,10,0,7,7,0,0,0,2,10,0,7,7,0,0,0,0,10,10,0,7,0,0,0,0,0,0,0,0,0
1800_ed899fe9.jpg,Train,0,0,0,0,10,0,0,0,0,10,0,10,0,0,0,0,0,10,0,7,7,10,0,0,10,10,0,7,7,10,0,10,0,10,10,7,7,9,0,0,0,10,10,7,7,0,0,0,0,7,0,0,7,2,0,7,0,0,0,0,0,0,0,0
1801_03bfb4b2.jpg,Train,0,0,0,0,0,7,0,0,0,7,7,7,7,7,10,0,0,7,7,7,7,7,0,0,0,7,7,7,7,7,0,0,0,7,7,7,7,7,0,0,0,7,7,7,7,7,0,0,0,7,7,7,7,7,0,0,0,7,0,7,0,7,0,0
1802_1b0b8a84.jpg,Train,0,0,0,0,0,0,0,0,0,0,0,0,3,0,0,0,0,0,0,7,0,0,7,7,0,0,7,7,0,0,7,7,0,7,7,7,0,0,7,0,0,0,7,7,0,0,7,7,0,0,0,0,0,7,7,7,0,0,0,0,0,0,0,0
1803_429317bb.jpg,Train,0,0,0,10,0,0,0,0,0,0,0,0,0,7,0,0,0,10,7,0,10,10,10,0,0,7,7,0,10,7,0,0,0,7,7,9,10,10,0,0,0,7,0,0,10,10,0,0,0,7,0,0,10,10,0,0,0,0,0,0,0,0,0,0
1804_50ac817f.jpg,Test,0,10,0,0,0,10,10,0,0,10,0,0,10,10,0,0,0,10,10,10,10,10,10,0,0,10,10,10,10,10,10,0,0,10,0,10,10,10,10,0,0,0,0,10,10,10,10,0,0,10,10,10,10,10,10,0,0,0,0,0,10,10,10,0
1805_e546fbbb.jpg,Test,0,0,0,0,0,0,0,0,0,0,0,10,0,0,0,0,0,0,0,0,0,0,0,0,0,0,0,0,0,0,0,0,0,10,9,10,10,0,0,0,0,10,0,0,0,0,0,0,0,10,10,10,0,0,0,0,0,10,10,0,0,0,0,0
1806_24a6ee9d.jpg,Train,0,0,0,0,0,9,9,9,0,0,0,0,0,9,9,7,0,0,0,0,0,0,0,9,0,0,0,0,0,9,9,9,0,0,0,0,0,9,9,0,0,0,0,0,0,9,9,9,0,0,0,0,0,9,9,9,0,0,0,0,0,9,9,9
1807_cc1d4fcc.jpg,Train,0,0,10,0,0,0,0,0,0,0,10,10,0,10,0,0,0,0,10,10,10,10,0,0,0,0,10,10,10,10,0,0,0,0,10,10,10,10,0,0,0,9,10,10,10,10,0,0,4,0,10,10,10,10,0,0,0,0,0,0,0,0,0,0
1808_6853fd10.jpg,Train,0,0,0,0,0,0,0,0,0,0,0,0,0,0,0,2,7,0,7,7,0,0,0,0,0,0,0,0,7,7,0,7,0,0,0,0,0,0,0,10,0,0,0,0,0,0,0,0,7,0,0,0,10,0,7,10,0,0,0,0,0,0,0,10
1809_86d81e40.jpg,Train,0,0,0,0,0,0,0,0,0,0,7,7,7,0,0,0,0,0,7,7,7,0,0,0,0,0,7,7,7,0,0,0,0,0,7,7,0,0,0,0,0,0,7,7,7,0,0,0,0,0,7,0,7,0,0,0,0,0,0,0,0,0,0,0
1810_d08dc2b3.jpg,Train,0,0,0,0,0,0,0,0,0,10,7,7,10,7,7,0,0,7,7,7,10,7,7,0,0,7,7,7,10,7,7,10,0,0,7,7,10,7,7,0,0,7,7,7,10,7,7,1,0,7,7,7,10,7,7,0,0,0,0,0,0,0,0,0
1811_c340f14d.jpg,Test,0,0,0,0,0,0,2,0,0,0,10,0,0,0,0,4,0,0,10,10,0,0,0,10,2,0,10,9,2,0,0,10,0,0,10,10,0,0,0,10,0,0,10,10,10,0,8,10,0,0,10,10,10,0,10,10,0,0,10,10,0,0,0,0
1812_14202b8e.jpg,Train,10,10,10,10,10,0,10,0,10,10,10,10,10,10,10,10,0,0,7,10,0,10,0,10,9,10,7,10,0,10,9,0,9,0,9,10,10,10,0,10,0,10,9,10,10,10,0,0,0,0,0,10,10,10,0,0,0,10,0,10,10,10,0,10
1813_a6b0590d.jpg,Test,0,0,0,0,0,0,0,0,0,0,0,0,0,0,0,0,0,0,0,0,0,2,0,0,0,9,7,0,2,9,9,0,0,9,9,0,9,7,9,0,0,9,7,0,0,7,9,10,0,10,7,0,0,7,0,10,0,0,0,0,0,0,0,0
1814_e9fb6d08.jpg,Train,0,0,0,0,10,9,0,0,0,0,0,0,0,10,0,0,0,10,10,0,10,0,0,0,0,10,10,10,10,0,10,10,0,10,10,10,10,0,0,0,8,10,10,10,10,10,0,0,8,10,10,10,10,0,0,0,0,0,0,0,0,0,0,0
1815_680d45c4.jpg,Train,4,0,0,0,4,0,0,0,0,0,4,0,0,0,0,0,0,0,0,0,0,0,0,0,0,0,0,7,7,0,0,7,0,0,7,0,7,0,4,0,0,0,0,7,7,0,0,0,0,0,0,7,0,4,0,0,0,0,7,7,7,0,0,0
1816_e14e794c.jpg,Test,0,0,0,0,0,0,0,0,0,10,0,0,0,0,0,0,0,0,0,0,7,7,10,0,0,0,0,0,7,7,10,0,0,0,0,0,7,0,0,0,0,0,0,0,7,0,0,0,0,0,0,0,0,0,0,0,0,0,0,0,0,0,0,0
1817_37804faa.jpg,Train,10,0,2,2,0,0,0,0,0,0,0,10,10,0,0,2,2,0,0,10,0,0,0,0,0,0,0,0,10,0,0,0,0,0,0,10,10,0,0,0,0,0,0,10,10,0,0,0,0,0,0,10,10,0,0,0,0,0,0,0,0,0,0,0
1818_60578332.jpg,Test,0,0,0,0,0,0,0,0,0,0,10,0,0,0,0,0,0,0,7,10,0,0,0,7,0,0,7,10,7,0,10,7,0,0,10,0,10,0,0,0,10,10,10,10,10,0,10,0,10,0,0,10,0,10,0,10,7,7,0,10,10,7,0,0
1819_b2d07f09.jpg,Train,2,2,0,0,10,0,0,0,2,0,0,0,10,10,0,0,0,2,0,10,10,10,7,0,0,0,0,10,10,10,0,0,0,0,0,10,10,10,0,0,0,0,0,10,10,10,0,0,0,0,0,10,10,10,0,0,0,0,0,0,10,0,0,0
1820_c6097cc9.jpg,Train,0,0,0,0,0,0,0,0,0,0,0,7,7,0,10,0,0,0,0,7,7,0,0,0,0,0,0,7,7,0,10,0,0,0,0,7,7,10,10,0,0,0,0,7,7,10,10,0,0,0,0,7,7,10,10,0,0,0,0,0,0,0,0,0
1821_f38d8708.jpg,Test,0,0,0,0,0,0,0,0,0,0,0,10,0,0,0,0,0,0,0,0,10,0,0,0,0,0,0,9,7,0,0,0,0,0,3,9,7,0,0,0,0,0,0,0,0,0,0,0,0,0,8,7,0,0,0,0,0,0,0,0,10,0,0,0
1822_f571e0d5.jpg,Test,0,0,0,0,0,0,0,0,0,0,7,0,0,0,7,0,0,0,0,7,0,0,0,10,0,0,0,7,7,0,0,0,0,0,0,7,7,0,0,0,0,0,0,7,7,0,0,0,0,0,2,7,0,0,0,0,0,0,0,0,0,0,0,0
1823_bacb2cd9.jpg,Train,0,0,0,10,0,0,0,0,0,10,10,10,10,10,10,0,0,0,0,10,10,10,0,0,0,0,0,10,10,10,0,0,0,0,10,10,10,10,0,0,0,0,10,10,10,10,0,0,0,0,10,10,10,10,0,0,0,0,0,10,0,0,0,0
1824_8d39f1d1.jpg,Train,0,0,0,0,0,10,0,0,0,0,0,7,7,0,0,0,0,0,0,7,7,0,0,0,0,0,0,7,7,0,0,0,0,0,8,7,7,0,0,0,0,0,0,7,7,0,0,0,0,0,0,7,7,0,0,0,0,0,0,0,0,0,0,0
1825_9ebbb1b0.jpg,Train,0,0,3,3,0,0,0,0,0,0,10,3,10,0,0,0,0,10,10,10,10,10,10,0,0,0,10,3,10,10,10,0,0,0,0,0,10,10,10,0,0,0,0,10,10,10,10,0,0,6,0,10,10,10,10,0,0,0,10,0,10,10,10,0
1826_2cf885f8.jpg,Train,10,10,0,0,0,0,0,0,10,10,10,10,10,10,10,0,10,10,10,10,10,10,10,0,10,10,10,10,10,10,10,0,10,10,10,0,10,10,10,0,10,10,10,10,10,10,10,0,10,10,10,10,10,10,10,0,0,10,10,10,0,10,0,0
1827_1796fc0c.jpg,Test,0,0,0,3,0,0,0,0,0,0,0,0,0,0,0,0,0,0,0,10,7,0,0,0,0,0,0,0,7,7,0,0,0,0,0,7,7,9,0,0,0,0,0,0,7,0,0,0,0,0,0,0,7,0,0,0,0,0,0,0,7,0,0,0
1828_3750cff6.jpg,Train,0,0,0,0,0,0,0,0,0,0,9,7,0,0,0,0,0,0,7,7,0,0,0,0,0,0,7,7,0,0,0,0,0,0,7,7,0,0,0,0,0,0,7,7,0,0,6,0,0,0,7,7,7,0,0,0,0,0,0,0,0,0,0,0
1829_456d6788.jpg,Train,0,0,0,0,0,0,0,0,0,9,10,7,10,7,10,0,10,10,10,7,7,7,10,10,10,10,10,7,7,7,10,10,0,10,10,7,7,7,0,10,10,10,10,7,7,7,10,10,10,10,10,7,7,7,10,0,0,10,10,0,10,0,10,0
1830_ef056761.jpg,Train,0,0,0,0,10,10,0,0,0,0,0,0,10,0,0,0,0,7,0,0,10,10,0,0,0,7,7,0,10,10,0,0,0,7,0,0,10,10,0,0,0,7,10,0,10,10,10,0,0,7,0,0,10,10,0,0,0,7,0,10,10,10,10,0
1831_ae2f4c0d.jpg,Train,0,0,0,0,0,0,0,0,0,0,0,7,0,0,0,0,0,0,0,7,10,0,0,0,0,0,7,7,10,10,0,0,0,0,7,7,10,10,0,0,0,0,0,7,10,10,0,0,0,0,0,0,0,10,0,0,0,0,0,0,0,0,0,0
1832_87267128.jpg,Train,0,0,0,0,0,0,0,0,0,0,0,0,0,0,0,0,0,9,9,0,5,5,0,0,0,9,9,0,5,5,0,0,0,9,9,0,5,5,0,0,0,9,9,0,5,5,0,0,0,9,9,0,5,5,0,0,0,9,0,0,0,0,0,0
1833_dbc977da.jpg,Train,0,0,0,0,0,0,0,0,0,0,9,9,0,0,0,0,0,0,9,9,0,0,0,0,0,0,9,9,0,0,0,0,0,0,9,9,0,0,0,0,0,0,9,9,0,0,0,0,0,0,9,9,0,0,0,0,0,0,0,0,0,0,0,0
1834_00667c82.jpg,Train,10,0,10,0,0,0,0,0,0,0,0,0,5,0,0,0,4,0,4,5,5,0,0,0,0,0,0,5,5,0,0,0,0,0,0,5,5,0,0,0,0,0,5,5,5,0,0,0,0,0,0,5,5,0,0,0,0,0,0,5,0,0,0,0
1835_c0c5dc44.jpg,Train,0,0,0,0,0,0,0,0,0,0,0,0,0,0,0,0,0,5,0,0,0,0,0,0,5,5,5,5,0,5,0,5,5,5,5,5,5,5,5,5,0,0,0,5,0,5,5,5,3,5,0,0,5,5,5,0,0,0,0,0,0,0,0,0
1836_0200ca4d.jpg,Train,0,0,0,0,0,0,0,0,0,0,5,0,0,0,0,0,0,5,5,0,9,9,3,0,0,3,5,9,9,9,9,0,9,5,0,9,9,9,9,0,0,5,5,9,9,9,9,0,0,5,5,9,9,9,9,0,0,0,0,9,9,9,9,0
1837_a34137f4.jpg,Train,0,0,0,0,0,0,0,0,0,0,0,0,9,0,0,0,0,0,0,9,9,0,0,0,0,0,0,9,9,0,0,0,0,0,0,9,9,0,0,0,0,0,0,9,9,0,0,0,0,0,0,9,9,0,0,0,0,0,0,0,1,0,0,0
1838_1db052c0.jpg,Train,0,0,8,0,0,0,0,0,0,5,0,0,5,5,5,0,0,5,0,0,5,5,5,2,0,5,0,5,5,5,0,0,0,5,0,5,5,5,5,0,0,0,0,0,5,5,5,5,0,0,1,0,5,5,5,5,0,0,1,1,5,5,5,5
1839_537f6cb8.jpg,Train,0,7,7,0,0,0,0,0,10,0,10,7,0,0,0,0,0,6,3,0,0,0,0,0,8,0,0,3,0,0,0,0,0,0,0,6,8,0,0,0,0,6,0,0,8,0,0,0,0,3,0,0,0,0,0,0,3,0,0,0,0,0,0,1
1840_3f91a18a.jpg,Test,0,0,0,0,0,0,0,0,0,0,0,0,0,0,0,0,0,0,0,0,0,0,0,0,0,5,5,0,0,0,4,0,0,5,5,4,7,0,0,0,0,0,5,0,7,0,0,10,0,0,5,10,0,0,0,10,0,5,5,0,0,7,10,10
1841_77473ee9.jpg,Train,0,0,0,0,7,0,0,0,0,0,0,0,0,0,0,0,0,0,9,0,9,0,0,0,0,0,9,9,0,0,0,0,0,0,9,9,9,0,0,0,0,0,9,9,9,0,0,0,0,0,9,9,9,0,0,0,0,0,0,0,0,0,0,0
1842_30e53b09.jpg,Train,0,0,0,0,0,0,0,0,0,0,0,0,4,0,0,0,0,0,0,0,0,0,0,0,0,0,0,0,0,7,0,0,0,0,10,0,0,0,0,0,8,5,0,0,10,10,5,0,10,10,10,10,7,0,0,0,0,0,0,0,0,10,10,10
1843_e990fdf6.jpg,Train,0,0,0,9,0,0,0,0,0,0,0,0,0,0,0,0,0,0,0,0,0,0,0,0,0,0,0,0,0,0,0,0,0,0,9,9,9,9,0,0,0,0,9,0,9,9,0,0,0,9,9,9,0,9,0,0,0,0,9,9,9,9,0,0
1844_5027523f.jpg,Train,0,0,0,0,0,0,0,0,0,0,5,5,5,0,0,0,0,5,5,5,5,5,0,5,0,5,5,5,5,5,5,5,5,5,5,5,5,5,0,5,0,5,5,5,3,5,5,0,0,5,5,5,5,0,5,5,0,10,5,0,5,0,0,0
1845_b31efdfc.jpg,Train,0,0,0,1,1,1,1,0,0,0,0,0,0,0,10,0,0,0,0,0,0,0,0,0,0,0,0,0,8,0,0,0,0,0,0,0,0,0,0,0,0,0,0,8,0,0,0,8,0,0,0,1,1,0,0,0,0,0,0,0,0,0,0,0
1846_f647c7c5.jpg,Train,0,0,0,0,0,0,0,0,0,0,0,0,0,0,0,0,0,0,0,9,0,0,0,0,0,5,5,9,0,0,0,0,9,5,5,0,0,0,0,0,0,5,5,0,10,0,0,0,0,0,5,0,0,0,0,0,0,5,5,0,0,0,0,0
1847_71a129ee.jpg,Train,0,0,0,0,0,0,0,0,0,0,0,0,0,0,5,5,0,0,9,9,0,0,5,0,0,9,9,9,0,0,5,5,0,9,9,9,0,0,5,5,0,0,0,9,0,0,5,5,0,0,0,0,9,0,5,5,0,0,0,0,0,0,0,0
1848_c266216d.jpg,Train,0,0,0,0,0,0,0,0,0,0,9,9,0,0,0,0,0,0,9,9,9,0,0,0,0,0,9,9,9,0,0,0,0,0,10,9,9,0,0,0,0,0,9,9,9,0,0,0,0,0,9,0,9,2,0,0,0,0,0,0,9,0,0,0
1849_13825428.jpg,Test,0,0,0,10,0,0,0,0,0,0,0,0,0,0,0,5,0,0,0,0,5,0,0,5,10,10,5,0,0,0,0,0,10,0,9,0,10,0,0,0,0,0,0,0,10,0,0,0,0,0,10,10,1,0,0,0,0,0,0,0,0,0,0,0
1850_628076b3.jpg,Train,0,0,0,0,0,0,0,0,7,0,0,0,0,0,0,0,0,10,0,0,0,0,0,0,0,0,0,0,7,7,0,0,0,0,0,0,10,10,0,10,7,0,0,0,0,0,5,0,8,7,0,0,0,0,0,0,8,0,0,7,0,0,0,0
1851_5447e04c.jpg,Train,0,0,0,0,0,0,0,0,0,0,0,0,0,0,0,0,0,0,0,0,0,0,0,0,0,9,9,9,9,9,9,0,0,0,9,9,9,9,0,0,0,0,9,9,9,9,0,0,8,0,9,9,9,9,0,0,0,0,9,9,9,9,0,0
1852_d58107d9.jpg,Train,0,0,0,0,0,0,0,0,0,0,0,0,0,0,0,0,0,9,5,5,0,0,0,0,0,10,5,5,5,0,0,0,0,2,3,5,5,2,0,0,0,0,0,5,5,5,0,0,0,0,0,5,5,5,3,0,0,0,0,0,0,0,0,0
1853_e538a161.jpg,Test,0,0,0,0,0,0,0,0,0,0,0,0,0,0,0,0,0,0,0,9,9,9,0,0,0,0,0,0,9,10,0,0,0,0,0,0,0,10,9,0,0,8,0,1,0,7,1,0,0,0,10,0,0,0,0,0,0,0,0,0,0,0,0,0
1854_c994e2fc.jpg,Train,0,0,0,0,0,0,0,0,0,0,0,0,0,0,0,0,5,5,5,0,5,5,5,5,5,5,5,5,5,5,5,5,5,5,5,5,5,5,5,5,5,5,5,5,5,5,5,5,0,5,5,0,0,5,5,5,0,0,0,0,0,0,0,0
1855_9ae62a6e.jpg,Train,0,0,0,0,0,0,0,0,0,0,0,0,0,9,0,0,0,0,0,0,0,5,5,0,0,0,0,0,9,5,5,0,0,0,0,0,0,5,5,10,0,0,0,0,8,5,5,0,0,0,0,0,0,5,5,0,0,0,0,0,0,0,0,0
1856_6ca2a6cf.jpg,Test,0,0,0,0,0,0,0,0,0,6,0,0,0,3,3,0,0,0,0,0,0,0,0,0,0,0,0,0,0,0,6,0,0,0,0,0,0,0,0,0,0,0,0,0,0,0,0,0,0,0,0,0,0,0,0,0,0,0,0,0,0,0,0,0
1857_9463038e.jpg,Test,0,0,0,0,0,0,0,0,0,0,0,0,0,0,0,0,0,0,0,0,0,0,0,0,0,9,9,9,0,0,0,0,0,9,0,9,0,0,0,0,0,0,0,9,0,0,0,0,0,0,0,0,0,0,0,0,0,0,0,0,0,0,0,0
1858_3fe6018c.jpg,Test,0,0,0,0,0,0,0,0,0,0,0,0,0,0,0,0,0,0,5,0,9,0,0,0,0,0,0,0,5,5,0,0,0,0,5,0,5,5,0,0,5,8,0,0,8,5,5,0,0,8,0,0,8,5,0,0,0,0,0,0,0,0,0,0
1859_2ab9047e.jpg,Test,0,0,0,0,9,0,0,0,0,0,0,0,0,0,0,0,0,0,0,0,9,9,0,0,0,0,9,0,9,0,0,0,0,0,9,0,9,0,9,0,0,0,0,7,9,9,0,0,0,0,0,0,0,9,0,0,0,0,0,1,0,0,0,0
1860_aa21cfd1.jpg,Train,0,0,0,0,0,0,0,0,0,5,5,5,5,5,0,0,0,5,5,5,5,5,0,0,0,5,5,5,5,5,0,0,0,5,5,5,5,5,0,0,0,5,5,5,5,5,1,0,0,5,5,5,5,5,5,0,0,5,5,0,5,5,0,0
1861_aa73352a.jpg,Train,0,0,0,0,0,0,0,0,0,0,5,5,5,5,0,0,0,0,5,5,5,5,0,0,0,0,5,5,5,5,0,0,0,9,5,5,5,5,0,0,0,0,5,5,5,5,4,0,0,0,5,5,5,5,0,0,0,0,0,0,0,5,0,0
1862_3681a15f.jpg,Test,0,0,0,0,0,0,0,0,0,0,0,9,0,0,0,0,0,0,0,9,0,0,0,0,0,0,9,10,9,0,0,0,0,0,9,7,0,5,0,0,0,0,7,7,0,0,0,0,0,0,8,0,8,0,0,0,0,0,0,0,0,0,0,0
1863_bf8ea9ef.jpg,Train,0,0,0,0,0,0,0,0,0,0,0,0,0,0,0,0,0,0,0,0,3,6,0,0,0,9,9,0,3,6,0,0,0,0,0,0,3,6,0,0,0,9,0,0,3,6,0,0,0,7,9,0,0,6,0,0,0,0,2,5,0,3,7,0
1864_8f86278f.jpg,Train,0,0,0,0,0,0,0,0,0,0,0,0,0,0,0,0,0,0,0,0,0,0,0,0,0,0,9,9,0,0,0,0,0,0,9,9,0,0,0,0,0,0,9,9,0,0,0,0,2,0,9,9,0,0,0,0,0,0,0,9,0,0,0,0
1865_1d3f86e4.jpg,Train,0,0,0,0,0,0,0,0,0,0,0,0,5,5,0,0,0,0,0,0,5,5,0,0,0,0,0,0,9,5,0,0,0,0,9,0,5,5,0,0,0,0,0,0,10,5,0,0,0,0,0,0,0,5,0,0,0,0,0,0,5,5,0,0
1866_42b1699c.jpg,Train,0,0,0,0,0,0,0,0,0,0,0,0,0,9,0,0,0,0,0,0,9,9,0,0,0,5,0,0,9,9,0,0,0,0,0,0,9,9,0,0,0,0,0,0,9,9,0,0,0,0,0,0,9,9,0,0,0,0,0,0,0,0,0,0
1867_1114c581.jpg,Train,0,0,0,0,0,0,0,0,0,0,0,0,0,0,0,0,0,0,0,0,0,5,5,0,0,0,0,9,0,5,5,0,0,0,0,9,0,5,5,0,0,0,0,0,0,5,5,0,0,0,0,0,0,5,5,0,0,0,0,0,5,5,5,9
1868_dec06e06.jpg,Test,0,0,0,0,0,0,0,0,0,0,0,5,0,5,0,0,0,0,7,5,0,0,5,0,0,7,0,5,5,5,0,0,0,0,0,5,0,5,3,0,0,1,0,5,5,5,3,0,0,3,0,5,5,5,3,1,0,0,0,0,5,0,0,0
1869_f751a034.jpg,Train,0,0,0,0,0,0,0,0,0,0,0,0,0,0,0,0,0,5,5,5,5,5,5,5,5,5,0,0,5,5,5,5,5,5,5,0,0,9,0,5,5,5,5,0,0,0,9,0,5,5,5,9,9,9,9,9,0,6,6,10,0,10,0,0
1870_13a28ba9.jpg,Train,0,0,0,0,0,0,0,0,0,0,0,0,0,0,0,9,0,10,0,0,0,0,0,0,0,0,0,0,10,0,0,0,0,0,0,0,0,0,0,0,0,0,0,0,0,0,0,0,0,0,0,0,0,0,0,0,0,0,0,0,0,0,0,0
1871_866f3643.jpg,Train,0,0,0,0,0,0,0,0,9,0,0,0,9,0,0,10,0,0,0,1,0,5,0,0,0,0,0,0,5,5,5,0,0,0,0,0,5,5,0,0,0,0,0,0,0,0,0,0,0,0,0,0,0,0,0,6,10,0,0,0,0,0,0,0
1872_5f3e0f3e.jpg,Test,0,0,0,0,0,0,0,0,0,0,0,0,0,0,0,0,0,5,0,5,0,3,5,3,0,5,0,5,0,0,5,5,7,5,5,5,5,0,5,5,0,5,5,5,5,5,5,5,0,0,5,5,5,0,0,0,0,0,0,0,0,0,0,0
1873_6f7c5f54.jpg,Train,0,0,0,0,0,0,0,0,0,0,0,0,0,9,0,0,0,0,0,0,9,9,0,0,0,0,0,9,9,9,0,0,0,0,0,9,9,0,0,0,0,0,0,9,9,0,0,0,0,0,0,9,9,0,0,0,0,0,9,9,9,0,0,0
1874_38cacc47.jpg,Test,0,0,0,0,0,0,0,0,0,0,0,0,3,0,0,0,0,0,0,0,0,9,9,0,0,0,0,0,9,9,9,0,5,0,5,0,3,3,3,9,5,0,0,0,0,0,9,0,5,0,0,7,7,10,7,0,0,0,6,7,7,7,0,0
1875_e4db4b26.jpg,Train,0,8,0,0,0,0,0,0,0,0,7,0,0,0,0,0,5,5,5,5,0,5,5,5,5,5,5,5,5,5,5,5,5,5,5,5,5,5,5,5,5,5,5,5,5,5,5,5,5,5,5,5,5,5,5,5,5,5,5,5,5,5,5,5
1876_01198842.jpg,Train,0,0,0,0,0,0,0,0,0,0,7,7,7,0,0,0,0,0,0,0,0,0,4,0,0,0,7,7,7,0,4,0,0,0,0,10,10,7,0,7,0,10,0,0,0,0,0,0,0,0,0,0,0,0,1,0,8,8,0,0,0,0,0,0
1877_fd82718b.jpg,Train,0,0,0,0,0,0,0,0,0,0,9,9,5,5,0,0,0,0,9,9,0,5,0,0,0,0,9,9,5,5,0,0,0,0,9,9,0,5,0,0,0,0,9,9,0,5,0,0,0,0,9,9,5,5,0,0,0,0,9,9,0,0,0,0
1878_7bf7285a.jpg,Train,0,0,0,0,0,0,0,0,0,0,0,0,5,0,0,0,0,0,0,5,5,0,0,0,0,0,0,5,5,5,0,0,0,0,0,5,5,5,0,0,0,0,0,5,5,5,0,4,0,0,5,5,5,5,0,0,0,0,0,5,0,5,0,0
1879_f920fa01.jpg,Train,0,0,0,0,0,0,0,0,0,0,9,9,9,9,0,0,0,0,9,9,9,9,0,0,0,0,9,9,9,9,0,0,0,0,9,9,9,9,0,0,0,0,9,0,9,9,5,5,0,0,9,9,9,9,5,5,0,0,9,7,9,9,5,5
1880_6aae2516.jpg,Test,0,0,9,9,9,0,0,0,0,0,5,5,5,0,9,0,0,0,5,5,5,9,0,0,0,0,5,5,5,0,0,0,0,0,5,5,5,8,0,0,0,0,0,3,3,0,6,0,0,5,3,5,5,0,0,0,0,0,5,0,5,0,0,0
1881_9567aaf8.jpg,Train,0,0,0,0,0,0,0,0,0,0,9,1,1,9,0,0,0,0,9,9,9,9,5,5,0,0,9,9,9,9,5,5,0,0,9,9,9,9,5,5,0,0,9,9,9,9,5,5,0,0,9,9,9,9,5,5,0,0,0,0,0,0,0,0
1882_c786be6e.jpg,Test,0,0,0,0,0,0,0,0,0,0,0,0,0,0,0,0,0,0,0,0,0,0,0,0,0,0,0,0,5,9,0,0,0,9,9,0,5,9,0,0,0,8,0,10,5,5,0,0,0,7,7,0,5,5,0,0,0,0,0,0,0,0,0,0
1883_c98ce8f8.jpg,Train,0,0,0,0,0,0,0,0,0,0,5,0,0,0,0,0,0,5,5,5,0,0,0,0,0,5,5,5,0,0,0,0,0,5,5,5,0,0,0,9,0,5,5,5,0,0,0,0,0,5,5,5,0,0,0,0,0,0,0,0,0,0,0,0
1884_0de3ffde.jpg,Train,0,0,0,0,0,0,0,0,0,0,7,0,0,0,0,0,0,0,0,0,0,0,0,0,0,3,3,3,0,0,0,0,0,0,0,3,0,0,0,0,0,0,0,0,0,0,0,0,0,0,0,0,0,0,0,0,0,0,0,0,0,0,0,0
1885_965082be.jpg,Train,0,0,0,0,0,0,0,0,0,0,0,0,3,3,0,0,0,0,3,0,0,3,0,0,0,3,6,5,5,3,7,7,0,0,6,0,0,0,10,10,0,0,0,0,3,0,0,10,0,0,6,0,6,6,0,0,0,0,0,0,0,0,0,0
1886_9bf89314.jpg,Test,0,0,0,8,8,0,0,0,0,0,0,0,0,0,3,0,9,0,2,0,0,0,0,0,0,2,6,2,0,0,2,0,0,8,0,0,4,0,0,0,0,8,0,0,2,0,2,8,0,0,0,0,0,0,0,8,0,4,4,4,4,0,0,0
1887_b518df35.jpg,Train,0,0,0,0,9,0,0,0,0,0,0,0,0,0,0,0,0,0,0,5,9,0,0,0,0,0,5,5,5,0,0,0,0,0,0,5,5,5,0,0,0,0,0,5,5,2,0,0,0,0,0,5,5,0,0,0,0,0,0,0,5,0,0,0
1888_ff3a4978.jpg,Train,0,0,0,0,0,0,0,0,0,0,9,9,9,0,0,0,0,0,9,9,0,0,0,0,0,0,9,9,9,0,0,0,0,0,0,9,0,0,0,0,0,0,9,9,9,0,0,0,0,0,0,9,9,0,0,0,0,0,0,9,0,0,0,0
1889_07b257c8.jpg,Test,0,0,0,0,0,0,0,0,0,0,0,0,0,0,0,0,0,0,5,5,0,0,0,0,0,0,5,9,0,0,0,0,0,0,3,9,0,0,7,0,0,0,0,0,0,0,7,0,9,0,5,3,0,7,0,0,0,0,0,0,0,0,0,0
1890_127ec30c.jpg,Test,0,0,0,0,0,0,0,0,0,0,0,10,9,10,0,9,0,0,0,0,0,0,0,0,0,0,0,0,9,9,0,0,0,0,0,0,9,0,0,0,0,0,0,0,7,7,0,0,1,1,1,0,0,0,0,0,0,0,0,0,0,7,0,0
1891_87269108.jpg,Train,0,0,0,0,0,0,0,0,0,0,0,0,0,9,0,0,0,9,7,0,0,9,9,0,0,9,9,9,0,9,9,0,0,9,9,9,0,9,0,0,0,9,9,9,0,0,0,0,0,9,9,9,0,9,4,0,0,9,9,9,0,9,0,0
1892_3561ed66.jpg,Train,0,0,3,0,0,0,0,0,0,0,0,3,0,0,0,0,0,0,3,0,0,3,0,0,0,0,3,3,0,0,0,0,0,0,0,3,0,0,0,10,0,0,5,5,0,10,0,0,0,0,0,0,5,0,0,0,0,0,0,0,0,0,0,0
1893_9af8b04f.jpg,Test,0,0,0,8,8,8,0,0,0,9,0,0,4,0,0,0,0,0,0,0,0,3,0,3,3,0,0,0,0,0,0,0,0,0,0,0,0,6,10,0,0,0,0,0,10,0,0,0,0,0,10,0,0,0,0,0,0,0,0,0,0,0,0,0
1894_fff7ae97.jpg,Train,0,0,0,0,0,0,0,0,0,0,9,9,0,9,5,5,0,0,9,9,0,9,5,5,0,0,9,9,0,9,5,5,0,0,9,9,9,9,5,3,0,0,9,9,9,9,5,5,0,0,9,9,0,9,5,5,0,0,9,9,0,0,0,0
1895_bc445066.jpg,Test,0,0,0,0,0,0,0,0,0,0,0,0,0,0,0,0,0,0,0,0,0,0,0,0,0,0,0,0,0,0,0,0,0,0,0,0,0,0,0,0,0,0,0,0,0,0,0,0,0,0,0,0,0,0,0,0,0,0,0,0,0,0,0,0
1896_2f52bb3a.jpg,Test,0,0,0,0,0,0,0,0,0,0,0,0,5,0,0,0,0,3,0,0,0,0,0,0,8,0,0,0,0,0,0,0,10,9,0,3,0,10,9,0,0,0,3,0,5,9,3,0,7,7,0,0,0,10,0,0,7,7,0,5,5,0,7,7
1897_4618e0e2.jpg,Train,0,0,0,0,0,0,0,0,9,9,5,0,0,0,5,9,9,0,5,5,5,5,5,9,9,9,5,0,5,5,5,9,9,9,5,5,5,5,5,0,9,9,5,5,5,5,5,0,9,7,5,1,1,5,5,1,9,9,0,0,0,5,0,0
1898_0df73bc8.jpg,Train,0,0,0,0,0,0,0,0,0,0,5,5,5,0,10,0,0,5,5,5,5,5,0,0,0,5,5,5,5,5,0,0,0,5,5,5,5,5,1,0,0,5,5,5,5,5,1,1,0,5,5,5,5,5,0,1,0,5,5,5,5,5,0,0
1899_003cdbfe.jpg,Train,0,0,0,0,0,0,0,0,0,0,0,0,0,0,0,0,0,0,0,0,0,0,3,0,0,0,0,10,10,0,0,0,0,0,3,7,0,0,0,0,0,0,0,0,0,0,0,0,0,0,0,0,0,0,0,0,0,0,0,0,0,0,0,0
1900_5d3456a5.jpg,Train,0,10,0,8,0,0,8,0,0,7,0,9,0,7,0,10,1,1,3,9,0,5,5,0,0,3,3,0,0,5,5,0,0,0,3,0,0,5,0,0,1,0,0,0,0,0,0,0,0,6,3,0,0,0,5,0,0,0,0,0,0,0,0,0
1901_ba1c8196.jpg,Train,0,0,0,0,0,0,0,0,0,0,0,0,0,0,0,0,0,0,0,0,0,0,0,0,0,0,5,5,0,0,0,0,9,0,5,5,0,0,0,0,0,0,5,5,0,0,0,0,0,0,5,5,0,0,0,0,0,0,0,5,0,0,0,0
1902_36f8592f.jpg,Train,0,0,0,0,0,0,0,0,0,0,0,0,0,0,0,0,0,3,5,0,0,0,0,0,0,0,5,0,0,10,0,0,0,0,6,0,0,0,0,0,0,6,6,0,0,0,0,0,0,6,0,0,5,0,0,0,0,0,0,0,0,0,0,0
1903_dfa10e49.jpg,Train,0,0,0,0,0,0,0,0,0,0,0,0,0,0,5,0,0,0,0,0,0,5,5,5,0,0,0,0,9,5,5,5,0,0,0,0,0,5,5,5,0,0,0,0,9,5,5,5,0,0,7,0,0,5,5,0,0,0,0,0,0,5,5,0
1904_1ca2e78a.jpg,Train,0,0,0,0,0,0,0,0,0,0,0,0,0,0,0,0,0,0,0,0,0,0,0,0,0,0,0,6,0,0,0,0,0,0,5,9,0,0,9,0,0,0,5,0,0,0,0,0,0,0,0,0,0,0,0,0,0,0,0,0,0,0,0,0
1905_698aa280.jpg,Train,0,0,0,0,0,0,0,0,0,0,5,0,9,9,0,0,0,5,5,0,9,5,0,0,0,5,5,5,9,9,0,0,0,5,5,5,9,9,0,0,0,5,5,5,9,9,0,0,0,5,5,5,9,9,0,0,0,0,0,0,0,0,0,0
1906_c1f9e153.jpg,Test,0,0,0,0,0,0,0,0,0,0,0,0,0,0,0,0,0,9,9,9,0,0,0,0,0,9,0,0,0,0,0,0,10,0,10,0,0,0,0,3,0,0,7,0,0,0,0,0,0,0,0,0,0,0,0,0,0,0,0,0,0,0,0,0
1907_7218d168.jpg,Train,0,0,0,0,0,0,0,0,0,0,0,0,0,9,9,0,0,0,0,9,9,9,9,0,0,9,0,9,9,9,9,0,0,0,0,0,9,9,0,0,0,0,0,9,9,9,0,0,0,0,0,9,9,9,0,0,0,0,0,0,0,0,0,0
1908_561e7e62.jpg,Train,0,0,0,0,0,0,0,0,0,0,0,0,0,0,0,0,0,0,0,0,0,0,0,0,0,0,7,0,0,5,5,0,0,0,0,5,5,5,5,0,0,0,5,5,5,5,0,0,0,5,5,5,5,5,6,0,0,5,3,5,5,5,0,0
1909_95630151.jpg,Test,0,0,0,0,0,0,0,0,0,0,0,0,0,0,0,0,0,0,0,0,8,0,8,0,0,0,0,0,8,8,0,0,0,0,0,4,5,0,0,0,8,0,0,5,6,0,0,0,0,7,0,0,0,0,0,0,0,0,0,0,0,0,0,0
1910_fec38d4e.jpg,Train,0,0,0,0,0,7,0,0,0,0,0,0,0,0,0,0,0,0,0,0,10,0,0,0,0,0,0,0,0,0,0,0,0,0,0,0,0,0,0,0,0,0,0,0,0,0,0,0,0,0,0,0,0,0,0,0,0,0,0,0,0,0,0,0
1911_a9035515.jpg,Test,0,0,0,0,0,0,0,0,0,0,0,0,0,0,0,0,0,0,0,0,9,0,0,0,0,0,0,0,9,0,0,0,0,0,0,0,9,5,0,0,8,0,0,0,0,5,0,0,0,0,0,0,0,0,0,0,0,0,0,0,0,0,0,0
1912_5e156b7f.jpg,Test,0,0,0,0,0,0,0,0,0,0,0,0,0,0,0,0,0,0,0,0,9,0,0,0,0,0,9,0,9,9,0,0,0,0,10,0,9,3,0,0,0,0,0,0,9,2,0,0,0,0,0,0,1,0,0,0,0,0,0,0,1,0,0,0
1913_d111b360.jpg,Train,0,0,0,0,0,0,0,0,0,0,9,0,9,0,0,0,0,0,9,9,9,0,0,0,0,0,9,9,9,0,0,0,0,0,9,9,0,0,0,0,0,0,9,9,9,0,0,0,0,0,9,9,9,0,0,0,0,0,9,9,9,0,0,0
1914_3e7ffa9e.jpg,Test,0,0,9,5,0,0,0,0,0,0,7,0,5,0,0,0,0,0,9,0,5,5,0,0,0,9,0,0,5,5,0,0,0,9,7,0,5,5,0,0,0,0,7,9,5,4,0,0,0,0,1,6,5,0,0,0,0,0,1,0,5,0,0,0
1915_f4f84991.jpg,Train,0,0,0,6,0,0,0,0,10,0,0,3,6,0,0,7,0,0,6,0,0,0,0,0,0,0,0,6,6,0,0,0,0,0,6,6,6,0,0,0,0,0,0,0,6,0,0,0,0,0,0,0,0,0,0,0,0,0,0,0,6,0,0,0
1916_0e7a4893.jpg,Train,0,0,0,0,0,0,0,0,0,0,5,0,0,5,0,0,0,0,5,0,0,5,0,0,0,0,5,5,5,5,0,0,0,0,5,5,5,5,0,0,0,0,5,1,5,5,0,0,0,0,5,5,5,5,0,0,0,0,0,0,0,0,0,0
1917_3e4e02f8.jpg,Train,0,0,0,0,0,0,0,0,0,9,0,0,0,0,0,0,0,0,0,0,0,9,0,0,5,5,0,0,8,5,5,0,5,5,5,0,5,5,5,0,5,5,5,4,5,5,5,0,5,5,5,0,0,5,5,0,0,5,0,0,4,5,5,4
1918_ba13389b.jpg,Train,0,0,0,0,0,0,0,0,0,0,5,5,0,0,0,0,0,5,5,5,5,0,0,0,5,5,5,5,5,0,0,0,5,5,5,5,0,0,0,0,5,5,0,5,0,0,0,0,5,5,5,5,0,0,0,0,0,3,0,5,0,0,0,0
1919_c29ea324.jpg,Test,0,0,0,0,0,0,0,0,0,0,0,0,0,0,0,0,0,0,0,0,9,0,0,0,0,0,0,0,10,9,0,0,0,0,0,0,2,0,0,0,0,0,0,2,9,0,0,0,0,0,0,0,7,0,0,0,0,0,0,0,0,0,0,0
1920_890352c7.jpg,Train,0,0,0,0,0,0,0,0,0,0,9,10,0,9,0,0,0,0,9,0,0,0,0,0,0,9,10,9,0,5,5,0,0,9,9,9,0,5,5,0,7,0,9,9,0,5,5,0,0,0,0,0,0,5,5,7,0,0,7,7,0,5,5,0
1921_cc40b110.jpg,Train,0,0,0,0,0,0,0,0,0,0,0,0,0,0,0,0,0,0,0,5,5,10,0,0,0,0,0,5,5,5,0,0,0,0,0,0,5,5,5,0,8,0,0,0,5,5,6,0,0,0,0,0,5,5,0,0,0,0,0,0,5,0,0,0
1922_d0e69b7c.jpg,Test,0,0,0,9,0,0,0,0,0,0,9,0,0,0,0,0,0,0,5,5,0,0,0,0,0,0,5,5,0,0,0,0,0,0,5,5,0,0,0,0,0,0,0,5,0,0,0,0,0,0,0,5,0,0,0,0,10,0,0,0,0,0,0,0
1923_a7244e06.jpg,Train,0,0,0,0,0,0,0,0,0,0,0,0,0,5,0,0,0,0,0,0,5,5,0,0,0,0,0,5,5,5,0,0,0,9,9,9,0,5,0,0,0,9,9,9,5,5,0,0,0,9,7,9,5,5,5,0,0,0,10,0,0,0,0,0
1924_6b5aaabc.jpg,Train,8,8,8,8,0,0,0,0,8,0,0,0,0,0,0,0,0,0,0,0,0,2,0,0,0,0,0,0,0,0,0,0,0,0,0,0,0,0,0,0,0,0,0,0,0,0,0,0,0,0,0,0,7,0,0,0,0,0,0,0,0,0,0,0
1925_58015839.jpg,Test,0,0,0,0,7,0,7,0,9,0,0,0,7,0,0,4,0,0,10,0,0,7,0,0,0,0,9,3,10,8,0,10,0,3,3,0,0,0,0,10,0,0,3,0,0,0,0,0,0,3,0,0,0,0,0,0,0,0,0,0,0,0,0,0
1926_977259a4.jpg,Train,0,0,0,0,0,0,0,0,0,0,0,0,0,0,0,0,0,0,0,9,9,0,5,5,9,0,9,9,9,0,5,5,0,0,9,9,0,0,5,5,0,10,9,9,9,0,5,5,0,0,9,9,9,0,5,5,0,0,0,0,0,0,0,0
1927_c46faaf0.jpg,Train,1,0,1,1,1,0,0,8,1,0,0,0,0,8,0,0,0,0,0,0,0,0,3,0,8,8,0,0,0,0,0,0,8,0,0,0,0,0,0,0,5,0,0,0,8,8,0,0,0,0,0,0,0,0,0,0,0,0,0,0,0,0,0,0
1928_dc62edfb.jpg,Train,0,0,0,0,0,0,0,0,0,0,9,0,0,0,0,0,0,0,9,9,0,0,0,0,0,0,9,9,0,0,0,0,0,0,9,9,0,0,0,0,0,0,9,9,0,0,0,0,0,0,9,0,0,0,0,0,0,0,9,1,0,0,0,0
1929_b44bbf8b.jpg,Train,0,0,0,0,0,0,0,0,0,6,5,0,5,5,0,0,0,5,5,5,5,5,0,0,5,0,5,5,5,0,0,0,5,0,5,5,5,5,0,1,0,0,5,0,5,0,0,1,0,0,5,5,5,5,0,0,0,0,5,0,6,5,0,0
1930_cebd0563.jpg,Train,0,0,0,0,0,0,0,0,0,0,9,9,0,0,0,0,0,0,9,9,0,0,0,0,0,0,9,9,0,0,0,0,0,0,9,9,0,0,0,0,0,0,9,9,0,0,0,0,0,0,9,9,0,0,0,0,0,0,9,9,0,0,0,0
1931_90d97292.jpg,Train,0,0,0,0,0,0,0,0,0,4,0,0,0,0,10,0,0,5,5,0,0,0,0,0,5,5,5,0,0,6,6,0,5,5,5,6,6,0,0,5,0,5,5,6,6,0,0,0,5,5,5,6,0,6,6,0,5,5,5,0,6,0,5,0
1932_468c7099.jpg,Test,0,0,0,0,0,0,0,0,0,0,0,0,0,0,0,0,5,0,9,0,0,9,5,0,5,0,9,9,0,9,5,0,5,0,10,9,0,9,0,0,0,0,9,0,0,0,3,0,0,0,0,0,5,5,5,0,0,0,0,0,0,0,0,0
1933_d7dfd9bd.jpg,Train,0,0,0,0,0,0,0,0,0,0,0,0,0,0,0,0,0,0,5,9,0,0,0,0,0,5,5,9,0,0,4,0,5,5,3,0,0,0,0,0,5,5,5,0,0,0,0,0,0,5,5,0,0,0,0,0,0,0,0,0,0,0,0,0
1934_d2fc27ed.jpg,Train,0,0,0,0,0,0,0,0,0,0,9,9,9,9,0,0,0,0,9,9,9,9,0,0,0,0,0,9,9,9,0,0,0,0,9,9,9,9,0,0,0,0,9,9,9,9,0,0,0,0,0,0,0,0,0,0,0,0,0,0,0,0,0,0
1935_aa44cc25.jpg,Train,0,0,0,0,0,0,0,0,0,0,0,0,0,0,0,0,0,5,0,0,0,0,0,0,0,0,0,6,6,6,0,0,0,0,0,0,6,6,0,0,0,0,0,0,0,6,0,0,0,0,0,0,0,6,0,0,0,0,0,0,0,0,0,0
1936_e950b3fa.jpg,Test,0,0,0,0,0,0,0,0,0,0,0,0,0,0,0,0,0,0,0,9,0,0,0,0,0,0,9,0,0,0,0,0,0,0,0,9,0,0,0,0,0,0,9,9,0,0,0,0,8,10,9,0,0,0,0,0,0,0,0,0,0,0,0,0
1937_37a094cf.jpg,Train,7,0,0,0,0,0,0,0,10,0,0,0,0,0,0,0,0,0,0,9,0,0,0,0,5,4,4,0,5,0,0,1,5,0,0,9,5,5,10,0,0,0,0,9,5,5,10,0,10,0,0,9,0,0,0,0,0,0,0,0,0,0,0,0
1938_dd14cc2a.jpg,Train,0,0,0,0,0,0,0,0,0,0,0,0,0,0,0,0,0,0,0,5,5,0,9,9,0,0,0,5,5,0,9,9,0,5,0,5,5,0,9,9,0,0,5,5,5,0,9,9,0,0,5,5,5,0,9,9,0,0,0,0,5,0,0,0
1939_b7c7bdef.jpg,Test,0,0,0,0,0,0,0,0,0,0,0,0,0,0,0,0,0,0,0,0,0,0,0,9,0,0,0,0,0,9,9,0,0,0,0,9,0,9,9,0,0,9,0,0,0,9,9,0,0,0,0,0,0,7,0,0,0,0,0,0,0,0,0,0
1940_1951b58d.jpg,Train,0,0,0,4,0,0,0,0,0,10,0,0,0,0,0,0,3,0,0,0,0,0,5,0,8,0,0,0,5,0,5,0,0,0,0,0,0,0,0,0,8,10,0,0,0,0,10,0,0,0,0,0,0,0,0,0,0,0,1,0,0,0,0,0
1941_496d4625.jpg,Train,0,0,0,0,0,0,0,0,0,0,0,0,0,0,0,0,0,0,0,0,0,0,0,0,0,0,7,0,5,0,5,0,0,0,0,0,5,5,5,0,0,5,5,0,5,5,5,0,0,5,5,5,5,5,5,6,0,5,5,5,5,5,3,0
1942_815cb545.jpg,Train,0,0,0,0,0,0,0,0,0,0,0,0,0,0,0,0,0,0,0,0,0,0,0,0,0,0,0,0,0,5,5,0,0,5,5,0,5,0,5,0,0,5,5,0,5,5,0,0,0,5,5,0,0,5,5,0,0,5,5,0,0,5,5,0
1943_30effea1.jpg,Test,0,0,0,0,0,9,0,0,0,0,0,0,0,0,0,0,10,0,7,0,10,0,0,10,0,0,10,7,0,0,0,0,0,0,0,0,0,0,0,5,0,0,0,0,0,0,0,3,0,0,0,0,5,9,0,0,0,0,0,0,9,0,0,0
1944_4bdbb0d2.jpg,Test,0,7,0,0,10,7,0,10,0,0,0,0,0,0,0,0,10,0,0,7,0,5,0,0,10,10,10,0,0,5,5,7,10,0,0,0,0,5,5,0,10,0,0,0,0,0,0,10,0,8,0,6,0,0,5,0,10,0,0,6,0,5,5,0
1945_853dbeb7.jpg,Train,0,0,0,0,0,0,0,0,0,0,9,9,9,0,0,0,0,0,9,9,9,0,0,0,0,0,0,9,9,2,0,0,0,0,0,9,0,0,0,0,0,0,0,9,9,9,0,0,0,0,9,9,9,9,0,0,0,0,9,9,0,0,0,0
1946_4b1ffa20.jpg,Test,8,8,1,0,0,0,0,0,8,8,1,0,0,0,0,0,8,0,0,0,8,8,8,0,8,8,0,0,8,0,0,0,8,8,0,0,8,0,0,0,0,0,0,0,0,0,0,0,0,5,4,8,0,0,0,8,0,0,0,0,0,0,10,0
1947_a0f6addf.jpg,Train,0,0,0,0,0,0,0,0,0,0,0,7,5,0,0,0,0,0,5,5,5,0,0,0,0,0,0,5,5,5,0,0,0,0,5,5,5,5,0,0,0,0,5,5,5,5,0,0,0,0,5,5,5,5,0,0,0,0,5,5,5,5,0,0
1948_a0b2717c.jpg,Train,0,0,0,0,3,9,0,0,0,5,0,0,9,9,9,0,0,0,5,0,9,9,9,0,0,5,5,5,9,9,9,4,0,5,5,0,0,9,9,0,0,5,5,5,0,9,9,0,0,5,5,5,9,9,9,0,0,5,5,5,9,9,9,0
1949_416f749c.jpg,Train,0,0,0,0,0,0,0,0,9,9,0,5,5,5,0,9,9,9,0,5,5,5,5,0,9,9,0,5,5,5,5,0,9,9,5,5,5,5,5,9,9,9,5,5,5,5,5,0,9,9,5,0,5,5,0,0,0,0,0,0,0,0,0,0
1950_01d1efb1.jpg,Train,0,0,10,0,0,0,4,0,0,0,0,5,5,7,0,0,0,0,0,5,5,3,0,0,10,0,3,5,5,9,9,0,0,9,9,5,5,9,0,0,10,0,6,0,0,9,9,0,0,0,0,0,0,0,0,0,0,3,0,0,0,8,0,0
1951_a9a977ba.jpg,Train,0,0,0,0,0,0,0,0,10,0,0,5,0,0,0,0,0,0,0,5,5,0,0,0,0,0,0,5,5,0,0,0,0,0,3,5,5,5,0,0,0,0,5,5,5,5,0,0,0,0,5,5,5,0,0,0,0,0,5,5,5,0,0,0
1952_0148d267.jpg,Train,0,0,0,0,0,0,0,0,0,8,0,8,8,0,0,0,0,9,0,0,4,3,0,0,0,0,0,0,0,0,0,0,0,0,0,0,0,0,0,0,0,0,0,0,0,0,0,0,0,0,0,0,2,0,0,0,0,0,0,0,0,0,0,0
1953_e77986d5.jpg,Train,0,0,0,0,0,0,0,0,0,0,0,0,9,9,0,0,0,0,7,0,0,9,9,0,0,7,7,7,9,9,9,0,0,7,7,0,9,9,9,0,0,7,0,0,2,9,9,8,0,0,0,0,0,9,2,0,0,0,0,0,0,7,0,0
1954_60cfd8c5.jpg,Test,0,0,0,0,0,0,0,0,7,0,0,0,0,0,0,0,0,0,0,0,0,0,0,0,10,0,0,0,0,0,0,0,0,9,9,4,0,0,5,5,0,0,0,0,0,5,5,0,0,0,10,7,0,9,5,3,0,10,7,9,0,0,5,0
1955_4fcd349a.jpg,Test,8,8,0,0,0,0,0,8,0,0,0,0,9,0,9,9,0,0,0,0,6,0,0,0,0,0,0,0,0,0,0,0,0,0,0,0,0,0,0,0,0,0,0,0,0,0,0,0,0,0,0,0,0,0,0,0,0,0,0,0,0,0,0,0
1956_2aeaf505.jpg,Train,0,6,6,9,9,0,9,0,9,0,0,6,2,0,3,0,6,3,0,0,2,0,9,0,8,9,2,0,8,3,9,0,9,8,1,6,0,1,7,0,0,0,0,6,0,9,2,0,0,0,1,0,0,9,0,0,0,0,0,0,0,0,0,0
1957_45574634.jpg,Test,0,0,0,0,0,0,0,0,0,0,0,0,0,0,0,0,0,0,0,6,0,0,0,0,0,0,0,5,0,0,0,0,0,0,0,6,6,0,0,0,0,0,0,6,0,0,0,0,0,0,0,0,0,0,0,0,0,0,0,0,0,0,0,0
1958_a0533d2f.jpg,Test,0,0,0,0,0,0,0,0,0,0,9,0,0,0,0,0,0,5,1,1,10,9,0,0,0,0,0,9,9,0,0,0,0,0,9,0,9,0,9,0,0,7,10,9,0,0,0,0,0,7,0,0,0,7,0,0,0,2,0,0,0,9,9,0
1959_031a4e1e.jpg,Train,0,0,0,0,10,9,0,0,0,7,9,0,0,9,9,10,0,0,0,0,9,9,9,0,0,0,0,0,0,9,9,10,0,0,0,0,0,0,9,0,0,0,0,0,0,2,9,0,0,0,0,0,0,0,9,0,0,0,0,0,0,9,9,0
1960_cc0b5d2a.jpg,Train,0,0,0,0,0,0,0,0,0,9,9,9,9,9,0,0,0,9,0,9,9,9,0,0,0,9,9,9,9,9,0,0,0,9,9,9,9,9,0,0,0,9,9,9,9,9,0,0,0,9,9,9,0,0,0,0,0,0,9,9,9,0,0,0
1961_222e5f78.jpg,Test,0,0,0,0,0,0,0,0,0,0,0,0,0,0,0,0,0,0,0,0,0,0,0,0,0,0,0,9,9,0,0,0,9,5,9,5,9,0,0,0,0,5,0,9,9,0,0,0,0,0,0,7,0,0,0,0,0,0,0,0,0,0,0,0
1962_14c32bd1.jpg,Test,0,0,0,0,0,0,0,0,0,0,0,0,0,0,0,0,0,0,0,9,0,0,0,0,0,0,9,0,0,0,0,0,0,0,7,7,0,0,0,0,0,9,7,0,0,0,0,0,0,0,0,0,0,0,0,0,0,0,0,0,0,0,0,0
1963_eefc5366.jpg,Test,0,0,0,0,0,0,0,0,0,0,0,3,3,0,0,0,0,0,0,0,3,0,0,0,0,0,0,6,2,0,0,0,0,0,0,6,10,0,0,0,0,0,0,6,0,0,0,0,0,0,0,0,0,0,0,0,0,0,0,0,10,0,0,0
1964_eaf7f4b9.jpg,Test,0,0,0,0,0,0,0,0,0,0,0,0,0,0,0,0,0,0,0,0,0,0,0,0,0,0,0,0,9,9,9,0,0,0,0,5,0,10,9,0,0,0,0,5,0,9,9,0,3,0,3,5,0,9,1,0,0,0,0,10,0,0,0,0
1965_d0a7ab80.jpg,Train,0,0,0,0,0,0,0,0,0,5,5,0,9,9,0,0,0,5,5,0,9,9,0,0,0,5,5,0,9,9,0,0,0,5,5,4,9,9,0,0,0,5,5,0,9,9,0,0,0,5,5,0,9,9,0,0,6,0,0,0,0,0,0,0
1966_875a214a.jpg,Train,0,0,0,0,0,0,0,0,0,0,0,0,0,0,0,0,0,5,5,5,0,0,0,0,0,5,5,5,5,0,0,0,0,5,5,5,5,0,0,0,0,5,0,0,5,0,0,0,0,5,5,5,5,0,0,0,0,0,0,0,0,0,0,0
1967_75671680.jpg,Test,0,0,0,0,0,0,0,0,0,0,0,0,0,0,0,0,0,0,0,0,0,5,0,0,0,4,5,6,6,5,0,6,2,5,5,5,6,5,0,0,0,5,5,5,0,5,0,6,0,0,0,1,1,5,1,0,0,0,0,0,0,0,0,0
1968_54da2162.jpg,Train,0,0,0,0,0,0,0,0,9,9,0,0,5,9,0,0,9,9,9,0,0,5,0,5,9,9,9,0,0,5,5,5,9,9,0,0,5,5,5,0,9,9,0,0,5,5,0,0,0,9,9,10,5,5,0,0,0,0,9,0,0,0,0,0
1969_a7a35434.jpg,Train,0,0,0,0,0,0,0,0,0,0,0,0,0,0,0,0,0,0,0,0,0,0,0,0,0,9,9,0,0,0,0,0,0,9,9,0,0,0,0,0,0,9,9,0,0,0,0,0,0,9,0,0,0,0,0,1,0,0,9,0,0,0,0,0
1970_f81aa0af.jpg,Test,0,0,0,0,0,0,0,0,0,0,1,0,0,0,0,0,0,0,1,5,0,4,0,4,0,0,0,5,0,0,0,0,0,0,0,0,5,5,0,0,0,0,0,9,0,5,0,0,0,0,0,0,0,0,0,0,0,0,0,0,0,0,0,0
1971_d5de4eff.jpg,Train,0,0,0,0,9,0,0,0,0,0,0,9,9,8,0,0,0,0,0,0,9,0,0,0,6,6,0,9,9,7,6,6,6,0,0,9,9,7,6,6,0,0,7,9,9,1,6,6,7,7,7,9,9,1,0,0,0,0,0,0,1,0,4,0
1972_aa7611fd.jpg,Train,0,0,0,0,0,0,0,0,0,5,0,5,0,5,5,0,0,5,5,5,5,0,5,0,4,5,5,5,5,5,5,0,0,5,0,5,5,5,5,0,0,5,5,5,5,5,5,0,0,5,5,5,5,5,5,0,0,5,5,5,5,5,0,0
1973_0db2fe40.jpg,Train,0,0,0,0,0,0,0,0,0,0,0,0,0,0,9,9,0,0,0,9,0,0,9,9,0,5,5,5,0,0,9,9,0,0,5,5,0,0,9,9,0,0,5,0,0,9,9,9,0,0,0,0,0,0,9,0,0,0,0,0,0,0,0,0
1974_fb3940a0.jpg,Train,8,0,8,0,0,8,8,0,0,0,4,0,0,0,0,0,0,9,6,0,9,0,0,0,9,0,0,8,0,0,0,0,0,10,0,8,0,0,0,0,0,0,0,0,0,0,0,0,0,0,0,5,0,8,0,0,0,0,0,0,0,0,0,0
1975_3c8a1c72.jpg,Test,2,0,0,10,0,0,10,10,0,0,0,0,0,0,0,8,0,3,9,0,0,0,0,0,0,0,0,8,0,0,0,3,0,7,0,8,0,7,7,0,0,0,7,7,7,7,7,0,0,1,1,0,0,10,0,0,0,0,0,0,0,10,0,0
1976_f171e2f8.jpg,Train,0,0,0,0,0,0,0,0,0,0,0,3,3,3,0,0,0,0,3,3,0,0,3,0,0,0,0,0,3,0,3,0,0,0,10,3,0,0,0,0,0,0,0,3,6,0,0,0,0,0,0,6,0,0,0,0,0,0,0,0,0,0,0,0
1977_c970d89f.jpg,Train,0,0,0,0,0,0,0,9,0,0,0,5,0,0,0,0,0,5,0,5,5,0,5,5,5,5,0,5,0,10,5,5,5,5,5,5,5,5,5,5,0,0,0,5,5,5,5,5,0,1,1,0,5,5,5,5,0,0,0,0,0,0,0,1
1978_433337bb.jpg,Train,0,0,0,0,0,0,0,0,0,0,0,0,0,0,0,0,0,5,5,0,10,0,0,0,0,5,5,5,5,5,5,0,0,5,5,5,5,5,5,0,0,5,0,0,0,5,5,0,0,5,5,0,0,5,5,0,0,5,5,0,5,5,5,0
1979_c4b15cf4.jpg,Train,0,0,0,0,0,0,0,0,0,0,0,0,0,0,0,0,0,0,0,0,0,0,0,0,0,5,0,0,0,0,0,0,4,5,0,6,6,0,0,1,0,5,6,6,6,0,0,0,0,5,0,0,0,5,0,0,0,0,5,6,6,5,6,0
1980_7280aca4.jpg,Test,1,1,1,1,1,0,0,0,1,0,1,1,1,1,0,0,0,0,1,1,1,1,1,0,0,0,0,0,0,0,0,0,8,8,0,0,0,0,0,7,0,0,0,1,0,0,0,0,0,3,2,0,0,0,2,0,0,6,0,0,2,2,0,0
1981_5bab079c.jpg,Test,0,0,0,0,0,0,0,0,0,0,0,0,4,0,10,0,0,0,0,0,0,0,0,0,0,0,5,0,5,5,0,0,0,9,10,9,5,5,9,9,0,9,6,3,5,0,0,9,0,0,0,0,6,0,0,0,0,4,0,0,0,0,6,0
1982_9b3b221c.jpg,Test,0,0,0,0,0,0,0,0,0,0,0,0,0,4,0,4,0,4,0,0,4,0,0,0,7,8,0,0,0,10,0,0,0,8,0,0,0,0,0,0,0,0,0,4,4,8,8,9,0,0,0,0,0,0,0,0,0,0,0,4,4,0,0,3
1983_abd20cc8.jpg,Train,0,0,4,0,0,0,0,0,0,0,0,0,9,9,0,0,0,9,0,0,9,8,0,0,0,0,0,0,0,9,0,0,0,0,0,0,8,0,0,0,0,1,0,0,0,9,0,0,0,5,0,0,0,0,0,0,0,0,0,0,0,1,0,0
1984_cf209559.jpg,Train,0,0,0,0,0,0,0,0,0,0,0,0,0,0,0,0,0,0,3,0,0,10,3,0,0,3,0,0,8,0,0,0,0,0,0,0,0,0,3,0,5,0,7,0,0,0,3,0,0,0,0,0,0,0,0,0,0,0,0,0,0,0,0,0
1985_ff701456.jpg,Train,0,0,0,0,0,0,0,0,0,0,0,0,0,0,0,0,0,0,0,0,0,0,0,0,0,5,0,0,0,9,9,0,5,5,0,0,0,9,0,0,5,5,0,0,0,9,0,0,5,5,0,9,0,9,9,0,0,0,0,0,0,0,0,0
1986_5e373b25.jpg,Train,0,0,0,5,5,9,5,0,0,5,5,5,5,5,5,0,0,5,5,5,5,5,5,0,0,0,5,5,0,5,5,0,0,5,5,5,5,5,5,0,0,5,5,5,5,5,5,0,0,5,5,5,5,5,5,0,0,5,5,5,5,5,0,0
1987_28c14037.jpg,Test,0,0,0,0,8,0,3,0,0,0,0,0,0,0,6,0,0,0,0,7,3,2,0,0,0,0,0,0,4,0,3,0,0,0,7,0,7,4,0,0,6,2,0,0,0,0,0,0,6,2,0,0,0,0,0,0,6,0,0,0,0,0,0,0
1988_e93afc30.jpg,Train,0,0,0,0,0,0,0,0,0,0,0,9,0,0,0,0,0,0,7,0,0,0,0,0,0,0,0,0,0,0,0,0,0,0,0,0,0,0,0,0,0,0,0,0,0,7,0,0,0,8,0,0,0,0,0,0,0,8,8,0,8,0,0,0
1989_dd3cfb08.jpg,Test,0,0,0,0,0,0,0,0,0,0,0,0,0,0,0,0,0,0,0,8,0,0,0,3,0,0,0,8,0,0,2,0,0,0,0,9,0,0,0,0,0,0,7,0,7,0,0,1,0,0,0,9,7,0,0,0,0,0,0,0,0,0,0,0
1990_a1634f98.jpg,Test,0,0,0,0,0,0,0,0,0,5,1,0,0,0,0,0,0,5,0,5,0,2,3,0,0,5,5,5,0,2,0,0,7,5,5,5,5,3,0,5,7,5,5,5,0,5,0,5,0,0,0,1,1,1,0,5,0,0,0,0,1,1,1,0
1991_f03cb73f.jpg,Train,0,0,0,0,0,0,0,0,0,0,0,0,9,0,0,0,2,2,0,0,9,9,0,0,0,0,0,0,9,9,9,9,2,2,0,0,9,9,9,9,2,2,0,2,0,9,9,9,0,10,10,10,9,9,0,9,2,2,7,0,5,0,0,0
1992_80ac67c2.jpg,Train,0,0,0,0,0,0,0,0,0,0,0,0,0,0,0,0,0,0,0,0,0,0,0,0,0,0,5,5,5,4,4,0,0,0,5,5,5,0,0,4,0,0,5,5,5,0,0,0,0,0,5,3,5,4,0,0,0,0,0,0,0,0,0,0
1993_4c059440.jpg,Train,0,0,0,0,0,0,0,0,0,5,5,0,0,0,0,0,0,5,5,0,0,0,0,0,5,5,0,0,0,0,0,0,5,5,5,0,5,6,0,3,5,5,5,0,3,6,0,0,5,5,5,6,3,0,0,0,5,5,5,0,3,6,5,0
1994_922dc039.jpg,Test,0,0,0,0,0,0,0,0,0,0,0,0,0,0,0,0,0,0,3,9,0,0,0,0,0,10,9,9,9,0,3,0,0,0,0,10,0,0,5,0,0,0,0,0,7,0,0,0,0,0,7,7,10,7,0,0,0,0,7,7,0,0,0,0
1995_e15150f4.jpg,Train,0,0,0,0,0,0,0,0,0,5,0,9,5,9,9,0,0,0,3,0,5,5,9,0,9,0,9,9,5,5,0,0,0,0,9,9,5,9,9,0,0,10,9,9,5,9,9,0,0,0,9,9,5,9,9,0,0,0,0,0,0,0,0,0
1996_4e36e0fb.jpg,Train,0,0,0,0,0,0,0,0,0,0,0,0,0,0,0,0,0,0,0,0,0,6,0,0,0,0,0,8,8,8,0,0,0,0,0,0,8,8,0,0,8,8,0,0,0,0,0,0,0,0,0,0,0,0,0,0,0,0,0,0,0,0,8,0
1997_07fd720f.jpg,Train,0,0,0,0,0,0,0,0,0,0,0,0,0,0,0,0,0,9,0,0,0,0,9,0,9,0,0,9,9,0,9,0,0,0,0,5,5,0,9,0,10,10,0,5,5,0,9,0,0,0,0,5,5,0,9,0,0,0,0,0,0,0,0,0
1998_ef24e87a.jpg,Test,0,0,0,0,0,0,0,0,0,0,0,0,0,0,0,0,0,0,0,0,0,0,0,0,0,0,0,0,3,0,0,0,0,0,0,0,3,0,0,0,0,0,0,0,0,0,0,0,0,5,5,0,5,0,0,0,5,5,5,0,5,5,0,0
1999_f6184b50.jpg,Train,0,0,0,0,0,0,7,0,0,0,0,0,0,0,0,0,0,0,0,0,0,0,0,0,9,0,0,0,0,0,0,0,10,0,0,0,0,0,0,0,10,0,0,0,0,0,0,0,0,0,0,0,0,0,0,0,0,0,0,1,1,0,0,0
2000_bf84c9fa.jpg,Test,0,0,0,0,0,0,0,0,0,0,0,0,0,0,0,0,0,0,0,0,0,0,0,0,0,0,0,0,9,0,0,0,0,0,0,0,9,9,0,0,0,0,0,8,9,5,0,0,8,0,0,0,0,5,0,0,0,0,0,0,0,0,0,0
2001_aa7ed162.jpg,Test,0,0,0,0,0,0,0,0,0,0,0,0,9,0,0,0,0,0,0,9,9,0,0,0,0,0,0,9,9,0,0,0,0,9,9,9,10,0,0,0,0,10,0,0,0,0,0,0,0,0,0,8,0,0,0,0,0,0,0,9,0,0,0,0
2002_99fc51ce.jpg,Train,0,0,0,0,0,0,0,0,0,0,0,0,0,0,0,0,0,0,0,0,0,9,9,0,0,0,5,5,0,0,9,0,0,9,5,5,9,9,9,0,0,0,0,0,9,9,9,0,0,0,0,0,0,9,9,0,0,0,0,0,0,9,9,0
2003_05ad5c22.jpg,Train,0,0,0,0,0,0,0,0,0,0,9,0,9,9,0,0,0,0,9,9,5,9,0,0,0,0,9,9,9,9,0,0,0,9,9,9,9,9,0,0,0,0,0,9,9,9,0,0,0,0,9,9,9,9,0,0,0,0,9,1,9,9,0,0
2004_3ddf0bdb.jpg,Train,0,0,0,0,0,8,0,0,4,8,0,0,0,0,0,0,0,0,0,0,0,0,0,0,0,0,0,0,0,0,0,0,0,0,1,0,0,0,1,0,0,0,0,0,0,0,0,0,0,0,10,0,5,0,0,0,10,0,0,0,0,0,0,0
2005_2996bbdd.jpg,Test,0,0,0,0,0,0,0,0,0,0,0,0,0,0,0,0,0,0,0,0,0,0,0,0,0,0,0,0,0,0,0,0,0,7,0,0,0,0,0,0,0,0,0,0,0,0,0,0,0,0,0,0,0,0,0,0,0,0,0,0,10,0,0,0
2006_b671a0e1.jpg,Train,0,0,0,9,9,0,0,0,0,0,0,9,9,3,0,0,0,0,0,9,9,5,0,0,10,0,0,9,9,9,0,0,10,0,0,9,9,9,9,6,0,0,0,9,9,9,7,0,0,0,0,0,9,9,9,0,0,0,0,9,9,9,9,0
2007_022c5f0e.jpg,Test,0,0,0,0,0,0,0,0,0,0,0,0,0,0,9,0,0,5,10,0,0,0,0,0,5,5,5,5,0,5,9,0,0,5,5,5,0,0,9,0,5,5,5,5,5,0,0,0,5,5,5,5,5,5,0,0,5,5,0,5,0,7,7,7
2008_54362401.jpg,Train,0,0,0,0,0,0,0,0,0,0,0,0,0,0,0,0,0,9,5,9,9,9,9,9,0,9,9,9,9,9,9,9,0,9,9,9,9,9,9,9,8,9,9,0,9,9,9,9,0,9,9,0,9,9,9,9,0,7,0,0,0,0,0,0
2009_5483e917.jpg,Test,0,0,0,0,0,0,0,0,0,0,0,0,9,9,0,0,0,0,5,0,9,0,0,0,0,9,5,0,9,10,9,0,0,8,5,0,0,9,9,0,0,9,5,0,0,7,7,0,0,0,0,0,0,7,0,0,0,0,0,0,0,0,0,0
2010_1ed0b4ec.jpg,Train,0,0,0,9,0,0,0,0,0,0,9,9,0,0,0,0,9,5,9,9,9,0,0,0,0,0,9,9,9,0,0,0,8,9,9,9,9,0,0,0,0,0,0,9,9,0,0,0,0,9,9,9,0,0,0,0,0,10,0,9,0,0,0,0
2011_84b57aa4.jpg,Test,0,0,0,0,0,0,0,0,0,0,0,0,9,0,0,0,0,0,0,9,9,0,0,0,0,0,0,0,7,0,0,0,0,0,0,10,9,0,0,0,0,0,0,9,9,0,0,0,0,0,0,9,9,0,0,0,0,0,0,0,0,0,0,0
2012_09921985.jpg,Test,0,0,0,0,0,0,0,0,0,0,0,0,10,0,0,0,0,0,0,0,0,0,0,0,0,5,5,6,9,0,0,0,0,5,5,5,0,0,0,0,0,5,5,5,0,0,0,0,0,5,5,5,0,0,0,0,0,5,5,5,0,0,0,0
2013_0424a3e7.jpg,Train,0,0,0,0,0,0,0,0,0,0,0,0,0,0,0,1,0,0,10,0,0,0,0,0,0,0,0,0,0,0,6,0,6,0,0,0,0,0,0,6,0,0,0,0,0,0,0,0,0,0,0,0,0,10,0,0,0,0,0,10,0,0,0,0
2014_163a93b1.jpg,Train,0,0,0,0,0,0,0,0,0,5,5,5,5,5,5,0,0,5,5,5,5,5,5,0,0,5,5,5,5,5,5,0,0,5,5,5,5,5,5,0,0,5,5,5,5,5,5,0,0,5,5,5,5,5,0,0,0,5,5,0,5,5,5,0
2015_1c2444db.jpg,Train,0,0,0,5,0,5,5,0,0,5,5,5,5,5,5,0,0,5,5,5,5,5,5,0,0,5,5,5,5,5,5,0,0,0,5,5,5,5,5,0,0,0,5,5,5,5,5,0,0,0,5,5,5,5,5,0,0,0,5,0,0,0,0,0
2016_aece0516.jpg,Train,0,0,10,0,0,0,0,0,0,5,5,5,0,0,0,0,0,0,5,0,0,0,0,0,0,5,5,5,0,0,0,0,0,0,5,5,0,0,0,0,0,5,5,5,5,5,0,0,5,5,5,5,5,5,0,0,5,5,5,5,5,5,0,0
2017_3f62b778.jpg,Test,0,4,4,0,0,0,0,0,0,0,0,0,0,0,0,9,0,0,3,0,0,0,0,0,0,0,0,0,0,0,0,0,0,0,0,3,0,0,0,0,0,0,0,0,0,0,0,2,0,0,0,0,0,0,0,10,0,0,0,0,0,0,0,0
2018_04283290.jpg,Train,0,0,0,0,0,0,0,0,0,0,0,0,5,5,0,0,5,0,5,5,5,5,9,0,0,0,5,5,5,5,9,0,5,0,5,5,5,5,0,9,5,0,0,5,3,5,9,9,5,0,5,3,5,0,9,9,0,0,0,3,0,0,0,0
2019_6eb0cb51.jpg,Test,0,0,0,0,0,0,0,0,0,0,0,0,0,0,0,0,0,0,3,0,0,9,0,0,0,9,9,9,0,9,10,0,0,0,3,3,3,3,3,0,0,7,9,10,0,9,0,0,0,7,0,5,7,7,0,7,0,0,0,0,7,7,2,0
2020_133a7d17.jpg,Train,0,0,0,0,0,0,0,0,0,0,0,0,5,0,0,0,0,0,0,0,5,0,0,0,0,5,5,5,5,0,0,0,0,0,5,5,5,0,0,0,0,5,5,5,0,0,0,0,0,5,5,0,0,0,0,0,0,0,0,0,0,0,0,0
2021_6fd33f28.jpg,Test,0,0,0,0,0,0,0,0,0,0,0,0,0,0,0,0,0,5,0,0,0,0,0,9,0,5,5,5,0,0,0,0,0,0,5,5,0,0,0,0,0,0,0,0,0,0,0,0,0,0,0,0,0,0,0,0,0,0,0,0,0,0,0,0
2022_bec9dbb0.jpg,Test,0,0,0,0,0,0,0,0,0,0,0,0,0,0,0,9,0,0,0,9,5,0,0,0,0,0,0,0,0,0,9,0,0,0,0,10,9,0,0,0,0,0,0,0,7,0,0,0,0,0,0,0,0,0,0,0,0,0,0,0,0,0,0,0
2023_f68f5dc2.jpg,Test,0,0,0,0,0,0,0,0,0,0,0,0,0,0,0,0,0,0,1,5,0,9,0,0,0,0,0,10,0,0,0,0,0,0,0,7,8,9,0,0,0,0,0,9,0,0,0,0,0,0,0,9,8,0,0,0,0,0,0,7,0,0,0,0
2024_8fa3a104.jpg,Test,0,0,0,0,0,0,0,0,0,0,0,0,9,0,0,0,0,9,5,9,0,5,0,0,0,3,9,0,5,5,0,0,0,9,10,9,5,5,0,0,0,0,9,8,0,0,0,0,0,0,0,8,0,0,0,0,0,0,0,0,0,0,0,0
2025_05a54c2f.jpg,Train,0,5,0,3,3,5,0,3,6,5,5,3,0,0,5,5,5,5,5,0,6,5,0,5,5,5,5,0,6,5,5,0,5,5,5,6,5,5,5,5,0,0,5,6,5,5,0,5,0,5,5,0,0,5,5,5,0,0,3,0,5,5,5,5
2026_7d1d289b.jpg,Train,0,0,0,0,0,0,0,0,0,0,0,0,0,5,0,0,0,0,0,0,5,5,0,0,0,0,9,9,5,5,0,0,0,0,9,9,5,5,0,0,8,0,9,9,5,5,0,0,0,0,9,7,0,5,0,0,0,0,9,9,0,5,0,0
2027_428847e7.jpg,Test,0,0,0,0,0,0,0,0,0,5,0,0,0,0,0,0,5,5,0,9,5,0,9,0,5,5,0,7,7,0,0,10,0,5,0,3,7,7,0,7,5,5,0,5,7,0,0,0,0,5,0,5,7,7,0,0,0,0,0,0,0,0,0,0
2028_f018e79f.jpg,Train,0,0,0,0,0,0,0,0,0,9,5,0,0,0,0,0,0,0,5,9,0,0,0,0,0,0,5,0,0,0,0,0,0,0,5,0,0,0,0,0,0,0,5,0,0,0,0,0,8,0,5,6,0,0,0,0,0,0,5,0,0,0,0,0
2029_0b95842d.jpg,Train,8,0,8,8,8,0,0,0,8,8,0,0,0,0,0,0,8,0,0,0,0,0,3,0,0,8,0,0,0,0,0,0,0,6,0,0,0,0,0,0,0,0,0,0,0,0,0,0,0,0,0,6,0,0,0,0,0,0,0,0,0,0,0,0
2030_92c31a27.jpg,Train,0,0,0,0,0,0,0,0,0,0,0,0,0,0,0,0,0,0,0,7,0,0,0,0,0,0,9,9,0,0,0,0,5,5,9,9,0,5,0,0,5,5,0,9,0,5,5,0,5,5,9,9,0,5,5,0,0,0,0,0,0,0,0,0
2031_2f88a17e.jpg,Train,0,0,0,0,0,0,0,0,0,0,0,5,5,5,0,0,0,0,0,5,4,4,0,0,0,0,5,5,0,4,0,0,0,0,5,5,4,4,4,0,0,0,5,5,4,5,0,0,0,0,5,5,5,0,4,0,0,0,5,5,4,0,0,0
2032_49f215a8.jpg,Train,0,0,0,0,0,0,0,0,0,0,0,0,0,0,0,0,0,0,5,5,9,9,9,0,5,5,5,9,9,0,9,5,5,5,5,5,9,9,9,5,5,5,5,5,9,9,9,5,5,5,5,0,9,0,9,0,0,0,0,0,9,9,9,0
2033_00a7c56b.jpg,Test,0,0,0,0,0,0,0,0,0,0,5,0,0,0,0,0,0,0,5,5,5,0,0,0,0,0,5,0,5,0,0,0,0,5,5,10,5,5,0,0,0,0,5,0,2,3,0,0,0,0,5,0,0,0,0,0,0,0,0,0,0,10,0,0
2034_68bd4745.jpg,Train,8,0,0,8,8,8,8,8,0,0,9,8,0,0,8,0,0,0,0,8,0,3,0,6,0,0,2,0,0,0,0,0,0,0,0,0,0,0,6,0,0,0,0,0,6,0,0,0,0,0,0,0,0,0,0,0,0,0,0,0,0,0,0,0
2035_e46b16cc.jpg,Train,0,0,0,0,0,0,0,0,0,5,0,0,0,5,0,0,5,5,0,0,0,5,5,0,0,5,5,0,5,5,5,0,6,5,5,0,5,5,5,0,5,0,5,5,5,3,5,0,5,5,5,5,5,5,5,0,0,0,9,5,5,0,0,0
2036_2cc7413c.jpg,Train,3,8,0,0,0,0,0,0,0,0,0,3,0,0,0,0,0,0,0,0,0,0,0,0,0,3,0,0,3,0,0,0,0,0,0,6,6,6,0,0,0,0,6,6,0,0,0,0,0,0,0,0,0,0,0,0,0,0,0,0,0,0,0,0
2037_1e1a161b.jpg,Train,0,0,0,0,0,0,0,0,0,0,0,0,0,0,0,0,0,0,9,9,9,0,0,0,0,0,9,9,9,0,0,0,0,0,9,0,9,0,0,0,0,9,9,9,9,0,0,0,0,0,9,9,9,0,0,0,0,0,0,9,9,0,0,0
2038_75d54efa.jpg,Train,0,0,2,2,2,0,0,0,0,0,2,2,2,2,0,0,0,0,2,2,2,2,0,0,0,0,2,2,2,2,0,0,0,6,2,2,2,2,2,0,0,0,2,2,0,2,0,0,6,0,2,2,2,2,0,0,0,0,0,2,2,0,0,0
2039_918a7d0e.jpg,Train,0,0,0,0,0,0,0,0,0,0,2,2,0,2,0,0,0,2,2,9,2,2,2,0,0,2,2,2,2,9,9,0,0,2,2,2,2,2,2,0,0,2,2,2,2,2,2,0,0,2,6,2,2,2,2,0,0,0,0,0,0,2,2,0
2040_4920b2ef.jpg,Train,0,0,0,0,0,0,0,2,0,0,2,0,0,0,0,0,0,0,9,2,2,2,0,0,0,0,2,2,2,2,0,0,0,2,2,2,2,2,0,0,0,0,2,2,2,2,0,0,0,0,2,0,2,2,0,0,0,0,0,0,0,0,0,0
2041_dfa952d5.jpg,Train,0,0,0,0,0,0,0,0,0,6,6,0,10,0,0,0,0,6,0,0,0,0,0,0,0,6,6,0,0,6,6,0,0,6,6,0,6,6,6,0,0,6,6,0,0,6,6,0,0,6,6,0,0,6,6,10,0,0,6,6,0,6,6,0
2042_7f0b54b8.jpg,Test,0,0,0,0,0,0,7,0,0,0,0,0,0,0,0,10,0,0,0,0,0,0,0,0,0,0,7,0,7,0,0,0,0,0,7,0,2,0,0,0,0,0,0,6,0,0,0,0,0,0,0,6,0,0,0,1,0,0,0,1,0,0,1,1
2043_0d2e526d.jpg,Train,0,0,0,0,0,0,0,0,0,0,0,3,2,0,0,0,0,2,2,0,2,0,0,0,0,2,2,0,2,0,0,0,0,0,2,0,2,0,0,0,0,2,2,0,2,0,0,0,0,2,2,0,2,6,0,0,0,0,0,0,0,0,0,0
2044_55fd1db2.jpg,Train,0,7,0,0,0,0,0,0,0,0,0,0,6,0,0,0,0,0,1,0,6,6,0,0,0,1,0,1,6,6,0,0,0,1,0,0,2,6,0,9,0,0,0,0,0,6,0,8,0,0,2,6,0,6,3,5,0,0,0,0,0,6,0,0
2045_3745b038.jpg,Train,0,0,0,0,0,0,0,0,0,0,0,6,0,0,0,0,0,0,6,0,6,0,0,0,0,0,6,6,6,6,0,0,0,0,6,6,6,6,0,0,0,0,6,0,6,6,0,0,0,0,0,0,6,6,0,0,0,0,0,0,6,0,0,0
2046_91168577.jpg,Train,0,2,0,0,0,0,0,0,0,0,0,0,0,0,0,0,0,0,0,0,2,0,0,0,0,0,3,0,0,0,0,0,0,2,0,6,6,0,0,0,0,0,0,6,0,0,0,0,0,0,0,6,6,0,0,0,0,0,0,0,0,0,0,0
2047_6d3837b8.jpg,Train,0,0,0,6,0,0,0,0,0,0,6,0,6,0,0,0,0,0,0,6,6,0,0,0,0,2,6,2,6,6,0,0,0,0,6,6,6,6,6,0,0,0,6,6,6,6,6,0,0,0,6,6,6,6,6,0,0,0,6,6,6,6,6,0
2048_cb13d4b6.jpg,Train,0,0,0,0,0,0,0,0,0,0,0,0,0,10,0,0,0,0,0,0,0,0,0,0,0,0,0,0,0,0,0,0,0,0,0,0,0,0,0,0,0,0,0,0,0,0,0,0,0,0,0,0,0,0,0,0,0,0,0,0,0,0,0,0
2049_3e15e434.jpg,Test,0,0,0,0,0,0,0,0,0,0,0,0,0,2,0,0,0,0,0,0,2,6,0,0,0,0,2,2,2,0,0,0,0,0,0,2,6,6,0,0,0,0,6,6,6,6,0,0,0,0,6,6,6,6,0,0,0,0,6,6,6,6,0,0
2050_b7634cb7.jpg,Train,0,0,6,6,6,6,6,0,0,0,0,6,6,0,0,0,0,9,3,10,0,0,3,0,0,10,0,0,10,0,10,0,0,0,0,0,3,0,0,0,0,3,0,0,7,0,6,0,0,0,0,3,0,0,0,0,0,0,0,3,0,0,0,0
2051_4b66b0af.jpg,Train,0,0,0,0,0,0,0,0,0,0,2,0,0,0,0,0,0,6,0,0,2,0,0,6,6,6,6,2,2,2,6,6,6,6,0,2,2,2,6,6,6,0,6,2,2,2,6,6,6,0,6,2,2,2,6,6,0,0,0,0,0,0,0,0
2052_9ab51da3.jpg,Test,7,0,4,0,0,0,0,0,0,7,0,0,2,0,0,0,4,0,4,0,0,0,0,0,10,0,4,0,2,2,0,0,0,0,0,0,8,0,0,0,0,8,0,0,0,0,0,0,0,8,0,0,0,0,0,0,0,0,0,0,6,0,0,0
2053_a8735d65.jpg,Train,0,0,0,0,0,0,0,0,0,0,0,0,0,0,0,0,0,0,6,0,6,6,6,0,0,6,6,0,6,6,0,0,6,6,6,6,6,6,6,0,6,6,6,6,6,6,6,0,6,6,6,6,6,6,6,0,6,6,6,6,6,6,6,0
2054_d7ae17e3.jpg,Train,0,0,0,0,0,0,0,0,0,0,0,0,0,0,0,6,0,6,6,0,6,6,6,0,6,2,6,6,6,6,6,6,6,6,6,6,6,2,6,6,6,6,6,6,6,6,6,0,6,6,6,0,6,6,6,6,6,6,6,0,6,6,6,6
2055_407652e9.jpg,Test,0,0,0,0,0,0,0,0,0,0,0,0,0,0,0,0,0,0,0,2,6,0,0,0,0,0,0,3,6,0,0,0,0,0,2,2,2,0,0,0,0,0,2,6,0,2,0,0,0,0,0,6,0,0,0,0,0,0,0,0,0,0,0,0
2056_f6878a02.jpg,Train,0,0,0,0,0,0,0,0,0,0,0,0,0,0,0,0,0,0,0,0,6,0,0,0,0,0,0,10,2,0,0,0,0,0,0,0,6,6,0,0,0,0,0,6,6,6,0,0,0,0,6,6,6,6,2,0,0,0,0,0,0,0,0,0
2057_498a0f86.jpg,Test,0,0,0,0,0,0,0,0,0,0,0,3,2,0,0,0,0,0,2,2,0,2,0,0,0,0,2,0,2,0,0,0,0,0,2,6,2,0,0,2,6,6,2,6,2,2,0,0,6,0,0,6,0,2,0,6,0,0,0,0,0,0,0,0
2058_117ac8d0.jpg,Train,0,0,0,0,0,0,0,0,0,2,0,0,0,2,0,6,0,2,6,6,6,6,6,6,0,6,6,6,0,6,6,6,0,6,6,6,6,6,6,6,2,6,6,6,6,6,6,6,6,6,6,6,6,6,6,6,0,6,6,0,6,6,6,6
2059_7e48bcae.jpg,Test,0,0,0,0,0,0,0,0,0,0,0,0,0,2,0,0,2,0,2,10,0,0,0,0,2,0,0,2,2,2,0,0,7,2,6,2,2,0,0,0,2,2,6,6,2,6,0,0,0,0,0,6,6,6,0,0,6,6,0,6,0,6,0,0
2060_117ac8d0.jpg,Test,0,0,0,0,0,0,0,0,0,2,0,0,0,2,0,6,0,2,6,6,6,6,6,6,0,6,6,6,0,6,6,6,0,6,6,6,6,6,6,6,2,6,6,6,6,6,6,6,6,6,6,6,6,6,6,6,0,6,6,0,6,6,6,6
2061_7dd0426b.jpg,Test,0,0,0,0,0,0,0,0,0,0,0,0,2,2,0,0,0,0,0,0,0,0,0,0,0,0,0,0,2,2,0,0,0,0,6,5,0,5,5,0,0,3,0,0,0,5,2,0,0,5,0,5,0,0,5,5,6,6,0,6,0,3,6,6
2062_81248ea1.jpg,Test,0,0,0,0,0,0,0,0,0,0,0,0,0,0,0,0,0,0,0,0,2,0,0,0,0,2,10,2,2,0,0,0,0,2,2,2,2,0,0,0,0,2,2,2,2,0,0,0,0,0,8,6,8,0,0,0,0,0,0,0,0,0,0,0
2063_03d0f165.jpg,Train,0,0,0,0,0,0,0,0,0,0,0,0,0,2,0,0,0,6,6,0,2,0,0,0,0,6,6,3,0,0,0,0,0,6,6,6,0,0,0,0,6,6,0,6,0,0,0,0,6,6,6,6,0,0,0,0,0,6,6,0,0,0,0,0
2064_2bd91909.jpg,Train,0,0,0,0,0,0,0,0,0,0,0,0,0,0,0,0,0,2,6,0,0,0,0,0,0,2,2,0,0,0,0,0,0,2,0,6,0,0,0,0,0,2,6,6,0,0,0,0,0,2,0,6,6,0,0,0,0,0,0,0,0,0,0,0
2065_309669a8.jpg,Test,0,0,0,0,0,0,0,0,0,2,0,0,0,3,0,0,0,0,0,0,0,0,0,0,0,0,0,0,2,6,0,0,2,2,0,0,6,0,0,0,2,2,0,0,5,0,0,6,0,0,0,6,6,0,0,6,0,0,0,0,2,0,0,0
2066_3ff165a0.jpg,Train,0,0,3,0,0,2,0,0,0,0,3,6,0,6,0,0,0,6,6,0,0,6,6,0,0,6,6,6,6,6,6,0,0,6,6,6,6,6,6,0,0,6,6,6,6,6,6,0,0,6,5,6,6,6,6,0,0,0,6,6,6,0,6,0
2067_6e286477.jpg,Train,0,0,0,0,0,0,0,0,0,6,6,0,2,0,0,0,0,6,0,0,2,0,0,0,0,6,0,0,2,0,0,0,0,6,6,0,2,0,0,0,6,6,6,0,2,2,0,0,7,0,6,0,2,2,0,0,0,0,0,2,2,6,0,0
2068_d5e87b4e.jpg,Test,0,0,0,0,0,0,0,0,0,6,0,0,0,2,0,0,0,6,0,0,0,2,0,0,0,6,0,0,2,2,0,0,6,6,0,0,0,2,0,0,2,6,0,0,2,2,2,0,0,0,0,0,0,0,6,0,0,0,0,0,0,0,0,0
2069_9944bf87.jpg,Train,0,0,0,0,0,0,0,0,0,2,0,0,2,0,0,0,0,6,0,2,2,0,0,0,6,6,0,2,2,0,0,0,6,6,0,2,2,0,0,2,6,6,0,2,2,0,2,2,6,6,0,0,0,0,0,2,6,6,0,0,0,0,0,2
2070_58cee6e9.jpg,Test,0,0,0,0,0,0,0,0,0,0,0,0,0,2,0,0,0,0,0,0,0,6,0,0,0,2,2,0,6,6,2,0,2,2,0,2,6,6,0,0,2,8,2,2,6,6,0,0,2,2,0,8,6,6,0,2,0,6,6,0,0,0,6,0
2071_bc66a281.jpg,Test,0,6,0,0,0,0,0,0,0,2,0,0,0,0,0,0,0,0,0,0,0,0,0,0,0,0,3,0,0,0,0,0,0,0,6,2,2,0,0,2,0,0,6,2,0,2,6,0,0,6,2,6,2,0,6,0,0,0,0,0,0,0,0,0
2072_fd4e732b.jpg,Train,0,0,0,0,0,0,0,0,0,0,0,0,0,0,0,0,0,0,0,0,0,0,0,0,0,0,0,0,0,6,0,0,0,0,7,6,6,6,0,0,0,0,0,2,0,6,0,0,0,0,0,0,6,6,6,0,0,0,0,6,6,6,0,0
2073_28bdf719.jpg,Train,0,0,0,0,0,0,0,0,0,0,0,0,0,0,0,0,0,0,6,0,10,0,0,0,0,0,0,6,2,2,0,0,0,0,2,2,2,0,0,0,0,0,6,2,2,0,0,0,0,0,6,6,2,0,0,0,0,0,0,0,0,0,0,0
2074_57f58476.jpg,Test,0,0,0,0,0,0,0,0,0,0,0,0,0,0,0,0,0,0,0,2,6,0,0,0,0,6,2,0,6,0,0,0,0,6,6,6,6,0,2,2,0,6,2,0,6,0,2,2,0,6,2,2,6,0,2,6,0,0,6,6,6,0,0,2
2075_4a44b06b.jpg,Test,0,0,0,0,0,0,0,0,0,0,5,0,0,8,0,3,5,5,0,0,0,0,5,5,5,5,0,0,0,0,5,5,0,0,0,0,0,7,6,2,0,0,0,6,0,0,5,0,3,0,0,0,2,0,5,2,6,6,3,0,0,0,6,6
2076_e7acf16b.jpg,Train,0,0,0,0,0,0,0,0,0,4,0,0,0,7,0,0,0,0,0,0,0,0,6,0,6,0,0,0,6,0,0,0,0,3,3,0,6,0,6,0,0,6,0,0,3,0,6,0,6,6,0,6,6,0,6,6,0,4,0,0,6,0,6,0
2077_ed3b381e.jpg,Test,0,0,2,0,0,0,0,0,0,0,2,0,0,0,0,0,0,0,2,0,0,2,0,0,0,9,2,2,2,2,2,0,0,9,2,2,6,2,0,0,0,9,2,2,6,2,0,0,0,10,2,6,0,9,0,0,0,10,2,6,2,2,10,0
2078_903d2a74.jpg,Train,0,0,0,0,0,0,0,0,0,0,0,10,10,0,0,0,0,0,0,6,2,6,0,0,0,0,0,0,6,6,0,0,0,0,2,0,2,0,0,0,0,0,0,6,6,6,0,0,0,0,9,6,6,6,0,0,0,0,0,0,0,0,0,0
2079_801c7210.jpg,Test,0,0,0,0,0,0,0,0,0,0,0,0,0,0,0,0,0,0,0,3,0,0,0,0,2,0,2,0,0,0,0,0,0,0,0,2,2,2,0,0,0,0,0,2,6,2,0,0,0,0,0,2,2,2,0,0,0,0,0,2,2,0,0,0
2080_fa7aefdf.jpg,Train,0,0,0,0,0,0,0,0,0,0,0,6,6,0,0,0,0,0,0,6,6,0,0,0,0,0,0,2,6,6,0,0,0,0,0,6,6,6,0,0,0,0,6,6,6,6,0,0,0,0,0,6,6,6,6,0,0,0,0,2,6,6,2,0
2081_bac09f28.jpg,Test,0,0,0,0,0,0,0,0,0,0,0,0,2,0,0,0,0,0,0,0,2,2,0,0,0,0,0,0,0,2,0,0,0,0,0,2,0,2,0,0,0,0,0,0,0,0,0,0,0,0,0,2,0,0,0,0,0,0,0,0,0,0,0,2
2082_601d384b.jpg,Train,0,0,0,0,0,0,0,0,0,0,0,0,0,0,0,0,2,0,2,2,2,2,0,0,9,2,9,2,2,2,2,0,0,6,2,2,2,2,2,0,10,10,6,2,2,2,2,0,0,0,6,2,2,2,2,0,0,0,0,0,2,0,0,0
2083_ef46c44f.jpg,Train,0,0,0,0,0,0,0,0,0,0,0,0,0,0,0,0,0,0,6,0,2,2,2,0,0,0,6,2,0,2,9,0,0,3,2,6,2,2,2,0,0,0,6,6,2,6,2,2,0,0,6,6,2,2,2,0,0,0,0,0,0,0,0,0
2084_6b5a15ea.jpg,Test,0,0,5,0,10,0,0,0,0,8,2,0,0,8,8,0,0,0,0,0,0,0,0,0,0,0,0,0,0,0,5,0,0,0,0,0,5,0,0,0,6,0,0,2,2,0,0,0,6,6,0,6,0,0,0,0,2,6,0,0,0,0,0,3
2085_984910db.jpg,Train,0,0,0,0,0,0,0,0,0,0,0,0,0,0,0,0,0,0,0,0,2,2,9,2,0,6,0,6,2,2,2,2,0,0,6,6,0,2,2,2,6,6,6,6,2,2,2,2,6,6,6,6,0,2,0,2,0,0,0,0,0,2,2,0
2086_49db6b52.jpg,Train,0,0,0,2,0,2,0,0,0,2,6,0,9,2,0,0,0,6,6,6,0,6,6,0,0,6,6,0,6,6,0,0,0,0,6,0,6,6,6,0,2,0,6,6,6,6,6,0,0,0,6,0,6,6,0,0,0,2,6,0,0,0,0,0
2087_b235bfe3.jpg,Train,0,0,0,0,0,0,0,0,0,0,2,6,0,0,0,0,0,6,0,6,0,0,0,0,0,6,6,6,0,0,0,0,0,6,6,0,0,0,0,0,0,6,0,6,0,0,0,0,6,6,6,6,0,0,0,0,0,2,6,0,0,0,0,0
2088_f94aa55d.jpg,Train,0,0,0,0,0,0,0,0,0,0,0,0,0,0,0,0,0,0,0,10,2,2,2,2,0,0,2,6,2,2,2,0,2,2,2,2,2,2,2,2,0,2,2,6,6,2,0,0,0,0,0,0,2,2,0,0,0,0,0,6,6,0,0,0
2089_245c7569.jpg,Train,0,0,0,0,0,0,0,0,0,0,0,0,0,8,0,6,0,0,0,0,0,0,7,0,0,9,0,7,0,0,7,0,0,0,0,2,0,0,10,2,0,0,7,0,0,0,0,0,0,0,0,0,0,0,0,0,0,0,0,0,5,0,5,0
2090_3cbb9000.jpg,Train,0,0,0,0,0,0,0,0,0,0,0,6,6,0,0,0,0,0,0,6,6,0,0,0,0,0,6,6,6,0,0,0,0,0,0,6,6,6,0,0,0,0,6,6,6,0,0,0,0,0,6,6,6,6,0,0,0,0,0,0,0,0,0,0
2091_c36f5d23.jpg,Test,0,0,0,0,0,0,0,0,0,10,0,0,0,0,0,0,0,2,6,0,0,2,2,0,0,0,6,6,0,2,0,2,0,6,6,0,0,6,2,0,0,2,6,6,0,2,0,0,0,6,0,6,0,6,0,3,0,0,2,0,2,0,0,0
2092_b6ec2642.jpg,Train,0,0,0,0,6,2,0,0,0,0,0,0,0,6,0,0,0,0,0,0,6,2,0,0,0,0,0,6,6,3,0,0,0,0,0,0,6,0,0,0,0,0,0,0,6,6,0,0,0,0,0,6,6,6,0,0,0,0,0,6,6,6,0,0
2093_570052e6.jpg,Train,0,0,0,0,2,2,0,0,0,0,2,2,2,2,0,0,0,0,2,2,2,2,0,0,0,0,2,2,2,2,0,0,0,0,2,6,2,2,0,0,0,0,2,2,2,2,0,0,0,0,2,2,2,2,0,0,0,0,2,2,0,2,0,0
2094_8d98223a.jpg,Test,0,0,0,0,0,0,0,0,0,0,0,0,0,0,0,0,0,0,0,0,0,2,0,0,0,0,0,0,2,2,0,0,0,0,0,0,2,2,0,0,2,0,6,0,2,0,0,2,0,0,2,0,5,0,0,0,0,6,0,0,0,0,0,0
2095_b8abe318.jpg,Test,0,0,0,0,0,0,0,0,0,0,0,0,0,0,0,0,0,0,0,0,10,0,0,0,0,0,0,0,2,2,0,0,0,0,2,6,2,9,2,0,0,0,6,2,2,2,0,0,4,0,6,2,2,0,0,0,0,0,6,6,6,0,0,6
2096_a183e8a0.jpg,Train,0,0,0,2,0,0,0,0,0,0,0,2,2,0,0,0,0,0,0,2,2,2,0,0,0,0,0,2,2,2,0,0,0,0,0,2,2,2,0,9,0,0,0,2,2,2,0,2,0,0,0,2,2,2,0,0,0,0,0,0,0,2,0,0
2097_e9677609.jpg,Train,0,0,0,0,0,0,0,0,0,0,0,0,0,0,0,0,0,0,0,0,2,2,0,0,0,6,6,0,2,2,0,0,0,6,6,0,2,2,10,0,0,6,2,0,2,2,0,0,4,6,6,0,2,2,0,0,0,0,0,0,0,0,0,0
2098_1c547aab.jpg,Test,0,0,0,0,0,0,0,0,0,0,0,0,0,2,0,0,0,0,0,0,0,0,0,0,0,0,0,9,0,6,0,0,0,0,2,2,9,6,0,0,0,2,0,2,0,0,0,0,2,0,2,2,0,6,2,0,0,0,0,0,0,0,0,2
2099_3945e23d.jpg,Train,0,0,0,0,0,0,0,0,0,0,0,6,6,0,0,0,0,0,6,6,6,0,0,0,0,0,6,6,6,0,0,0,0,0,6,6,6,0,0,0,0,0,0,0,6,0,0,0,0,0,6,6,6,6,6,0,0,0,0,0,0,0,0,0
2100_29f8d437.jpg,Train,5,0,0,0,5,0,0,0,0,2,0,0,0,0,0,0,0,0,0,0,0,0,0,0,0,2,0,0,0,0,0,0,0,5,0,0,5,0,0,0,5,0,5,5,5,0,0,0,0,0,0,0,0,0,0,0,0,5,0,0,0,5,0,0
2101_08b3bcab.jpg,Train,0,0,0,0,0,0,0,0,0,2,2,2,0,0,6,0,2,0,0,2,0,0,0,0,0,2,2,2,0,6,6,6,2,2,2,2,0,6,6,0,2,2,2,2,0,6,6,0,2,2,0,2,0,6,6,0,2,2,2,0,0,6,6,6
2102_c02dc42a.jpg,Train,0,0,0,0,0,0,0,0,0,0,0,0,0,0,0,0,0,2,2,0,0,6,0,0,0,2,2,0,0,6,0,0,0,2,2,0,9,6,0,0,0,2,2,0,6,6,0,0,0,2,2,0,6,6,6,0,0,2,0,0,6,6,0,0
2103_14421ae5.jpg,Train,0,2,0,0,0,0,0,0,0,0,0,2,0,0,0,0,6,6,6,6,6,6,6,2,6,6,6,6,6,6,6,6,6,6,6,6,6,6,6,0,6,6,6,6,6,6,6,6,6,6,6,6,6,6,6,0,6,2,6,6,6,6,6,0
2104_1cf3b527.jpg,Test,0,0,0,0,0,0,0,0,0,0,0,0,0,0,0,0,0,0,0,0,0,0,0,0,0,0,0,6,0,0,2,0,0,0,0,6,2,0,2,2,0,0,0,2,2,10,2,2,4,0,0,8,0,0,0,0,0,0,0,0,0,0,0,0
2105_17e03ec6.jpg,Test,0,0,0,0,0,0,0,0,0,0,0,0,0,0,0,1,0,0,0,9,0,0,0,0,0,0,7,7,0,2,2,7,0,0,8,0,0,2,0,8,0,0,0,0,2,6,6,4,0,0,0,0,0,2,6,0,0,0,0,7,0,0,6,0
2106_ede8c878.jpg,Train,0,0,0,0,0,0,0,0,0,0,0,2,2,0,0,0,0,0,0,2,2,0,0,0,0,10,9,2,2,0,0,0,0,0,2,2,2,0,6,0,0,0,2,2,2,0,6,0,0,0,9,2,2,0,6,4,0,0,0,2,2,0,0,0
2107_900b547a.jpg,Train,0,0,0,0,0,0,0,0,0,0,0,0,0,2,0,0,0,2,2,0,2,2,2,0,0,2,2,2,2,2,2,0,0,2,2,2,2,2,2,0,0,0,2,2,2,2,2,0,0,2,2,0,2,2,0,0,0,2,2,2,0,2,2,0
2108_ff7205bb.jpg,Test,0,0,10,0,0,0,0,0,0,0,0,0,0,0,0,0,2,0,2,2,0,0,0,0,2,0,0,2,6,0,0,0,2,2,2,6,6,6,0,0,6,0,2,6,6,6,0,0,6,0,0,0,6,6,0,0,0,0,0,0,0,0,0,0
2109_19c7a6f5.jpg,Train,0,0,0,0,0,0,0,0,0,0,0,0,0,0,0,0,0,0,2,6,0,0,0,0,0,0,6,6,10,2,0,0,2,2,6,6,2,2,0,0,0,2,6,2,6,2,2,0,0,0,6,6,6,2,0,0,0,0,0,6,0,0,0,0
2110_1d217d59.jpg,Train,0,0,0,0,0,0,0,0,0,0,0,0,0,0,0,0,0,0,0,6,6,0,0,0,0,0,6,6,6,0,0,0,0,0,0,6,6,0,0,0,0,0,6,6,2,0,0,0,0,0,6,6,6,0,4,0,6,0,0,0,6,0,0,0
2111_182adda2.jpg,Train,0,0,0,0,0,0,0,0,4,0,0,4,0,0,0,0,0,4,1,0,2,2,0,0,7,7,0,4,2,2,0,0,7,7,0,8,0,2,0,0,4,7,0,0,0,8,0,0,0,0,0,0,0,0,0,0,9,0,0,0,0,0,0,0
2112_f9efb90f.jpg,Train,0,2,0,0,0,0,0,0,0,0,6,0,0,0,0,0,0,0,6,0,0,0,0,0,0,0,2,6,2,0,0,0,0,0,6,6,2,0,0,0,0,0,2,6,2,0,0,0,0,0,6,0,2,0,0,0,0,0,0,6,0,0,0,0
2113_915f5fa7.jpg,Train,0,0,0,0,0,0,0,0,0,0,0,0,0,2,0,0,0,0,0,0,0,2,2,0,0,0,0,0,6,2,2,0,0,0,0,0,6,2,2,0,0,0,0,0,0,2,2,0,0,0,0,0,0,2,2,0,0,2,2,0,0,0,2,0
2114_706990e0.jpg,Train,0,0,0,0,0,0,0,0,0,0,0,2,10,0,0,0,0,0,0,2,2,0,0,0,0,0,0,2,2,0,0,0,0,0,0,2,2,0,0,0,6,0,10,2,2,0,0,0,4,0,0,2,0,2,0,0,0,0,0,0,0,0,0,0
2115_50f0106f.jpg,Test,0,0,0,0,0,0,0,0,0,0,0,2,0,0,0,0,0,0,0,0,0,0,6,0,0,0,2,0,0,0,6,6,6,0,2,0,0,0,2,6,0,0,2,0,0,0,2,6,0,0,0,0,0,0,0,0,0,0,0,0,0,0,0,0
2116_54aa7a46.jpg,Train,0,0,0,0,0,0,0,0,0,0,0,0,0,0,0,0,0,0,0,0,2,2,0,0,0,0,0,0,2,2,7,0,0,0,0,0,2,2,7,0,0,0,0,0,0,2,7,0,0,0,0,0,0,2,0,4,0,0,0,0,0,2,0,8
2117_75fde79b.jpg,Train,0,0,0,0,0,6,6,0,0,0,0,0,0,6,6,6,0,0,2,2,0,0,6,6,0,0,2,2,0,6,6,6,0,0,2,2,0,2,6,6,0,0,2,2,0,6,6,6,0,0,0,2,0,6,6,6,0,0,2,2,2,0,6,6
2118_47cd625c.jpg,Test,0,0,0,0,0,0,0,0,0,0,0,0,0,0,0,0,0,6,0,0,0,0,0,2,0,0,2,0,2,6,6,6,2,2,2,2,6,6,6,6,0,2,2,6,6,0,6,6,0,2,2,6,6,0,6,6,0,6,0,6,6,0,6,6
2119_0c324ea1.jpg,Train,0,0,0,0,0,0,0,0,0,0,0,0,0,0,0,0,0,0,0,0,0,0,2,0,0,0,0,6,6,0,0,0,0,0,0,2,6,2,2,0,0,0,0,6,6,0,0,0,0,0,0,6,0,0,0,0,0,0,0,0,0,0,0,0
2120_27205cda.jpg,Train,0,0,0,0,0,0,0,0,0,0,0,0,0,0,0,0,0,0,0,0,6,6,0,6,6,2,0,6,6,0,0,0,0,2,2,6,6,6,0,6,0,2,0,6,6,6,6,0,6,6,6,6,6,6,0,0,0,0,0,0,0,2,0,0
2121_456c4a49.jpg,Train,0,0,0,6,6,0,0,0,0,0,0,6,0,0,0,0,0,0,6,6,6,2,0,0,0,0,6,2,6,2,0,0,0,0,6,6,6,2,0,0,0,0,0,6,6,2,0,0,0,0,0,6,6,2,0,0,0,0,0,6,6,0,0,0
2122_4808d751.jpg,Test,2,0,0,0,0,0,0,0,0,0,3,0,0,0,0,0,0,2,2,2,0,2,2,0,0,2,6,2,9,2,2,2,0,2,6,0,2,6,6,2,0,2,6,6,0,6,6,2,0,0,6,2,0,6,6,2,0,0,6,0,0,2,6,2
2123_a82d0d0d.jpg,Train,0,0,0,0,0,0,0,0,0,0,0,0,6,6,0,0,0,0,0,0,6,6,0,0,0,2,2,0,6,6,0,0,0,2,2,0,6,2,0,0,0,2,2,0,6,6,0,0,2,2,2,0,6,6,0,0,0,0,6,0,6,2,0,0
2124_0cab9e22.jpg,Train,0,0,0,0,0,0,0,0,0,0,0,6,0,0,0,0,0,0,6,6,0,0,0,2,0,0,6,6,2,0,0,0,2,0,6,6,0,0,0,0,0,0,6,6,0,0,0,0,0,0,6,0,0,0,0,0,0,0,0,0,0,0,0,0
2125_5032210b.jpg,Train,0,0,0,2,2,0,0,0,0,6,6,2,6,0,0,0,0,6,2,0,0,0,0,0,0,2,0,0,6,0,0,0,0,2,5,0,0,0,0,0,0,0,6,6,0,0,0,0,6,6,0,2,0,0,0,0,2,2,2,0,0,0,0,0
